1--1.5,d84cef29-893b-4e92-bc98-12a2b4fe75b6,bba4fc28-8c4a-4334-aede-bdd41a7512ac
1--1.6,feb7ffe9-1e59-4516-9cb8-a1a41f37078f,e6d03dde-9ef4-49a3-9515-96acc0653500
1--1.7,48bdcea3-55a6-4916-9040-2ea3770a0331,3b4fa455-a171-4c4b-bdc4-ad859499bff3
1--1.24,6cc878a7-299d-439b-9c73-53af55cbce2f,33678ed5-80ed-4ec2-8675-b54b84a8407b
1--1.26,d3c32fb8-8194-4bd9-8562-21fa2d752b26,c68be942-08ba-48e5-98d9-d8fee94e272e
1--1.29,f5d1dd7c-1774-4c76-89c2-a47240ad98ba,1fed82fa-1d88-421e-a043-a7d8faef60bf
1--1.30,58d3efd1-65a1-439b-952f-b2826ffa5e71,1f4179fa-cd57-4327-a515-f012adbc1ea6
1--1.38,5cd344d4-acf3-45a9-9493-5dda5aa9dfa8,7c649075-d447-4943-9119-354df59e8a31
1--1.31,86ee742c-4bfb-4e29-afca-04ad35a3abda,4e268e64-7f81-4e35-af3f-744ba937ff4f
1--1.33,a00223d0-1c20-43b5-8076-8a292ca25773,9e6cce74-ee14-473b-b15c-59e9b29749ff
1--1.34,466d3da9-2d4b-4f8c-a958-90d188c956b4,ba1a0388-5382-4bca-a43b-d8df56da50f9
1--1.35,bb7f891c-557a-4bfb-972c-f6d8c291ecc3,9818ac03-ed81-4e4c-aca6-558542972fdb
1--1.36,758c1ba6-f62c-4e73-8423-079db2d451e6,7a0652c4-46fe-4500-8fb6-d0ded4a2089c
1--1.37,46154597-8bc1-45a1-be0b-eba578bd7a3a,a1e4feaa-d1aa-4e4a-bd18-04eeb8c3581a
RSR--1.39,420c2ffe-8f2c-49b3-a523-674af3197b9e,fac51bb2-66e3-4d29-95e2-638f9f9763e5
2--2.2,bd629547-eab9-46d5-910d-2416b431950f,3244c3c6-ef3d-42a3-8a26-0fee08d5042f
2--2.2,7f076a91-2702-438f-81ba-c15ebfab1b02,7e7902d7-212f-4c6f-9533-089be79c76ed
3--3.4,ed0e988a-38a4-4f9f-9691-08fb695cbed9,21dbd9c3-1e04-49d6-83e3-0820b1037ab9
4--4.2,adc43d86-a8ac-4c07-b445-63a0ace17972,67985245-3427-464a-86d6-635b14077c7f
4--4.2,d2aed828-e2b6-4710-9486-1a1aea840a4f,e7853022-05b0-47e7-94cc-ac5b66b1e925
6--6.4,1970ba5e-91cb-4ad3-9f04-64d5b5b7157b,f4241c19-a73b-43cf-b0b7-f5faa9880906
6--6.7,f04dd882-0a0d-49f5-9736-91eeadbff9e7,bba91e4d-bcd3-44c5-8fbb-02c036ca2c20
6--6.7.1,fb98f8b1-58ed-4aac-85b1-404f84270b95,71474bcd-5ced-4521-aaff-4243e082c6a7
9--9.1,f0416e89-3a71-46d1-8fa2-aebd886dcb34,b9542678-5bcc-4f9b-9e56-4c21b355f0dd
9--9.2,574618c3-27f4-4dd2-94bb-6de74126ff22,0cfc2e4b-6873-49c1-b90d-e331e4314f8a
11--11.2,5a90a38d-ee0a-4775-994c-addf3397b817,8e122df3-6f0e-40ee-ac99-55e2b7f49734
11--11.4,d0619e6b-cc90-4031-90c6-ab15e06cc779,2b06b478-a8eb-48bf-a7ff-7aef65be3f34
12--12.1,2f1b543b-1e69-4f7e-a61c-6d21ff967432,97649b49-8cd0-420d-b209-12d779b9ce17
ROSH--R1.2.1.2,0be790d7-c5d2-4e17-a91d-24a93bb992cf,d6c1bea9-aa7d-458e-9b42-b8007c6aa092
ROSH--R1.2.2.2,2a185455-0888-476e-ab1a-d6d00579bd39,030c8e46-08c6-451e-a586-6e9fc8727ced
ROSH--R1.2.3.2,38c2bec0-6562-49e6-813d-a1bf01277836,fd2e4d7e-8852-4faa-a19f-7794091fe869
ROSH--R1.2.4.2,b1fc010d-5b5c-4050-8015-6c5cd8d60026,2b83a401-33d0-4e24-99df-49195f98a505
ROSH--R1.2.5.2,161310a3-9740-4b3a-a48d-68dff43a21b3,66e0d8af-18c7-4636-9f1a-c02dee836ab4
ROSH--R1.2.6.2,0e1be79a-5ce5-4b2f-92c3-98eb1eec5902,6402aca7-6ce6-490b-9f9e-b038701933a9
ROSH--R1.2.7.2,4d533df1-bdda-421a-8247-e483a6fa3807,9c6a9d85-089f-4ea4-b323-c2c735486a62
ROSH--R1.2.8.2,881bf23f-ec30-44a6-bfd9-39927f3dc7cb,7957a647-5cbb-4cba-856c-b09d3cb8d257
ROSH--R1.2.9.2,3a3bfa1e-ed44-45c7-aaf3-3b39c724294d,3e87a78a-89b3-48b4-b0c3-1cb3ab2ea156
ROSH--R1.2.10.2,dd63b385-0f17-4648-b075-186594981247,7ee4e5d0-dd42-4bce-b09f-e715db8d17ef
ROSH--R1.2.11.2,f51818eb-9523-4e91-b9be-7b18062ddb0a,d4d9555b-5bf4-4e81-8b3a-39604f40ea75
ROSH--R1.2.12.2,0ba154af-8711-411a-b85e-9427fceb3f4c,fd6c1e2e-7677-49c0-a6f0-2a4c5f697159
ROSH--R1.2.13.2,2331dfe5-ad30-45d4-afa0-7cafd25303b5,ef384678-9c5b-49c1-a9c6-00d6fcc90858
ROSH--R1.2.14.2,45726d26-ec55-4011-82c6-921e08a881db,f76f449d-37af-4e0c-a24b-bf6e5dec9727
ROSH--R1.2.14.t,9ae5176a-3e90-4876-8e98-c629a198df24,6679680f-0cf2-4a0a-ab09-95dd6ce48e0e
ROSH--R1.2.15.2,09399c70-240e-4ac3-999e-a41530652f36,c932616b-746b-48b1-a272-66e04b6f9e45
ROSH--R1.3.1.2,6d7637b0-17c5-46cc-98ec-7fb914b25e7b,7bf6ccf3-2980-4489-99a2-6619834b4e09
ROSH--R1.3.2.2,01bf035e-4af8-4522-ba6b-0b4b910a435e,94a5d19d-113c-44e9-ab77-f546d3442814
ROSH--R1.3.3.2,e94e9a61-8779-48d1-a1cf-18c2d45453e7,9e51462a-10c9-49d2-9b2e-37c197176468
ROSH--R1.3.4.2,84fce839-1f84-4b5f-bd03-2f0ed7937fbf,4f7cbc38-2087-45eb-bc81-3bd6d9eb8652
ROSH--R1.3.6.2,a60c28d9-47bb-4790-96a0-a8df4a141169,ad0ed3f5-244e-42c3-933d-5a4fe5fd969f
ROSH--R1.3.7.2,0afa232a-0cbe-41ca-91a6-513dc045fdf2,e06be6c9-e57a-4bf8-87c7-9765fe86690c
ROSH--R1.3.10.2,ab3f9c08-f8e5-49ab-a049-e9b1f5515db6,f0a0b428-caab-4c0d-948c-adfbc9c8b87c
ROSH--R1.3.12.2,307897b6-a008-47ab-a15e-5a20fecda109,8962fce5-c1f7-4553-ac63-25224c35c584
ROSH--R1.3.13.2,188e5399-bc77-4247-8179-766bbc6cb40b,2d61968d-7af6-416e-92f2-d2e54827cf95
ROSH--R1.3.14.2,a187af07-75ad-498e-9bcc-c9870fcec8a7,81bbf94a-cb05-462c-b2fb-af6dc1e4c925
ROSH--R1.3.15.2,e48a54d1-fff4-4197-a32b-c7e5f74925bf,726b60fa-2bb1-4948-8f53-df8046ba7943
ROSH--R1.3.16.2,bc97613b-89f2-4286-88ae-4dcd39b2aa09,d379a3e8-3dc7-478f-bf6c-58bd5f0bf1c7
ROSH--R1.3.17.2,ff138002-dfe5-42b6-87d7-808eb03136b9,c03a912b-abca-4c16-b453-9664c7ba3e66
ROSH--R1.3.18.2,f07b5e35-6bf0-491d-8e68-6dc540e337ef,00e3537a-81e2-4da9-b241-e1f241a843a9
ROSH--R1.3.19.2,c8bfa08a-cb6a-4b76-8442-8ecde2df9bf0,86ae41f9-2997-4237-982e-20550a4843eb
ROSH-2-R2.1,3c63476a-593c-4391-9f7f-f0f777c2812c,07eb9f46-96e5-44d4-b23f-ee829b3ab1ce
ROSH-2-R2.2,e89363fc-6c1a-45d2-a117-ab92feca9227,174ec6f6-be4c-40ed-8136-9c6d4d0a7cca
ROSH-2-R2.2.1,b808a685-b202-4291-af86-67d19b934845,f0b43d6c-8d1f-42b5-941b-f59ef3506189
ROSH-2-R3.1,a305554b-2ed2-4aac-9885-d680a2f917a2,ca2d25d5-ad3c-4b4c-9ed3-7f647c4ba7d3
ROSH-2-R3.2,507766f9-47c6-4edd-8823-4c837d2002c7,f951b1b9-346e-45be-a6c9-218a1c991f11
ROSH-2-R3.3,bb099c1d-53eb-412f-906d-269cfc01b2c7,3f214119-7f96-49a1-ba04-a388b8d95d5c
ROSH-2-R3.4,3141ca81-fcff-4b4a-8f45-9c6ad197c7d9,060f7dce-bc9e-4e27-a1c0-7ece21bf2fcd
ROSH-2-R4.1,5ba53494-faed-4a24-b7b6-ce93ebf71490,cb3645d0-5183-44c4-8251-db195bd91b6c
ROSH-2-R4.2,dee75d3f-a670-4eb9-9575-a4a25abd408a,8e8060f6-5fef-4cd5-901b-11fc8799d12e
ROSH-2-R4.3,7c37fead-8edc-46ec-8ae3-f33a6b7e2e31,91b8b911-5b29-4167-9c42-a3a43e055536
ROSH-2-R4.4,8ac5644d-4421-4652-915e-1071f9f488b8,e8f93d8a-d72c-4d8c-917d-bda3d08bdc62
ROSH-3-R5.1,ea30b7ad-8b53-444b-99a8-9c72a3e9bcfc,f9ad4ab7-12c4-47bc-a47a-24a66de0054c
ROSH-3-R5.1.t,f21a22f7-6f6b-4c2a-b27f-d4c3b9123322,70886f8b-788c-4c27-bf3a-a157d59d410a
ROSHFULL--FA1.1,5974af31-268a-4413-be23-6285cfe61346,896f4fc0-a44e-4827-b403-5b21140d8f99
ROSHFULL--FA2,e3da3b38-2c6e-49fd-91d9-938105098136,cf08c52a-929f-4605-9117-fb32f2dfe67b
ROSHFULL--FA3,31a47ad0-6d66-4478-94c8-65ef70091dee,29b278aa-2a28-463e-9d43-f62ba093c5ab
ROSHFULL--FA4,90d93a85-d0d6-4b79-9320-c1054f0c00df,a9cd5e5f-6faf-4ddb-ac8c-8d8bf8683999
ROSHFULL--FA5,c3bf9231-5b7d-43d7-bbee-952c78ee7788,b50efa13-82d0-4d43-a318-260315b2342a
ROSHFULL--FA6,8d5404d8-a633-4789-aa03-68061e3bf373,0acbc8fb-8e1b-415b-a72a-66cba6ee1314
ROSHFULL--FA7,d4d40a81-3a9b-48fa-8380-ee7a35444b86,4d0def15-c7fd-4914-a390-3ae3af493d6b
ROSHFULL-2-FA8,2b0d4124-a1f6-4d4b-89e5-4cb3abfc38fe,85fcef30-912e-40d0-9d62-d826551965c0
ROSHFULL-2-FA9,52a9bc59-c243-4e54-8d2c-005fb266f632,37d267c9-1570-4571-8578-b209fc9c02f8
ROSHFULL-2-FA10,0ba2c568-8625-47a3-a911-6066188d7e94,50536bdb-02b8-4f51-9443-431247e1a548
ROSHFULL-2-FA11,627f694d-efb1-4556-bbea-a7d93179cf3f,654ffae0-3ca6-4083-a588-279a76163f14
ROSHFULL-2-FA12,48866fe6-50e2-4347-901b-95317679a249,38afbae0-190d-4655-b8c4-2aa3ff4f36d2
ROSHFULL-2-FA13,cf9a187c-18f1-4ccd-a3ff-fcc1f128496a,3128efee-839d-4f30-96f4-d5a359e7d39f
ROSHFULL-2-FA14,dc3a8ff2-2a6c-4582-9fbe-84a57bfac28d,0cf89e83-e936-4ae1-8d33-2f38ad7d4a50
ROSHFULL-3-FA15,7714eddc-a028-484e-8505-b132364ca648,78bdbdd9-dea5-4d91-b154-4705204211f9
ROSHFULL-3-FA16,ce2dd109-a3a8-4303-a3c0-b21e5180e883,2b062246-bf6b-42dd-bb70-4b0d33d7ef64
ROSHFULL-3-FA17,ea039639-7f05-496d-8bcf-12e5f2f96a27,01f765b3-05fa-4a18-b11e-058750e5e8e0
ROSHFULL-3-FA17,5824adec-fe20-4504-8c15-2d8d5053b47e,e1ebd83e-314d-4b1b-a6c5-62b963a35165
ROSHFULL-5-FA26,c9418087-0390-491e-8fcb-045bda93fdd7,352733cd-5716-4ac6-b30f-14d513458892
ROSHFULL-5-FA26.t,04a8eea7-18a4-4a5b-bbbb-9fe04e322abe,34ced3f2-8da8-4053-a9dc-2edba8b9bd3d
ROSHFULL-5-FA27,e474f386-d90e-41ca-b17f-ee45c724dbc4,2bcbc43f-e864-4b2a-a8d9-e53397db88e6
ROSHFULL-5-FA28,e68d9e2b-5a67-449a-85dc-a941504cdd0c,80665179-624b-4451-8642-5f17de6ef2d9
ROSHFULL-5-FA29,0a4914e4-2a46-4e0d-945c-86764f20f55f,79472d56-ef49-4986-bdc7-ee2b444b7e20
ROSHFULL-5-FA30,196c4afb-3dbd-4f2f-a051-6244d8ba15c0,5a3c7a31-fadb-4a19-b0de-1815c333faba
ROSHFULL-6-FA31,20ec9f5d-a93c-401a-bafa-14adff4e140a,81c71ecc-43e9-41ca-810d-56ee10e6445d
ROSHFULL-6-FA32,5fd36d00-8ab3-44e9-8cd6-79deffcdd6ed,d6c2b587-c8d4-4346-845e-378dc595724d
ROSHFULL-6-FA36,4629e693-ba5f-4d94-a54a-279cfdc30e21,6bc4b7ce-8902-42b0-98dc-066406d80895
ROSHFULL-6-FA37,f0120481-a1cd-4100-b65a-c93b5e21d689,c1294d1a-2378-478d-b8d6-3a9147ef4755
ROSHFULL-6-FA39,54e93f76-3966-40af-8c29-0c364bd80b9b,518ab6e8-9e3d-4852-991d-3ec6d56e65e8
ROSHFULL-6-FA40,c7f828d2-e824-483e-a33b-b963742a2534,e670ff07-60fe-4675-bf2c-78582011e83c
ROSHFULL-6-FA41,65d9368d-67a5-4412-a2ce-f416def28b1a,8d070f85-0938-42a5-be63-b8c1e41c249d
ROSHFULL-6-FA42,692eda87-4f76-4a04-84ec-c3fb4aa5e3be,86cf9505-76a2-4aed-bf3e-975a854fe454
ROSHFULL-6-FA43,f29c21a1-c6d6-460a-8936-064172c01d6a,2fcd5872-66c7-4dea-b00b-2fc957ad4b9f
ROSHFULL-6-FA44,f81a610b-665e-4f75-b9ca-a92734431416,b837cedc-8332-415a-a9a3-44968fda9028
ROSHFULL-6-FA45,31eb26f4-667f-45cb-bf58-4e7c249cd8b9,7eed79de-e551-4e90-b95b-7c14ab68984e
ROSHFULL-6-FA45.t,0a871fb8-8583-4e91-bc03-50918a5c8972,fe46c898-832d-46fe-b18a-0a91765b2474
ROSHFULL-6-FA47,dfd45c79-3ff5-40d7-9385-f5ca262ccdae,9ca92bd5-50d3-45aa-95bc-db747b91639c
ROSHFULL-6-FA47.t,9f3d250d-bf0c-4a7c-8072-04b9d10f8268,651cfdae-0999-4025-86aa-deb8bf449fd5
ROSHFULL-6-FA49,1801ecdd-953e-4565-8063-c83bd19b4866,c37771e6-da97-4c94-8ea6-a1052e36abad
ROSHFULL-6-FA49.t,eef1b29b-15d6-41b1-b2d9-f307da40e3d3,53d4b320-3d09-4d4f-8551-a4334c5f0ae5
ROSHFULL-7-FA51,10cd0e95-7af7-4f55-9a96-2bd60d56c21e,91142848-c593-42ed-a4fb-9e865eb370d5
ROSHFULL-7-FA51.t,ae3fcd52-ccae-4555-95e1-2aa6c541e4b5,27b5a58f-b396-40f2-8385-124f1c2940d2
ROSHFULL-7-FA53,cf6abacc-6fce-4601-9131-1f0004fa013e,e2f9c3bd-1cad-49ba-aee7-564d5132c6d6
ROSHFULL-7-FA53.t,aa01b40f-e0cc-41f0-a751-0a04d1016a6c,445bf187-e693-401b-b42f-d44ee8da7b3d
ROSHFULL-7-FA55,569dcb48-7d70-4d52-adce-a80f00b8dc91,a1b5411c-9fcd-448e-91ec-73b839f990a9
ROSHFULL-7-FA55.t,8040cc23-0ffd-4425-b0fb-1b5ee34834a4,18f9e2c8-d40e-48ba-ab0b-b35d1fc0881b
ROSHFULL-7-FA56,74976c03-0fc5-426c-8464-6f055f772609,9ffa740a-1daf-4722-a70c-73ca8ebae7df
ROSHFULL-7-FA56.t,ad6cdfee-6ed6-43a0-9dae-d108b62e4ae6,fb46814c-fe30-400d-881b-e06262515177
ROSHFULL-7-FA58,1ff5bd0f-c500-47d5-8f13-0d29d46e7c56,eb286e85-150c-48b5-a443-a4a1220c8f47
ROSHFULL-7-FA58.t,ebc8e739-627f-48de-b864-3ba001fe09d9,410c4a1e-3cd3-42e0-9a7f-125c34fb1bed
ROSHFULL-7-FA60,b5740685-7cfd-48bb-89a7-cf1e51d15ec1,c4bf9087-46b7-4ee5-b807-c61d80431fd2
ROSHSUM--SUM1,65db97f0-b928-45f5-ae63-1744b810d958,22997e0a-6185-4519-802d-39bd75076d2a
ROSHSUM--SUM2,a1be8ea7-817c-4eff-9534-3a503be9ecbd,5c68e99e-9408-41bb-bc71-c9cd615f974e
ROSHSUM--SUM3,944b9da0-9e44-42c2-96e2-75906945729e,d879d628-65a3-434b-b4ce-58682a0db43f
ROSHSUM--SUM6.1.1,9775e1a6-b83f-4d26-bdef-bcf9d97fe079,66918315-91ee-480a-8649-ff07c6063eeb
ROSHSUM--SUM6.2.1,4521c123-debd-41e0-a25f-01b616d47c8d,54c29f60-02be-46ff-b03a-c4c59164eb64
ROSHSUM--SUM6.3.1,3058326c-ea48-4023-afac-ee1f4e8a8218,7f8ed5d1-f6fb-401d-acd8-aea19859d1c2
ROSHSUM--SUM6.4.1,e55a4488-d80f-45e3-afef-30ceb640f423,0ac80b54-a9a8-42e8-8196-fa4cf816ac21
ROSHSUM--SUM6.1.2,60324ce2-3701-4a4e-80cc-808a9afcf276,52c94e9b-eb6a-47d4-b776-51ace3f85dcd
ROSHSUM--SUM6.2.2,050396e4-99e1-4bfe-a328-7af774d4a375,8df2987e-86be-404d-a119-324c8f579e70
ROSHSUM--SUM6.3.2,395f4155-c579-49f2-adba-a962a76d423b,0a001f4e-3c2a-41e9-907c-a983f74553a6
ROSHSUM--SUM6.4.2,7d981fa1-f2bd-4f52-bf95-bcbe48d8fdc5,5fa14671-aba8-4492-96f6-3098abbb79e4
ROSHSUM--SUM6.5.2,172d70dc-e650-41d0-8d00-58f2657d339a,0e096494-a3b6-417f-aa36-10968371fd42
ROSHSUM--SUM8,4ee1c044-3bf5-472c-8a5f-430a6e7cd325,efdbdf24-87f0-47e6-a99e-8fe5e943d789
RMP--RM1,7bfd985e-ba11-4517-8235-5454f4910b47,9ba43514-7d69-4890-9205-34adb9f2aa36
RMP--RM2,4981293a-d22d-49f4-9aa1-d997fa6fe5b8,8a031f84-b7b3-41ca-a899-a43094e491f3
RMP--RM3,5479cd3f-7828-4f5d-963b-26f4888bc03c,69bb0c00-3680-4380-a529-d41c1abe0e61
RMP--RM4,448f9fee-d199-41c9-906f-c7973fdd4dbc,759f30d5-046e-415b-828b-d735cfdb9d11
RMP--RM5,2c1fc504-90ae-48e5-94bf-99bba3f434dd,17cc1695-6e5b-49a5-8249-a122b67a3ba1
RMP--RM6,153abaa1-5381-44b5-a4b9-58979158e3a3,7777c21b-a81d-4c64-848f-71426a482dd8
RMP--RM7,e0012fb9-8050-49e3-aa5c-f47b41c59a04,396bca05-8c84-4903-a832-8810b8bf67c8
RMP--RM8,e90c67b0-15dd-42c7-bf28-d1838075cb25,0b16012b-daa4-4ab2-ac05-740720205d91
RMP--RM9,0495bc20-2211-4c9b-b8f9-549a169549ad,73606232-a1f7-46cc-ab26-5703d721cc10
RMP--RM10,c076395e-0e40-46d8-b665-ee0b74f8370c,aff67203-b6af-4285-a355-e6b5ed50484d
RMP--RM11,7697e7cb-7da6-4137-8084-1610e6b91af9,4dc94218-8c57-4d3a-a4d1-200c8802b262
RMP--RM12,0d910a5a-c964-41a4-ae44-583bcf355e9d,43168d5a-d7cf-4b20-8ed2-c117f6e9d40e
RMP--RM13,7954e117-966a-470f-b577-f7dc36ae269e,8f8e5629-e427-47a3-9502-292fd14aae30
RMP--RM14,106e8722-04b3-4f55-b661-1eb250e1d5f6,38cc53ef-0f25-479a-b43e-536d552193db
RMP--RM15,0a7bc16c-5213-4a1a-8cd2-f29162eab17d,7b5abf35-77b8-4c69-8f35-98d3da15f7f2
RMP--RM16,b06ab9df-16b9-4dd2-8a91-1f45aeaa4f2c,3605f7e3-f236-44fb-acd8-3d893f5256cc
RMP--RM17,9a8d6d8e-ac11-4ff5-b4e6-9553fd462851,6aea7808-dccc-4ed9-971f-f9fc4c01602d
2--2.2,ce1d25c4-cd11-46c4-8c4d-9de8d5ec71c5,3cc127da-3300-4155-aa8d-7f864e0b5a5a
4--4.2,6f3a96bb-fea0-4df2-8aee-039a5e60382e,571e7e8c-0fc5-4196-8617-80d574ec54e7
ROSH--R1.2.1.2,87531e74-2c67-4c86-9a34-2e5a08be6580,4c83b96a-c2e9-4bfe-87c1-dc12a111be0e
ROSH--R1.2.2.2,e9bbea38-d1d8-4358-aa6a-5f79d44d8461,d7691fe9-834b-41b2-a1db-34f5bab7c55e
ROSH--R1.2.3.2,10bcb346-42a9-4501-9469-c924fbf875f3,8c756155-a20e-472e-85b6-e69147499555
ROSH--R1.2.4.2,cb02474c-e1d8-4a24-917b-88d0611dabf8,2842c61e-bb1d-44f8-b029-d0482278aa27
ROSH--R1.2.5.2,7de9e887-9dc4-40f3-b888-c49cb3e6dce0,00faca84-cf59-48e4-8e56-26927d53eeb6
ROSH--R1.2.6.2,e5d603cf-4a27-4c23-8e8c-47df797fdd0b,891e5e8c-8e43-46d9-90df-9274066acd0c
ROSH--R1.2.7.2,abe98154-9a39-4415-9e7d-fa21ead1af89,46ce808b-dc00-45e5-8b48-4ee89476c80b
ROSH--R1.2.8.2,892ecb86-517a-4485-9f0b-5772df8455de,508eb8c2-ab01-491c-b74a-d5b5fe0f8904
ROSH--R1.2.9.2,02c167fb-2011-4a88-95cf-e8ae7c3de5a2,f004d315-f973-466a-8744-72758d72c1f1
ROSH--R1.2.10.2,823c8fca-a594-424d-90da-7a8b6813a44a,830718d3-20dc-4eb7-9d88-1e07c1a32a0f
ROSH--R1.2.11.2,7e09cbd3-de1d-4d56-919e-208d3221fb58,ad0a3a1a-8436-4984-8e08-c0f44f480b85
ROSH--R1.2.12.2,fccfc5c2-b212-4336-b4dc-085ee34fd652,3d18451d-d6b6-4674-920f-b11aafc6bb76
ROSH--R1.2.13.2,404ebe65-35c0-4769-938b-95afbc03f049,614d7e00-bdc3-48d7-90c4-33e6f609e964
ROSH--R1.2.14.2,9fe2a213-9c11-454c-818e-88509cb44fac,46e66c98-980f-46b2-b7a7-909e658d8250
ROSH--R1.2.15.2,160ae8a9-ec7d-442e-b326-378a04a38fa4,74b77e69-bf8d-4326-ae6f-0294bffb16b1
ROSH--R1.3.1.2,14ab8b61-8811-4d47-b6f2-8881619f0aa3,405e203b-ce7b-4e7d-8159-9c4244269fc9
ROSH--R1.3.2.2,c7e8cc27-b805-4a4b-bb8d-3689c6206d46,d44101ec-625d-4bb3-a169-deb5967e1cab
ROSH--R1.3.3.2,8d1d257c-8618-45ac-adba-01bc4a0d67af,6bff3501-099c-47f1-b47c-6c406a5ead11
ROSH--R1.3.4.2,b2184cac-a2a0-46a1-88b9-19ae4b64cabd,c7f99213-47c9-417b-a060-1aa1b562725d
ROSH--R1.3.6.2,af20af57-388e-4ee1-824d-0a516623dbf9,7f3abb9d-a41c-4df6-8e7e-a09ef3ecedb0
ROSH--R1.3.7.2,f2b7c14a-ee13-4cbc-b9d4-0ba5594b6c8b,1a5a9b4f-8244-44a0-b7b4-c4d14fe7b294
ROSH--R1.3.10.2,ca4b265c-7be9-4c7a-ab6e-b947bdf375af,f9e69ce3-88bd-432c-b4e2-de4580efcce9
ROSH--R1.3.12.2,66cb63ce-4cf8-43b3-95cb-0da1ee953717,bfa0a3d5-a2dc-4f6d-b511-52d61db78b36
ROSH--R1.3.13.2,3aa0b6d0-886b-4682-936d-9c23aabf090e,dc352169-7ced-4c1b-ac4a-95ca8450bc4d
ROSH--R1.3.14.2,29e76b3e-3ee6-4387-ac10-50aca26ffa2a,864aa7f7-da01-4885-b932-9b986a19f375
ROSH--R1.3.15.2,1c82ab38-b8d9-4e10-b783-407297d6f292,0166bc4f-b27a-44dd-bfac-790372d4e27b
ROSH--R1.3.16.2,be1fb2dc-2237-4cf6-91d6-33505e8e1676,c9562f6e-6a8d-474e-9f0f-1f55530d9704
ROSH--R1.3.17.2,d97b7227-515b-41f6-ba37-ca243ecf9f65,32f2977b-14fa-46f5-8fb3-135adc866f93
ROSH--R1.3.18.2,bb6ebcbf-cffd-4675-9228-5711e63a7d0f,5340701a-517a-4d03-b721-5b6f75911111
ROSH--R1.3.19.2,95e79ec5-f020-45bc-985a-9beb8a9f060d,7dc914ed-586e-44dd-b93b-3ae1f5bef282
ROSH-2-R2.1,bb3b749e-79ea-413d-b46b-35cd05f93c05,06f4c8d2-30b3-41f8-8571-be934e6cb396
ROSH-2-R2.2,d066304a-c690-4634-aa24-02f1539dc5cb,16dfcb1d-9d77-4bf2-97cf-8ba89063eb8f
ROSH-2-R2.2.1,b82889ff-16cb-4a22-b4fe-7c341c2987de,b7e4fb83-01e3-4b37-a5be-53bad6c3b968
ROSH-2-R3.1,068ec65c-cd6e-4993-ae14-6e1c22e2afc2,3dde483b-0455-4c54-9292-3cf858a2288d
ROSH-2-R3.2,157bf7d7-41e3-4682-8197-ab59861c47e8,f8bc3c50-4f0c-47cd-a441-5f67f4aea07b
ROSH-2-R3.3,781e75ae-99b8-42de-bc6c-f73364fa2c3e,77a1f59c-b7c2-4e1b-875f-d13eda211b2c
ROSH-2-R3.4,fc686c93-aaad-4685-8840-9431e6038464,3a008405-95da-4c7d-aa06-3d3bfa1c0f80
ROSH-2-R4.1,81c70cce-0b47-4b4c-98c1-aa860a57295b,401191e5-2926-45ad-b9fe-111a79760b8c
ROSH-2-R4.2,82bbb2b4-5c14-4525-bf22-131b09598c8b,97478300-ab7e-45f3-9126-22aef42435b8
ROSH-2-R4.3,f1b31fe9-45e2-4887-a759-614e3b679cc0,352316e7-3edf-47d0-aec3-475414813048
ROSH-2-R4.4,12aba886-82a9-424c-93be-a549eb2cc764,f0b35784-b38b-4039-9646-0bb9553c507a
ROSH-3-R5.1,be6ebe75-da14-44a8-8db8-a9c71bec743c,b58cdbb7-9876-4621-905f-706350a623dc
ROSHFULL-3-FA16,aaa9c721-4eca-42e4-9b07-539b1ded71e0,13025f12-9f2c-4143-a25a-81fc0cc32895
ROSHFULL-5-FA26,5fffaa05-bee8-433a-b22e-313d5915eea9,e564cca6-6c3d-46d6-b99d-274dd5f0cce9
ROSHFULL-6-FA31,8a958501-feee-47a7-bf46-000f5e4913bf,4b844d06-df12-4758-a391-2a3a7121c3a5
ROSHFULL-6-FA32,060c6f22-0b04-452b-9d51-0b5ee99e0bcd,5db2aaf2-cc4f-4c71-a8d5-3fb8395f4d82
ROSHFULL-6-FA36,7491472d-f18c-4db6-ab8b-ef3fd4fca02c,26acb13d-72d8-41b8-be69-869d1f1cb359
ROSHFULL-6-FA39,0c3a866a-aa7b-4f8d-bc06-8b3ffd76e4a0,e5e9e820-1972-45e6-98c0-0e0c61074253
ROSHFULL-6-FA40,c609ca96-08ca-42a1-baec-4675f628a423,ab5a330f-983e-4bad-a8b1-70bc9c3567ca
ROSHFULL-6-FA42,08543da3-0361-499b-8bef-36320967459a,31c4086f-b7b9-4a81-ae3d-c71d5da8499f
ROSHFULL-6-FA43,c44cca53-aade-4ede-8cb3-0a3148753fd0,17baab1b-af43-4d4c-a3d1-b7c253ca61a6
ROSHFULL-6-FA47,e829c676-96cd-42fd-b87b-e9abf6f9c221,8dc76830-e54d-40de-8ea3-c81a1e289630
ROSHFULL-7-FA53,4d1ff97f-de27-48ac-ad97-c4402028be59,d1cd0eee-5fcc-4b00-a3eb-b0726e6addee
ROSHFULL-7-FA56,d9083997-4061-41e1-acb5-13795fea00ca,d8684c83-159a-4c6e-9be4-54e7c2b25c8d
ROSHFULL-7-FA60,e1c4a34d-d4cb-4446-b16a-e24d271cb0ec,8acce11a-95b2-448e-809e-cbbbd7bef92a
RMP--RM8,a0ae05d3-c6a5-40ca-97ba-442f73407b66,c1b8f8d7-912c-46e0-af88-8df6c6b58a9a
4--4.2,f67f1555-c314-4d0a-9c7f-abc355fe1bff,02256cd9-d10c-4712-b62a-ba04da6dd560
ROSH-2-R2.1,24584de0-fae2-4821-9d9b-bbf6b874eb8b,6823811d-ac84-474f-87e0-ecd8c7cb7edf
ROSH-2-R2.2,241e1b42-ccc3-4b37-917b-40db31da234e,4d67f047-cf94-48cc-9ea4-280e4723d865
ROSH-2-R3.1,7ec5fcc8-624a-439d-b237-ccb70102fc42,2e69340f-c7eb-45a3-83e0-06ffcd821c83
ROSH-2-R3.2,c4f83773-f18f-41ee-95e1-30af0cfbd2e7,e772c068-25f7-4b1a-a0be-1721759fca0a
ROSH-2-R3.3,9d230033-03b6-4e4d-b616-5f89d6362249,309b6ebf-ff51-49ca-ac9e-28bd7caedede
ROSH-2-R3.4,0fd27452-567d-4414-8003-0cd8ec7cd2c9,aba61267-7acc-450e-92b0-088622aefb1f
ROSH-2-R4.1,f775bb4d-c7be-4e0c-a735-685112fe9b6d,57757c5e-86f2-4d65-9589-cdc2a1332011
ROSH-2-R4.2,80f5bed4-9fd5-4103-b3cc-4050d1a7cb87,fa4c7f46-0457-4d5c-a9d6-f6425b93f24f
ROSH-2-R4.3,016c7243-39eb-454a-8e10-17619b1654b1,c8b2d50a-f523-4829-b2b9-c7da9d7f6f21
ROSH-2-R4.4,4dc7a258-3e7b-45fb-a3c9-1ef4be9253d7,a9e31930-bff4-4f94-a1b7-cbc3a560de88
ROSHFULL-5-FA26,c6f64275-692d-4e7d-a291-4ad6124f3a62,5bf772fe-f860-4cb5-85be-aabee573b157
ROSHFULL-6-FA31,0ac64ae9-eb3a-4d38-ab7d-5e03f3040917,92c542c9-48f7-4d69-a1a3-95125ac182f4
ROSHFULL-6-FA32,b8ed774b-25ab-4bbb-ad10-f2eb79fc8382,e0b5eed0-6309-4f73-9952-88a379c4dd3d
ROSHFULL-6-FA36,fdbddfc6-6aa4-45e9-a24a-42d61215dd0c,4acf1152-92c2-4381-a7aa-3626a966bbf3
ROSHFULL-6-FA39,e84ca6d6-0939-427f-b2ed-3cf63a6165de,0359dcd2-e24a-4c09-8ee7-a5b0b4f2d256
ROSHFULL-6-FA40,b55c2001-dfd4-49d7-ab68-44f745b29d29,37e464e5-b826-4de9-bbe6-1e996c84cccd
ROSHFULL-6-FA42,b8eebaf3-436e-4f12-8ff8-bb7554654f9d,fbf99d7a-37b4-4c1a-808f-4387e5964d07
ROSHFULL-6-FA43,042fa616-eb7d-4c63-ac36-69c116de5c72,c6a9a181-3551-48e7-8e0c-4cefca118623
ROSHFULL-6-FA47,b2c213f5-b4d6-4bd3-8b4d-58a38a89e578,4661562d-6647-4944-b7ae-e29c58d15007
ROSHFULL-7-FA53,08787e43-0e02-436d-afea-a189388c251f,dc168962-62cc-41a8-b051-3f3a7ba27968
ROSHFULL-7-FA56,71e51dc0-4ab3-43f0-9d65-d24c044b365f,ec7a9f9d-ec09-4607-8026-9fc2c77bec61
ROSHFULL-7-FA60,2f2ee672-92f3-4a14-b112-f1ae7ae708ff,8d285e78-5e6d-49b8-8788-3f2136d3e3e2
arn-undefined-oasys_set.family_name,33923c1e-e3ba-4c02-ba42-3b8d828f9e18,9905a862-94a0-434a-b5ae-ff7b9a77c7c4
arn-undefined-offender_alias_in_set.alias_family_name,81cbd5f5-f8ec-430e-b18a-c48fdf660216,9c7b96a9-8d98-46bf-871e-dd510546eda4
arn-undefined-oasys_set.forename_1,2d6f7515-dd03-4cfc-b365-6739e1251498,bfa43ca9-5751-44b4-aebf-c48c3cec12f7
arn-undefined-offender_alias_in_set.alias_forename_1,6b04e69d-4ffd-46c6-869a-1f4005979848,71f68709-5514-46d4-b958-202da8873f73
arn-undefined-oasys_set.gender_elm,70348c31-66aa-4e10-b0a5-4644e7fb85ff,89e97ba3-5d0d-4504-9f2f-e25afcd597b2
arn-undefined-oasys_set.pnc,49ec3bae-2726-4a43-84de-0e63e9f98bb1,df8588d9-b34f-4b94-a491-dc8d3a46de79
arn-undefined-oasys_set.cro_number,bbb91ec0-140a-4e2f-a28b-31cad3545c5b,ebcb464f-c9c9-4096-9590-7dd94a389282
arn-undefined-oasys_set.cms_prob_number,a7ceb029-04d0-48f9-91de-8e2afbd5f47a,d4c91dae-189e-4fd8-b65a-c839ae7e0661
arn-undefined-address_line_1,f3e03d17-015c-46d7-bf33-52c5d8503c08,d14b52af-e18d-4637-8337-8b160e365bf6
arn-undefined-address_line_2,deaf25bc-0677-4d3f-9d09-c7c44c7c34c7,addab09e-4de4-4745-bfea-933c222a5a18
arn-undefined-address_line_3,1ef76cd5-2d77-4e2a-9fb6-8f9aa5d4b657,c470f222-fa68-46e3-b861-02363de395ff
arn-undefined-address_line_4,ee346f9f-2d49-4070-afc2-4f9dabc1efa7,ffa14441-8afc-410c-ab8e-ea6317fee2f0
arn-undefined-address_line_5,3eff7d61-dd85-4ecf-a91d-92d8ffd4fec9,cc2cb300-279f-4898-aae1-fdc7bd3a7910
arn-undefined-post_code,92f76d3e-23c2-4a6e-b213-4e9f98c460cb,ee73f1f9-453e-458a-89e3-fc9ab53b45c5
arn-undefined-oasys_set.purpose_assessment_elm,1eb2db19-6e1b-42e2-a758-38aa20d469ea,ec67fc24-4a18-440c-beca-a0c9bb47bf60
arn-undefined-NOT_HELD,c5d01278-2059-48d3-9005-a4ffff64ed7d,d1773972-14b1-42d4-864c-45da418126bc
arn-undefined-oasys_set.assessor_position,f693bf6e-be3b-4f5c-8a06-aefeddea311b,097ce2c7-aee7-4ff3-8635-2de13434952d
arn-undefined-oasys_set.assessor_phone_number,1f7de807-3018-4830-bc69-b5b02266fa12,c61b325b-7fa9-4c84-93b6-120c42b8254f
arn-undefined-oasys_set.assessor_area_est_code,5af89c42-ffa2-4a29-8975-ab0eb8770a1c,560e1636-77f7-418e-a3ea-393d5a72afa6
arn-undefined-oasys_set.originating_division_code,ead7aa8a-e20d-4822-9b3b-aedf186333b1,43eff0b2-62f8-4711-9fef-d7a4f0f6b7ea
arn-undefined-oasys_set.originating_team_code,a64dc082-980a-43e0-b443-cf196f35d571,2c637fb0-0a1b-4528-beeb-206e737e49f1
arn-undefined-oasys_set.countersigner_nam,10c93cf5-cc0c-404b-b6e4-da176db45527,dbabbfcf-4454-4a18-a8d4-b2dc35f72054
arn-undefined-oasys_signing_table,d9ca82ca-8684-49e4-b7eb-91fb0effed91,10a78a57-82a3-4040-aa5b-52c9581e5e51
arn-undefined-NOT_HELD,eef973e6-f493-4460-b094-2162fc8dc7e9,bbf146fb-35a3-4ca7-b708-2906c75b430e
arn-undefined-Each_individual_source_held__sources_information_pivot.sources_information_ELM,bf62ab62-8f6b-4f3c-a1f1-0786517bbe23,115e299d-8aba-4192-9399-95efe973cf5d
arn-undefined-sources_info_other_ftxt,de5901d9-ee4a-4dae-b7ac-8c8d697f933f,2f022fa2-43ec-40c6-9479-57ef2bf1ed53
arn-undefined-1.1,caef87b2-0ba1-44be-acab-24375446062e,ce98aec3-f573-4d9f-9eba-240f713cc996
arn-undefined-Section_2__question_2.8,1b6e7367-b7d0-48dc-8ca7-8a26e07e5f9d,1d51ad27-7170-4022-bb15-eafd6fbdc334
arn-undefined-Section_2__question_2.6,3844f487-2e8e-4a2c-aac5-4ca79ef7d618,906ca3c4-2a76-4294-8ba1-52fc76d9904e
arn-undefined-Section_2__question_2.11,4c838c2b-c8fe-454f-84d1-2d2b814a2205,10f24ce8-8d7d-43c6-a512-f1894fbc1a01
arn-undefined-Section_2__question_2.13,1ca1d5ae-3274-4705-a195-742aef989577,04ed511e-8d5e-471d-a50f-c090545f4f93
arn-undefined-Section_2__question_2.14,b213953a-aa79-4617-89dc-6ea20d374561,72100e40-9f76-44c9-b6f6-40720b159cf5
arn-undefined-Section_3_last_question_field_ref_S3.11,dcfd3dd2-2168-41ac-9e7d-3ac7959eab4b,8e1f5356-5d1c-4779-a17e-b60c1a52fdff
arn-undefined-Section_4_last_question_field_ref_S4.23,3211a668-8878-4e88-8457-8250bfe65aea,bc2c00f1-d16f-4bd5-81c1-87f451c56562
arn-undefined-Section_5_last_question_field_ref_S5.13,5419fbff-a1cc-4571-9c29-147617af25a0,8e33be38-fd92-4319-a966-987459d495f6
arn-undefined-Section_8_last_question_field_ref_S8.19,0d46cc3c-08ed-47f7-8623-0ae5955d23c6,398ee1a0-0086-4f35-bfc9-a06bf5d76bec
arn-undefined-Section_8_fields_S8.2,881bc39f-552c-4d62-b9ec-0fa0e705432e,9d8d5745-ad2c-43c9-afab-a85c9fab4b96
arn-undefined-Section_8_question_8.8,12b03497-eeeb-4023-bb03-dfbd5d32b32a,c72b4457-4d9c-4ad8-9670-368eef78ed3d
arn-undefined-Section_11_question_11.1,2d6a1356-d59e-4b41-a995-60c41e2cf197,2381fc4c-baf0-4888-a513-d2172315fcef
arn-undefined-Section_11_question_11.6,b6db75b3-c3e4-4234-8876-ab185301cea8,238b1271-8d53-426f-9cb4-1b4c96846bf5
arn-undefined-Section_11_question_11.9,3f00a7f7-b4e7-4fdc-ba22-88b66864bd4c,fb14277e-b537-4d53-8f2b-4dec690b62f3
arn-undefined-Section_10_last_question_field_ref_S10.17,eef7d5ce-43c4-4ea5-af46-c01d92506d7b,8fe3a5d7-604c-443d-8886-a28f8ce3f79e
arn-undefined-R8.2.1_field_FA.39,09e3f983-1a26-46ba-8aab-befab6c23524,0f19cfb0-ead2-4be8-b8fe-808332967ac7
arn-undefined-Section_10_question_10.8_field_ref_S10.14,2afb918d-635a-4f1a-9d83-c8b6d2ee9dd4,b2acb71e-3736-450e-b367-cdec286badae
arn-undefined-HEADING,c2a60b0e-2019-4108-ade3-6df3f23dde5a,8261c10e-df0b-4033-bc6b-30d2737f5d49
arn-undefined-HEADING,295db7d3-337d-4060-af83-3658e0fef059,e9f35c5a-0c50-48bb-a780-9ea6121c46d7
arn-undefined-HEADING,f2de0ecb-b004-47c9-98c4-71ad81f84d70,9cae4885-8232-4917-9339-c1b2e16b827a
arn-undefined-HEADING,cb045896-9854-4418-a32a-6046c1a59929,e00227c4-87db-429f-9c1a-3f630d7e33d4
arn-undefined-R5.2___R5.2a,1b277bcd-6dd4-4a8a-bb83-cbf72bc38033,ea60947b-a336-4b88-a150-a92ab561cc27
arn-undefined-HEADING,40f3ce03-9ba5-4539-9fed-1816b731bd12,101cf8a6-260e-4b85-bd77-1f5374378be2
arn-undefined-HEADING,65373dba-95aa-4b6e-b2d8-fafa1abd5ae4,9932c454-87d5-4336-9ad7-556a03e74b12
arn-undefined-HEADING,c22bebc9-003c-4fa1-971c-d62074f4ea2c,af326195-3252-42a2-b2bb-b434dcf80f8f
arn-undefined-HEADING,a2f4a30f-1448-4281-9c09-96d66db07601,d596b022-1ea5-4999-b019-603c674891eb
arn-undefined-HEADING,59b77990-875e-47ef-8b39-607fb48b254c,8929e5df-586f-490d-b186-8a1531b1e660
arn-undefined-child_at_risk_pivot.name_of_child,b46893d5-b69f-4743-addd-57bc2a5651c7,ec6dc0bc-4b9a-4afb-9d7e-756e31b80be7
arn-undefined-child_at_risk_pivot.age_of_child,a1a44650-d22a-45e3-88c6-8c4a9075938c,776b05e3-24fc-4378-8b70-373ff774d0fb
arn-undefined-child_at_risk_pivot.date_of_birth,af8444f9-9e71-49e0-b171-8a88006a589e,ccab4986-8df8-46ac-b30d-065dac0557e5
arn-undefined-child_at_risk_pivot.gender_ELM,a840a988-ca2e-45bc-9b5e-c4382d2eefed,5471861f-95b6-4467-a2e0-178275bf64ef
arn-undefined-child_at_risk_pivot.address_of_child,ac9308db-2dea-4b20-8b23-b0badfc992aa,f87015ac-f270-4796-8c7c-44ba341fabac
arn-undefined-child_at_risk_pivot.curreg_sclsrvs_ind,43cddd02-3f2f-472f-8211-ebc5b109ec7a,9433e0de-2ced-4695-9eff-684f8de9d2f4
arn-undefined-child_at_risk_pivot.evr_prv_social_srv_ind,362b2ae7-7eae-42e8-9725-d7a76cb241ae,5887b3d8-a999-408b-b85f-ed067f92d72d
arn-undefined-child_at_risk_reg_pivot_pivot.catg_cpr_ELM_for_current_previous_ELM_=_‘Current’,6d429e85-3b54-4d57-bc5a-e26b3dac7f7f,73ade894-fdca-4e82-802f-0f6f2e9cb7cc
arn-undefined-child_at_risk_reg_pivot_pivot.catg_cpr_ELM_for_current_previous_ELM_=_‘Current’,2d2258d7-7521-45b3-a6a5-9d9c3c1c23c4,f905f163-0149-4386-b30b-dda56163660c
arn-undefined-FA60.1,00c3001c-a5fe-434a-9d83-629cc097ea07,c00d8a74-da79-4c6d-b6bc-15f9ad1a53b6
arn-undefined-oasys_set.rsr_total_score,4f2b86b8-0b1c-4e76-93c3-9df2e61dc568,0cb2d2ec-198d-4d55-b85d-159915cdd3b7
arn-undefined-HEADING,0a397207-c6ec-4177-ae2f-abf611de762b,7a97ea70-1333-4e38-bb93-747f13038f26
arn-undefined-HEADING,f89650c5-ed90-4b5e-b228-a8a7745eae67,18249465-9919-47cc-b544-bd38a0feff4e
arn-undefined-HEADING,2a8bfa03-1367-4259-8f52-98ed5828cc71,0689c9ad-a85a-4a6c-ac44-341c686d0d66
arn-undefined-HEADING,2a50a680-dcd9-4abd-ba65-5ad5983f679a,5e17673e-b32b-4628-bae6-6d1c4b48bb66
arn-undefined-S1.46,bbcfc02b-ab1a-416c-bd4a-c8036fbdb745,45c28934-7e19-42ee-a5ca-dca3792e2fff
4--4.2,7b3135b6-c59c-4e9a-98d8-70f37737fe89,d1f9aa8c-05a3-49ac-aa90-66db4c93f6fc
ROSH-2-R2.1,4970b373-a526-418b-9df1-b105ad4135fa,1d4b4733-9192-4eea-bdf4-8faf956fdb90
ROSH-2-R2.2,6c8f4b63-5c8d-4ca6-b611-23c2c6be6b19,7b39572e-b683-45a7-bff9-3097ae7d2732
ROSH-2-R2.2.1,a5653874-d9dd-45d9-8cce-caac576fe190,f0a8bfb6-f5b8-4486-b365-d81acf729e51
ROSH-2-R3.1,b7d3e56e-4df0-4152-b92d-edb51e2e95a9,330b7c19-3e83-4473-bdf4-2c4a377f7f3c
ROSH-2-R3.2,b7572668-fe3c-4688-9a2f-27d70b7ccbc1,0a330a44-3f25-47d2-9f67-0493ee697b10
ROSH-2-R3.3,be770fd2-5c0b-4d02-b1b1-8590edcf5f4e,98171af7-4390-4df1-932e-f0cb128b5de3
ROSH-2-R3.4,a13e68d3-4334-4b37-9d4d-6b929b73026a,9816880e-a8f4-433c-9bfc-425f53fddf38
ROSH-2-R4.1,52f0b70c-e4d2-4620-a913-e56dff7d07b8,43e49f87-07d9-4985-82df-8ff44d96e291
ROSH-2-R4.2,0b21d158-e98d-418c-8df8-e464d30935e5,87abf04c-7d3b-4d88-8c90-b4fb64167d94
ROSH-2-R4.3,25e6061c-0829-427f-aac3-e4f6a33775c3,b06fa209-b04f-4c6a-ad3b-7de3d8c93674
ROSH-2-R4.4,9e716a4d-89bb-4e39-8928-dfcf6e4aef88,bc738b45-537e-47cd-bd6d-217ed086fa26
ROSH-3-R5.1,7ec33f07-eb93-444c-a1d5-3fdf0b805689,0205e2bc-2706-484e-91f7-a5482904de7f
ROSHFULL-3-FA16,bd694469-173a-4388-b1c3-eadea9aa1a75,c62e4972-46cc-409f-8a8c-4e8cc661f252
ROSHFULL-5-FA26,92e5004b-071b-4049-87ff-0f641357b687,56ad50b8-58e8-4916-958a-df0cd0790191
ROSHFULL-6-FA31,f704ecbb-b024-4469-8e8b-2e36cb5aa68f,e5e3eefb-559c-45dd-8a26-b8c08dddda66
ROSHFULL-6-FA32,3b5a0cd9-277a-4d43-95d9-e3bea2077c2e,b5b67f1e-5177-463b-a8ee-cb16594b2d81
ROSHFULL-6-FA36,bd2f876a-0768-4407-a6c2-3513e6173086,a2b2e900-d56c-4279-92b3-ddccb8cab9a0
ROSHFULL-6-FA39,2268c757-98a1-4d38-9cc1-c9f82851307f,487990f3-3e11-44df-bddb-bb8f5e99bb0a
ROSHFULL-6-FA40,e39d1b50-89fc-4dbd-b250-6a9f07b3d15a,8ec8145e-21f6-4a4f-91bd-cbbbb64d8483
ROSHFULL-6-FA42,09bd660e-8fff-41d8-931e-c1d0c986ae7d,192b1e53-b82e-4402-921c-ac1b565e596a
ROSHFULL-6-FA43,da7f3d19-852c-405f-b22d-53c6535a7598,edfa7ea3-1235-4015-b8b2-94c1d50b5c27
ROSHFULL-6-FA47,d827e751-4094-4e6a-8f59-08f8ca29bb22,8c5b890c-d516-43a7-9693-1ab8b6ca0904
ROSHFULL-7-FA53,bec9ddc7-f094-48e8-8c5e-83e59720cacc,e547068c-f1c0-4faa-82cf-6fdf0ad8d45e
ROSHFULL-7-FA56,e84fc24d-798b-4e5b-9142-46b9bebc6bdb,31112f45-42dc-498c-88dd-d5de44f7e33f
ROSHFULL-7-FA60,c5f95ef6-70f9-460a-86cb-93d404489c0a,8d412388-a724-4cde-bf5b-06bb9ddbcaea
RMP--RM8,cc389fab-e16e-4717-a043-c0db16982e01,b413a132-97e6-4b33-b7f8-6afd2971ce4e
arn-undefined-Each_individual_source_held__sources_information_pivot.sources_information_ELM,7485b64c-2011-43a0-9245-24248a919d3d,e1ee51e3-38e4-4ada-8b0d-5241d99cf219
ROSHSUM--SUM4,82b58db0-7a55-4f0c-b335-f5803052c584,bee6f687-e8d6-4ce2-b9cc-65c292ad984b
ROSHSUM--SUM5,3798896c-2308-4b98-b1dc-8c0b45dc2a95,5bcfc88c-2510-4236-957e-9d6d32fca980
