-,8e1b0ecf-9ac1-4233-aad9-a768b9899dd2,9873bd06-0b85-4ad4-8393-6ab689295697
-,33923c1e-e3ba-4c02-ba42-3b8d828f9e18,2c1825f2-71e4-401d-bd57-3fd90abf8507
-,81cbd5f5-f8ec-430e-b18a-c48fdf660216,0714fb76-1820-4810-aea0-3fcf2c02526d
-,2d6f7515-dd03-4cfc-b365-6739e1251498,cf3a5522-9ee8-4d66-8a05-4e3d2874a95f
-,6b04e69d-4ffd-46c6-869a-1f4005979848,7ff74c6d-adf3-444b-b50b-c83e35705dff
-,83612e87-a57c-4b20-ab6d-76148e61a37b,951ccd34-7e51-4210-b837-116272f66cf6
-,4333785d-2419-4b8e-b01d-20380ec14dfc,d5957749-eb9e-4273-bf77-07451d15b7dd
-,70348c31-66aa-4e10-b0a5-4644e7fb85ff,6733623a-7a56-4f9a-be61-fbe9030ad851
-,65f3d164-cb41-4c58-ab67-2284243b34a0,54af7e89-f540-42ad-9ef0-5b8804e41360
-,49ec3bae-2726-4a43-84de-0e63e9f98bb1,7caf51d6-1d1b-4e9a-90f2-dab65cad9602
-,bbb91ec0-140a-4e2f-a28b-31cad3545c5b,43bb1192-a720-4c5d-b51e-0066993c53a2
-,a7ceb029-04d0-48f9-91de-8e2afbd5f47a,3d0419e6-0de5-47be-a636-63d6b40fda5a
-,558c142a-b3d1-4a5c-a1e4-12917d8353e0,e0906f29-b352-41a3-9797-e9d0f53750c9
-,f3e03d17-015c-46d7-bf33-52c5d8503c08,dd6afc3e-9a8b-4892-8891-59f29ecb3821
-,930aced3-6207-4e20-b0d0-285261b72c82,f7d9353c-06de-4a25-8d2f-d304629630f7
-,416f0143-39f2-4042-a4d4-27814d54e9ed,fae7f24c-055b-421c-8998-e435f1ca959c
-,d4b7ae5e-c13b-4c1a-9c4b-a1bbecd10ad2,28aedffd-5cd4-4ad4-91dc-fe5120141789
-,e16a40ee-1131-440c-96c2-20753fc5dd2d,20269d47-73ea-4526-82a3-b288b78a977a
-,1e1fb0b7-efea-4a2c-a971-5b05798ab6ca,2d4d8233-c765-429b-b5fb-fe91990aff27
-,1d1b8343-ccbe-49ad-bf63-7370d2abbbb5,010eeee2-06d5-4da5-88af-a64484c7fa55
-,1eb2db19-6e1b-42e2-a758-38aa20d469ea,2a4f415c-355a-4f0d-aec6-527cfe7d2938
-,01a6211b-591a-4099-b4cb-43135c98667a,d8b76e30-efd0-4ecc-8685-79e3d468a7c5
-,c5d01278-2059-48d3-9005-a4ffff64ed7d,4f524e75-97d2-4d18-b4dd-934685a8f809
-,f693bf6e-be3b-4f5c-8a06-aefeddea311b,52b79e1a-068c-4f0f-ab2f-1b772f396eab
-,1f7de807-3018-4830-bc69-b5b02266fa12,db832730-4039-43ca-b7a0-521e19ca6029
-,5af89c42-ffa2-4a29-8975-ab0eb8770a1c,6f48e050-a125-4f8c-9fb9-d826e4e16ef9
-,ead7aa8a-e20d-4822-9b3b-aedf186333b1,beb5a438-6856-49ee-8346-7878666db725
-,a64dc082-980a-43e0-b443-cf196f35d571,63b1d4c7-8802-4d21-a1db-6bd0bab01f9b
-,10c93cf5-cc0c-404b-b6e4-da176db45527,08724c71-8a20-4e64-a8e6-494c02483c47
-,d9ca82ca-8684-49e4-b7eb-91fb0effed91,9c084cc3-9fe3-4e0e-b85f-b0b888e14fc8
-,eef973e6-f493-4460-b094-2162fc8dc7e9,545904f7-72a1-4d11-b0f8-348b73cf65c1
-,e98de578-f851-48da-ae54-f864af7eb4d4,6829e474-df97-4675-90c6-2ca479972bd9
-,bf62ab62-8f6b-4f3c-a1f1-0786517bbe23,d1d10a73-aa2d-4cbe-9382-960865e80ad9
-,de5901d9-ee4a-4dae-b7ac-8c8d697f933f,68e51388-60ac-4907-8486-87e7c4f6d02e
-,dcc386c7-6be8-458d-8534-63210d5d9fae,d198ec5e-8f85-4412-9364-08c71b8fe749
-,8df81bd9-29e7-484b-b301-557dd8885b8e,e0867a9a-4f9b-4293-92bf-e937efd1f117
-,caef87b2-0ba1-44be-acab-24375446062e,cc5d5835-8668-41fb-a275-80e965cda4cd
-,5d2bbfc7-ab0f-4d0b-a1aa-c209ea2571ea,ce12e973-244a-48cf-986c-367a0a1f5763
-,9e5ca815-1731-441b-9f86-a04b20acd897,25e5ea60-cdfc-4af2-b1ac-725aeb78d3e3
-,d84cef29-893b-4e92-bc98-12a2b4fe75b6,f4071f05-6034-453c-9ed9-07338631daf2
-,feb7ffe9-1e59-4516-9cb8-a1a41f37078f,b363d930-68ae-4607-8961-1c0801f499dc
-,48bdcea3-55a6-4916-9040-2ea3770a0331,c9773820-1c8e-42b1-b90f-5200036e660c
-,6cc878a7-299d-439b-9c73-53af55cbce2f,ef356c0c-a7b5-4214-95c4-f5cefb3db7c8
-,d3c32fb8-8194-4bd9-8562-21fa2d752b26,fcf15e32-198c-4fe2-8702-9a8425b5e864
-,f5d1dd7c-1774-4c76-89c2-a47240ad98ba,b32718a6-2c7c-477d-8fb4-0cffc4312bfb
-,5a49af40-d87b-4f8e-bafd-ac78c7a1e917,6e244c22-2aaf-4807-a889-f04dec956b04
-,1b6e7367-b7d0-48dc-8ca7-8a26e07e5f9d,a62138fe-1d8e-4214-9163-1d48fbacdf67
-,3844f487-2e8e-4a2c-aac5-4ca79ef7d618,0392164e-f227-4d4c-8762-5d87a9eb9b02
-,4c838c2b-c8fe-454f-84d1-2d2b814a2205,744fe3ed-6e0c-421c-8940-a13d4952c0d9
-,1ca1d5ae-3274-4705-a195-742aef989577,071c6cee-9ca5-46b9-ba8e-240a4cf12eaa
-,b213953a-aa79-4617-89dc-6ea20d374561,0dffc2ca-057a-4030-a947-96a75b8fa661
-,58d3efd1-65a1-439b-952f-b2826ffa5e71,613f0959-c8a8-4db4-94dd-b0074b47218d
-,5cd344d4-acf3-45a9-9493-5dda5aa9dfa8,c33c5f46-b797-494c-a770-920e1c3d352b
-,86ee742c-4bfb-4e29-afca-04ad35a3abda,a72f5505-a017-4ba3-b3fa-fc376ee2196a
-,a00223d0-1c20-43b5-8076-8a292ca25773,01c47539-0f0c-422e-b954-8e1da9a7bb4f
-,466d3da9-2d4b-4f8c-a958-90d188c956b4,22087c97-11eb-4624-8780-75c387ae41b1
-,bb7f891c-557a-4bfb-972c-f6d8c291ecc3,44bb86bf-a9eb-4bab-b023-ae2032d8879c
-,758c1ba6-f62c-4e73-8423-079db2d451e6,215ebcb8-1535-4ae3-b015-b7da3c70ef0d
-,46154597-8bc1-45a1-be0b-eba578bd7a3a,4c535879-dbc4-4de3-9f79-acc069877412
-,420c2ffe-8f2c-49b3-a523-674af3197b9e,3f6385bd-8de8-4a61-bce9-29dca69af5e4
-,5c8b7184-42c5-4ecb-8f6e-a938ab32f6ff,10e51d5b-7f8a-4a88-9440-56311cebba42
-,bd629547-eab9-46d5-910d-2416b431950f,9789740c-99e4-4fdb-adc7-c87727a9e232
-,7f076a91-2702-438f-81ba-c15ebfab1b02,c884a545-676e-4e80-be8e-611660d6cb62
-,36b8a37a-ac1b-4b74-9527-f15e436d1612,5b1fe2d4-7fd1-4c0a-89aa-c18c8c491ce5
-,f8c946c0-3976-4309-a428-90e80e8435fd,37b162f7-12dd-4f1f-a530-5b30df0f39f6
-,5f1c0658-31f1-4314-ba2f-e75674a04212,3999214b-3ea6-48b5-b4a1-819bde1a518e
-,f7da1843-6446-4105-a60f-18dff2fe1d26,fa4cca5e-2803-4626-9eb7-cf04323f07c9
-,bc52b533-b939-4893-bd15-1b883a4ff4e3,25bc90c2-f5fb-4d93-ba38-d8dee2491403
-,ebf96a74-c140-47d8-b37f-62cff68f41c0,5d6427b4-82ab-4ffd-991e-b724685a78af
-,ed0e988a-38a4-4f9f-9691-08fb695cbed9,7c4127c8-7557-4268-b625-8b381a66393c
-,dcfd3dd2-2168-41ac-9e7d-3ac7959eab4b,a1db62dc-962f-45da-992e-5aa8958adafc
-,3211a668-8878-4e88-8457-8250bfe65aea,dff21b6d-c400-4dda-9867-f059938cfe6c
-,adc43d86-a8ac-4c07-b445-63a0ace17972,2aedc7af-3466-4441-84e9-5b228ffea0d3
-,d2aed828-e2b6-4710-9486-1a1aea840a4f,0b478970-99a4-43de-9455-abd759cf26a9
-,5419fbff-a1cc-4571-9c29-147617af25a0,a5ebe49b-7d11-4b60-bd22-b49d1931028a
-,1970ba5e-91cb-4ad3-9f04-64d5b5b7157b,114f0c30-b9df-40b0-a80f-ca66bb218bf4
-,f04dd882-0a0d-49f5-9736-91eeadbff9e7,ceb8013b-5c2e-4a9c-954c-55381528e2b2
-,fb98f8b1-58ed-4aac-85b1-404f84270b95,80ee7052-e65a-4a14-a898-46ebe07acd1a
-,0d46cc3c-08ed-47f7-8623-0ae5955d23c6,a3fbf06b-de11-4919-a827-96914acb10ed
-,881bc39f-552c-4d62-b9ec-0fa0e705432e,6b04c9d1-aab8-4ea1-bb46-97b16c677200
-,12b03497-eeeb-4023-bb03-dfbd5d32b32a,66467a40-9db6-4cd1-8d75-b6bf0a66f628
-,f0416e89-3a71-46d1-8fa2-aebd886dcb34,9969804d-b4d9-46e7-a48b-42d6d70fcf37
-,574618c3-27f4-4dd2-94bb-6de74126ff22,a4590696-d25a-4417-ab5e-145e883e5f65
-,5a90a38d-ee0a-4775-994c-addf3397b817,b4545251-5c2b-4910-9d58-0715186e5c65
-,d0619e6b-cc90-4031-90c6-ab15e06cc779,9d080b7d-47fb-44a1-9373-c594026f7f0a
-,2f1b543b-1e69-4f7e-a61c-6d21ff967432,2e72e832-3e84-47bb-8c85-6d141475b70e
-,2d6a1356-d59e-4b41-a995-60c41e2cf197,caed8f18-c493-4e87-982c-6a808b68f28c
-,6f650958-4437-49dc-98ab-5672b89053a8,87a86d61-6f90-4c31-865b-d8f68aa877c1
-,b6db75b3-c3e4-4234-8876-ab185301cea8,74fc7b0e-db6f-477c-af61-7610d0b3afba
-,21a2b7a4-ca19-4749-a3de-afe2e3fb3bec,01ff3523-dab4-4066-9ba6-eb4c4a70cca0
-,3f00a7f7-b4e7-4fdc-ba22-88b66864bd4c,7157bf74-7b3e-4e9e-9430-aa2a3b1d7ec2
-,eef7d5ce-43c4-4ea5-af46-c01d92506d7b,088536e5-04e3-4d87-b586-6a8db5d5a31e
-,09e3f983-1a26-46ba-8aab-befab6c23524,88830f7b-149a-4b4b-a8e1-5f1f1c09b234
-,2afb918d-635a-4f1a-9d83-c8b6d2ee9dd4,b785ea91-98a4-406d-987a-71eee18db3d7
-,4dab51be-e9f8-4ca1-8765-b58e07e137ba,cf105b71-1341-4e1c-859e-36e25c51c5bb
-,75e71232-90cf-4bba-8616-8e4f76f04a0e,9cccf664-129e-4618-97dc-bd6563217f1e
-,c2a60b0e-2019-4108-ade3-6df3f23dde5a,1725d187-37e5-4edd-adeb-ed036e866f9b
-,0be790d7-c5d2-4e17-a91d-24a93bb992cf,d4f36381-e6da-4a74-a6e7-bc9f47a10c05
-,2a185455-0888-476e-ab1a-d6d00579bd39,255bd8db-406e-4afa-9835-c800468a9700
-,38c2bec0-6562-49e6-813d-a1bf01277836,82baf35c-9426-4204-b858-f0f14edc010d
-,b1fc010d-5b5c-4050-8015-6c5cd8d60026,23e7c5bc-a6c8-4dde-88e4-7234f355a98c
-,161310a3-9740-4b3a-a48d-68dff43a21b3,e1db17fa-5059-4c7a-b859-3cb6f7d34eca
-,0e1be79a-5ce5-4b2f-92c3-98eb1eec5902,6f2bd28b-95bc-4964-8be0-f4a229be6f77
-,4d533df1-bdda-421a-8247-e483a6fa3807,46e410cf-cd50-4ec3-8455-8d8977609964
-,881bf23f-ec30-44a6-bfd9-39927f3dc7cb,fd0c8b66-be1f-4f2c-947b-2bde6045492c
-,3a3bfa1e-ed44-45c7-aaf3-3b39c724294d,33d108e8-3f75-4807-95cd-41f3cce2a48d
-,dd63b385-0f17-4648-b075-186594981247,a9ffcd78-6ff5-4cea-9447-2eff3fc4d228
-,f51818eb-9523-4e91-b9be-7b18062ddb0a,d3daffb6-d482-4a06-87ce-0e8edeb89fc9
-,0ba154af-8711-411a-b85e-9427fceb3f4c,26142df4-09ed-43e3-bac2-9f5afffa25f2
-,2331dfe5-ad30-45d4-afa0-7cafd25303b5,0b72757f-7cb8-4c48-99a6-b496358dee34
-,45726d26-ec55-4011-82c6-921e08a881db,82c021a8-29ab-461f-bbc1-bcccaf659b6f
-,9ae5176a-3e90-4876-8e98-c629a198df24,5756fb6c-7b7a-4409-b47f-03a04a6fd2f6
-,09399c70-240e-4ac3-999e-a41530652f36,a2fd6d36-0e8a-42ef-8ec8-e4b22b80a972
-,295db7d3-337d-4060-af83-3658e0fef059,71782154-1616-4d85-a065-d3a9fd26c963
-,6d7637b0-17c5-46cc-98ec-7fb914b25e7b,c57cd60b-0008-47f8-86ff-5a1613fd644e
-,01bf035e-4af8-4522-ba6b-0b4b910a435e,1d579af9-14cd-467f-9604-1171283523f4
-,e94e9a61-8779-48d1-a1cf-18c2d45453e7,cb727ef5-ad3b-451a-9f92-b75584aada90
-,84fce839-1f84-4b5f-bd03-2f0ed7937fbf,83f16b45-c325-43cc-a583-72aee71aab03
-,a60c28d9-47bb-4790-96a0-a8df4a141169,fd44e079-6f92-477f-a9f9-8a58f5e8898c
-,0afa232a-0cbe-41ca-91a6-513dc045fdf2,27734cbe-080b-46d3-8ad6-da63b87c579b
-,ab3f9c08-f8e5-49ab-a049-e9b1f5515db6,fe9aa367-694f-4e4d-9dab-daf1f615ce53
-,307897b6-a008-47ab-a15e-5a20fecda109,8adb76b0-d6d8-4d13-a741-95c20f69331c
-,188e5399-bc77-4247-8179-766bbc6cb40b,67cdd7b7-8ff3-4772-ae72-49b892a6877c
-,a187af07-75ad-498e-9bcc-c9870fcec8a7,a2c99aac-b633-4316-920e-7bef09c87dc9
-,e48a54d1-fff4-4197-a32b-c7e5f74925bf,1788cf96-6846-4a63-a1c7-e67d88450d50
-,bc97613b-89f2-4286-88ae-4dcd39b2aa09,f4d7b9b2-7e37-4618-826f-669e6aa2376d
-,ff138002-dfe5-42b6-87d7-808eb03136b9,64571b3d-8ee6-44ce-aab4-81c49867541b
-,f07b5e35-6bf0-491d-8e68-6dc540e337ef,36c89ab0-1dbd-416f-a716-6282871a5e45
-,c8bfa08a-cb6a-4b76-8442-8ecde2df9bf0,129ceb0c-7e57-4226-b210-336ff3e8a6e0
-,3c63476a-593c-4391-9f7f-f0f777c2812c,270908f6-bf1f-425a-9d1e-5564533752eb
-,e89363fc-6c1a-45d2-a117-ab92feca9227,2039b76c-c2ab-4d8f-86b5-f5d7557f98f3
-,b808a685-b202-4291-af86-67d19b934845,e797104c-8d16-4160-93d5-269f6c62baad
-,18241334-da0e-4388-947d-1fd3efd1cb95,22592e0c-2fac-44e6-9db5-cf487fb3f2b1
-,f2de0ecb-b004-47c9-98c4-71ad81f84d70,5c28d8ac-c145-4162-a433-6038ecbdef0b
-,a305554b-2ed2-4aac-9885-d680a2f917a2,aaa44081-c48d-42dd-a2be-468a4f9213b4
-,507766f9-47c6-4edd-8823-4c837d2002c7,67616e01-e88e-4189-b870-d0bfd01d6984
-,bb099c1d-53eb-412f-906d-269cfc01b2c7,6786f5f8-c920-4dbe-bfa4-98368ae2a8a2
-,3141ca81-fcff-4b4a-8f45-9c6ad197c7d9,a442bb97-0ee1-4da6-9227-1366b854b19a
-,3aefd016-34b6-4ca6-b238-efe2a24bd346,5205a86a-0324-4be3-b48d-b54f6b3386fd
-,cb045896-9854-4418-a32a-6046c1a59929,e3bda1bf-7be0-4e0d-b70f-3037e3f7cbde
-,5ba53494-faed-4a24-b7b6-ce93ebf71490,9069d9e7-af3b-454b-ab45-57f8debf68bb
-,dee75d3f-a670-4eb9-9575-a4a25abd408a,e3469531-d46e-4b44-9c64-f58213879652
-,7c37fead-8edc-46ec-8ae3-f33a6b7e2e31,e182e150-8b54-4311-b8a6-fb2f8b264120
-,8ac5644d-4421-4652-915e-1071f9f488b8,7b88006f-2e79-48c5-8003-752b1c94285f
-,ea30b7ad-8b53-444b-99a8-9c72a3e9bcfc,038c0ae3-7263-4e73-8d3e-ab9e13a1dc4e
-,f21a22f7-6f6b-4c2a-b27f-d4c3b9123322,ecf438c0-07d8-443d-b67c-0b8451ada929
-,1b277bcd-6dd4-4a8a-bb83-cbf72bc38033,ac4ef07e-bafb-41c8-8c0b-48a051cc60a1
-,0895c08b-c82f-4733-9bf0-159b0354533b,5a63f13d-b51f-42b8-8bad-7927f5f6cae3
-,40f3ce03-9ba5-4539-9fed-1816b731bd12,ad9ab59b-3594-4ace-bd30-ff2445ca0e50
-,5974af31-268a-4413-be23-6285cfe61346,e5d9e404-8e06-47ca-8c40-85c92dd0c711
-,e3da3b38-2c6e-49fd-91d9-938105098136,fd4349c2-8316-473f-bba2-60d7db518e53
-,31a47ad0-6d66-4478-94c8-65ef70091dee,a7b6c7e5-0ba6-435e-b53a-0f1913a141bf
-,90d93a85-d0d6-4b79-9320-c1054f0c00df,82e267ae-dcca-4e7e-ad14-c2b284b29e7f
-,c3bf9231-5b7d-43d7-bbee-952c78ee7788,4336309c-feb7-4fa2-9dcb-f1d4bc220228
-,8d5404d8-a633-4789-aa03-68061e3bf373,90a86029-d002-4d99-ae8e-7f8cdd343318
-,d4d40a81-3a9b-48fa-8380-ee7a35444b86,06d86239-fe8c-4f95-807a-71c4be79da1c
-,e15d1405-0f37-4533-b449-62d4838aae15,1eebb5e4-58b7-45c3-b500-cf0013d27350
-,65373dba-95aa-4b6e-b2d8-fafa1abd5ae4,2f7e7373-bf28-4f27-8a09-e27085c3f08b
-,2b0d4124-a1f6-4d4b-89e5-4cb3abfc38fe,c881aef3-e69a-4f91-baab-77ed44c6c684
-,52a9bc59-c243-4e54-8d2c-005fb266f632,a2a330ac-c68d-4679-aea7-1570d7175692
-,0ba2c568-8625-47a3-a911-6066188d7e94,8c99d2d1-3da9-4b87-aab5-d7912229c7cf
-,627f694d-efb1-4556-bbea-a7d93179cf3f,12114877-118a-44bf-b1c4-56df77955981
-,48866fe6-50e2-4347-901b-95317679a249,116abe76-f5dc-4658-ac61-8ad37efe4479
-,cf9a187c-18f1-4ccd-a3ff-fcc1f128496a,8f027f4a-e9d4-4e2f-83e0-37aac74d6bd7
-,dc3a8ff2-2a6c-4582-9fbe-84a57bfac28d,5ac55e33-d899-4640-817a-aa6ee882be85
-,a14e358f-949e-4cb9-a1d0-f03ab8fa4696,4e07d31a-f834-4b07-9b16-1117bd607d37
-,c22bebc9-003c-4fa1-971c-d62074f4ea2c,17eeb31f-25fb-4385-968d-a21e657c8408
-,a2f4a30f-1448-4281-9c09-96d66db07601,e3a32a87-3b8c-45ff-8762-0175ad997db6
-,7714eddc-a028-484e-8505-b132364ca648,f789608a-e218-4842-94e2-78a9c7d7c528
-,ce2dd109-a3a8-4303-a3c0-b21e5180e883,dfb17919-f842-49f2-983c-c6f8f3a658e7
-,ea039639-7f05-496d-8bcf-12e5f2f96a27,58053c51-155f-4780-81b5-83a5431a5312
-,5824adec-fe20-4504-8c15-2d8d5053b47e,0978cad7-3240-4abb-905f-816743cf23f6
-,02445b70-00a4-4513-868c-7653e8e041cf,91b314bf-32a0-4ab9-9e6a-b16c3a028e75
-,59b77990-875e-47ef-8b39-607fb48b254c,6795ad6d-1aa5-45a2-a622-64e180f93a97
-,b46893d5-b69f-4743-addd-57bc2a5651c7,efa68a14-74d4-478f-8c81-9a1d87abbe9d
-,a1a44650-d22a-45e3-88c6-8c4a9075938c,d4e7c1b0-25c7-499b-bf74-9987d61dd08d
-,af8444f9-9e71-49e0-b171-8a88006a589e,088ed6ee-2f87-48ba-b85c-21da5a5f9dea
-,a840a988-ca2e-45bc-9b5e-c4382d2eefed,30b58bf0-37e2-427b-9ce9-1b2878521358
-,ac9308db-2dea-4b20-8b23-b0badfc992aa,b7b30c41-115b-467c-9fed-40c956efefc2
-,43cddd02-3f2f-472f-8211-ebc5b109ec7a,f5735675-3e51-4526-9b22-7980b9a972fa
-,362b2ae7-7eae-42e8-9725-d7a76cb241ae,fa3d15ac-c947-4696-b513-c794a0e2d8c0
-,6d429e85-3b54-4d57-bc5a-e26b3dac7f7f,734c9bbb-b0d8-4d82-9b18-7435d56aba39
-,2d2258d7-7521-45b3-a6a5-9d9c3c1c23c4,4670d5e1-11c6-47b4-9717-56422e4c67b6
-,c9418087-0390-491e-8fcb-045bda93fdd7,0206c7a6-8982-4647-a8de-fde89457b937
-,04a8eea7-18a4-4a5b-bbbb-9fe04e322abe,096d6246-af1d-4bd4-85d6-9a0be686ad19
-,e474f386-d90e-41ca-b17f-ee45c724dbc4,7e99138a-3680-4c86-8b19-b7ceac6a8a27
-,e68d9e2b-5a67-449a-85dc-a941504cdd0c,4cfd4d03-7fce-44a0-bd13-7d2642da1371
-,0a4914e4-2a46-4e0d-945c-86764f20f55f,a433be9c-0196-4abb-b0d4-0bf5cbd8f512
-,196c4afb-3dbd-4f2f-a051-6244d8ba15c0,982a3a01-bf05-4e6c-a66d-82b74e79f5a5
-,682bf8a6-6401-4a0e-a18f-c39c1e25c9c8,dd050a80-c252-4c55-8245-54b969f49d74
-,20ec9f5d-a93c-401a-bafa-14adff4e140a,40bc8e9b-6650-4edb-8771-4a2acc5f6e8e
-,5fd36d00-8ab3-44e9-8cd6-79deffcdd6ed,88d019d0-0d2e-48e4-a7c1-4a1bcceb0959
-,4629e693-ba5f-4d94-a54a-279cfdc30e21,1dcc8594-266c-452c-a27b-3bcb2da26d4f
-,f0120481-a1cd-4100-b65a-c93b5e21d689,e41c6537-af59-408d-a151-b924a87c5444
-,ce6170a9-1f7b-4963-a8e3-08574e4c83d0,f082f81c-373a-453f-8396-c510da5c7bf5
-,54e93f76-3966-40af-8c29-0c364bd80b9b,d9865d0e-9276-4d92-a61b-99d853cff51d
-,c7f828d2-e824-483e-a33b-b963742a2534,a91916b1-a1f8-465e-bbdf-9af44399a4bb
-,65d9368d-67a5-4412-a2ce-f416def28b1a,49d005d7-7b86-4048-a37f-49e100785dbb
-,692eda87-4f76-4a04-84ec-c3fb4aa5e3be,b3879a10-4b87-4f78-a291-e3a817a6e923
-,f29c21a1-c6d6-460a-8936-064172c01d6a,fe5cc1b5-c9f2-496b-ac53-0022ebe08ca2
-,f81a610b-665e-4f75-b9ca-a92734431416,1b350c37-f188-477d-9e7f-cdde672f4b10
-,b5334e5f-b793-4400-8ea1-67c316b2d44f,51e62446-3712-4730-b85c-536531de0cd7
-,31eb26f4-667f-45cb-bf58-4e7c249cd8b9,5a1ef335-5bb7-4df6-8c7e-84d87f7a7f54
-,0a871fb8-8583-4e91-bc03-50918a5c8972,b19d2f80-8d07-4ee3-9467-836fa6d3c4eb
-,dfd45c79-3ff5-40d7-9385-f5ca262ccdae,6d3e3c26-fb9a-4e07-8cf8-ce67d27e5937
-,9f3d250d-bf0c-4a7c-8072-04b9d10f8268,bbb18e94-cb9b-4442-864f-167fea692eb4
-,1801ecdd-953e-4565-8063-c83bd19b4866,cc47a038-ab66-4498-9806-79c7a586b8e6
-,eef1b29b-15d6-41b1-b2d9-f307da40e3d3,58823b6f-ec22-41b7-a358-17b539d4f42b
-,3c70d53a-08c5-4f30-a144-12e5c6e14205,b291ee09-e840-4c2f-970f-56f37090d3db
-,10cd0e95-7af7-4f55-9a96-2bd60d56c21e,b21c4f44-d40d-4704-b68e-393482c8cb46
-,ae3fcd52-ccae-4555-95e1-2aa6c541e4b5,b5d25a85-597e-4c37-be59-3350dd9b8ff8
-,cf6abacc-6fce-4601-9131-1f0004fa013e,3f12785e-d753-409b-893b-9590677a2401
-,aa01b40f-e0cc-41f0-a751-0a04d1016a6c,d0113a1d-344f-4a56-9723-98c852d86a3a
-,22be9048-33a7-4e56-a8f4-8c4e2a62524c,9e652539-674d-4f32-8278-d38d807518d4
-,569dcb48-7d70-4d52-adce-a80f00b8dc91,89a39ce3-1cc4-470a-9819-5266290c8078
-,8040cc23-0ffd-4425-b0fb-1b5ee34834a4,1c6dbde5-5ddf-4f64-9eed-947a73bbe636
-,74976c03-0fc5-426c-8464-6f055f772609,dcbfd9ba-482f-4f82-9ed5-b2b88d54fb04
-,ad6cdfee-6ed6-43a0-9dae-d108b62e4ae6,090d8c01-2236-4a91-a80c-975715a93cca
-,e807624f-c59e-4b21-b749-2432b08f60f9,b769e087-03b0-4837-94e0-93619ea26f7e
-,1ff5bd0f-c500-47d5-8f13-0d29d46e7c56,04d859c1-87a1-4481-9070-883fc4335b0f
-,ebc8e739-627f-48de-b864-3ba001fe09d9,3e9ce3f0-ff59-48cb-ad4c-a7cb68eac2a0
-,b5740685-7cfd-48bb-89a7-cf1e51d15ec1,86298e58-35b8-4165-bcd6-7e7555b54f3a
-,00c3001c-a5fe-434a-9d83-629cc097ea07,d347072f-e116-46b1-ad73-6f9ee34c8b8d
-,121f7277-c0fc-4cdf-a02c-049f73993cbd,d042142a-7262-4a70-bb84-e103db84d9ce
-,65db97f0-b928-45f5-ae63-1744b810d958,742798b5-7ac4-4f32-b617-b3713d9eacc5
-,a1be8ea7-817c-4eff-9534-3a503be9ecbd,5d045cbe-d102-4efa-9486-eca3f0ae80e5
-,006d1e2b-78e8-405f-82e9-fbdb318396cd,0850326c-3aaf-4ed4-9eee-ae8ba18fcb64
-,4f2b86b8-0b1c-4e76-93c3-9df2e61dc568,c556cfb6-42b0-432f-9526-f51147fb02fa
-,944b9da0-9e44-42c2-96e2-75906945729e,a941ab77-14e1-4f57-99da-9734b145eb7c
-,82b58db0-7a55-4f0c-b335-f5803052c584,035b9a9d-ec40-4d45-8777-2d63e52a5e1f
-,3798896c-2308-4b98-b1dc-8c0b45dc2a95,087b0e66-8c79-49d1-9521-58e00347fb31
-,df139cfe-12fc-431f-9c1a-c1d9cda1a9c7,67ac7e6e-5a17-49ea-ada3-a51f6edd9aa8
-,0a397207-c6ec-4177-ae2f-abf611de762b,415df543-031a-47fb-b719-e67c5a05852a
-,9775e1a6-b83f-4d26-bdef-bcf9d97fe079,e276ac67-9e8d-4184-a1df-c3f1cdf7d245
-,4521c123-debd-41e0-a25f-01b616d47c8d,2b402372-39de-492d-9252-af498b65f751
-,3058326c-ea48-4023-afac-ee1f4e8a8218,bf1934ff-d382-43a0-88b4-bb9b2d43b5ab
-,e55a4488-d80f-45e3-afef-30ceb640f423,30b65f3b-8000-4757-877f-ced8f60e5e3d
-,f89650c5-ed90-4b5e-b228-a8a7745eae67,768c2acb-dad4-4517-b29b-4f56399f55e6
-,60324ce2-3701-4a4e-80cc-808a9afcf276,47ab4e3d-c568-4c81-9e1d-f22d9e6ad6c4
-,050396e4-99e1-4bfe-a328-7af774d4a375,a57d112a-7cc9-4c1a-bed3-f1fe47379c06
-,395f4155-c579-49f2-adba-a962a76d423b,a57b4dfe-c941-49a5-92a7-80d2d9bc72da
-,7d981fa1-f2bd-4f52-bf95-bcbe48d8fdc5,522a3c28-68a4-4e5b-b1c4-bf2dcbf8d2d1
-,172d70dc-e650-41d0-8d00-58f2657d339a,cc555a63-dc23-4569-8f5a-6e4d7658455f
-,4ee1c044-3bf5-472c-8a5f-430a6e7cd325,128b9879-c053-49d0-88c4-2faeb8481890
-,1d69e176-8459-4d30-8410-006828ff8c72,b94dbcb5-4d27-4f03-8342-ae27099c5df9
-,2a8bfa03-1367-4259-8f52-98ed5828cc71,533e839e-fc62-461d-9f44-5870ab7f5cea
-,7bfd985e-ba11-4517-8235-5454f4910b47,3ee01a40-8c36-4e14-adf1-00bdc79cd9fd
-,4981293a-d22d-49f4-9aa1-d997fa6fe5b8,57aeb25c-074a-4bc9-a3d4-4f9de9bc975c
-,2a50a680-dcd9-4abd-ba65-5ad5983f679a,2cc10009-4e6d-47c6-b7fb-c46201b1366e
-,5479cd3f-7828-4f5d-963b-26f4888bc03c,c899e9e9-eb30-45b6-b920-afa13dee6fd9
-,448f9fee-d199-41c9-906f-c7973fdd4dbc,4f1267ef-8293-43b3-b849-55f578478705
-,2c1fc504-90ae-48e5-94bf-99bba3f434dd,1cd32262-8539-4992-9a0d-4e722c60b3fa
-,153abaa1-5381-44b5-a4b9-58979158e3a3,a36473a2-8bec-4b8e-a5d7-7861f9fcc748
-,e0012fb9-8050-49e3-aa5c-f47b41c59a04,b8ccf85e-be83-4108-aebd-5ba90d706fb4
-,e90c67b0-15dd-42c7-bf28-d1838075cb25,228bbf76-65a9-469a-9e85-ed561685aa2d
-,0495bc20-2211-4c9b-b8f9-549a169549ad,b5ff7252-7f7a-4604-9322-35dc10164e9e
-,c076395e-0e40-46d8-b665-ee0b74f8370c,6abe526b-e269-455e-b475-e6124fd0e9e1
-,7697e7cb-7da6-4137-8084-1610e6b91af9,8cf97455-05b2-4f6f-8e24-aba467d05639
-,0d910a5a-c964-41a4-ae44-583bcf355e9d,3251de2c-fdab-4ee7-9ff4-11a4be6b06e2
-,7954e117-966a-470f-b577-f7dc36ae269e,58208fd1-952a-4581-9302-c005dd6271c3
-,106e8722-04b3-4f55-b661-1eb250e1d5f6,0c2628ef-85cd-48cb-bc42-adbc4f3ba985
-,0a7bc16c-5213-4a1a-8cd2-f29162eab17d,12caf29f-ab05-47b6-b0a8-fa6f63261b4a
-,b06ab9df-16b9-4dd2-8a91-1f45aeaa4f2c,f75a098f-1a9b-4c8a-98bf-cf14588dae00
-,9a8d6d8e-ac11-4ff5-b4e6-9553fd462851,05bdf1be-98f3-4014-a693-b75b85f4d0b5
-,51c803b3-7056-4f5e-9000-af5ba1341b31,0642d38c-4d1e-4009-b392-8de02095ad58
-,bbcfc02b-ab1a-416c-bd4a-c8036fbdb745,988744fa-3786-4151-9e4b-c06a8d24f966
-,deaf25bc-0677-4d3f-9d09-c7c44c7c34c7,742d5672-1ed0-4ec4-89a1-7c9b4f8da1c1
-,1ef76cd5-2d77-4e2a-9fb6-8f9aa5d4b657,0077a17f-1040-4d7f-bc86-1ac31db2730f
-,ee346f9f-2d49-4070-afc2-4f9dabc1efa7,821dfb32-5fe0-4ed9-852c-c9c47a11bebc
-,3eff7d61-dd85-4ecf-a91d-92d8ffd4fec9,e1239553-390c-4a4f-a50c-988ef4699f49
-,92f76d3e-23c2-4a6e-b213-4e9f98c460cb,5c406155-1851-4a5c-9da8-d1f6294c8282
-,ce1d25c4-cd11-46c4-8c4d-9de8d5ec71c5,483a0163-e48c-41fa-88a5-db1a784489b0
-,6f3a96bb-fea0-4df2-8aee-039a5e60382e,f324a7f9-b587-4ac3-92ae-2311ae0b092e
-,87531e74-2c67-4c86-9a34-2e5a08be6580,96cefe22-7fdf-43c1-987c-3656714779a5
-,e9bbea38-d1d8-4358-aa6a-5f79d44d8461,da962991-9541-4d6b-817b-86dffbf96b69
-,10bcb346-42a9-4501-9469-c924fbf875f3,adc422e1-fc6f-4f01-8784-4aeb0717ff1a
-,cb02474c-e1d8-4a24-917b-88d0611dabf8,cbea2936-4c88-476f-9dc6-28633724079c
-,7de9e887-9dc4-40f3-b888-c49cb3e6dce0,07c2d05e-1f89-4576-b1a2-4efe8297b8c5
-,e5d603cf-4a27-4c23-8e8c-47df797fdd0b,bae76069-8186-4c71-94fd-6ff43b1d5331
-,abe98154-9a39-4415-9e7d-fa21ead1af89,5def88e1-51e3-4a94-b549-fee65ba341e3
-,892ecb86-517a-4485-9f0b-5772df8455de,2bbdce7a-3775-4201-a361-f6a891dd5fff
-,02c167fb-2011-4a88-95cf-e8ae7c3de5a2,f228b4ca-7b2f-47eb-a935-47086980c3d7
-,823c8fca-a594-424d-90da-7a8b6813a44a,2128b361-3c05-45db-b654-3144ed299933
-,7e09cbd3-de1d-4d56-919e-208d3221fb58,41b0dde6-42cd-4b73-92a4-c0376dca6352
-,fccfc5c2-b212-4336-b4dc-085ee34fd652,978f0d42-d283-4e98-befb-c5c78a55b864
-,404ebe65-35c0-4769-938b-95afbc03f049,15f0715e-cc84-4e87-b7d8-446316e23c80
-,9fe2a213-9c11-454c-818e-88509cb44fac,7d8dd778-eb22-428a-9d9c-c935126f9f8f
-,160ae8a9-ec7d-442e-b326-378a04a38fa4,ee72afd1-befc-4894-b45b-1cbd57a984d2
-,14ab8b61-8811-4d47-b6f2-8881619f0aa3,509cbba7-0e38-4555-b9fc-ff100f5430a0
-,c7e8cc27-b805-4a4b-bb8d-3689c6206d46,5579da7e-08f4-4e2d-a994-d755e4af0abf
-,8d1d257c-8618-45ac-adba-01bc4a0d67af,1dcb1507-cf22-40ae-837b-9a6c7782a95b
-,b2184cac-a2a0-46a1-88b9-19ae4b64cabd,cc0a3df6-abbf-43da-8d45-f5ee2de96534
-,af20af57-388e-4ee1-824d-0a516623dbf9,a7b0b2ed-4278-4732-8d1a-077f3a032032
-,f2b7c14a-ee13-4cbc-b9d4-0ba5594b6c8b,f4edb6c9-4664-4c51-94e9-ef6013ee1e9d
-,ca4b265c-7be9-4c7a-ab6e-b947bdf375af,9602f925-7874-43f6-9981-194548524cb3
-,66cb63ce-4cf8-43b3-95cb-0da1ee953717,319c8933-e1e1-4522-b0b4-f9f25a69dde6
-,3aa0b6d0-886b-4682-936d-9c23aabf090e,e1fbc613-ddde-4e49-9271-6f101de826e0
-,29e76b3e-3ee6-4387-ac10-50aca26ffa2a,e1c2feb1-6030-40ce-9d2e-25a82a81bbaf
-,1c82ab38-b8d9-4e10-b783-407297d6f292,baea43aa-e2dd-40e6-9e96-3be9356a109d
-,be1fb2dc-2237-4cf6-91d6-33505e8e1676,b4cdb3c5-155f-43c1-a096-89b201415716
-,d97b7227-515b-41f6-ba37-ca243ecf9f65,4be94dc4-8351-4b5a-bbf5-e3c8d9cc03fc
-,bb6ebcbf-cffd-4675-9228-5711e63a7d0f,e8ea07a8-afc3-4b80-a84b-520560504242
-,95e79ec5-f020-45bc-985a-9beb8a9f060d,31086ec8-4ce6-4a90-8e6a-be950b58ba7c
-,bb3b749e-79ea-413d-b46b-35cd05f93c05,6ae3cb98-b709-4cf4-a690-f2a5c0040a57
-,d066304a-c690-4634-aa24-02f1539dc5cb,5639b055-d949-4918-b6b0-d4804f6e2399
-,b82889ff-16cb-4a22-b4fe-7c341c2987de,92e18413-a9bb-46bf-baac-8f92fe7a8069
-,068ec65c-cd6e-4993-ae14-6e1c22e2afc2,8fb6f24b-670b-4e7e-8be3-e493113ea6aa
-,157bf7d7-41e3-4682-8197-ab59861c47e8,49c6abc7-5391-4971-8ed8-69f7f9e5d807
-,781e75ae-99b8-42de-bc6c-f73364fa2c3e,b1ff2488-f1cf-47c8-8512-22debc607ed2
-,fc686c93-aaad-4685-8840-9431e6038464,760fd0ec-fa5f-4eaf-903f-a236f718f1d1
-,81c70cce-0b47-4b4c-98c1-aa860a57295b,714d8b1b-58f5-4c35-af33-4d5409a3e1d0
-,82bbb2b4-5c14-4525-bf22-131b09598c8b,5b334444-dbfb-4b75-999f-485aae7e604d
-,f1b31fe9-45e2-4887-a759-614e3b679cc0,aa5ad1f2-f988-42f5-b7ba-c4e2672f24d2
-,12aba886-82a9-424c-93be-a549eb2cc764,ce9ab63b-a879-4eda-9c43-cf5544d25b04
-,be6ebe75-da14-44a8-8db8-a9c71bec743c,e032287b-26a0-4edc-8a37-8d1019eba09d
-,aaa9c721-4eca-42e4-9b07-539b1ded71e0,9f3eea9c-e5f0-4903-8ab1-eb4caeabaf2c
-,5fffaa05-bee8-433a-b22e-313d5915eea9,9a18efc6-34fd-4de6-8946-0620249a20fb
-,8a958501-feee-47a7-bf46-000f5e4913bf,59c41c12-619c-4c75-880a-9add6bff8ae8
-,060c6f22-0b04-452b-9d51-0b5ee99e0bcd,b29a246c-3d5f-4ffd-ad20-7985ec46f27a
-,7491472d-f18c-4db6-ab8b-ef3fd4fca02c,4603ee30-717d-4002-9ba4-51f303abf737
-,0c3a866a-aa7b-4f8d-bc06-8b3ffd76e4a0,ad25236c-2e15-4e0c-9c92-b84359877187
-,c609ca96-08ca-42a1-baec-4675f628a423,4b3222ff-ca32-4202-965c-11037d72db64
-,08543da3-0361-499b-8bef-36320967459a,ead37a8f-9574-476b-b24c-9c17f9507ea5
-,c44cca53-aade-4ede-8cb3-0a3148753fd0,3bef106d-3187-4e9d-a8f3-84a1f74077ca
-,e829c676-96cd-42fd-b87b-e9abf6f9c221,340be4e9-7f59-481e-9139-2ae8c75eea51
-,4d1ff97f-de27-48ac-ad97-c4402028be59,1317bc4b-339c-43e4-bb8f-55eb7f3f35f1
-,d9083997-4061-41e1-acb5-13795fea00ca,17972c6b-6b6e-458b-b394-3161be2afa09
-,e1c4a34d-d4cb-4446-b16a-e24d271cb0ec,0e537996-1955-43c1-bd4c-ebc2ee2e3729
-,a0ae05d3-c6a5-40ca-97ba-442f73407b66,b791deec-daa2-4a9c-b7ee-d4c8de2df3a8
-,f67f1555-c314-4d0a-9c7f-abc355fe1bff,64e42da9-3ca3-40de-aef2-27a846859228
-,24584de0-fae2-4821-9d9b-bbf6b874eb8b,6497fac8-fb16-417f-988b-fd18ad7b1182
-,241e1b42-ccc3-4b37-917b-40db31da234e,547d4dda-add6-4496-aa27-fbb906ccc4fd
-,7ec5fcc8-624a-439d-b237-ccb70102fc42,45a71d50-8add-4292-aee0-fb103f472cf0
-,c4f83773-f18f-41ee-95e1-30af0cfbd2e7,9cd6b429-7a87-40f1-8952-39958cc6d23c
-,9d230033-03b6-4e4d-b616-5f89d6362249,bd383505-9d88-4054-ac74-415c0678c40b
-,0fd27452-567d-4414-8003-0cd8ec7cd2c9,ca968db2-5d97-4fca-8bba-08fa90f6df61
-,f775bb4d-c7be-4e0c-a735-685112fe9b6d,df7e9741-4168-4939-a8fd-eab58f51c6d3
-,80f5bed4-9fd5-4103-b3cc-4050d1a7cb87,f74dd071-44a1-4f9f-81d2-84d7e27d143b
-,016c7243-39eb-454a-8e10-17619b1654b1,154dc817-4774-4dd2-9018-161528b625c4
-,4dc7a258-3e7b-45fb-a3c9-1ef4be9253d7,4f40eca6-80cf-4ce2-907a-1a162f0f6eac
-,c6f64275-692d-4e7d-a291-4ad6124f3a62,71b11b64-46d2-48f8-bc88-ec3e49a00a60
-,0ac64ae9-eb3a-4d38-ab7d-5e03f3040917,c97f2326-559f-416f-8a0e-4ac118a7790e
-,b8ed774b-25ab-4bbb-ad10-f2eb79fc8382,aef79522-bde4-4c3b-b959-84c3285536ce
-,fdbddfc6-6aa4-45e9-a24a-42d61215dd0c,51b0d535-4f30-4fd1-9b25-bf58c75921ab
-,e84ca6d6-0939-427f-b2ed-3cf63a6165de,38aa2a38-2e1a-41fc-8efc-8a1bb60b465d
-,b55c2001-dfd4-49d7-ab68-44f745b29d29,3b835628-d394-43dc-8f94-194cf43c50cb
-,b8eebaf3-436e-4f12-8ff8-bb7554654f9d,955f9208-f86c-4e90-a8fe-67cf29f5d5b2
-,042fa616-eb7d-4c63-ac36-69c116de5c72,1cacaa3d-fe1a-4031-8d0d-8b54c33d6099
-,b2c213f5-b4d6-4bd3-8b4d-58a38a89e578,ef431d75-ad8d-4ed0-9c56-77ec8de3d795
-,08787e43-0e02-436d-afea-a189388c251f,fe64176d-58f8-4523-ac6e-aeeae01be868
-,71e51dc0-4ab3-43f0-9d65-d24c044b365f,09c9d7fc-5aa9-4bad-875b-996f3ff0d0c4
-,2f2ee672-92f3-4a14-b112-f1ae7ae708ff,144dc8a8-25f3-4c54-9a6c-e92ea28068a7
-,7b3135b6-c59c-4e9a-98d8-70f37737fe89,7b315ac4-86ba-4651-800b-2cdbb3e3129f
-,4970b373-a526-418b-9df1-b105ad4135fa,915a38a8-1479-431a-bdb2-ab6357249b6f
-,6c8f4b63-5c8d-4ca6-b611-23c2c6be6b19,156357d9-5cdf-48bc-88a4-6b510d9c8aac
-,a5653874-d9dd-45d9-8cce-caac576fe190,bf2b6ab0-41d2-488d-82b4-91c85a47c9eb
-,b7d3e56e-4df0-4152-b92d-edb51e2e95a9,da89fcda-a8e7-46b8-9629-47c2f4092d2f
-,b7572668-fe3c-4688-9a2f-27d70b7ccbc1,8eec385d-3b88-45dc-9be2-32adb67c50a6
-,be770fd2-5c0b-4d02-b1b1-8590edcf5f4e,369f71ec-3982-44c9-ba83-9d3e38a604e0
-,a13e68d3-4334-4b37-9d4d-6b929b73026a,746900dc-fc00-45b1-abc6-814b5f865268
-,52f0b70c-e4d2-4620-a913-e56dff7d07b8,01b6eaab-a612-4ecc-bbbb-df79fb8c9789
-,0b21d158-e98d-418c-8df8-e464d30935e5,568cf2af-6532-48c1-a0ca-23315e144bfc
-,25e6061c-0829-427f-aac3-e4f6a33775c3,673944db-baed-48ed-b1a8-b8e36b540733
-,9e716a4d-89bb-4e39-8928-dfcf6e4aef88,ea8568fa-238f-4638-9977-4bc72d3299f2
-,7ec33f07-eb93-444c-a1d5-3fdf0b805689,736edeac-878c-4595-a9d2-033c23f09831
-,bd694469-173a-4388-b1c3-eadea9aa1a75,0cbc61f1-1a1a-4e92-93f3-fa7cde7538e1
-,92e5004b-071b-4049-87ff-0f641357b687,efe87a5e-a948-4446-b9f2-8c27d3ebe6d0
-,f704ecbb-b024-4469-8e8b-2e36cb5aa68f,17552a3d-aab4-4790-b623-a3f690c8987b
-,3b5a0cd9-277a-4d43-95d9-e3bea2077c2e,22291478-852d-4589-aba8-d0710b71b752
-,bd2f876a-0768-4407-a6c2-3513e6173086,8fd0b3da-db97-4662-8770-fa9284670848
-,2268c757-98a1-4d38-9cc1-c9f82851307f,55a3cbc9-63f2-4f27-87e3-c7426d3b6bf0
-,e39d1b50-89fc-4dbd-b250-6a9f07b3d15a,af480119-7ed1-4e46-a0c4-31ae834d9831
-,09bd660e-8fff-41d8-931e-c1d0c986ae7d,c89261b9-287b-4f6f-9d63-4337a061bdb1
-,da7f3d19-852c-405f-b22d-53c6535a7598,07e803a5-2784-4a0e-872d-794040162b2e
-,d827e751-4094-4e6a-8f59-08f8ca29bb22,a5e176d7-ac54-45b3-b154-27f75d8a0844
-,bec9ddc7-f094-48e8-8c5e-83e59720cacc,77851c86-825e-4199-8949-ed8218e9ac10
-,e84fc24d-798b-4e5b-9142-46b9bebc6bdb,f31ef51c-0a06-4ae8-8c78-b7695b99636a
-,c5f95ef6-70f9-460a-86cb-93d404489c0a,97e5df2d-7f26-42ef-9406-a6d25316cf48
-,cc389fab-e16e-4717-a043-c0db16982e01,bd0eb2a7-bafc-4a51-bbd5-70d6217cecad
-,d2215d25-7664-4d24-9efe-23ea65a6aa70,9bea5c48-5568-457f-8f9f-46fdbfc41a8f
-,c1a3c565-f4c3-4a84-af5d-e4159cce679b,19b55940-d540-4058-89cf-9228428c65fd
-,7485b64c-2011-43a0-9245-24248a919d3d,332c3847-e4a3-48d5-b38e-16d0be81dcc1
-,f50dded4-4095-45cd-87cb-5d6df42f0045,2d794a37-e17d-44bb-9ec4-47628d02c7c3
-,5c13bd42-00a8-4b05-83b0-545bb39ceef2,6c5357b7-1f0f-415a-8ee2-017496c146d7
-,1d1c9787-1029-4701-a0e1-6d2b7e8f96d7,908a2791-8191-4bcc-83f2-94d0e888a6e3
-,47e38d62-b825-4ce1-aa2d-b4209b725eb0,3d4abbbc-af0a-40e6-9082-2a2cb920e003
-,faf161fc-66d1-4b0e-a00b-19a8ee9056f0,4e58c0b5-8764-4e04-a171-2c6faaebd277
-,9a01e106-a626-492d-b5e9-9c236a86751b,825e24ae-3e8f-4e67-80f8-4b01dee73d59
-,b19d18c5-501c-4518-bf46-18028c8c3dae,2cedb634-f4b6-43a9-bce4-8433b0a69dbe
-,9b8a4a56-f8e6-4b21-902d-c36fbac863a0,0de7054c-021f-4e22-87fc-49f4cbe0824d
-,8751ec87-6117-470f-a5c9-ed61d5a170ac,95ed393d-4191-472f-9949-0baf691b75d6
-,7ba83cd1-64fa-48cc-988b-04fc0ba8c41d,4ae63b45-41f4-459d-8c78-4995f9f75d77
-,9a68deed-5b3d-43ae-a883-90ffe170397e,aa1b35cf-7c13-450d-a57a-22304a1353f7
-,6f67d40a-5520-47a9-8cce-e265c3658fa6,d70a998f-a990-47bf-a201-08467a1cfde7
-,c8f69342-9fbd-43b6-93c1-a8de02ca5ee1,21d58dab-a35c-4cff-ae55-63506d471dfb
-,8a99831c-6312-477d-a759-c79eab88d3ab,e3f4f4b8-9134-42f5-8772-628c453abdf4
-,6849b5c9-6f1c-4a42-b99b-4680cb915807,4cefc5c1-40f3-45af-90c0-36ac91e0d4c1
-,8149c636-b5db-4e28-adef-ee3839927a76,c9699193-a1da-475a-a424-55e6163d3106
-,fc578ff3-55a1-4f01-bb96-eee0b6700d12,d5daa8af-3617-4d82-b6cc-82a8a83b4b8b
-,b69f4288-c335-4e3f-9ebb-832585a2407e,1665dfd6-ee4a-4ce4-917a-51505e376109
-,8031845c-adfc-4b22-b0be-f96b9bbbc110,97d84743-a0d5-401b-9d30-1c8266dfbd38
-,e863d4fb-7f9f-4541-907c-840d2dc8f751,a3e4befc-5fae-4077-9a43-8bc091337dcf
-,5169412a-7d3e-43bd-9da2-e82bbd64b50a,b816371d-20bf-42a1-b6bc-5272f2d5467b
-,2a827041-25d8-4d0c-8906-1683c1cd1321,e91de132-adcd-48c9-bb56-e738a546b6bd
-,f1150d9c-1746-4cb2-b721-92de8375f2c9,77c66ded-e2ec-4df0-969c-796dcafa7c0f
-,f7dd78a8-7f04-4fde-8a4f-ac2cf0c56ff5,ad2502f1-4416-4f99-b314-06a5a0b7857a
-,78b595f6-efed-405e-9d6e-07882db416a6,f7b25a74-57c1-48f1-8e16-3aca3446c29c
-,df7526be-5aff-49c6-b2c4-75b7737b7363,01d3a813-957c-4727-879b-dc3350aa8248
-,3cc4f4cb-a351-430b-adfb-3ad8ab9b5166,ea78b172-01a8-413f-82f2-5022f823f8e7
-,a57f740c-3837-4eba-a1c9-9ffbfeadf108,dd9cb907-6f69-4e87-9919-a04c157f2229
-,eb7b7324-f2a6-4902-91ef-709a8fab1f82,51c559c2-9e6e-477a-be85-0550e55c60e4
-,022364b2-ad1e-4278-9a2b-62be19fbe7ec,252449c9-241b-49ab-8ef3-efcf3ba8f037
-,946091d2-4038-4e2b-9283-83cc4876f6ed,4c488009-eccb-4f56-b8c4-a247d73c9dd5
-,991117ce-8e1a-4c1c-9cd4-962c7979fce2,342991ea-97df-4b8a-b2cc-90418dbeb9ba
-,5594f062-78b0-4245-bcd3-9f71c3040cfb,5751b5c1-6a98-4520-97c5-465a7a24273a
-,40145986-d86a-4959-87e1-1c4eb8bb16dd,861fe5d7-fa00-4b68-81c1-fe49bb395666
-,b5447925-aec6-4563-9180-96e33065285f,56fc41aa-75f6-41f4-a274-cb0e170275ea
-,d135b927-945b-4a7d-b625-4c74c5049886,9d5ba50f-8e8d-49b3-9e83-393363e4ff96
-,76704e7d-71bb-46e3-b78d-73a85de99198,87147b9e-e472-44ac-acdb-b9aac72b5a95
-,42222235-2e18-4de6-a9e2-95f5a628b605,91cf35be-e8d4-4838-939e-c51c365d3704
-,6c3504a2-ee53-45fe-8e6a-36250e3dd185,b29c35d5-344f-42ae-a413-0a2d9e026225
-,2096b72c-ac71-4664-ad4f-051c2a56a137,1d5db97b-2c6d-4f4f-9b90-19ec8c82ba97
-,decd2e3c-ccc7-4067-9cec-05b5144070f6,55766d2d-7e13-4be2-9503-9e488dfe4136
-,fce3b416-4145-4a4a-afed-51dbf8fa4e7d,4be36e39-e6db-45e4-a918-69b2d0a9fd85
-,ee92d71a-29b5-497c-998f-d7f645c7ae16,3f9da1bc-e486-403c-b5f4-c577771653b3
-,bc8bf6f0-f9f7-4119-baff-68fccd2467fd,0879db19-16d2-4e17-95f9-b357afb7e7f3
-,32e2fb0f-a6d0-4dc5-b6fc-6c7313542926,9d137b15-bf69-4252-b507-b58caa4f8d0f
-,3485b4c8-bba9-4032-ae7e-fb0aeab36d8b,c2e4614f-601a-4f18-8865-19d117f6e52b
-,aa8645f9-2774-4962-b73e-e1773d88291d,96990c7b-0601-4395-bcdd-889f025318ab
-,a33c4703-fa0a-4826-99a5-9de753305841,8cba33b1-8dca-4d2d-b026-6e9144c9fe60
-,f92b71f3-c991-4aa5-80db-4618db0e9f6d,2a0b8eff-1897-4135-a70b-76983e2a6df5
-,2b93527c-a545-4e41-9fb4-98ee127af393,a3f5412a-414d-40b3-8938-bfd9ce3b7d0b
-,16b0d3cd-77b7-4ab5-a394-38edb45d7b0f,6d675854-dfa1-4e22-a05f-0cedd9585cc3
-,9e3d1286-93d6-42a3-9ed1-2d81a1170ce5,a76c2449-0c0b-43f5-a77d-ee32bb1093af
-,d9846a60-5ba6-450f-9934-2c9646771f9d,f5328975-cd06-42b7-b5f9-19433905474a
-,754ffc64-92d7-4fb8-b5e6-23177fd46abe,4f79329f-577a-4364-87a0-2ca2c1f19027
-,7773b05a-b17c-4f46-96bf-7a29c9b711f1,5e1c2942-23d5-45ec-8062-18c0f84d6ef8
-,1f206b5a-8c7f-4de3-81f9-4d4aab65bc44,442934c0-7a5a-4433-aa36-992ef301b225
-,7e188344-be66-4438-ba0f-c024a5388aa1,9738ae85-5224-4d00-a393-baa8a532e505
-,d9d1df65-9878-4a76-bbae-9e7685ea4efa,fef7ecfd-d51d-4a9a-92de-896ab101b167
-,61feebd9-afe5-43ef-94a5-27c400453eba,d2430b52-596c-4f7c-99aa-a5f3dbdbab85
-,53daee33-2c52-48af-99cc-178c483bcf09,09b41a03-c678-4780-8847-bbeae3437ebb
-,3cbcca0f-02c9-4bbe-afc4-cd1e27a889dc,dd0de597-9e75-4071-9867-30ba7b9fe5df
-,a999178f-6525-4a07-b790-d8e071ba91e1,6c6cf9c5-1028-4c53-ab35-7a968488b98e
-,672c97fb-caa8-4f16-8b0d-e909d499ff16,a5b7cf7e-f301-4525-84c1-4996e041706c
-,b5237439-d0af-484e-aeda-c0c783111b19,5847dabb-f85e-4e7b-8cd1-50da30bac9de
-,64df334c-65aa-4926-b20b-e5b47c79e1bd,033d7468-60bb-4003-975a-8e460a51812f
-,5d77fc6b-0001-4955-ad54-7f417becc7c8,5123d342-db00-4685-bf61-1be9e5b9f2a8
-,a0337576-bee4-45a5-b169-3f25b7e8d3cf,86f5a9fb-fe76-4474-b42c-4ef58c3e06d4
-,1e1159e1-6092-4e22-9e29-5734654baeda,cc67ea62-55ac-41ba-8d47-7734502ee4e8
-,7773691f-7244-4415-b410-17c495bf9a59,944e1852-5ef9-46fb-9a9f-bc2436c6e4d5
-,c07b0b1d-5646-4eb9-8720-ba90422fe98a,ea92c04c-f061-4b66-bc93-a729e0af727c
-,54b53c50-627d-420a-a6a5-282f07207283,a12202d5-ed28-487b-97a8-1af0239d0f3e
-,54b03faa-efc0-49ef-9add-7581dca17d70,f70630c8-98f8-42d4-ad3b-c0619bcccc0e
-,91c83565-91dc-4876-97d7-f186ce04584c,5cf5aff8-674f-4243-9f97-f8747ce403a3
-,ad1c2a7f-7a0d-4720-9f78-a7edf9722351,bef57265-9731-429d-bfb3-4c3039c4f9e4
-,e23653ff-2b5b-4ecf-8154-b3ff4a6aea3a,f5d782e2-082b-463f-a677-286acfdda379
-,0dd75d47-c713-4e65-ae73-7038dc0d9e6b,971ca88b-938e-44f1-80b3-770a43a4c065
-,1ea17930-d467-44c0-9e72-517747618acb,ee00547d-247d-4503-9662-92b483e0582b
-,36c52415-8790-424b-bb9b-d329e0ef4183,7a9b8ebe-a0fa-4eeb-9ce6-51ddc9441cac
-,6ce641b7-5aaf-4c9f-aa0b-9c2cab42cfdb,1646282d-9c50-4979-b422-e47702dcf393
-,cfed0f26-3fb3-4c9d-bd91-22ca04af3734,17f5a233-a4bc-453b-918e-058f32e3d1cb
-,783d7918-b217-48a5-b50b-d958253ac646,0da763c9-195e-43db-94d5-1d90286d9a76
-,c2cb3e8b-a544-4b72-a533-223498fcb986,f8d12ae6-c154-40f2-969d-4a7227c5707d
-,0bc681b4-7f70-477e-8ef5-0daaf8aa0495,7319e170-09ec-4cc2-8bf6-49633c9a69b1
-,de19c962-bd78-428f-ad29-ab002e7ef25a,9bc10727-574d-49f3-867b-8b798adab4d7
-,96d6c7fd-c755-4dad-b3be-8619674c8ad7,084c48c4-83c1-4f1c-a31f-8afdd2d1163b
-,1067e31c-99e4-4f9e-93ae-8e7ccbc07776,574d8211-40eb-4945-9388-577593b76814
-,6b85d0ac-d8e9-41e9-8dd9-caab1979da39,1ecb64bd-4af4-47dc-a32e-48146a49ee97
-,cb8abf77-bcbf-4be1-9da9-dc11bb9ab28e,f1460051-eb14-4ef5-be88-b2c0c395191f
-,e13c298e-c593-443d-ae8b-71b0316ba84e,6eb14ce7-676e-48de-bf62-c42a7753ff15
-,8e83a0ad-2fcf-4afb-a0af-09d1e23d3c33,2d99257e-a419-4605-9524-92f2314ff8ce
-,496587b9-81f3-47ad-a41e-77900fdca573,885a942e-e215-4bbc-a8d1-5ec3d4996b38
-,74fd30c7-8f4d-4525-aa17-52dfb6c43814,dcb44952-bd36-45ae-b497-a397e3f5484c
-,fc45b061-a4a6-44c3-937c-2949069e0926,29518d1f-6f1f-47c5-ad8b-f3892c67464b
-,ed495c57-21f3-4388-87e6-57017a6999b1,67f6d0ab-d967-4852-807d-5ceff044fc95
-,00a559e4-32d5-4ae7-aa21-247068a639ad,c9ed69d1-cf86-4c78-bc63-eb3f102b07c9
-,1b6c8f79-0fd9-45d4-ba50-309c3ccfdb2d,2a7f9d34-db3c-44fa-82fd-d93423f14c51
-,e887bcea-91d1-4c50-a25e-4335fa1e6ae5,6acbb2a0-e08b-4545-a874-5a733e07a372
-,d733c2dc-64a2-4837-a57a-42a1065dde67,1d1f1a44-edcd-4e7a-a434-7c80821a0957
-,0a305419-4d12-427d-a3aa-f7b204c49b00,cf6fa19c-40c5-435b-b047-5dbb67529547
-,106f08df-ceef-41f0-9d1a-2c44bf8c4f6f,f826eee0-6959-4d58-b8e9-21904a4c903b
-,a39461e5-ef95-4f54-a775-41ee714006f0,302b49cf-2a55-45fa-821e-8152e23e822f
-,5da33301-6e4e-4eb5-bf95-748494029669,e159f30b-174e-418c-ad58-8c89fc00a223
