-,b7ce6f00-d302-4ba7-a1fa-e98d616b9aa6,7b04c793-4e69-4575-8dab-8c6381266bac
-,c925221b-4f25-4e66-a658-6902c92d9349,9646e1b8-5872-4c9c-b273-c39e9e4e876f
-,9afee89a-0a03-41ff-995a-299a647e953d,3bdc339e-194d-4280-9cf2-bd9241eb273c
-,7d7847f0-e135-45e3-ac58-163108f47dc5,37e2b614-eca3-44fd-b984-f7c268c4cfb3
-,d2043165-8380-4740-b55d-07240bf1799b,dfccfab1-5de1-4588-8c87-d1350d232a1b
-,63dbe3d2-d979-498c-935b-1535162e7191,c849d48a-43db-4e20-92c4-cb484a689204
-,09e081f3-4446-4965-a24d-78b1e85d6dd1,4b5404b8-a5cf-44d0-9678-fa313e19e8fb
-,1e9cb2f2-ee14-4c97-b435-9752a304cee9,ddb429c8-3221-4a1f-b256-cf803df128e3
-,3fb0980e-aacf-4854-b968-5b86ac032317,d8ba9994-016d-4969-8092-d1b8ea5fdb7f
-,9a7d0491-5a14-4a3f-a990-77286981fd6e,78b1acd6-3735-448b-be9f-a60bacb6434c
-,ca5f6850-9edc-4ece-af2e-b309e26cec07,ded5a788-2638-4925-9919-b558ce0e9e32
-,6a259691-a596-4072-a349-d01064424e9a,7a6e1b9b-1531-44cd-863a-7f2540386171
-,81afff72-1552-4165-98c4-e4fba5fc35a0,3e6289d0-0049-45fc-8031-1fa02a31d4d3
-,a10fd6d2-71c8-41d1-b402-e92b8deecf12,fcce2d63-3e99-41c9-aac4-c4a32123bbce
-,fb7a0171-b863-4dd0-97ea-6a0ae5fada78,dc67053b-5d58-4c36-ba90-d129231c34b5
-,ded07c64-4d34-48a4-9d94-db068ca306f3,8616eb45-8009-4f5b-a516-256e37ca47e2
-,c767db5a-f719-42b2-afe6-6eed4c7015d6,33c9f8c1-3c16-4c47-b1e4-a08cd8b6304f
-,e84981bc-8c62-4498-b61f-982b6ef98f29,076898ba-0a30-48b3-bcdc-bbba4a5ef79a
-,effe69f2-82fe-433f-86ab-21f86fb32894,c6c7f13c-1537-4aca-9f44-fda5d77316da
-,5b72d02e-67c1-4169-a5c8-0cc3297c00a5,ea91bca5-ec65-4335-b0ae-24150b52186f
-,643fbee9-172d-458d-9530-90919d6e08df,9d511e6b-b265-4b6b-98f4-9ccd41a731a5
-,f3cef132-6328-4967-b172-58157dc51132,df218d4b-7a2d-401a-ad61-5555d6366025
-,c6805fb1-c817-42b3-9c53-35dc350b864f,f899f809-1f88-47a9-821b-89b2fa75cf85
-,5381c0c3-6de7-4158-ae08-8ae0f527a59f,637ade96-c41c-45e1-9d90-9c786eb5659a
-,fb39cc07-0986-479a-a3f9-feff5dccb5f3,008b60ab-bbde-4288-ba7e-dc80e687c8ae
-,7b59e805-8a61-4342-a34e-aa53371a668f,d2630436-5af7-4cf0-97f9-eff1ee7b234c
-,3021065a-d0b8-4fbb-8383-de48c4f4ae2b,a226fe85-b7f0-4fca-87a0-fa7f56b17b4b
-,515b84bf-42fa-4d59-b43d-f6e914df02c9,a40f715c-1237-45da-9e9c-e07bed06e5dc
-,26acd84f-da0d-473b-9601-4c9b414c5115,abe0a6b7-0905-42a8-8407-5d45cf9f1e95
-,23c1a89b-0e5c-40ab-97a9-89e20e463975,c3dd01d9-0926-4be0-9f0e-c8de1559eb56
-,2c414c1b-e72d-4ea5-b5d6-0d4f4a28ab8f,310cc114-1ec3-44c1-b10b-dc4db6ebbf5a
-,d87107d3-2086-4a87-a9b5-71aad6d8d84a,da41169a-e01d-4f60-9f62-394daab5d0a5
-,cd418c06-9e97-4a45-9908-6d00ad57441a,2ddbe3fa-d1dc-4d33-9c67-553be5bf5a3d
-,040d5432-1665-44d5-816b-00105b620cb1,b6ea1031-e2d4-4e43-b55a-dd2047fe5e74
-,9a07ba8c-a9b2-47ba-82af-0e116e18bb99,6b5a6795-bcbc-4e0b-a5f5-ef3927026119
-,a501820e-5dde-48c3-b457-0ac97f6069eb,ab81d05f-ab4c-4392-903e-c548687f0bb4
-,a62b6886-c2d6-43a9-8c48-d28178bb9490,9f738289-d539-4164-8d63-a90863f74103
-,ad826775-b765-464e-a351-d64fccec6df9,cc614ca9-59d2-4c13-9ec4-1bd8162ef09f
-,7c069362-1864-4e50-ad8a-9cb46e033ae6,3b27c392-0444-4715-a57c-dbfbfb22acdc
-,68364577-7434-4ae5-83fc-d3f24adde679,427bc853-ed3d-4608-8deb-455a10eb1361
-,3d7b958b-43dd-41a5-a716-d54c0477cc53,8bd4dbba-04ea-4f5a-a8e7-767e1f04d147
-,538f9368-15f4-46d6-bb58-0a0cbfe10981,1b522026-0b03-43a5-b9df-f2dc5bc9fba0
-,52a46e10-40c4-4577-9e60-4034f203b4cc,d2a3554f-5035-4b86-a8e0-52550d639859
-,5de1a0fe-7469-4b3f-b8bc-6a8b9275665a,a82c913a-fe2f-4568-8436-c5a3ee077297
-,326197c2-fe10-46aa-b045-ad768882b58a,60217aee-cd0f-43a4-b3f6-8b56c134f745
-,2e93cf98-112f-4549-abdc-be9e7226a90b,60be26a3-cd31-4433-abc8-9ca311f0a334
-,cf42c40f-82d6-4ae6-8ba6-164e8eccfa13,c1bb9729-4a2b-4719-94ba-2789a2b0b74f
-,6fe89b6e-f97c-4e3e-8ee5-87d31b95e06e,51953835-45d9-4d93-af48-d6f990644c4a
-,3e3390cf-dce4-4273-baf6-8d28001ca6a5,dc1583c6-39d4-4083-a255-d4b8b9b9519c
-,40c75632-a88d-410e-918b-d291f80379f9,ee58b8b4-2684-4b5b-b58a-182b5703aa9d
-,a6e8ab87-0306-48db-893b-de7766d2027f,1b32ef54-554b-4f60-9057-c4f72b23bc5f
-,875aa105-e00e-415b-b571-48206dd4dd91,d421aa8a-6b00-4c2b-8258-8c28a3e2cc67
-,b92d53c1-75a0-4422-963e-d8fd46471bca,38af8b1a-6cff-4202-abc5-09699e925e5a
-,d2c7842f-b462-45a1-8f3e-876057c02343,8305d778-41cf-4595-b82e-e917a74c87f1
-,4ac8f715-e54f-4679-9ff3-c8b29fc2d0fc,6eb323c0-7a14-4722-9cec-385377e1bc1a
-,8e4bd020-0b2d-4640-a1a8-d00383d296d9,0c612a2b-b946-4bac-9273-cd48218d8c74
-,283dec8e-fe06-40a9-9587-c844a1030078,6e2d8a2e-1cb2-46c3-8ca7-a28916a8fc01
-,ab4bbc8d-265b-4f8b-a365-ff1114a33f94,58b26864-3051-46da-acc9-808e7b78be13
-,e8615e29-fc0f-474e-8731-3455b33a9ca5,c2848b8b-b583-4031-982a-2085ba9584f5
-,655058da-c837-4946-ad63-3a1ee0cfa800,e7d610ea-c457-4eff-9d46-83076ded7ff5
-,891098c8-5d8d-4a86-ab80-e7bbb50e5e79,ebc2e860-d26d-45a6-a40d-b6a41f3cbeec
-,a00ddbbb-aaf8-48c0-90f9-209079542bac,74f7cd80-4584-4ef4-b2a6-84fd8d11656c
-,156892f5-3762-4b67-b9ac-9619c84d3064,babb75b1-e29c-4015-aac5-42f1f73f430f
-,b9cfad64-72bc-4dd0-bea9-47db2576b12a,014fbfc5-f417-48da-a16c-fdca24120358
-,3333fe4d-3547-4406-8754-663c161a0a7d,3d24f62a-299a-4cbb-9538-778359fd7b02
-,2f90c76d-66ed-4cf0-996a-3ba919e57305,afe76503-072d-49ef-9c70-5ca4e55b25e2
-,2e4c76b1-2a64-49d3-b72a-7529b23c51d7,b465121e-3970-4960-920b-9bba4713e511
-,6c9fad3d-9cd8-44c2-863d-ef4d1e188aa9,fa38bd0a-e228-4ff4-91c2-221d7dc8bc95
-,f1b88b5f-977a-4d1e-acfb-8d08e5284cdf,bf51b545-5153-4339-b474-f7b9f5e57743
-,f1d2a277-4ccc-4aa2-9344-cb069252b197,99fba54f-bb38-4eae-a077-3a923c7bc9bc
-,922e5dff-9e0f-4875-8da1-82ca38ddf914,2eb29798-13ff-49e4-9e3b-55d71b149e66
-,73c29b46-7e8d-40d9-a34b-4c7a38d43495,b360aa42-2949-4c3d-a358-f4a2a17f5f2d
-,19f1ed3c-93ea-440f-86d9-8d8322d73ff6,86a79e1a-9c55-4c75-aecb-0047410f2779
-,ef302f58-5d86-4339-b02f-36f629310d6b,4243304e-bc75-4d42-8bed-a11f15091b84
-,f4befdeb-89d5-4a4a-bbc0-4ba39340f209,030669c0-abd0-4936-a948-7e9727f91da3
-,a6c3c297-d93d-4405-9e3a-68b24ad51442,cc0521f9-e790-4ec1-8a8a-b8d07755a6ca
-,065e5627-8c0c-4913-8f5e-6325a710e4d3,b578df95-9ded-4ef0-8159-f639634063e7
-,e0831179-1008-414f-b9ea-d3b1b6667f31,4aafa515-fa25-44aa-b98d-17c04cca3572
-,958f568f-ccfd-487e-95ed-3afb31862db8,809043d1-f56a-4cf6-b15d-57a543ca8ec0
-,a6dfcb82-bf00-4c3a-a626-a3bf9ff28984,eac02cf2-1577-4356-972d-e3aa101b6147
-,9c11251f-7ac4-4ffe-8609-4d99041f0d4f,3cbbb4e9-6fec-4d9a-b7a8-fc469de2dbaa
-,c4e0840d-cce9-4e55-8842-8f1ec265bce0,6d9771ea-8e58-4efd-ad0a-350d4087b731
-,78776499-38ad-4980-8a24-0dcdcfb10c33,a3b646d8-a266-43ed-919d-9fe99d31ce6c
-,4613b1b2-a1b2-44ce-a9ce-d37e19c282b2,40e507d2-35e7-49b6-a7ad-1d32de248b09
-,d8f4ff2b-6108-4ef7-b4d1-c8f244ac8db6,001fbab5-a632-45e8-b142-3ec97f72ac30
-,07fb5b73-d6cc-4e57-94b2-54e82a1bde57,231a326c-7ebd-4e5a-8872-dd92b1f96f4a
-,50ed3c69-9952-455f-abfb-ddeb46c2df24,58522587-2276-4856-b6a7-926dd588245c
-,f86cc3cb-b3b8-43b3-8cd8-e63a9ff4efe1,a401b8b6-0032-4500-ad17-76b87f474a55
-,c3311fc4-6dc5-41f9-90aa-a7dd9c283ad6,639f0670-0e7a-4d90-a88a-69df4ea3c6c7
-,fe095ac9-3cbf-4fe9-b7fb-be2e0d980ed9,2cc319df-71a0-4b6e-8c57-36626a72bca4
-,102bfc1e-3972-45f7-92d6-f3407c9037df,d4e88190-9c71-487b-bc13-af0754a6f7c5
-,7ae06117-05ed-446f-8eec-aeec606dc709,a276211e-29e8-4da0-ac65-dfd9d41a274b
-,c3c7aead-f933-4127-9af1-de5c1ad629c5,d6a38121-1ce3-4f3b-8e31-c7728f022191
-,811a6c81-da53-4b2b-a89f-74e0b1c8d670,5b752fac-9a1e-49cf-ad14-d0a7b1ef8968
-,f90420c9-4c18-48c1-80d2-c97b0b32fc36,64e6e360-3c6c-465e-8d38-2e8a9ed9e5b6
-,cfeb100e-2241-4279-901d-86c229f6f66b,63d9d197-1fcc-4f98-ba06-7f2d610e6b8e
-,e3d8e5ec-f1d8-415f-9cd7-9c04b692238f,28f6a363-8d7b-4dce-8881-1938e5841cca
-,676fe9ab-4bfc-41aa-884e-998ffa84fbc4,cbb4a90f-11a7-4888-a3d6-5f14f8d2c66e
-,645b85a8-49c0-4e0e-b14f-7142edce3873,4031d0e8-638a-43bd-9297-7480e0052095
-,72208c25-ea53-4353-9776-8d190496a55d,a7683287-e89b-4ff8-9edc-f4363396dea2
-,345c88c5-e218-4384-96fe-476700f55981,c169f7bf-8b45-450f-af8b-52300582d2ec
-,c691cee3-87a9-467f-82e3-974207bfa427,39bbb978-cee4-421b-a585-8dd405274e7f
-,557f9dc2-24cc-4b04-84eb-86e9086c4601,b2676320-6ac1-4ecd-853c-a673f19d49bc
-,d89e0a34-a8ff-45e1-a0af-884016044dbd,54a476bc-ec8b-44c9-9a4c-fdceefa4ed85
-,213a7eb1-6560-45c5-b4f4-06b78b6e97df,12f238e4-815c-4db2-a025-2226c4252ae0
-,9274a764-0154-4ed9-8305-a528e7a916be,aa896b64-600c-4651-8a70-87efc22ded01
-,1cdbdc57-d4c1-4b72-b602-263c9bea3467,a57f5c5c-77d7-420f-8f6c-7a77d5684123
-,b060ec86-512e-47a4-9142-0a0375a59107,8252d8ac-23cf-49dc-b11f-8c3e581a8e70
-,22be1664-42c4-4a0a-a9dc-37578db1dafe,559d6c32-e73b-47d4-8e7b-0a2d2f6bb576
-,0ef21c87-1f41-4e0d-9407-b2e27e00da24,40d4ada9-dd13-4235-9e6a-c51ff7848b67
-,b1946579-2d5a-46e5-8ee5-7b0b66e8660a,8a46594c-c5fd-441e-9342-e7c988b4988a
-,ac632d73-a0d1-478e-bbba-9b82bdcf13b9,a85d509b-c780-486e-b2f4-f4c84e8a4675
-,9fe531f8-77bf-4fdf-b3e9-52392cfd4240,7f76504c-1411-47d7-b886-c9faedf1936d
-,b45ef8b5-630d-4136-8818-22d4841eea09,487a2f0f-7a76-4232-afa0-6b44adf25877
-,2955f254-0529-4eda-a84c-b58645a76680,5394d384-c60a-4530-8593-9e7aebab3f73
-,1ce83347-f51b-4475-9333-2b322e3f0b56,44794ba1-b01a-4eed-b6db-0fe1266c84b4
-,37c03e4d-551d-4e8e-8751-5b66af54e1da,dbf0c68f-95ab-40f0-927b-ed1c6566ca37
-,dc89e171-983d-445d-86b2-5bab2a2842de,877c984a-2167-4426-a5f1-9d97ad7f2eb3
-,f7af58a4-939a-4fe8-ad2e-b19b8f93ecda,0568854a-7c67-4ccc-969d-77f7c91100e2
-,c07b65bb-f2e9-47b8-93fd-a3f47a61d141,42464173-f340-472e-8515-d2fa8124d459
-,9a6cf757-5cae-4d45-89f3-bf53ba7d5859,853f3cf6-e3c9-4219-8583-479965d16e5b
-,d91ba2f1-15a3-42da-b8f0-614aee0ac6a2,a0e8c3ee-8785-48e2-9c37-f18e7c485430
-,6cf96769-cf7e-4921-aa59-3765b5b740bf,f5caa477-321b-40d7-a7d0-d9216ce687e0
-,d0c78947-0ef8-4a19-9a62-f4e3c31a35f8,a2065772-0029-4187-897a-66eaba7aa78b
-,e031a822-0bd3-45ab-95fb-642b8b723af4,9452f7a5-ece9-41cd-92ba-bb1fe1a1fe86
-,39349755-cf25-41e6-8396-4014c9a530af,e5a62c04-7195-4a52-8c35-9df42e4f1de3
-,89fd1fd7-e322-4f6f-b7a5-d977ef1fdeea,8625fef2-776c-46d0-8bf9-68140b0b46ac
-,0907a46d-cf7f-45e5-bf22-d11a90f87676,ba608a12-c522-4734-847d-3d29771a8a1f
-,df3ca442-a354-4c5b-bb7a-1c6146d4cde0,f8238648-fb54-419c-a114-9183bde7ad31
-,dc26b581-8223-47df-b3e2-d1b08f0a7d0b,ee2ccb9a-36ff-45a0-b00e-258467bc6077
-,2c8d74c3-7006-4936-b40b-c90309987012,97d17fd0-fde1-4970-8264-31caac44b479
-,829cb4a1-691b-444e-a585-dc9272fe3cfc,11363da5-5a88-4d97-9f6e-22eda3b4d95f
-,2afbdaf3-e20e-4e81-b170-4f988b96bbf6,550e9b45-9e4e-4338-ab4e-ffb12e0a4e09
-,81c21c19-8998-48c1-b375-22dc5912c45f,948bd7ef-74ea-4c5d-8b01-18a2b1ffed59
-,cdc0604c-8a0c-44fe-996e-e7d2cba8383c,fedbcdc8-7193-485e-bcb6-25a0b7962924
-,eab5c755-d31d-452c-9125-f67e0fe4ec12,650f9c00-c44f-45ef-b6b3-8138cd0af75a
-,b4b639a4-7b01-4450-9997-b34f1034aec5,07fca013-3ebe-471f-815b-609a913d1def
-,1a57f519-5af3-4c52-88df-86f24c71763a,75b4a67a-390a-43f0-96fd-8469b3afeb55
-,e3e6ff64-ecee-4b26-80d9-ef9c1239f121,0af419d7-5565-4cff-8a8a-2dcaf6941dbf
-,131f96c1-dcc8-4679-86dc-c7be5a1455f4,74865358-9895-4089-bcdd-0407ebd2a21c
-,c4640194-1f98-4009-ba1c-8ce76826baca,4a1d78d1-a073-4c5f-bd94-ddd3144befc1
-,6c73b989-4694-479a-8cf7-88a36fb1f583,c6b56ff2-60d4-4de3-ad8e-00aea965ba35
-,064f7082-bafa-424f-8e4d-b50bb3b804b0,264306ab-0c34-453b-93ed-2724847b4483
-,3bc379c9-a02d-4948-8224-312fc6befc23,1c9db12d-cf04-4953-9756-080bd02c0986
-,8ad2a705-145b-4ce7-a1f2-f53b965fd90a,eabfa8db-5e8f-4fbf-92b6-4dbbf2f1bcf1
-,56a78ee1-c93d-4aab-bfcd-c72eff6604f4,a8686645-8e75-46c9-ab94-f29fa19e8a11
-,7d6b6191-8264-4c3f-9132-fd0ade946d8c,e6b9066f-25ef-4f0d-b62d-2e2ef1c2cef0
-,aa9a7430-3224-4db1-8cd2-fa1e75cdf8c2,eeca189e-9769-4094-ac34-42d132c6a7cc
-,d7f79d8e-73da-4d58-9087-495faa2ae40c,76bc72cc-dc91-4709-b08f-50c97eb6bb58
-,10dda1de-e2f8-4e5f-8f84-737bbd934859,68cfab1d-0144-498d-8e60-e6ce65849aa8
-,ebe8ee49-2986-43bb-b520-5d32a9401818,8a4a8ead-1850-4e31-b0b9-5083c7e1bb80
-,868b0c70-a91c-4da8-9795-ef4ea4b5f5b9,344d2294-d1af-4c60-905e-3e74f91fe766
-,ff0480ca-3c9b-486b-8206-4053d6910158,2c692ff0-c0f4-41e8-9e04-574c02ef3f19
-,978bb286-b51b-4e3e-a2f8-d34afdb338d3,2b85b06e-ff4a-4cbf-b200-e3ba26b512f8
-,01777cae-2789-4ec1-b487-15cc78edf82d,0a6d04fc-951c-4b8d-afbb-2148a38de746
-,78624e2a-0fbd-4994-ab27-1b3f9fd04445,6090050c-d5f3-4f8e-8562-450d51ca5538
-,b19ccda0-d1d8-465a-a3bb-effbee370968,c133ddf1-c8cc-4b65-a27a-728112ebf688
-,35c6d79d-5532-4ae8-a3a9-1a8874d708d7,97f30d05-1a97-4626-902c-192e1d55f766
-,5df783a3-53b1-4d64-88bc-93c7013f745a,0a2fb735-48ae-41a5-9905-5c9215ee476c
-,c3fd828a-3a3e-47ba-b0e1-1f489b5ad44a,0ecf3690-8611-4028-92d2-fb13495b4e47
-,72756888-340c-4701-9aa6-62f4b79956d3,8fdcfda3-4017-4472-8e87-a42c2e669590
-,e7d2260f-9ec7-4096-8d98-a1d20b6e4563,4fb03a23-93c9-4ddc-a39e-a28a20091107
-,a03b517a-69d9-43f6-b9ca-aba57e684b31,4b98206b-f61a-48b1-9ba0-0c9d22b1b5a5
-,85a3c936-c339-4291-a66a-eadc891d1579,a408ef4c-2fcf-44fb-ad46-11be5eab0318
-,6e81d2de-67fd-47b4-bce4-0fa56ec8a1c6,0214882f-0eaf-407e-9d4d-92f98bfa77e0
-,a3706a20-47a6-4eb1-a521-42c225f53005,74a16a2e-5ced-4f04-920f-43add547ecb9
-,1ea6aed3-9799-47b2-9c09-98326c0f1838,3a6725a9-da13-4a27-b257-87eff92f2321
-,ad1b2660-abb2-4449-ac03-d6c79360c18f,bffcbe82-eb6c-4bd1-a3d1-58d006794fba
-,58e1558b-c4bc-41b4-a79f-867d6b635c10,962216b2-9ba3-4003-8fa2-27068671b79d
-,96baca18-7a9f-46fa-bb52-113d9934a832,2177d961-2a15-4438-849a-c9825d9561b1
-,d2346faa-7d66-478f-8cf3-fce09f9a55b0,6f3b6ad4-ce2d-48c9-a0d2-dadce7c5afaf
-,a4d73a23-89a2-44b4-ac2d-8c9923ff41d5,4ced6cc9-ba5b-416f-92da-856749986e37
-,babf60ea-7be6-4d04-af08-25f128c69df5,70f9a6c2-a784-46f8-9a84-9cf784607f99
-,55b1b424-17ef-43a8-b8fb-c0a9be6feaed,cd38cf43-611d-4a2c-8dba-4da9ba9da27a
-,919a594f-2cba-41d6-b67f-5e6b8d03e9d3,5ccfd94f-861d-43a5-97cc-bcfd0f797573
