INSERT INTO answer_schema_group (answer_schema_group_uuid, answer_schema_group_code, group_start, group_end)
VALUES ('927e95db-2879-4bdc-8251-0a448e60a662', 'yes_no', '2020-11-30 14:50:00', null),
    ('207e550a-dcbe-4c35-addb-921fc60c1d36', 'tbc', '2020-11-30 14:50:00', null),
    ('1063207e-8d56-4e8b-8a2d-935093bf6cf3', 'punishment_public-protection_crime-reduction_reparation_reform-or-rehabilitation', '2020-11-30 14:50:00', null),
    ('1260c978-825e-4e08-8b44-f4dc4567da05', 'absconding/bail_acquisitive-violence_burglary-(domestic)_burglary-(other)_criminal-damage_drink-driving_drug-import/export/production_drug-possession/supply_drunkeness_fraud,-forgery-and-misrepresentation_handling-stolen-goods_motoring-(not-drink-driving)_public-order-(harassment)_sexual-(against-children)_sexual-(not-against-children)_theft-(not-vehicle-related)_vehicle-related-theft_violence-against-the-person_welfare-fraud_other-offence', '2020-11-30 14:50:00', null),
    ('a4e73a2c-3f1c-4f83-88b6-dd3ce1b78530', 'absconding/bail_acquisitive-violence_burglary-(domestic)_burglary-(other)_criminal-damage_drink-driving_drug-import/export/production_drug-possession/supply_drunkeness_fraud,-forgery-and-misrepresentation_handling-stolen-goods_motoring-(not-drink-driving)_public-order-(harassment)_sexual-(against-children)_sexual-(not-against-children)_theft-(not-vehicle-related)_vehicle-related-theft_violence-against-the-person_welfare-fraud_other-offence_', '2020-11-30 14:50:00', null),
    ('545ff6ef-c840-4354-864c-fd8c77f7fdca', 'no-problems_some-problems_significant-problems', '2020-11-30 14:50:00', null),
    ('05e18d01-a9f5-4dcb-8a5d-60ca0937bd1c', 'tenant-owner-/-occupied_living-with-(stable)_living-with-(unstable)_b&b-/-hotel_hostel_no-fixed-abode', '2020-11-30 14:50:00', null),
    ('af012b52-bb55-4a7c-bdd5-3e05c645e6a8', 'unemployed-now-or-on-release_employed-full-time_employed-part-time_retired_casual-seasonal_education-or-training_other', '2020-11-30 14:50:00', null),
    ('2285d14e-5d71-49da-b0d2-357b11d148c3', 'some-problems-_significant-problems', '2020-11-30 14:50:00', null),
    ('e042b1a4-ca38-48c1-b27c-2711667ac37d', 'very-high_high_medium_low', '2020-11-30 14:50:00', null),
    ('c0c9bc29-fb8b-4506-a762-7e8d532300e5', 'very-hgh_high_medium_low', '2020-11-30 14:50:00', null),
    ('9ae6116f-40f1-4020-ad20-5f027c2e6904', 'good_satisfactory_poor', '2020-11-30 14:50:00', null),
    ('ff97583e-fca5-4f67-9662-1c28d39f164d', 'conditional-discharge_fine_custody_unpaid-work_community-order_curfew_other', '2020-11-30 14:50:00', null),
    ('205edaef-c6cc-4b7b-a78b-dbf5853aebf4', 'interview_service-records_cps-summary_previous-oasys-assessments_previous-convictions_victim-statement_safeguarding-checks_police-information_sentencing-guidelines_domestic-abuse-call-out-information', '2020-11-30 14:50:00', null);


INSERT INTO answer_schema (answer_schema_uuid, answer_schema_code, answer_schema_group_uuid, answer_start, answer_end, value, text)
VALUES ('2455468f-97d2-4db4-b1a8-add7f5e176ee', 'yes', '927e95db-2879-4bdc-8251-0a448e60a662', '2020-11-30 14:50:00', null, 'Y', 'Yes'),
    ('fcc37631-3e9f-4325-980d-e9decba7077d', 'no', '927e95db-2879-4bdc-8251-0a448e60a662', '2020-11-30 14:50:00', null, 'N', 'No'),
    ('e22fd77e-5606-4f44-a4e3-2ab20c191fc8', 'tbc', '207e550a-dcbe-4c35-addb-921fc60c1d36', '2020-11-30 14:50:00', null, 'tbc', 'TBC'),
    ('9d6abe2d-9593-43d1-8f59-9aa1ca3cc34a', 'punishment', '1063207e-8d56-4e8b-8a2d-935093bf6cf3', '2020-11-30 14:50:00', null, 'punishment', 'Punishment'),
    ('2ed54f15-dd6c-4ecc-a4ea-88f24bc48833', 'public-protection', '1063207e-8d56-4e8b-8a2d-935093bf6cf3', '2020-11-30 14:50:00', null, 'public protection', 'Public protection'),
    ('7dc0d078-4f60-4fe3-a088-1e380e8f6002', 'crime-reduction', '1063207e-8d56-4e8b-8a2d-935093bf6cf3', '2020-11-30 14:50:00', null, 'crime reduction', 'Crime reduction'),
    ('b290da86-a65b-40e3-afaf-2ce2f2ea1cd5', 'reparation', '1063207e-8d56-4e8b-8a2d-935093bf6cf3', '2020-11-30 14:50:00', null, 'reparation', 'Reparation'),
    ('be2c7c9d-fe4c-434b-9cdb-3fadf198f9be', 'reform-or-rehabilitation', '1063207e-8d56-4e8b-8a2d-935093bf6cf3', '2020-11-30 14:50:00', null, 'reform or rehabilitation', 'Reform or rehabilitation'),
    ('0a0d2148-38ce-4252-8be5-c1c303f57648', 'absconding/bail', '1260c978-825e-4e08-8b44-f4dc4567da05', '2020-11-30 14:50:00', null, 'absconding/bail', 'Absconding/bail'),
    ('bc075739-22ba-4381-b2be-a5e3acab8270', 'acquisitive-violence', '1260c978-825e-4e08-8b44-f4dc4567da05', '2020-11-30 14:50:00', null, 'acquisitive violence', 'Acquisitive violence'),
    ('0a324586-32d6-4162-a994-008bb32c6d86', 'burglary-(domestic)', '1260c978-825e-4e08-8b44-f4dc4567da05', '2020-11-30 14:50:00', null, 'burglary (domestic)', 'Burglary (domestic)'),
    ('994bdad7-f65a-441c-b143-09e4d4624f89', 'burglary-(other)', '1260c978-825e-4e08-8b44-f4dc4567da05', '2020-11-30 14:50:00', null, 'burglary (other)', 'Burglary (other)'),
    ('42ecb73c-5a6f-402a-802a-17a6efbe4db7', 'criminal-damage', '1260c978-825e-4e08-8b44-f4dc4567da05', '2020-11-30 14:50:00', null, 'criminal damage', 'Criminal damage'),
    ('fc6850de-bbca-493f-b6c9-c5d9dbe1f8f1', 'drink-driving', '1260c978-825e-4e08-8b44-f4dc4567da05', '2020-11-30 14:50:00', null, 'drink driving', 'Drink driving'),
    ('b2c9f308-9bf7-4f72-89e3-71891bccfe44', 'drug-import/export/production', '1260c978-825e-4e08-8b44-f4dc4567da05', '2020-11-30 14:50:00', null, 'drug import/export/production', 'Drug import/export/production'),
    ('44dfadd2-484f-415d-bc5e-33035e277a0a', 'drug-possession/supply', '1260c978-825e-4e08-8b44-f4dc4567da05', '2020-11-30 14:50:00', null, 'drug possession/supply', 'Drug possession/supply'),
    ('72e61f0a-1034-429f-b28a-181b319ef1b6', 'drunkeness', '1260c978-825e-4e08-8b44-f4dc4567da05', '2020-11-30 14:50:00', null, 'drunkeness', 'Drunkeness'),
    ('3f79064e-19f4-4bdb-b94b-48ea561edb78', 'fraud,-forgery-and-misrepresentation', '1260c978-825e-4e08-8b44-f4dc4567da05', '2020-11-30 14:50:00', null, 'fraud, forgery and misrepresentation', 'Fraud, forgery and misrepresentation'),
    ('dfcb1aee-c32c-4f23-bb7a-c9dc317ce19b', 'handling-stolen-goods', '1260c978-825e-4e08-8b44-f4dc4567da05', '2020-11-30 14:50:00', null, 'handling stolen goods', 'Handling stolen goods'),
    ('0edfa13f-808f-4de0-8d4b-6e73195470e6', 'motoring-(not-drink-driving)', '1260c978-825e-4e08-8b44-f4dc4567da05', '2020-11-30 14:50:00', null, 'motoring (not drink driving)', 'Motoring (not drink driving)'),
    ('8e0cedf3-cde3-40a4-999a-0f79c8b0eea5', 'public-order-(harassment)', '1260c978-825e-4e08-8b44-f4dc4567da05', '2020-11-30 14:50:00', null, 'public order (harassment)', 'Public order (harassment)'),
    ('23d6a2bb-5697-4706-a593-e76f70b54598', 'sexual-(against-children)', '1260c978-825e-4e08-8b44-f4dc4567da05', '2020-11-30 14:50:00', null, 'sexual (against children)', 'Sexual (against children)'),
    ('62cdf971-874e-4f05-8e4a-185b57bb33cc', 'sexual-(not-against-children)', '1260c978-825e-4e08-8b44-f4dc4567da05', '2020-11-30 14:50:00', null, 'sexual (not against children)', 'Sexual (not against children)'),
    ('d97e67b1-a89c-4557-8cf1-3bf9b4243d5e', 'theft-(not-vehicle-related)', '1260c978-825e-4e08-8b44-f4dc4567da05', '2020-11-30 14:50:00', null, 'theft (not vehicle-related)', 'Theft (not vehicle-related)'),
    ('38bfec71-0ad2-4403-ae07-c7048455b73e', 'vehicle-related-theft', '1260c978-825e-4e08-8b44-f4dc4567da05', '2020-11-30 14:50:00', null, 'vehicle-related theft', 'Vehicle-related theft'),
    ('26271b0c-0365-459c-ad5d-51833bf6f29f', 'violence-against-the-person', '1260c978-825e-4e08-8b44-f4dc4567da05', '2020-11-30 14:50:00', null, 'violence against the person', 'Violence against the person'),
    ('50b07c50-3846-4332-829a-21dae3deff88', 'welfare-fraud', '1260c978-825e-4e08-8b44-f4dc4567da05', '2020-11-30 14:50:00', null, 'welfare fraud', 'Welfare fraud'),
    ('4c42d40b-2a93-4786-a8f5-e55a99b95a74', 'other-offence', '1260c978-825e-4e08-8b44-f4dc4567da05', '2020-11-30 14:50:00', null, 'other offence', 'Other offence'),
    ('d926e25c-b430-4a52-b3e4-d3969f07a66b', 'absconding/bail', 'a4e73a2c-3f1c-4f83-88b6-dd3ce1b78530', '2020-11-30 14:50:00', null, 'absconding/bail', 'Absconding/bail'),
    ('c47e9d8b-2c7f-4900-83d1-1c069504e5f5', 'acquisitive-violence', 'a4e73a2c-3f1c-4f83-88b6-dd3ce1b78530', '2020-11-30 14:50:00', null, 'acquisitive violence', 'Acquisitive violence'),
    ('180c94a6-9889-4f81-af5b-9d5201b74b57', 'burglary-(domestic)', 'a4e73a2c-3f1c-4f83-88b6-dd3ce1b78530', '2020-11-30 14:50:00', null, 'burglary (domestic)', 'Burglary (domestic)'),
    ('98f65a15-f56b-4945-905e-23053b917bab', 'burglary-(other)', 'a4e73a2c-3f1c-4f83-88b6-dd3ce1b78530', '2020-11-30 14:50:00', null, 'burglary (other)', 'Burglary (other)'),
    ('2f5f04c2-e1e4-495e-87a5-f086c628f89b', 'criminal-damage', 'a4e73a2c-3f1c-4f83-88b6-dd3ce1b78530', '2020-11-30 14:50:00', null, 'criminal damage', 'Criminal damage'),
    ('de184ede-89f8-4d36-8079-9714e0819c22', 'drink-driving', 'a4e73a2c-3f1c-4f83-88b6-dd3ce1b78530', '2020-11-30 14:50:00', null, 'drink driving', 'Drink driving'),
    ('73a7da76-899b-4a98-9d9e-f4298e86fdcf', 'drug-import/export/production', 'a4e73a2c-3f1c-4f83-88b6-dd3ce1b78530', '2020-11-30 14:50:00', null, 'drug import/export/production', 'Drug import/export/production'),
    ('54736382-c4fc-4421-9785-9fa9d917275f', 'drug-possession/supply', 'a4e73a2c-3f1c-4f83-88b6-dd3ce1b78530', '2020-11-30 14:50:00', null, 'drug possession/supply', 'Drug possession/supply'),
    ('8aa12ccf-8890-4d39-a157-e127ab64781f', 'drunkeness', 'a4e73a2c-3f1c-4f83-88b6-dd3ce1b78530', '2020-11-30 14:50:00', null, 'drunkeness', 'Drunkeness'),
    ('c05370ae-70c5-4dc3-8fc4-32cee985d6ed', 'fraud,-forgery-and-misrepresentation', 'a4e73a2c-3f1c-4f83-88b6-dd3ce1b78530', '2020-11-30 14:50:00', null, 'fraud, forgery and misrepresentation', 'Fraud, forgery and misrepresentation'),
    ('bd54e68d-c109-48ef-acf9-a2145fe24c63', 'handling-stolen-goods', 'a4e73a2c-3f1c-4f83-88b6-dd3ce1b78530', '2020-11-30 14:50:00', null, 'handling stolen goods', 'Handling stolen goods'),
    ('e8cb2dbe-2f97-4473-a7c6-51ef19d38875', 'motoring-(not-drink-driving)', 'a4e73a2c-3f1c-4f83-88b6-dd3ce1b78530', '2020-11-30 14:50:00', null, 'motoring (not drink driving)', 'Motoring (not drink driving)'),
    ('94beb7e9-1d19-4e92-86a5-032319416df8', 'public-order-(harassment)', 'a4e73a2c-3f1c-4f83-88b6-dd3ce1b78530', '2020-11-30 14:50:00', null, 'public order (harassment)', 'Public order (harassment)'),
    ('484f97d2-95b3-4b3e-b6ca-f43e651c8d9e', 'sexual-(against-children)', 'a4e73a2c-3f1c-4f83-88b6-dd3ce1b78530', '2020-11-30 14:50:00', null, 'sexual (against children)', 'Sexual (against children)'),
    ('6ba34df6-f1da-4c2f-9d1c-ad3e9bfde31d', 'sexual-(not-against-children)', 'a4e73a2c-3f1c-4f83-88b6-dd3ce1b78530', '2020-11-30 14:50:00', null, 'sexual (not against children)', 'Sexual (not against children)'),
    ('3eb8cd1a-00ac-428b-89e5-cbf902b86270', 'theft-(not-vehicle-related)', 'a4e73a2c-3f1c-4f83-88b6-dd3ce1b78530', '2020-11-30 14:50:00', null, 'theft (not vehicle-related)', 'Theft (not vehicle-related)'),
    ('40419b55-ccc1-43c3-b704-53833b0e495d', 'vehicle-related-theft', 'a4e73a2c-3f1c-4f83-88b6-dd3ce1b78530', '2020-11-30 14:50:00', null, 'vehicle-related theft', 'Vehicle-related theft'),
    ('72095c40-36d5-49ca-8d5e-cc2d86c98b5c', 'violence-against-the-person', 'a4e73a2c-3f1c-4f83-88b6-dd3ce1b78530', '2020-11-30 14:50:00', null, 'violence against the person', 'Violence against the person'),
    ('a9092491-5a2a-4113-b027-f216a5e403ba', 'welfare-fraud', 'a4e73a2c-3f1c-4f83-88b6-dd3ce1b78530', '2020-11-30 14:50:00', null, 'welfare fraud', 'Welfare fraud'),
    ('6af5fac9-35b2-4e4a-8684-e6fcb08bae51', 'other-offence', 'a4e73a2c-3f1c-4f83-88b6-dd3ce1b78530', '2020-11-30 14:50:00', null, 'other offence', 'Other offence'),
    ('8d49bfc0-8e5f-42ee-8aa8-7de9b2367d14', 'no-problems', '545ff6ef-c840-4354-864c-fd8c77f7fdca', '2020-11-30 14:50:00', null, 'no problems', 'No problems'),
    ('41a172ae-249f-4437-a20a-a6dd4afa6c27', 'some-problems', '545ff6ef-c840-4354-864c-fd8c77f7fdca', '2020-11-30 14:50:00', null, 'some problems', 'Some problems'),
    ('8afc893e-8733-4974-9ed0-98a7dc83e5cb', 'significant-problems', '545ff6ef-c840-4354-864c-fd8c77f7fdca', '2020-11-30 14:50:00', null, 'significant problems', 'Significant problems'),
    ('25969d98-aa12-4f44-9211-8e3e942ee26a', 'tenant-owner-/-occupied', '05e18d01-a9f5-4dcb-8a5d-60ca0937bd1c', '2020-11-30 14:50:00', null, 'tenant owner / occupied', 'Tenant owner / occupied'),
    ('52193a15-0f91-4e29-98d1-8f979deced7f', 'living-with-(stable)', '05e18d01-a9f5-4dcb-8a5d-60ca0937bd1c', '2020-11-30 14:50:00', null, 'living with (stable)', 'Living with (stable)'),
    ('80cd1ca4-48e9-46fc-9976-3af99d674f7c', 'living-with-(unstable)', '05e18d01-a9f5-4dcb-8a5d-60ca0937bd1c', '2020-11-30 14:50:00', null, 'living with (unstable)', 'Living with (unstable)'),
    ('fd0b9624-7e79-406c-8a52-5d3f35ce0748', 'b&b-/-hotel', '05e18d01-a9f5-4dcb-8a5d-60ca0937bd1c', '2020-11-30 14:50:00', null, 'b&b / hotel', 'B&B / hotel'),
    ('d0f46c95-6c66-44a2-995d-43ce3f9d116a', 'hostel', '05e18d01-a9f5-4dcb-8a5d-60ca0937bd1c', '2020-11-30 14:50:00', null, 'hostel', 'Hostel'),
    ('7bc6d31b-c0a7-4a88-a739-e1bc6731f6b1', 'no-fixed-abode', '05e18d01-a9f5-4dcb-8a5d-60ca0937bd1c', '2020-11-30 14:50:00', null, 'no fixed abode', 'No fixed abode'),
    ('e7ec4b9b-d407-42c9-b67b-5954ca26cd77', 'unemployed-now-or-on-release', 'af012b52-bb55-4a7c-bdd5-3e05c645e6a8', '2020-11-30 14:50:00', null, 'unemployed now or on release', 'Unemployed now or on release'),
    ('fdc2d65f-a7d4-4650-b3fd-eb0ec729c60b', 'employed-full-time', 'af012b52-bb55-4a7c-bdd5-3e05c645e6a8', '2020-11-30 14:50:00', null, 'employed full time', 'Employed full time'),
    ('a1961ef7-8fe2-4de0-b71b-51bb02cec039', 'employed-part-time', 'af012b52-bb55-4a7c-bdd5-3e05c645e6a8', '2020-11-30 14:50:00', null, 'employed part-time', 'Employed part-time'),
    ('3f93cb90-9770-42a1-9a7b-43b050b44698', 'retired', 'af012b52-bb55-4a7c-bdd5-3e05c645e6a8', '2020-11-30 14:50:00', null, 'retired', 'Retired'),
    ('2828399f-18a9-4078-8f12-c46ab96d4c06', 'casual-seasonal', 'af012b52-bb55-4a7c-bdd5-3e05c645e6a8', '2020-11-30 14:50:00', null, 'casual seasonal', 'Casual seasonal'),
    ('8d66590b-4023-4c51-a251-3084f54f3fa0', 'education-or-training', 'af012b52-bb55-4a7c-bdd5-3e05c645e6a8', '2020-11-30 14:50:00', null, 'education or training', 'Education or training'),
    ('5890c862-c3b3-465f-a0e9-4eca9981df5d', 'other', 'af012b52-bb55-4a7c-bdd5-3e05c645e6a8', '2020-11-30 14:50:00', null, 'other', 'Other'),
    ('74834477-9d67-4f2d-818f-a52726f228a3', 'some-problems-', '2285d14e-5d71-49da-b0d2-357b11d148c3', '2020-11-30 14:50:00', null, 'some problems ', 'Some problems '),
    ('8211f449-d6b1-48bf-b93f-a208c6a85faf', 'significant-problems', '2285d14e-5d71-49da-b0d2-357b11d148c3', '2020-11-30 14:50:00', null, 'significant problems', 'Significant problems'),
    ('416b6581-4825-4802-b497-cabaaed91134', 'very-high', 'e042b1a4-ca38-48c1-b27c-2711667ac37d', '2020-11-30 14:50:00', null, 'very high', 'Very high'),
    ('7e017f65-9033-4eac-b43a-62c6cb54aff6', 'high', 'e042b1a4-ca38-48c1-b27c-2711667ac37d', '2020-11-30 14:50:00', null, 'high', 'High'),
    ('79699986-7e9a-456d-9a10-14d8ca653bdd', 'medium', 'e042b1a4-ca38-48c1-b27c-2711667ac37d', '2020-11-30 14:50:00', null, 'medium', 'Medium'),
    ('7a81a3a7-e824-40b2-af76-ff6537eadf81', 'low', 'e042b1a4-ca38-48c1-b27c-2711667ac37d', '2020-11-30 14:50:00', null, 'low', 'Low'),
    ('85a8c2e9-ef9b-4b47-8c2f-3d4ece577c3e', 'very-hgh', 'c0c9bc29-fb8b-4506-a762-7e8d532300e5', '2020-11-30 14:50:00', null, 'very hgh', 'Very hgh'),
    ('f9fa421b-c4cf-4d94-b274-b02f3ddb9c0e', 'high', 'c0c9bc29-fb8b-4506-a762-7e8d532300e5', '2020-11-30 14:50:00', null, 'high', 'High'),
    ('d3e77346-2aaf-4036-bcdd-2baa052f11c0', 'medium', 'c0c9bc29-fb8b-4506-a762-7e8d532300e5', '2020-11-30 14:50:00', null, 'medium', 'Medium'),
    ('fb302647-e0fe-4472-8d7b-e483382b7626', 'low', 'c0c9bc29-fb8b-4506-a762-7e8d532300e5', '2020-11-30 14:50:00', null, 'low', 'Low'),
    ('d21670d0-fb27-4443-9295-c6babf80151e', 'good', '9ae6116f-40f1-4020-ad20-5f027c2e6904', '2020-11-30 14:50:00', null, 'good', 'Good'),
    ('4946602a-2fce-42f8-81dd-b224cd86a00e', 'satisfactory', '9ae6116f-40f1-4020-ad20-5f027c2e6904', '2020-11-30 14:50:00', null, 'satisfactory', 'Satisfactory'),
    ('ed6aa71d-462e-4a89-b2e5-496e4761780a', 'poor', '9ae6116f-40f1-4020-ad20-5f027c2e6904', '2020-11-30 14:50:00', null, 'poor', 'Poor'),
    ('87a3f45e-1002-4efe-8d18-a22d5f208405', 'conditional-discharge', 'ff97583e-fca5-4f67-9662-1c28d39f164d', '2020-11-30 14:50:00', null, 'conditional discharge', 'Conditional discharge'),
    ('61fd2d8e-fe78-47ea-a5fc-bae3b927e85d', 'fine', 'ff97583e-fca5-4f67-9662-1c28d39f164d', '2020-11-30 14:50:00', null, 'fine', 'Fine'),
    ('b7c30137-b47e-48ec-9fee-8c4a49f8e7ff', 'custody', 'ff97583e-fca5-4f67-9662-1c28d39f164d', '2020-11-30 14:50:00', null, 'custody', 'Custody'),
    ('3e9416c9-584d-4345-8350-f2882321c520', 'unpaid-work', 'ff97583e-fca5-4f67-9662-1c28d39f164d', '2020-11-30 14:50:00', null, 'unpaid work', 'Unpaid work'),
    ('b156b84f-2251-49e2-8442-dfa6ce94c11a', 'community-order', 'ff97583e-fca5-4f67-9662-1c28d39f164d', '2020-11-30 14:50:00', null, 'community order', 'Community order'),
    ('bb80547b-0e47-43b2-8bbb-4c46e570e787', 'curfew', 'ff97583e-fca5-4f67-9662-1c28d39f164d', '2020-11-30 14:50:00', null, 'curfew', 'Curfew'),
    ('29799cba-ca64-41bf-b166-5b37a651ec5c', 'other', 'ff97583e-fca5-4f67-9662-1c28d39f164d', '2020-11-30 14:50:00', null, 'other', 'Other'),
    ('d806f0c9-1e76-4752-994e-4abc7fb3cc6d', 'interview', '205edaef-c6cc-4b7b-a78b-dbf5853aebf4', '2020-11-30 14:50:00', null, 'interview', 'Interview'),
    ('ab777ba8-b4ba-4ba8-a314-051daed9dc99', 'service-records', '205edaef-c6cc-4b7b-a78b-dbf5853aebf4', '2020-11-30 14:50:00', null, 'service records', 'Service records'),
    ('bec9a55f-6164-400b-936f-f3e199c9df46', 'cps-summary', '205edaef-c6cc-4b7b-a78b-dbf5853aebf4', '2020-11-30 14:50:00', null, 'cps summary', 'CPS summary'),
    ('97a813e8-81f5-4c7e-8b31-53fa1ab971e2', 'previous-oasys-assessments', '205edaef-c6cc-4b7b-a78b-dbf5853aebf4', '2020-11-30 14:50:00', null, 'previous oasys assessments', 'Previous OASys assessments'),
    ('f57b192d-4114-4c41-97a3-a6175f533e34', 'previous-convictions', '205edaef-c6cc-4b7b-a78b-dbf5853aebf4', '2020-11-30 14:50:00', null, 'previous convictions', 'Previous convictions'),
    ('370d4a71-08b2-488c-9d2f-1089532e90db', 'victim-statement', '205edaef-c6cc-4b7b-a78b-dbf5853aebf4', '2020-11-30 14:50:00', null, 'victim statement', 'Victim statement'),
    ('6a556e5f-00f2-4172-bd23-0909cf89aa4d', 'safeguarding-checks', '205edaef-c6cc-4b7b-a78b-dbf5853aebf4', '2020-11-30 14:50:00', null, 'safeguarding checks', 'Safeguarding checks'),
    ('9826260e-f54f-43e4-b428-b95684607045', 'police-information', '205edaef-c6cc-4b7b-a78b-dbf5853aebf4', '2020-11-30 14:50:00', null, 'police information', 'Police information'),
    ('011c37af-913c-4250-9604-6900d6f95bc8', 'sentencing-guidelines', '205edaef-c6cc-4b7b-a78b-dbf5853aebf4', '2020-11-30 14:50:00', null, 'sentencing guidelines', 'Sentencing guidelines'),
    ('4b57c057-7cc1-4bcd-8f27-e944cd2f32a1', 'domestic-abuse-call-out-information', '205edaef-c6cc-4b7b-a78b-dbf5853aebf4', '2020-11-30 14:50:00', null, 'domestic abuse call-out information', 'Domestic abuse call-out information');


INSERT INTO grouping (group_uuid, group_code, heading, subheading, help_text, group_start, group_end)
VALUES ('648b69c1-c66c-4d05-b52c-440328239cb0', 'pre_sentence_report', 'Pre-Sentence Report', null, null, '2020-11-30 14:50:00', null),
    ('acda1742-cdf2-488e-ac29-658e0bc75aa9', 'the_individual', 'The individual', null, null, '2020-11-30 14:50:00', null),
    ('f26786bf-0bb9-4f5c-99b6-bb6081d96e61', 'court_information', 'Court information', null, null, '2020-11-30 14:50:00', null),
    ('0a3de9e3-bd86-491e-b5ed-5c912f398e4c', 'psr_metadata', 'PSR metadata', null, null, '2020-11-30 14:50:00', null),
    ('e9a1d1ef-3462-4ef7-b848-b209d808b297', 'probation_service_details', 'Probation service details', null, null, '2020-11-30 14:50:00', null),
    ('57cadd6f-6ac0-42b6-bb1e-a1ec75a088d3', 'the_offences', 'The offences', null, null, '2020-11-30 14:50:00', null),
    ('867bc602-479c-45ed-9ca1-b0ecb9cd44a1', 'offence_analysis', 'Offence analysis', null, null, '2020-11-30 14:50:00', null),
    ('937c94cf-3426-45c9-8ef1-f85a5d791e60', 'criminal_history', 'Criminal history', null, null, '2020-11-30 14:50:00', null),
    ('a0434d88-5e5b-4b57-a3c9-6657f1a58df1', 'order', 'Order', null, null, '2020-11-30 14:50:00', null),
    ('7f016ef1-f7a0-4adb-9d77-1d4726fa86ed', 'needs', 'Needs', null, null, '2020-11-30 14:50:00', null),
    ('e5cc2cad-2c37-4dcc-bcee-47a437a07c76', 'risks', 'Risks', null, null, '2020-11-30 14:50:00', null),
    ('21c382f6-572d-4c8e-9063-13142d7138ac', 'proposal', 'Proposal', null, null, '2020-11-30 14:50:00', null),
    ('9cac753b-c0c8-4fda-af2d-fc20d144ece5', 'information_sources', 'Information sources', null, null, '2020-11-30 14:50:00', null);


INSERT INTO question_schema (question_schema_uuid, question_code, oasys_question_code, question_start, question_end, answer_type, answer_schema_group_uuid, question_text, question_help_text)
VALUES ('55cb8554-b2fe-449d-9fbf-5976c48d2afd', 'title', null, '2020-11-30 14:50:00', null, 'freetext', null, 'Title', null),
    ('f419ec00-570c-4c4a-929d-2625010448bc', 'first_name', null, '2020-11-30 14:50:00', null, 'freetext', null, 'First name or names
', null),
    ('563004b3-b362-42b5-91af-680864e2207e', 'family_name', null, '2020-11-30 14:50:00', null, 'freetext', null, 'Family name or names', null),
    ('ccbd6611-b481-401f-b63d-f0f92d6dc626', 'date_of_birth', null, '2020-11-30 14:50:00', null, 'date', null, 'Date of birth', null),
    ('5efae1dd-285e-43b1-93d8-7537e1e0da05', 'age', null, '2020-11-30 14:50:00', null, 'freetext', null, 'Age', null),
    ('b05bc61d-4c00-4b64-88e1-c6d2af476970', 'gender', null, '2020-11-30 14:50:00', null, 'dropdown', '207e550a-dcbe-4c35-addb-921fc60c1d36', 'Gender', null),
    ('2b5271a0-c27b-4b01-9093-53216977c7e2', 'sex', null, '2020-11-30 14:50:00', null, 'dropdown', '207e550a-dcbe-4c35-addb-921fc60c1d36', 'Sex', null),
    ('77c11b8b-134f-48cb-8400-2469c5d4968f', 'crn', null, '2020-11-30 14:50:00', null, 'freetext', null, 'CRN', null),
    ('f237138b-b11a-4aa3-9eff-6b5b25f5baeb', 'pnc', null, '2020-11-30 14:50:00', null, 'freetext', null, 'PNC', null),
    ('66e5fbbf-af6e-4e7b-86b1-b328a46cb412', 'address', null, '2020-11-30 14:50:00', null, 'freetext', null, 'Address', null),
    ('f9702b35-2352-4d9e-9002-bedd7b9b570f', 'court', null, '2020-11-30 14:50:00', null, 'freetext', null, 'Court', null),
    ('cffbcab9-cff5-4628-bd0f-a1463e2fcfcc', 'local_justice_area', null, '2020-11-30 14:50:00', null, 'freetext', null, 'Local justice area', null),
    ('e17de414-8bcf-4416-8d84-364bcb518639', 'date_of_hearing', null, '2020-11-30 14:50:00', null, 'date', null, 'Date of hearing', null),
    ('6a3022ed-3f1b-4015-ad04-d05efdf31780', 'date_of_assessment', null, '2020-11-30 14:50:00', null, 'date', null, 'Date of assessment', null),
    ('52facaa4-5495-4c9c-92eb-84a6a5688e7b', 'seriousness', null, '2020-11-30 14:50:00', null, 'freetext', null, 'Seriousness', null),
    ('e3f58958-477e-4c7f-b2b3-97702dd6cdea', 'sentencing_purpose', null, '2020-11-30 14:50:00', null, 'dropdown', '1063207e-8d56-4e8b-8a2d-935093bf6cf3', 'Sentencing purpose', null),
    ('6ec95ae7-e3a4-410e-baa3-6b37975fd3fc', 'date_report_requested', null, '2020-11-30 14:50:00', null, 'date', null, 'Date report requested', null),
    ('de351023-6ae4-4b05-96f9-b77c7591041e', 'date_report_required', null, '2020-11-30 14:50:00', null, 'date', null, 'Date report required', null),
    ('0be172e3-35a0-4fb0-8cc1-d9ca7db2a0ea', 'date_report_completed_and_signed', null, '2020-11-30 14:50:00', null, 'date', null, 'Date report completed and signed', null),
    ('50059ab7-3ef7-4535-8cdc-43eba6441fea', 'offender_manager', null, '2020-11-30 14:50:00', null, 'freetext', null, 'Probation practitioner', null),
    ('eba8b521-b5ba-4870-a6f6-dca2d28c0189', 'psr_writers_name', null, '2020-11-30 14:50:00', null, 'freetext', null, 'Report author', null),
    ('51afe815-b2fe-440a-bd5f-1afb880648ca', 'psr_writers_office_location', null, '2020-11-30 14:50:00', null, 'freetext', null, 'Office', null),
    ('9d38a036-fb2a-4fdf-bae0-c5e2eaa6a02e', 'main_offence', null, '2020-11-30 14:50:00', null, 'dropdown', '1260c978-825e-4e08-8b44-f4dc4567da05', 'Main offence 
', null),
    ('b9935fc9-2c50-4541-b64c-c09b14b33006', 'main_offence_date', null, '2020-11-30 14:50:00', null, 'date', null, 'Date', null),
    ('127ee1f5-9485-479e-802f-e584bbe858e4', 'other_offences_and_dates_if_applicable', null, '2020-11-30 14:50:00', null, 'dropdown', 'a4e73a2c-3f1c-4f83-88b6-dd3ce1b78530', 'Additional offence
', null),
    ('bebf4e22-3377-4b0c-8847-2a30f2b2e7e9', 'other_offences_dates', null, '2020-11-30 14:50:00', null, 'date', null, 'Date', null),
    ('24e34a0c-4135-4f88-ba02-e3c338e60c0a', 'offence_description', null, '2020-11-30 14:50:00', null, 'freetext', null, 'Additional offence description', null),
    ('1b14723c-b860-432a-bd87-e410b3f0bacd', 'offence_category_type', null, '2020-11-30 14:50:00', null, 'freetext', null, 'Current offence category', null),
    ('c3358c3e-c4a7-406a-a096-a689426818bd', 'date_of_current_conviction', null, '2020-11-30 14:50:00', null, 'date', null, 'Date of current conviction', null),
    ('db97d901-5473-4704-b232-4b864959e7a9', 'date_of_sentence_or_discharge_if_sentenced_to_custody', null, '2020-11-30 14:50:00', null, 'date', null, 'Date of sentence, or discharge if sentenced to custody', null),
    ('746600c2-02bf-4d48-b500-dd6ef5b9f568', 'offence_analysis', 'Section 2, question 2.1', '2020-11-30 14:50:00', null, 'freetext', null, 'Offence analysis', null),
    ('c6c9c2d3-ae72-4c60-b96b-a0bab753c4b2', 'why_did_the_offence_occur', 'Section 2, question 2.8', '2020-11-30 14:50:00', null, 'freetext', null, 'Why did the offence occur?', null),
    ('ee3ed39a-05a9-46b7-9262-6173b7fa5bb7', 'offender_accepts_responsibility_for_the_current_offence', 'Section 2, question 2.11', '2020-11-30 14:50:00', null, 'radio', '927e95db-2879-4bdc-8251-0a448e60a662', 'Does the individual accept responsibility for the current offence?', null),
    ('0d112e45-a213-42d1-aeb6-6f4fa0bb96ad', 'give_details', null, '2020-11-30 14:50:00', null, 'freetext', null, 'Give details', null),
    ('23ef69d1-4744-4536-a5b8-fa07fe3c87e6', 'offender_recognises_the_impact_and_consequences_of_offence_s_on_the_victim_community_wider_society', 'Section 2, question 2.6', '2020-11-30 14:50:00', null, 'radio', '927e95db-2879-4bdc-8251-0a448e60a662', 'Does the individual recognise the impact and consequences of offence(s) on the victim or community or wider society?', null),
    ('4a6c4a59-ddb1-446a-b15b-317c26c2d58c', 'give_details', null, '2020-11-30 14:50:00', null, 'freetext', null, 'Give details', null),
    ('b9808fc2-02f8-4826-a13d-543c22f6c0e8', 'current_offence_s_indicate_escalation_in_seriousness_from_earlier_offending', 'Section 2, question 2.13', '2020-11-30 14:50:00', null, 'radio', '927e95db-2879-4bdc-8251-0a448e60a662', 'Do the current offence(s) indicate an escalation in seriousness from earlier offending?', null),
    ('374c096b-5af9-4323-adaf-a4d7f4e08ec6', 'give_details', null, '2020-11-30 14:50:00', null, 'freetext', null, 'Give details', null),
    ('69239dcd-2756-48c2-b6d8-18669a20679d', 'patterns_of_offending_behaviour_if_applicable', 'Section 2, question 2.14', '2020-11-30 14:50:00', null, 'radio', '927e95db-2879-4bdc-8251-0a448e60a662', 'Are current offence(s) part of an established pattern of offending?', null),
    ('6695f3ee-0510-40f9-9ce9-c1c339e3e689', 'details_of_patterns_of_offending_behaviour', null, '2020-11-30 14:50:00', null, 'freetext', null, 'Give details', null),
    ('4f8942dc-8eb6-46e3-81e7-af6ad7dce16a', 'does_the_offender_have_any_history_of_statutory_sexual_offences', null, '2020-11-30 14:50:00', null, 'radio', '927e95db-2879-4bdc-8251-0a448e60a662', 'Does the individual have any history of statutory sexual offences?', null),
    ('8ed6c9c0-103d-4f52-a915-af2a8b4106b2', 'does_the_current_offence_have_a_sexual_element_or_motivation', null, '2020-11-30 14:50:00', null, 'radio', '927e95db-2879-4bdc-8251-0a448e60a662', 'Does the current offence have a sexual element or motivation?', null),
    ('f713eb22-656c-4b9d-8d7b-41d2b87f2d5d', 'does_the_current_sexual_offence_have_a_stranger_victim', null, '2020-11-30 14:50:00', null, 'radio', '927e95db-2879-4bdc-8251-0a448e60a662', 'Does the current sexual offence have a stranger victim?', null),
    ('66e621b6-1cf0-4144-8418-6d300ab9223f', 'date_of_most_recent_sexual_offence', null, '2020-11-30 14:50:00', null, 'date', null, 'Date of most recent sexual offence', null),
    ('1dcdc08b-1a28-4b21-827e-3f2cf6ba4513', 'number_of_previous_current_sanctions_involving_contact_adult_sexual_offences', null, '2020-11-30 14:50:00', null, 'freetext', null, 'Number of previous/current sanctions involving contact adult sexual offences', null),
    ('2e345baf-b52e-43f5-abca-d2d2a3b61d2d', 'number_of_previous_current_sanctions_involving_contact_child_sexual_offences', null, '2020-11-30 14:50:00', null, 'freetext', null, 'Number of previous/current sanctions involving contact child sexual offences', null),
    ('01e9c557-1161-434d-a128-7988795df462', 'number_of_previous_current_sanctions_involving_indecent_image_sexual_offences', null, '2020-11-30 14:50:00', null, 'freetext', null, 'Number of previous/current sanctions involving indecent image sexual offences', null),
    ('48e5760a-12a1-44d7-990f-f5932b1ceffc', 'number_of_previous_current_sanctions_involving_paraphilia_sexual_offences', null, '2020-11-30 14:50:00', null, 'freetext', null, 'Number of previous/current sanctions involving paraphilia sexual offences', null),
    ('419367ea-43d9-4653-b178-003af7a69800', 'have_you_completed_an_offender_interview_and_or_oa_sys', null, '2020-11-30 14:50:00', null, 'radio', '927e95db-2879-4bdc-8251-0a448e60a662', 'Have you completed an interview and/or OASys?', null),
    ('16ae865e-1e2f-4748-b7a2-de1b033d94c2', 'does_the_offender_have_any_previous_convictions_for_the_following_offences', null, '2020-11-30 14:50:00', null, 'freetext', null, 'Does the individual have any previous convictions for the following:', null),
    ('532f7532-9252-417d-a252-bcd33684da9c', 'murder_attempted_murder_threat_or_conspiracy_to_murder_manslaughter', null, '2020-11-30 14:50:00', null, 'freetext', null, 'Murder or attempted murder
or
threat or conspiracy to murder or manslaughter', null),
    ('47fa342b-85a6-4e0f-b302-671e926bf9db', 'wounding_gbh_sections_18_20_offences_against_the_person_act_1861', null, '2020-11-30 14:50:00', null, 'freetext', null, 'Wounding or GBH (Sections 18/20 Offences Against the Person ACT 1861)', null),
    ('bfe902f2-a542-4572-b1c9-7f64103159b7', 'aggravated_burglary', null, '2020-11-30 14:50:00', null, 'freetext', null, 'Aggravated burglary', null),
    ('640a9998-e601-46c8-8a7f-8332ca70fbb1', 'arson', null, '2020-11-30 14:50:00', null, 'freetext', null, 'Arson', null),
    ('1c8504e0-69a1-4b46-bebe-52eb248f3721', 'criminal_damage_with_intent_to_endanger_life', null, '2020-11-30 14:50:00', null, 'freetext', null, 'Criminal damage with intent to endanger life', null),
    ('626e067e-3409-4501-9228-2a616ece279b', 'kidnapping_false_imprisonment', null, '2020-11-30 14:50:00', null, 'freetext', null, 'Kidnapping or false imprisonment', null),
    ('5bd53d68-d838-46ac-b69b-718c75d9ec21', 'possession_of_a_firearm_with_intent_to_endanger_life_or_resist_arrest', null, '2020-11-30 14:50:00', null, 'freetext', null, 'Possession of a firearm with intent to endanger life or resist arrest', null),
    ('0e9e8e22-efc4-4cf5-a5f1-e64ab0ad768b', 'robbery', null, '2020-11-30 14:50:00', null, 'freetext', null, 'Robbery', null),
    ('4574170a-fb6a-4f90-98b1-ec811783593e', 'any_other_offence_involving_possession_and_or_use_of_weapons', null, '2020-11-30 14:50:00', null, 'freetext', null, 'Any other offence involving possession and/or use of weapons', null),
    ('b06bd229-1c79-44a2-aec8-4c9dbefad2b0', 'did_the_offence_involve_carrying_use_of_a_weapon', '2.2A', '2020-11-30 14:50:00', null, 'radio', '927e95db-2879-4bdc-8251-0a448e60a662', 'Did the offence involve carrying or use of a weapon?', null),
    ('ba04c0f7-b136-4c1b-8bb1-de201e4d5be8', 'date_of_first_sanction', null, '2020-11-30 14:50:00', null, 'date', null, 'Date of first sanction', null),
    ('abc6be5b-f42f-4777-8e68-bc17150ef3f2', 'previous_sanctions', null, '2020-11-30 14:50:00', null, 'freetext', null, 'Number of previous sanctions for all recordable offences', null),
    ('e15cba08-a910-40c9-8ef9-78e2187831a9', 'number_of_previous_current_sanctions_for_violent_offences', null, '2020-11-30 14:50:00', null, 'freetext', null, 'Number of previous or current sanctions for violent offences', null),
    ('e6ddda30-918f-4848-80f1-ae603a7bb5c6', 'order', null, '2020-11-30 14:50:00', null, 'freetext', null, 'Order', null),
    ('7e16cfbd-c6c6-48b6-99fe-19db4ed9c84d', 'is_the_offender_living_in_suitable_accommodation', '3.4', '2020-11-30 14:50:00', null, 'radio', '545ff6ef-c840-4354-864c-fd8c77f7fdca', 'Suitability of accommodation.
', null),
    ('9b92274b-05e5-43b7-a970-6932d4330305', 'accommodation', 'Section 3 last question field ref S3.11', '2020-11-30 14:50:00', null, 'radio', '927e95db-2879-4bdc-8251-0a448e60a662', 'Are accommodation issues linked to offending behaviour?', null),
    ('3f71bd5c-292b-4eb1-aab3-0f1c6d2e2270', 'accommodation_type', null, '2020-11-30 14:50:00', null, 'dropdown', '05e18d01-a9f5-4dcb-8a5d-60ca0937bd1c', 'Accommodation type', null),
    ('228791da-bc15-49f8-8486-7032d8161605', 'give_details', null, '2020-11-30 14:50:00', null, 'freetext', null, 'Give details', null),
    ('c2821f4e-2bb9-4662-922e-043fa3316bbb', 'education_training_and_employability', 'Section 4 last question field ref S4.23', '2020-11-30 14:50:00', null, 'radio', '927e95db-2879-4bdc-8251-0a448e60a662', 'Are education, training, employment and/or basic skills issues linked to offending behaviour?', null),
    ('a70ee734-45bd-49c5-9b1a-c8dbcaa2280d', 'education_training_and_employability_status', '4.2', '2020-11-30 14:50:00', null, 'dropdown', 'af012b52-bb55-4a7c-bdd5-3e05c645e6a8', 'Education, training and employability status', null),
    ('ccd8067c-30f7-4460-a925-5a61f68432da', 'give_details', null, '2020-11-30 14:50:00', null, 'freetext', null, 'Give details', null),
    ('886db1c2-8d44-4fa9-9456-10e17b541eab', 'hours_of_work_or_education_training_per_week', null, '2020-11-30 14:50:00', null, 'freetext', null, 'Hours of work or education / training per week', null),
    ('686f207e-4127-49ac-a211-f9ea89d093e0', 'skills_for_life_assessment_required', null, '2020-11-30 14:50:00', null, 'radio', '927e95db-2879-4bdc-8251-0a448e60a662', 'Is a Skills for Life assessment required?', null),
    ('1c051342-789d-4f27-a0bd-3cd9b844b85f', 'finance', 'Section 5 last question field ref S5.13', '2020-11-30 14:50:00', null, 'radio', '927e95db-2879-4bdc-8251-0a448e60a662', 'Are financial issues linked to offending behaviour?', null),
    ('778008ef-9163-4c35-96fe-d8bf6d85ca42', 'give_details', null, '2020-11-30 14:50:00', null, 'freetext', null, 'Give details', null),
    ('9aca6dc0-26e1-4672-8665-8888683f8530', 'relationships', '6.4', '2020-11-30 14:50:00', null, 'radio', '2285d14e-5d71-49da-b0d2-357b11d148c3', 'What is the person''s current relationship with their partner?', null),
    ('a7af73b2-38e9-4a6f-8da9-a91fb8bec75d', 'is_there_evidence_that_the_offender_is_a_perpetrator_of_domestic_violence_partner_abuse', '6.7', '2020-11-30 14:50:00', null, 'radio', '927e95db-2879-4bdc-8251-0a448e60a662', 'Is there evidence that the individual is a perpetrator of domestic violence or partner abuse?', null),
    ('abcf41d7-a377-4147-a0a5-6282985dc502', 'alcohol_misuse', 'Section 9 last question field ref S9.14', '2020-11-30 14:50:00', null, 'radio', '545ff6ef-c840-4354-864c-fd8c77f7fdca', 'Is the person''s current use of alcohol a problem?', null),
    ('2b6f64ab-9dbc-43de-8a5f-f1b00f1ee6bd', 'give_details', null, '2020-11-30 14:50:00', null, 'freetext', null, 'Give details', null),
    ('adb9d832-317a-4afa-9695-11cd7d5a3341', 'is_there_evidence_of_binge_drinking_or_excessive_use_of_alcohol_in_the_last_6_months', '9.2', '2020-11-30 14:50:00', null, 'radio', '545ff6ef-c840-4354-864c-fd8c77f7fdca', 'Is there evidence of binge drinking or excessive use of alcohol in the last 6 months?', null),
    ('a6f24c87-bf9c-420a-bbf7-7a96a283a1ee', 'does_the_initial_screening_show_a_need_for_a_specialist_assessment', null, '2020-11-30 14:50:00', null, 'radio', '927e95db-2879-4bdc-8251-0a448e60a662', 'Does the initial alcohol screening show a need for a specialist assessment?', null),
    ('9c8455e8-b251-45e3-8fcd-0f8f93317260', 'give_details', null, '2020-11-30 14:50:00', null, 'freetext', null, 'Give details', null),
    ('2e998081-09da-467e-8669-4b62b4d26f4a', 'substance_misuse', 'Section 8 last question field ref S8.19', '2020-11-30 14:50:00', null, 'radio', '927e95db-2879-4bdc-8251-0a448e60a662', 'Is drug misuse linked to offending behaviour?', null),
    ('62da6b8f-d604-429c-be2c-ca3b3981e7ad', 'give_details', null, '2020-11-30 14:50:00', null, 'freetext', null, 'Give details', null),
    ('3ee55f66-85f8-41ea-b95b-b466aa58a349', 'is_there_current_recent_drug_misuse_on_a_daily_or_weekly_basis', 'Section 8 fields S8.2', '2020-11-30 14:50:00', null, 'radio', '927e95db-2879-4bdc-8251-0a448e60a662', 'Is there current or recent drug misuse on a daily or weekly basis?', null),
    ('4d0148fc-ee36-4a47-9990-11fb51c330d1', 'give_details', null, '2020-11-30 14:50:00', null, 'freetext', null, 'Give details', null),
    ('5682a296-6277-43a7-b55c-87c8ccedbfd7', 'is_the_offender_motivated_to_tackle_drugs_misuse', 'Section 8 question 8.8', '2020-11-30 14:50:00', null, 'freetext', null, 'Is the individual motivated to tackle drugs misuse?', null),
    ('d78d1764-5bfe-4915-a0a7-348d096c38a3', 'give_details', null, '2020-11-30 14:50:00', null, 'freetext', null, 'Give details', null),
    ('a1940c9f-2a5a-4d51-b952-e220c31cf0bd', 'physical_and_mental_health', 'Section 10 last question field ref S10.17', '2020-11-30 14:50:00', null, 'radio', '927e95db-2879-4bdc-8251-0a448e60a662', 'Is mental health linked to offending behaviour?', null),
    ('8a565089-cd9a-4410-8caf-74376efa5a83', 'give_details', null, '2020-11-30 14:50:00', null, 'freetext', null, 'Give details', null),
    ('8cf127d2-de57-4197-9641-b83193c1d6c7', 'does_the_offender_have_a_history_of_mental_health_issues', null, '2020-11-30 14:50:00', null, 'radio', '927e95db-2879-4bdc-8251-0a448e60a662', 'Does the individual have a history of mental health issues?', null),
    ('e67e17e0-ee6e-45f4-811b-37551dd69948', 'give_details', null, '2020-11-30 14:50:00', null, 'freetext', null, 'Give details', null),
    ('71119bb2-3458-481d-b3d3-5664624f0a7a', 'coping_in_custody_hostel_setting', 'R8.2.1 field FA.39', '2020-11-30 14:50:00', null, 'radio', '927e95db-2879-4bdc-8251-0a448e60a662', 'Can the individual cope in custody / hostel setting?', null),
    ('40f82aad-629a-4d3f-abbd-e9d9f1e9046e', 'give_details', null, '2020-11-30 14:50:00', null, 'freetext', null, 'Give details', null),
    ('5cc67e4c-6ba0-474c-ac4a-1b06c88d1505', 'are_there_particular_social_and_emotional_consequences_of_imprisonment', null, '2020-11-30 14:50:00', null, 'radio', '927e95db-2879-4bdc-8251-0a448e60a662', 'Are there particular social and emotional consequences of imprisonment?', null),
    ('823ebe0d-6923-4ad9-9807-41079a634889', 'give_details', null, '2020-11-30 14:50:00', null, 'freetext', null, 'Give details', null),
    ('a5d5bd25-0f04-4c4d-8186-18a805b3cb3b', 'is_a_specialist_report_required', 'Section 10 question 10.8 field ref S10.14', '2020-11-30 14:50:00', null, 'radio', '927e95db-2879-4bdc-8251-0a448e60a662', 'Is a specialist mental health report required?', null),
    ('2aa0829e-4d46-4000-aa6e-e94513aa07ed', 'give_details', null, '2020-11-30 14:50:00', null, 'freetext', null, 'Give details', null),
    ('23215b00-9169-414a-9145-499a08cd61e1', 'thinking_and_behaviour', null, '2020-11-30 14:50:00', null, 'radio', '927e95db-2879-4bdc-8251-0a448e60a662', 'Are thinking and behaviour a relevant factor?', null),
    ('ed0d519a-b29f-477b-86b0-a1ca70d7dd5c', 'is_impulsivity_a_problem_for_the_offender', '11.2', '2020-11-30 14:50:00', null, 'radio', '545ff6ef-c840-4354-864c-fd8c77f7fdca', 'Is impulsivity a problem for the individual?', null),
    ('10fcc763-60ca-4ab8-a684-720be8dedf26', 'give_details', null, '2020-11-30 14:50:00', null, 'freetext', null, 'Give details', null),
    ('616a15f7-8b32-455a-abbf-9272f6fb139a', 'is_temper_control_a_problem_for_the_offender', '11.4', '2020-11-30 14:50:00', null, 'radio', '545ff6ef-c840-4354-864c-fd8c77f7fdca', 'Is temper control a problem for the individual?', null),
    ('f0dfc6b2-285c-459b-8770-72d99d21e126', 'does_the_offender_have_pro_criminal_attitudes', '12.1', '2020-11-30 14:50:00', null, 'radio', '545ff6ef-c840-4354-864c-fd8c77f7fdca', 'Does the individual have pro-criminal attitudes?', null),
    ('68a8221c-b29a-4baa-b9df-96be9793e5a1', 'is_there_evidence_that_the_offender_demonstrates_inadequate_social_interpersonal_skills', 'Section 11 question 11.1', '2020-11-30 14:50:00', null, 'radio', '927e95db-2879-4bdc-8251-0a448e60a662', 'Is there evidence that the individual demonstrates inadequate social or interpersonal skills?', null),
    ('2acfed43-1919-4b58-8854-efd6d896187c', 'give_details', null, '2020-11-30 14:50:00', null, 'freetext', null, 'Give details', null),
    ('d52df319-8958-453d-9bd5-911a751f0654', 'is_there_evidence_that_the_offender_uses_inappropriate_problem_solving_strategies', 'Section 11 question 11.6', '2020-11-30 14:50:00', null, 'radio', '927e95db-2879-4bdc-8251-0a448e60a662', 'Is there evidence that the individual uses inappropriate problem solving strategies?', null),
    ('c3da9595-178f-4eef-a87b-87d07e98547c', 'give_details', null, '2020-11-30 14:50:00', null, 'freetext', null, 'Give details', null),
    ('523e74ff-56a0-472e-b043-cde8b2f5610b', 'is_there_evidence_that_the_offender_has_difficulty_understanding_other_peoples_points_of_view', 'Section 11 question 11.9', '2020-11-30 14:50:00', null, 'radio', '927e95db-2879-4bdc-8251-0a448e60a662', 'Is there evidence that the individual has difficulty understanding other people’s points of view?', null),
    ('1e71aedb-8de5-4b1f-b4f3-501203ec44dc', 'give_details', null, '2020-11-30 14:50:00', null, 'freetext', null, 'Give details', null),
    ('b074214e-bbd9-4383-a7d6-344ccf5be022', 'anti_social_discriminatory_attitudes_behaviour_associated_with_offending', null, '2020-11-30 14:50:00', null, 'freetext', null, 'Are anti-social or discriminatory attitudes or behaviour associated with offending?', null),
    ('637471a6-6c7b-43d6-96c4-f758fc9b34fc', 'give_details', null, '2020-11-30 14:50:00', null, 'freetext', null, 'Give details', null),
    ('b476835b-a0f8-4172-86a1-47422076ba66', 'other_needs', null, '2020-11-30 14:50:00', null, 'radio', '927e95db-2879-4bdc-8251-0a448e60a662', 'Additional information about the individual relevant to their offence(s) and their management', null),
    ('92395e9a-4317-4927-9673-c2156a23f82e', 'is_there_evidence_of_the_offender_experiencing_trauma', null, '2020-11-30 14:50:00', null, 'radio', '927e95db-2879-4bdc-8251-0a448e60a662', 'Is there evidence of the individual experiencing trauma?', null),
    ('9faadc3b-e85b-4034-bfa3-27e111c9bb3c', 'does_the_offender_have_caring_responsibilities_for_children_or_adults_or_have_they_ever_had_caring_responsibilities_for_children_or_adults', null, '2020-11-30 14:50:00', null, 'radio', '927e95db-2879-4bdc-8251-0a448e60a662', 'Does the individual have caring responsibilities for children or adults, or have they ever had caring responsibilities for children or adults?', null),
    ('b5149c7d-1559-42e1-a86c-08901ba8df29', 'likelihood_of_further_offending', 'S1.46', '2020-11-30 14:50:00', null, 'dropdown', 'e042b1a4-ca38-48c1-b27c-2711667ac37d', 'Likelihood of further offending', null),
    ('10048b77-cc25-4dca-93c9-14589c97c294', 'the_risk_of_serious_harm_screening_indicates_the_need_for_a_full_risk_of_serious_harm_analysis', null, '2020-11-30 14:50:00', null, 'radio', '927e95db-2879-4bdc-8251-0a448e60a662', 'Does the Risk of Serious Harm Screening indicate a need for a full Risk of Serious Harm Analysis?', null),
    ('50fb398f-a3de-4c98-852a-382e3f2a8604', 'risk_of_serious_harm_assessment', null, '2020-11-30 14:50:00', null, 'dropdown', 'c0c9bc29-fb8b-4506-a762-7e8d532300e5', 'Risk of serious harm', null),
    ('d96a867e-a2c7-4529-ab00-1e022bba199c', 'response_to_previous_supervision', null, '2020-11-30 14:50:00', null, 'dropdown', '9ae6116f-40f1-4020-ad20-5f027c2e6904', 'Response to previous supervision', null),
    ('eda0eb54-608a-446d-b79a-483c5dc42c1d', 'give_details', null, '2020-11-30 14:50:00', null, 'freetext', null, 'Give details', null),
    ('5f913402-6d49-4873-8913-fa3b683be249', 'proposed_sentence', null, '2020-11-30 14:50:00', null, 'dropdown', 'ff97583e-fca5-4f67-9662-1c28d39f164d', 'Proposed sentence', null),
    ('8e414ef1-48d1-421d-9e37-ee810de44576', 'give_details', null, '2020-11-30 14:50:00', null, 'freetext', null, 'Give details', null),
    ('a4841a66-b0fa-4b8d-88ea-c49c0186e1c4', 'reasons_for_proposal', null, '2020-11-30 14:50:00', null, 'freetext', null, 'Reasons for proposal', null),
    ('7492df71-0c68-444b-9951-8c14d0c758a1', 'sentence_length', null, '2020-11-30 14:50:00', null, 'freetext', null, 'Sentence length', null),
    ('b7dd9f65-181b-4492-b43c-15d5956b0bb8', 'offenders_attitude_to_proposed_sentence', null, '2020-11-30 14:50:00', null, 'freetext', null, 'Individual''s attitude to proposed sentence', null),
    ('06c7d8c1-80fc-4598-9955-be2425b1313a', 'source', null, '2020-11-30 14:50:00', null, 'dropdown', '205edaef-c6cc-4b7b-a78b-dbf5853aebf4', 'Information sources', null);


INSERT INTO question_group (question_group_uuid, content_uuid, content_type, group_uuid, display_order, mandatory, validation)
VALUES ('d68a1bef-a4ab-41d6-b7c0-f9694165fb49', 'acda1742-cdf2-488e-ac29-658e0bc75aa9', 'group', '648b69c1-c66c-4d05-b52c-440328239cb0', 1, true, null),
    ('08401fde-ba4a-4036-8793-e5592f790ff7', '55cb8554-b2fe-449d-9fbf-5976c48d2afd', 'question', 'acda1742-cdf2-488e-ac29-658e0bc75aa9', 1, true, null),
    ('139df58d-7088-4e79-88ac-c0fb1a2be858', 'f419ec00-570c-4c4a-929d-2625010448bc', 'question', 'acda1742-cdf2-488e-ac29-658e0bc75aa9', 2, true, null),
    ('04749056-f50f-404e-81fc-c2d94a7f77e5', '563004b3-b362-42b5-91af-680864e2207e', 'question', 'acda1742-cdf2-488e-ac29-658e0bc75aa9', 3, true, null),
    ('64b16101-1763-4de5-afce-570bbcc90288', 'ccbd6611-b481-401f-b63d-f0f92d6dc626', 'question', 'acda1742-cdf2-488e-ac29-658e0bc75aa9', 4, true, null),
    ('adbcf306-53dc-45dc-bd36-6d70293fc984', '5efae1dd-285e-43b1-93d8-7537e1e0da05', 'question', 'acda1742-cdf2-488e-ac29-658e0bc75aa9', 5, true, null),
    ('93c671ee-f506-4c65-a4af-eaeeb9f558f8', 'b05bc61d-4c00-4b64-88e1-c6d2af476970', 'question', 'acda1742-cdf2-488e-ac29-658e0bc75aa9', 6, true, null),
    ('0402f378-8aef-4e48-a9e7-80909eb381ed', '2b5271a0-c27b-4b01-9093-53216977c7e2', 'question', 'acda1742-cdf2-488e-ac29-658e0bc75aa9', 7, true, null),
    ('81a54e7f-9217-4502-8bd2-643b81f63f6b', '77c11b8b-134f-48cb-8400-2469c5d4968f', 'question', 'acda1742-cdf2-488e-ac29-658e0bc75aa9', 8, true, null),
    ('aea1c7dd-6d6f-4454-85e7-4332a4b08846', 'f237138b-b11a-4aa3-9eff-6b5b25f5baeb', 'question', 'acda1742-cdf2-488e-ac29-658e0bc75aa9', 9, true, null),
    ('90b4b240-d3a4-48b9-9894-5c3d1815c250', '66e5fbbf-af6e-4e7b-86b1-b328a46cb412', 'question', 'acda1742-cdf2-488e-ac29-658e0bc75aa9', 10, true, null),
    ('2939c91b-55d4-4fc8-93cf-b9f1746a8906', 'f26786bf-0bb9-4f5c-99b6-bb6081d96e61', 'group', '648b69c1-c66c-4d05-b52c-440328239cb0', 2, true, null),
    ('29463585-6625-4ab8-a295-8c23d07fa291', 'f9702b35-2352-4d9e-9002-bedd7b9b570f', 'question', 'f26786bf-0bb9-4f5c-99b6-bb6081d96e61', 1, true, null),
    ('f261a045-3e2f-4513-8604-5da54fd45e22', 'cffbcab9-cff5-4628-bd0f-a1463e2fcfcc', 'question', 'f26786bf-0bb9-4f5c-99b6-bb6081d96e61', 2, true, null),
    ('37f7feac-08ea-481c-b721-1715a2c8619e', 'e17de414-8bcf-4416-8d84-364bcb518639', 'question', 'f26786bf-0bb9-4f5c-99b6-bb6081d96e61', 3, true, null),
    ('1dfbdfbb-b56d-4447-91b2-14364301f0b0', '6a3022ed-3f1b-4015-ad04-d05efdf31780', 'question', 'f26786bf-0bb9-4f5c-99b6-bb6081d96e61', 4, true, null),
    ('53bb67d9-af6a-4013-b0fc-59ae2ad4e468', '52facaa4-5495-4c9c-92eb-84a6a5688e7b', 'question', 'f26786bf-0bb9-4f5c-99b6-bb6081d96e61', 5, true, null),
    ('e1574680-1182-40a7-9109-751809eacd36', '0a3de9e3-bd86-491e-b5ed-5c912f398e4c', 'group', '648b69c1-c66c-4d05-b52c-440328239cb0', 3, true, null),
    ('f96062a5-f0f8-4677-9617-f8cb6b018d03', 'e3f58958-477e-4c7f-b2b3-97702dd6cdea', 'question', '0a3de9e3-bd86-491e-b5ed-5c912f398e4c', 1, true, null),
    ('7d7d6b13-f52e-4b1f-9257-f5822e7a6a36', '6ec95ae7-e3a4-410e-baa3-6b37975fd3fc', 'question', '0a3de9e3-bd86-491e-b5ed-5c912f398e4c', 2, true, null),
    ('6f4c0456-456f-4491-b69c-7501f8d51b4b', 'de351023-6ae4-4b05-96f9-b77c7591041e', 'question', '0a3de9e3-bd86-491e-b5ed-5c912f398e4c', 3, true, null),
    ('cc31e7df-e37d-4088-9e7a-10227c3032aa', '0be172e3-35a0-4fb0-8cc1-d9ca7db2a0ea', 'question', '0a3de9e3-bd86-491e-b5ed-5c912f398e4c', 4, true, null),
    ('76388d8c-5a6a-46bf-8f10-415793b4ceb6', 'e9a1d1ef-3462-4ef7-b848-b209d808b297', 'group', '648b69c1-c66c-4d05-b52c-440328239cb0', 4, true, null),
    ('9d5e1540-9076-494a-b9e3-c8c7a9ffc727', '50059ab7-3ef7-4535-8cdc-43eba6441fea', 'question', 'e9a1d1ef-3462-4ef7-b848-b209d808b297', 1, true, null),
    ('a1e55305-4aa7-4099-b5ca-5fd900a83f4f', 'eba8b521-b5ba-4870-a6f6-dca2d28c0189', 'question', 'e9a1d1ef-3462-4ef7-b848-b209d808b297', 2, true, null),
    ('8e6a0a5d-0c7b-4344-87c3-d4ff606a291a', '51afe815-b2fe-440a-bd5f-1afb880648ca', 'question', 'e9a1d1ef-3462-4ef7-b848-b209d808b297', 3, true, null),
    ('5d7c07a9-7888-44d0-9d8d-ef0a99657069', '57cadd6f-6ac0-42b6-bb1e-a1ec75a088d3', 'group', '648b69c1-c66c-4d05-b52c-440328239cb0', 5, true, null),
    ('7d82274f-9775-4d02-9a30-71db76c2bbfa', '9d38a036-fb2a-4fdf-bae0-c5e2eaa6a02e', 'question', '57cadd6f-6ac0-42b6-bb1e-a1ec75a088d3', 1, true, null),
    ('f6f2e72c-78ea-49fd-839b-a6145677b1df', 'b9935fc9-2c50-4541-b64c-c09b14b33006', 'question', '57cadd6f-6ac0-42b6-bb1e-a1ec75a088d3', 2, true, null),
    ('ddc45d32-2438-42ea-bd34-d6140223b3d9', '127ee1f5-9485-479e-802f-e584bbe858e4', 'question', '57cadd6f-6ac0-42b6-bb1e-a1ec75a088d3', 3, true, null),
    ('860736a4-e2bd-41df-8a67-344a55617b22', 'bebf4e22-3377-4b0c-8847-2a30f2b2e7e9', 'question', '57cadd6f-6ac0-42b6-bb1e-a1ec75a088d3', 4, true, null),
    ('a06ec11d-c496-486d-ae55-5a2a9bb3a8a9', '24e34a0c-4135-4f88-ba02-e3c338e60c0a', 'question', '57cadd6f-6ac0-42b6-bb1e-a1ec75a088d3', 5, true, null),
    ('03dea213-238d-4e77-a891-4e218923e27d', '1b14723c-b860-432a-bd87-e410b3f0bacd', 'question', '57cadd6f-6ac0-42b6-bb1e-a1ec75a088d3', 6, true, null),
    ('d893ef3e-4d99-48d2-a6e5-dbfa684ffd78', 'c3358c3e-c4a7-406a-a096-a689426818bd', 'question', '57cadd6f-6ac0-42b6-bb1e-a1ec75a088d3', 7, true, null),
    ('0dd20e37-1879-4026-9f06-97f2f50d5f1e', 'db97d901-5473-4704-b232-4b864959e7a9', 'question', '57cadd6f-6ac0-42b6-bb1e-a1ec75a088d3', 8, true, null),
    ('7a729b55-1b34-4973-b58e-4f78e058f35d', '867bc602-479c-45ed-9ca1-b0ecb9cd44a1', 'group', '648b69c1-c66c-4d05-b52c-440328239cb0', 6, true, null),
    ('b44cfbcb-637b-4922-a57f-3acf5cb76b50', '746600c2-02bf-4d48-b500-dd6ef5b9f568', 'question', '867bc602-479c-45ed-9ca1-b0ecb9cd44a1', 1, true, null),
    ('5190294b-33b7-4667-ac52-2c7dc296474f', 'c6c9c2d3-ae72-4c60-b96b-a0bab753c4b2', 'question', '867bc602-479c-45ed-9ca1-b0ecb9cd44a1', 2, true, null),
    ('187e59b8-4e90-40d8-840a-84e6a7a18cab', 'ee3ed39a-05a9-46b7-9262-6173b7fa5bb7', 'question', '867bc602-479c-45ed-9ca1-b0ecb9cd44a1', 3, true, null),
    ('3a596b12-5581-4f90-b8cf-33e45fdba212', '0d112e45-a213-42d1-aeb6-6f4fa0bb96ad', 'question', '867bc602-479c-45ed-9ca1-b0ecb9cd44a1', 4, true, null),
    ('dd29b77c-ac5c-4b95-8b71-609161d80f70', '23ef69d1-4744-4536-a5b8-fa07fe3c87e6', 'question', '867bc602-479c-45ed-9ca1-b0ecb9cd44a1', 5, true, null),
    ('d0721de0-b66f-4416-b842-26783b227022', '4a6c4a59-ddb1-446a-b15b-317c26c2d58c', 'question', '867bc602-479c-45ed-9ca1-b0ecb9cd44a1', 6, true, null),
    ('01d31f3f-7c28-43df-9651-a300cd89495b', 'b9808fc2-02f8-4826-a13d-543c22f6c0e8', 'question', '867bc602-479c-45ed-9ca1-b0ecb9cd44a1', 7, true, null),
    ('a9bf4ad1-5233-4ad3-9897-6cbac7dd9a41', '374c096b-5af9-4323-adaf-a4d7f4e08ec6', 'question', '867bc602-479c-45ed-9ca1-b0ecb9cd44a1', 8, true, null),
    ('fa4a0194-e92f-4591-955a-0dbc0d51ec59', '69239dcd-2756-48c2-b6d8-18669a20679d', 'question', '867bc602-479c-45ed-9ca1-b0ecb9cd44a1', 9, true, null),
    ('f52da543-4d70-473e-8ff9-9b83e89c9066', '6695f3ee-0510-40f9-9ce9-c1c339e3e689', 'question', '867bc602-479c-45ed-9ca1-b0ecb9cd44a1', 10, true, null),
    ('29d88afb-4e4d-4f05-8e85-ea6a8de45912', '4f8942dc-8eb6-46e3-81e7-af6ad7dce16a', 'question', '867bc602-479c-45ed-9ca1-b0ecb9cd44a1', 11, true, null),
    ('0877d631-ff27-41a1-9ad6-18be7481752f', '8ed6c9c0-103d-4f52-a915-af2a8b4106b2', 'question', '867bc602-479c-45ed-9ca1-b0ecb9cd44a1', 12, true, null),
    ('8609a807-8c0d-46a3-b8fc-764642071fb4', 'f713eb22-656c-4b9d-8d7b-41d2b87f2d5d', 'question', '867bc602-479c-45ed-9ca1-b0ecb9cd44a1', 13, true, null),
    ('96135f99-23cb-4686-a1ad-2d88e9ad7c64', '66e621b6-1cf0-4144-8418-6d300ab9223f', 'question', '867bc602-479c-45ed-9ca1-b0ecb9cd44a1', 14, true, null),
    ('ebd2267f-6f06-4c40-a0d8-4abe7d594bae', '1dcdc08b-1a28-4b21-827e-3f2cf6ba4513', 'question', '867bc602-479c-45ed-9ca1-b0ecb9cd44a1', 15, true, null),
    ('3513657d-0e2f-4a37-a05d-beec8e287949', '2e345baf-b52e-43f5-abca-d2d2a3b61d2d', 'question', '867bc602-479c-45ed-9ca1-b0ecb9cd44a1', 16, true, null),
    ('b48d3412-1c58-4001-96d8-dce8023e096b', '01e9c557-1161-434d-a128-7988795df462', 'question', '867bc602-479c-45ed-9ca1-b0ecb9cd44a1', 17, true, null),
    ('5bd112fe-a616-4ec9-a64b-f644666881a4', '48e5760a-12a1-44d7-990f-f5932b1ceffc', 'question', '867bc602-479c-45ed-9ca1-b0ecb9cd44a1', 18, true, null),
    ('8e8f2c0a-0f46-481f-b64b-7429784a8daa', '419367ea-43d9-4653-b178-003af7a69800', 'question', '867bc602-479c-45ed-9ca1-b0ecb9cd44a1', 19, true, null),
    ('afd0dc36-c37e-4045-a821-c6c03e66e6ac', '16ae865e-1e2f-4748-b7a2-de1b033d94c2', 'question', '867bc602-479c-45ed-9ca1-b0ecb9cd44a1', 20, true, null),
    ('61e36eda-db74-4af2-9756-b3137d8a94c2', '532f7532-9252-417d-a252-bcd33684da9c', 'question', '867bc602-479c-45ed-9ca1-b0ecb9cd44a1', 21, true, null),
    ('ea29ffb8-466e-4705-a731-3e7d2de78308', '47fa342b-85a6-4e0f-b302-671e926bf9db', 'question', '867bc602-479c-45ed-9ca1-b0ecb9cd44a1', 22, true, null),
    ('3c2b1ce8-e4fb-4e96-888c-5ff32c17bbf4', 'bfe902f2-a542-4572-b1c9-7f64103159b7', 'question', '867bc602-479c-45ed-9ca1-b0ecb9cd44a1', 23, true, null),
    ('3414e14e-46a8-47da-ad69-b943f1dab3a4', '640a9998-e601-46c8-8a7f-8332ca70fbb1', 'question', '867bc602-479c-45ed-9ca1-b0ecb9cd44a1', 24, true, null),
    ('5f26edc2-c587-4fbd-8478-907e9e52d114', '1c8504e0-69a1-4b46-bebe-52eb248f3721', 'question', '867bc602-479c-45ed-9ca1-b0ecb9cd44a1', 25, true, null),
    ('c94398fb-e1df-442c-84f8-b800ac1343be', '626e067e-3409-4501-9228-2a616ece279b', 'question', '867bc602-479c-45ed-9ca1-b0ecb9cd44a1', 26, true, null),
    ('88605fa2-69aa-4bcd-98e4-98388ea59f9a', '5bd53d68-d838-46ac-b69b-718c75d9ec21', 'question', '867bc602-479c-45ed-9ca1-b0ecb9cd44a1', 27, true, null),
    ('88b32632-a453-42f6-912b-cf74441cd0fe', '0e9e8e22-efc4-4cf5-a5f1-e64ab0ad768b', 'question', '867bc602-479c-45ed-9ca1-b0ecb9cd44a1', 28, true, null),
    ('c8cecf6d-b528-46a9-a22e-819371fda8eb', '4574170a-fb6a-4f90-98b1-ec811783593e', 'question', '867bc602-479c-45ed-9ca1-b0ecb9cd44a1', 29, true, null),
    ('c61b4f8f-40ce-44da-b1e6-7c419cfcaf2c', 'b06bd229-1c79-44a2-aec8-4c9dbefad2b0', 'question', '867bc602-479c-45ed-9ca1-b0ecb9cd44a1', 30, true, null),
    ('c2e43345-6dd8-45d7-b334-947d1aa43631', '937c94cf-3426-45c9-8ef1-f85a5d791e60', 'group', '648b69c1-c66c-4d05-b52c-440328239cb0', 7, true, null),
    ('b0e18ca3-37d6-4856-8588-31dc11cf40a7', 'ba04c0f7-b136-4c1b-8bb1-de201e4d5be8', 'question', '937c94cf-3426-45c9-8ef1-f85a5d791e60', 1, true, null),
    ('a5b93901-6c63-41b9-8aef-2ffcfa4d567f', 'abc6be5b-f42f-4777-8e68-bc17150ef3f2', 'question', '937c94cf-3426-45c9-8ef1-f85a5d791e60', 2, true, null),
    ('581f04c3-25e3-4f1a-b39a-2ad0afbeff40', 'e15cba08-a910-40c9-8ef9-78e2187831a9', 'question', '937c94cf-3426-45c9-8ef1-f85a5d791e60', 3, true, null),
    ('9bd4cc99-d4ce-482a-9689-63a83292827b', 'a0434d88-5e5b-4b57-a3c9-6657f1a58df1', 'group', '648b69c1-c66c-4d05-b52c-440328239cb0', 8, true, null),
    ('cd6848bd-8e53-43f3-824d-ef2165be788d', 'e6ddda30-918f-4848-80f1-ae603a7bb5c6', 'question', 'a0434d88-5e5b-4b57-a3c9-6657f1a58df1', 1, true, null),
    ('54e88f5f-ca6a-4423-abeb-16f9effc7ca2', '7f016ef1-f7a0-4adb-9d77-1d4726fa86ed', 'group', '648b69c1-c66c-4d05-b52c-440328239cb0', 9, true, null),
    ('eb6b5430-4d78-47ee-9ca7-7b3454935813', '7e16cfbd-c6c6-48b6-99fe-19db4ed9c84d', 'question', '7f016ef1-f7a0-4adb-9d77-1d4726fa86ed', 1, true, null),
    ('e24df846-6fd5-4118-96e4-c2d2b0d426ad', '9b92274b-05e5-43b7-a970-6932d4330305', 'question', '7f016ef1-f7a0-4adb-9d77-1d4726fa86ed', 2, true, null),
    ('c3828803-05ef-4ee9-9ad7-30ac7d865e30', '3f71bd5c-292b-4eb1-aab3-0f1c6d2e2270', 'question', '7f016ef1-f7a0-4adb-9d77-1d4726fa86ed', 3, true, null),
    ('5d1d2a7a-ceff-40b8-9dc4-346b074d2175', '228791da-bc15-49f8-8486-7032d8161605', 'question', '7f016ef1-f7a0-4adb-9d77-1d4726fa86ed', 4, true, null),
    ('06bcad3b-d9b8-4368-82e9-5ccd76b95c27', 'c2821f4e-2bb9-4662-922e-043fa3316bbb', 'question', '7f016ef1-f7a0-4adb-9d77-1d4726fa86ed', 5, true, null),
    ('1e4d37fb-bab8-4d00-86f4-ef7a1e6b1dcf', 'a70ee734-45bd-49c5-9b1a-c8dbcaa2280d', 'question', '7f016ef1-f7a0-4adb-9d77-1d4726fa86ed', 6, true, null),
    ('c9e12f54-3a82-4f08-807d-904c0a64d1ea', 'ccd8067c-30f7-4460-a925-5a61f68432da', 'question', '7f016ef1-f7a0-4adb-9d77-1d4726fa86ed', 7, true, null),
    ('ac75a356-744e-4bab-97e0-bdfc12bdc043', '886db1c2-8d44-4fa9-9456-10e17b541eab', 'question', '7f016ef1-f7a0-4adb-9d77-1d4726fa86ed', 8, true, null),
    ('630ee3a3-d3ac-4bd8-8757-7a135f212a1f', '686f207e-4127-49ac-a211-f9ea89d093e0', 'question', '7f016ef1-f7a0-4adb-9d77-1d4726fa86ed', 9, true, null),
    ('6a196f70-095f-4074-abc1-b24a764f8625', '1c051342-789d-4f27-a0bd-3cd9b844b85f', 'question', '7f016ef1-f7a0-4adb-9d77-1d4726fa86ed', 10, true, null),
    ('cc8330e9-1372-4609-933b-1513829275f5', '778008ef-9163-4c35-96fe-d8bf6d85ca42', 'question', '7f016ef1-f7a0-4adb-9d77-1d4726fa86ed', 11, true, null),
    ('9ba6e605-9bdf-4ac0-9ef7-d98e8d0d6d26', '9aca6dc0-26e1-4672-8665-8888683f8530', 'question', '7f016ef1-f7a0-4adb-9d77-1d4726fa86ed', 12, true, null),
    ('fcfc6f5b-efd9-496a-a876-d42949b565c7', 'a7af73b2-38e9-4a6f-8da9-a91fb8bec75d', 'question', '7f016ef1-f7a0-4adb-9d77-1d4726fa86ed', 13, true, null),
    ('d44775a9-5a1c-4d5e-b1a2-8f295eda2f68', 'abcf41d7-a377-4147-a0a5-6282985dc502', 'question', '7f016ef1-f7a0-4adb-9d77-1d4726fa86ed', 14, true, null),
    ('903fb3bf-32d9-4b72-ad2b-f49c4c315d36', '2b6f64ab-9dbc-43de-8a5f-f1b00f1ee6bd', 'question', '7f016ef1-f7a0-4adb-9d77-1d4726fa86ed', 15, true, null),
    ('7b510454-a286-4c79-9974-5b84c32cda55', 'adb9d832-317a-4afa-9695-11cd7d5a3341', 'question', '7f016ef1-f7a0-4adb-9d77-1d4726fa86ed', 16, true, null),
    ('94e6d47f-4a72-42f0-8973-01209e4576a6', 'a6f24c87-bf9c-420a-bbf7-7a96a283a1ee', 'question', '7f016ef1-f7a0-4adb-9d77-1d4726fa86ed', 17, true, null),
    ('85fd1331-eecc-4519-8062-21cc2bffa71d', '9c8455e8-b251-45e3-8fcd-0f8f93317260', 'question', '7f016ef1-f7a0-4adb-9d77-1d4726fa86ed', 18, true, null),
    ('6a37fcbf-3718-4b8b-b9ed-5434d88654c3', '2e998081-09da-467e-8669-4b62b4d26f4a', 'question', '7f016ef1-f7a0-4adb-9d77-1d4726fa86ed', 19, true, null),
    ('e72a4e20-e42a-4ce9-b803-6ff343acc863', '62da6b8f-d604-429c-be2c-ca3b3981e7ad', 'question', '7f016ef1-f7a0-4adb-9d77-1d4726fa86ed', 20, true, null),
    ('91ab5537-9b46-49d6-adb4-33b570177583', '3ee55f66-85f8-41ea-b95b-b466aa58a349', 'question', '7f016ef1-f7a0-4adb-9d77-1d4726fa86ed', 21, true, null),
    ('23698bd4-c906-451e-92fb-f064eff9d4db', '4d0148fc-ee36-4a47-9990-11fb51c330d1', 'question', '7f016ef1-f7a0-4adb-9d77-1d4726fa86ed', 22, true, null),
    ('16434763-95e5-4382-b3a4-77120f9c918b', '5682a296-6277-43a7-b55c-87c8ccedbfd7', 'question', '7f016ef1-f7a0-4adb-9d77-1d4726fa86ed', 23, true, null),
    ('d57544c4-2674-4ded-83d7-80a62c1245e2', 'd78d1764-5bfe-4915-a0a7-348d096c38a3', 'question', '7f016ef1-f7a0-4adb-9d77-1d4726fa86ed', 24, true, null),
    ('8a53c9ea-c6b4-46d8-ae9b-ccc989631eb1', 'a1940c9f-2a5a-4d51-b952-e220c31cf0bd', 'question', '7f016ef1-f7a0-4adb-9d77-1d4726fa86ed', 25, true, null),
    ('c6d0c5b2-a53c-4d79-899d-59ac92eaf41f', '8a565089-cd9a-4410-8caf-74376efa5a83', 'question', '7f016ef1-f7a0-4adb-9d77-1d4726fa86ed', 26, true, null),
    ('34436f91-972c-4c4f-a883-4bc796f01919', '8cf127d2-de57-4197-9641-b83193c1d6c7', 'question', '7f016ef1-f7a0-4adb-9d77-1d4726fa86ed', 27, true, null),
    ('47fc2d96-3f61-4083-8a1f-bfb8d898dcef', 'e67e17e0-ee6e-45f4-811b-37551dd69948', 'question', '7f016ef1-f7a0-4adb-9d77-1d4726fa86ed', 28, true, null),
    ('a8bc514c-8ba3-4220-8e7b-4c7b0b6f8de4', '71119bb2-3458-481d-b3d3-5664624f0a7a', 'question', '7f016ef1-f7a0-4adb-9d77-1d4726fa86ed', 29, true, null),
    ('f20cc416-b054-42d7-a516-67ae5827773b', '40f82aad-629a-4d3f-abbd-e9d9f1e9046e', 'question', '7f016ef1-f7a0-4adb-9d77-1d4726fa86ed', 30, true, null),
    ('c156f33d-fd56-40e2-81c1-93d15b47f803', '5cc67e4c-6ba0-474c-ac4a-1b06c88d1505', 'question', '7f016ef1-f7a0-4adb-9d77-1d4726fa86ed', 31, true, null),
    ('4fa86343-d821-497f-b72d-0fbed79b7f42', '823ebe0d-6923-4ad9-9807-41079a634889', 'question', '7f016ef1-f7a0-4adb-9d77-1d4726fa86ed', 32, true, null),
    ('d906cabb-36b8-4caf-9c9e-7c5541d7caf3', 'a5d5bd25-0f04-4c4d-8186-18a805b3cb3b', 'question', '7f016ef1-f7a0-4adb-9d77-1d4726fa86ed', 33, true, null),
    ('273e04b3-963a-49e9-a5a1-7aa4269eb223', '2aa0829e-4d46-4000-aa6e-e94513aa07ed', 'question', '7f016ef1-f7a0-4adb-9d77-1d4726fa86ed', 34, true, null),
    ('0215ba7e-e926-46f2-b03d-b69412ee292d', '23215b00-9169-414a-9145-499a08cd61e1', 'question', '7f016ef1-f7a0-4adb-9d77-1d4726fa86ed', 35, true, null),
    ('8f7f2e22-4abf-40c6-8c47-59451df2177b', 'ed0d519a-b29f-477b-86b0-a1ca70d7dd5c', 'question', '7f016ef1-f7a0-4adb-9d77-1d4726fa86ed', 36, true, null),
    ('29feb4b1-ba88-4290-9e00-b66bb057b270', '10fcc763-60ca-4ab8-a684-720be8dedf26', 'question', '7f016ef1-f7a0-4adb-9d77-1d4726fa86ed', 37, true, null),
    ('49a01011-f706-413d-83c0-afa884af122c', '616a15f7-8b32-455a-abbf-9272f6fb139a', 'question', '7f016ef1-f7a0-4adb-9d77-1d4726fa86ed', 38, true, null),
    ('68271347-c18b-408a-bbb7-9aa538af7b9f', 'f0dfc6b2-285c-459b-8770-72d99d21e126', 'question', '7f016ef1-f7a0-4adb-9d77-1d4726fa86ed', 39, true, null),
    ('9837a944-c952-4023-8358-41205cb41d88', '68a8221c-b29a-4baa-b9df-96be9793e5a1', 'question', '7f016ef1-f7a0-4adb-9d77-1d4726fa86ed', 40, true, null),
    ('5a8f6fd5-ca31-49d6-a854-2ffd9dbef206', '2acfed43-1919-4b58-8854-efd6d896187c', 'question', '7f016ef1-f7a0-4adb-9d77-1d4726fa86ed', 41, true, null),
    ('c3dc87a7-e78b-404a-8c23-db59fb95c780', 'd52df319-8958-453d-9bd5-911a751f0654', 'question', '7f016ef1-f7a0-4adb-9d77-1d4726fa86ed', 42, true, null),
    ('5648df3a-f5cf-4cbe-85ff-7ee3541719cd', 'c3da9595-178f-4eef-a87b-87d07e98547c', 'question', '7f016ef1-f7a0-4adb-9d77-1d4726fa86ed', 43, true, null),
    ('e953bdde-1ea1-49a4-8a28-34ae478b79ed', '523e74ff-56a0-472e-b043-cde8b2f5610b', 'question', '7f016ef1-f7a0-4adb-9d77-1d4726fa86ed', 44, true, null),
    ('a71db46d-b4ff-4d28-8190-583c1aea4e58', '1e71aedb-8de5-4b1f-b4f3-501203ec44dc', 'question', '7f016ef1-f7a0-4adb-9d77-1d4726fa86ed', 45, true, null),
    ('f27e855d-8d74-47cd-a07e-e517b8e5d0e5', 'b074214e-bbd9-4383-a7d6-344ccf5be022', 'question', '7f016ef1-f7a0-4adb-9d77-1d4726fa86ed', 46, true, null),
    ('2ca6f010-00dd-46c4-94f6-5c99a2233dd1', '637471a6-6c7b-43d6-96c4-f758fc9b34fc', 'question', '7f016ef1-f7a0-4adb-9d77-1d4726fa86ed', 47, true, null),
    ('80ea0717-8a05-4fe6-bc85-50feddd189e2', 'b476835b-a0f8-4172-86a1-47422076ba66', 'question', '7f016ef1-f7a0-4adb-9d77-1d4726fa86ed', 48, true, null),
    ('ea323a4e-bb6c-412c-9bdb-d2b63ed263e1', '92395e9a-4317-4927-9673-c2156a23f82e', 'question', '7f016ef1-f7a0-4adb-9d77-1d4726fa86ed', 49, true, null),
    ('391a6bc2-9c09-4f7b-a4fd-5f63524a2ec4', '9faadc3b-e85b-4034-bfa3-27e111c9bb3c', 'question', '7f016ef1-f7a0-4adb-9d77-1d4726fa86ed', 50, true, null),
    ('8523bb57-6406-4a83-83fc-0457c52681cd', 'e5cc2cad-2c37-4dcc-bcee-47a437a07c76', 'group', '648b69c1-c66c-4d05-b52c-440328239cb0', 10, true, null),
    ('cc09b6c1-9575-4f0d-82c8-016568b5310c', 'b5149c7d-1559-42e1-a86c-08901ba8df29', 'question', 'e5cc2cad-2c37-4dcc-bcee-47a437a07c76', 1, true, null),
    ('7f3077e3-7683-4758-b333-6b6667246cfb', '10048b77-cc25-4dca-93c9-14589c97c294', 'question', 'e5cc2cad-2c37-4dcc-bcee-47a437a07c76', 2, true, null),
    ('7138cd05-f743-4c5a-be65-52648d4397c2', '50fb398f-a3de-4c98-852a-382e3f2a8604', 'question', 'e5cc2cad-2c37-4dcc-bcee-47a437a07c76', 3, true, null),
    ('0f0d5697-583b-47a5-8a26-0492dfea0c80', 'd96a867e-a2c7-4529-ab00-1e022bba199c', 'question', 'e5cc2cad-2c37-4dcc-bcee-47a437a07c76', 4, true, null),
    ('6b54ece3-8961-4c6d-a684-ad002e41c55c', 'eda0eb54-608a-446d-b79a-483c5dc42c1d', 'question', 'e5cc2cad-2c37-4dcc-bcee-47a437a07c76', 5, true, null),
    ('c2409e07-030e-499d-b7d2-16fcfc5995b3', '21c382f6-572d-4c8e-9063-13142d7138ac', 'group', '648b69c1-c66c-4d05-b52c-440328239cb0', 11, true, null),
    ('537b995f-bd30-47c5-a403-61a42f594980', '5f913402-6d49-4873-8913-fa3b683be249', 'question', '21c382f6-572d-4c8e-9063-13142d7138ac', 1, true, null),
    ('674a0bb5-e9a0-4b69-9a72-6b1b12fb348e', '8e414ef1-48d1-421d-9e37-ee810de44576', 'question', '21c382f6-572d-4c8e-9063-13142d7138ac', 2, true, null),
    ('0ecba07d-27fd-4ec0-865d-51d9811c3dab', 'a4841a66-b0fa-4b8d-88ea-c49c0186e1c4', 'question', '21c382f6-572d-4c8e-9063-13142d7138ac', 3, true, null),
    ('68039621-2065-4229-a8ee-8165fc7e446a', '7492df71-0c68-444b-9951-8c14d0c758a1', 'question', '21c382f6-572d-4c8e-9063-13142d7138ac', 4, true, null),
    ('a9b88fd7-d1e1-488d-a10e-7b6c767efaf3', 'b7dd9f65-181b-4492-b43c-15d5956b0bb8', 'question', '21c382f6-572d-4c8e-9063-13142d7138ac', 5, true, null),
    ('37d662f1-3ab6-43d8-bb89-ece828f917f1', '9cac753b-c0c8-4fda-af2d-fc20d144ece5', 'group', '648b69c1-c66c-4d05-b52c-440328239cb0', 12, true, null),
    ('fbd239d0-806f-4603-8c2d-bc78e536c9b0', '06c7d8c1-80fc-4598-9955-be2425b1313a', 'question', '9cac753b-c0c8-4fda-af2d-fc20d144ece5', 1, true, null);


