INSERT INTO answer_schema_group (answer_schema_group_uuid, answer_schema_group_code, group_start, group_end)
VALUES ('8e60e9d6-b67b-4c7d-9a09-238c60dacdca', 'yes_no', '2020-11-30 14:50:00', null),
    ('5f2c9b53-fef9-449d-bfdb-8ba8a6d11ec2', 'punishment_public-protection_crime-reduction_reparation_reform-or-rehabilitation', '2020-11-30 14:50:00', null),
    ('4b620cb1-d1e7-4e1f-b88c-a437202262fe', 'absconding/bail_acquisitive-violence_burglary-(domestic)_burglary-(other)_criminal-damage_drink-driving_drug-import/export/production_drug-possession/supply_drunkeness_fraud,-forgery-and-misrepresentation_handling-stolen-goods_motoring-(not-drink-driving)_public-order-(harassment)_sexual-(against-children)_sexual-(not-against-children)_theft-(not-vehicle-related)_vehicle-related-theft_violence-against-the-person_welfare-fraud_other-offence', '2020-11-30 14:50:00', null),
    ('0c37466e-25a7-4071-a2bd-cc20c5078610', 'none_some_significant', '2020-11-30 14:50:00', null),
    ('5cb7ee18-799b-41b4-a766-5522f1636c3f', 'tenant-owner-/-occupied_living-with-(stable)_living-with-(unstable)_b&b-/-hotel_hostel_no-fixed-abode', '2020-11-30 14:50:00', null),
    ('a6a97c0b-9b6e-4d54-b05c-b7206b336331', 'unemployed-now-or-on-release_employed-full-time_employed-part-time_retired_casual-seasonal_education-or-training_other', '2020-11-30 14:50:00', null),
    ('e804237c-6b64-4889-85a4-c08ee2105819', 'very-high_high_medium_low', '2020-11-30 14:50:00', null),
    ('4a338201-96b9-4396-bf4b-237455da145e', 'very-hgh_high_medium_low', '2020-11-30 14:50:00', null),
    ('1a0747a8-b000-481a-8305-a42e67395c0f', 'good_satisfactory_poor', '2020-11-30 14:50:00', null),
    ('d5a94071-6d71-4a5a-b220-afddfa0f3c80', 'conditional-discharge_fine_custody_unpaid-work_community-order_curfew_other', '2020-11-30 14:50:00', null),
    ('30e1c596-a8ff-4dde-9ae8-b8b799c171ae', 'interview_service-records_cps-summary_previous-oasys-assessments_previous-convictions_victim-statement_safeguarding-checks_police-information_sentencing-guidelines_domestic-abuse-call-out-information', '2020-11-30 14:50:00', null);


INSERT INTO answer_schema (answer_schema_uuid, answer_schema_code, answer_schema_group_uuid, answer_start, answer_end, value, text)
VALUES ('aa006395-6613-4bab-9ddf-53b0458054fb', 'yes', '8e60e9d6-b67b-4c7d-9a09-238c60dacdca', '2020-11-30 14:50:00', null, 'Y', 'Yes'),
    ('0eae1ec3-d0d7-412e-8e65-0bca518c9bda', 'no', '8e60e9d6-b67b-4c7d-9a09-238c60dacdca', '2020-11-30 14:50:00', null, 'N', 'No'),
    ('1802fad5-c217-4d57-8032-0f883cabc45a', 'punishment', '5f2c9b53-fef9-449d-bfdb-8ba8a6d11ec2', '2020-11-30 14:50:00', null, 'punishment', 'Punishment'),
    ('f7df7ee2-2155-4897-beb7-fc9b51d102b0', 'public-protection', '5f2c9b53-fef9-449d-bfdb-8ba8a6d11ec2', '2020-11-30 14:50:00', null, 'public protection', 'Public protection'),
    ('91969612-1296-4928-be2e-911efd3bec80', 'crime-reduction', '5f2c9b53-fef9-449d-bfdb-8ba8a6d11ec2', '2020-11-30 14:50:00', null, 'crime reduction', 'Crime reduction'),
    ('37d58e66-86ba-4757-8ba9-9432d3310233', 'reparation', '5f2c9b53-fef9-449d-bfdb-8ba8a6d11ec2', '2020-11-30 14:50:00', null, 'reparation', 'Reparation'),
    ('deba3ed7-d321-48fb-9e98-af34578c3b16', 'reform-or-rehabilitation', '5f2c9b53-fef9-449d-bfdb-8ba8a6d11ec2', '2020-11-30 14:50:00', null, 'reform or rehabilitation', 'Reform or rehabilitation'),
    ('e522caca-a8cf-449a-8d0c-e6b189dc595b', 'absconding/bail', '4b620cb1-d1e7-4e1f-b88c-a437202262fe', '2020-11-30 14:50:00', null, 'absconding/bail', 'Absconding/bail'),
    ('18f8049a-913a-44ba-958a-25cbffcea3f7', 'acquisitive-violence', '4b620cb1-d1e7-4e1f-b88c-a437202262fe', '2020-11-30 14:50:00', null, 'acquisitive violence', 'Acquisitive violence'),
    ('b8ec8545-96f7-4d23-86be-788aaa9316d1', 'burglary-(domestic)', '4b620cb1-d1e7-4e1f-b88c-a437202262fe', '2020-11-30 14:50:00', null, 'burglary (domestic)', 'Burglary (domestic)'),
    ('00a341a9-740c-4903-bd1a-7333229ad34a', 'burglary-(other)', '4b620cb1-d1e7-4e1f-b88c-a437202262fe', '2020-11-30 14:50:00', null, 'burglary (other)', 'Burglary (other)'),
    ('6b976e5f-4dd9-4b12-9863-21910a84517a', 'criminal-damage', '4b620cb1-d1e7-4e1f-b88c-a437202262fe', '2020-11-30 14:50:00', null, 'criminal damage', 'Criminal damage'),
    ('697250a8-edcb-4839-ab03-1e0bbc38d2ce', 'drink-driving', '4b620cb1-d1e7-4e1f-b88c-a437202262fe', '2020-11-30 14:50:00', null, 'drink driving', 'Drink driving'),
    ('353b2dd7-4a82-4364-9984-298b46ac755b', 'drug-import/export/production', '4b620cb1-d1e7-4e1f-b88c-a437202262fe', '2020-11-30 14:50:00', null, 'drug import/export/production', 'Drug import/export/production'),
    ('48227380-1757-4c5a-990f-0d61591a6ac8', 'drug-possession/supply', '4b620cb1-d1e7-4e1f-b88c-a437202262fe', '2020-11-30 14:50:00', null, 'drug possession/supply', 'Drug possession/supply'),
    ('bdfaf294-28bb-4c86-9a4f-f394bd67790d', 'drunkeness', '4b620cb1-d1e7-4e1f-b88c-a437202262fe', '2020-11-30 14:50:00', null, 'drunkeness', 'Drunkeness'),
    ('8a9c9203-0d70-47ee-95aa-985ca746e423', 'fraud,-forgery-and-misrepresentation', '4b620cb1-d1e7-4e1f-b88c-a437202262fe', '2020-11-30 14:50:00', null, 'fraud, forgery and misrepresentation', 'Fraud, forgery and misrepresentation'),
    ('3491cd4f-785a-4665-a197-ab3b717efb18', 'handling-stolen-goods', '4b620cb1-d1e7-4e1f-b88c-a437202262fe', '2020-11-30 14:50:00', null, 'handling stolen goods', 'Handling stolen goods'),
    ('1baaaf94-419c-47ea-9410-f927e1f3f895', 'motoring-(not-drink-driving)', '4b620cb1-d1e7-4e1f-b88c-a437202262fe', '2020-11-30 14:50:00', null, 'motoring (not drink driving)', 'Motoring (not drink driving)'),
    ('cf1f5b47-7426-4323-a253-8699b31080fe', 'public-order-(harassment)', '4b620cb1-d1e7-4e1f-b88c-a437202262fe', '2020-11-30 14:50:00', null, 'public order (harassment)', 'Public order (harassment)'),
    ('ec09a767-4782-49b2-9aed-45559ecfab5d', 'sexual-(against-children)', '4b620cb1-d1e7-4e1f-b88c-a437202262fe', '2020-11-30 14:50:00', null, 'sexual (against children)', 'Sexual (against children)'),
    ('7931d745-5419-4e92-9d57-e9f705cdbe35', 'sexual-(not-against-children)', '4b620cb1-d1e7-4e1f-b88c-a437202262fe', '2020-11-30 14:50:00', null, 'sexual (not against children)', 'Sexual (not against children)'),
    ('5bef5e0c-e866-4fab-9d2f-8d96307cd324', 'theft-(not-vehicle-related)', '4b620cb1-d1e7-4e1f-b88c-a437202262fe', '2020-11-30 14:50:00', null, 'theft (not vehicle-related)', 'Theft (not vehicle-related)'),
    ('e4ae189a-c5d1-4d69-a7ff-242f8101489a', 'vehicle-related-theft', '4b620cb1-d1e7-4e1f-b88c-a437202262fe', '2020-11-30 14:50:00', null, 'vehicle-related theft', 'Vehicle-related theft'),
    ('a9709b78-a727-491d-9dc0-f7d250ced6ce', 'violence-against-the-person', '4b620cb1-d1e7-4e1f-b88c-a437202262fe', '2020-11-30 14:50:00', null, 'violence against the person', 'Violence against the person'),
    ('b480ba42-975e-4f46-8753-51d757dbbe6a', 'welfare-fraud', '4b620cb1-d1e7-4e1f-b88c-a437202262fe', '2020-11-30 14:50:00', null, 'welfare fraud', 'Welfare fraud'),
    ('e74a70b7-e545-4c74-bbe1-5fa895c92586', 'other-offence', '4b620cb1-d1e7-4e1f-b88c-a437202262fe', '2020-11-30 14:50:00', null, 'other offence', 'Other offence'),
    ('0ce5b254-1830-479d-a432-888bfe161314', 'none', '0c37466e-25a7-4071-a2bd-cc20c5078610', '2020-11-30 14:50:00', null, 'none', 'None'),
    ('0ea17e8a-596e-4c66-856a-c383066f7c10', 'some', '0c37466e-25a7-4071-a2bd-cc20c5078610', '2020-11-30 14:50:00', null, 'some', 'Some'),
    ('43ece64e-5525-4059-b5e4-a2d26044e516', 'significant', '0c37466e-25a7-4071-a2bd-cc20c5078610', '2020-11-30 14:50:00', null, 'significant', 'Significant'),
    ('909471b7-afcc-4384-9a98-4f8728035be2', 'tenant-owner-/-occupied', '5cb7ee18-799b-41b4-a766-5522f1636c3f', '2020-11-30 14:50:00', null, 'tenant owner / occupied', 'Tenant owner / occupied'),
    ('868f0d99-0109-420a-a889-d551a74951d9', 'living-with-(stable)', '5cb7ee18-799b-41b4-a766-5522f1636c3f', '2020-11-30 14:50:00', null, 'living with (stable)', 'Living with (stable)'),
    ('7293dbc1-9450-461c-963b-baaf17054923', 'living-with-(unstable)', '5cb7ee18-799b-41b4-a766-5522f1636c3f', '2020-11-30 14:50:00', null, 'living with (unstable)', 'Living with (unstable)'),
    ('dc32d7b7-6816-46ab-8e56-662494e9b56b', 'b&b-/-hotel', '5cb7ee18-799b-41b4-a766-5522f1636c3f', '2020-11-30 14:50:00', null, 'b&b / hotel', 'B&B / hotel'),
    ('3ecd4494-d666-4cb6-aa76-c815074e9154', 'hostel', '5cb7ee18-799b-41b4-a766-5522f1636c3f', '2020-11-30 14:50:00', null, 'hostel', 'Hostel'),
    ('cfeaf2a3-d8d2-41ff-a3cb-9dea8936b891', 'no-fixed-abode', '5cb7ee18-799b-41b4-a766-5522f1636c3f', '2020-11-30 14:50:00', null, 'no fixed abode', 'No fixed abode'),
    ('e837006f-c237-4509-b59f-f00e80730955', 'unemployed-now-or-on-release', 'a6a97c0b-9b6e-4d54-b05c-b7206b336331', '2020-11-30 14:50:00', null, 'unemployed now or on release', 'Unemployed now or on release'),
    ('12c9e772-84bb-4052-99e5-734783f604fd', 'employed-full-time', 'a6a97c0b-9b6e-4d54-b05c-b7206b336331', '2020-11-30 14:50:00', null, 'employed full time', 'Employed full time'),
    ('5e7f0807-5fac-44d8-999a-2e56763937be', 'employed-part-time', 'a6a97c0b-9b6e-4d54-b05c-b7206b336331', '2020-11-30 14:50:00', null, 'employed part-time', 'Employed part-time'),
    ('aad93236-039d-44e6-b361-5fc6ea07012e', 'retired', 'a6a97c0b-9b6e-4d54-b05c-b7206b336331', '2020-11-30 14:50:00', null, 'retired', 'Retired'),
    ('bea1df12-ffe6-42cf-8b7c-97985ce987ba', 'casual-seasonal', 'a6a97c0b-9b6e-4d54-b05c-b7206b336331', '2020-11-30 14:50:00', null, 'casual seasonal', 'Casual seasonal'),
    ('c1c1a41a-fd80-40cb-bfa8-c09e218a59da', 'education-or-training', 'a6a97c0b-9b6e-4d54-b05c-b7206b336331', '2020-11-30 14:50:00', null, 'education or training', 'Education or training'),
    ('f32485b1-6caf-411a-8a1b-8b00a10b4bcf', 'other', 'a6a97c0b-9b6e-4d54-b05c-b7206b336331', '2020-11-30 14:50:00', null, 'other', 'Other'),
    ('8f135e03-de17-4819-a9c5-6f063652ff93', 'very-high', 'e804237c-6b64-4889-85a4-c08ee2105819', '2020-11-30 14:50:00', null, 'very high', 'Very high'),
    ('bd8fcd12-2e7e-407d-88ef-461acf3825aa', 'high', 'e804237c-6b64-4889-85a4-c08ee2105819', '2020-11-30 14:50:00', null, 'high', 'High'),
    ('90884fc2-a76c-4f36-9189-8669d8b394e0', 'medium', 'e804237c-6b64-4889-85a4-c08ee2105819', '2020-11-30 14:50:00', null, 'medium', 'Medium'),
    ('262dc108-90d5-4155-96de-1c10a187dc13', 'low', 'e804237c-6b64-4889-85a4-c08ee2105819', '2020-11-30 14:50:00', null, 'low', 'Low'),
    ('ecdaea72-3c72-4c05-8c5f-af999487ac62', 'very-hgh', '4a338201-96b9-4396-bf4b-237455da145e', '2020-11-30 14:50:00', null, 'very hgh', 'Very hgh'),
    ('732d106f-43dd-4078-b8c1-fdbc2b15765e', 'high', '4a338201-96b9-4396-bf4b-237455da145e', '2020-11-30 14:50:00', null, 'high', 'High'),
    ('8d5422d9-82e3-45e7-8189-fd175c5df74d', 'medium', '4a338201-96b9-4396-bf4b-237455da145e', '2020-11-30 14:50:00', null, 'medium', 'Medium'),
    ('4bc48924-9c21-4868-949b-79aa12505da7', 'low', '4a338201-96b9-4396-bf4b-237455da145e', '2020-11-30 14:50:00', null, 'low', 'Low'),
    ('18f86030-fb3c-48f6-9095-648aefcff1cf', 'good', '1a0747a8-b000-481a-8305-a42e67395c0f', '2020-11-30 14:50:00', null, 'good', 'Good'),
    ('b72ce7b1-a5e6-46dd-84b3-3a4cbc39718d', 'satisfactory', '1a0747a8-b000-481a-8305-a42e67395c0f', '2020-11-30 14:50:00', null, 'satisfactory', 'Satisfactory'),
    ('1c1d57d9-1072-4aa3-8cee-50cf52c0d3e0', 'poor', '1a0747a8-b000-481a-8305-a42e67395c0f', '2020-11-30 14:50:00', null, 'poor', 'Poor'),
    ('eb458ebe-1d84-4105-9576-479196aec6a0', 'conditional-discharge', 'd5a94071-6d71-4a5a-b220-afddfa0f3c80', '2020-11-30 14:50:00', null, 'conditional discharge', 'Conditional discharge'),
    ('f49b7105-05fb-4f88-8e4e-16d288d2b19c', 'fine', 'd5a94071-6d71-4a5a-b220-afddfa0f3c80', '2020-11-30 14:50:00', null, 'fine', 'Fine'),
    ('ebedd9cd-e568-423d-a14f-2d95668e5be2', 'custody', 'd5a94071-6d71-4a5a-b220-afddfa0f3c80', '2020-11-30 14:50:00', null, 'custody', 'Custody'),
    ('d8a16fa7-58f1-434b-950b-b90f3b25d53b', 'unpaid-work', 'd5a94071-6d71-4a5a-b220-afddfa0f3c80', '2020-11-30 14:50:00', null, 'unpaid work', 'Unpaid work'),
    ('fdeb7183-4f46-49bb-b2f6-931b7c62477e', 'community-order', 'd5a94071-6d71-4a5a-b220-afddfa0f3c80', '2020-11-30 14:50:00', null, 'community order', 'Community order'),
    ('4f47ba31-6b68-4d58-976f-a240938f02a0', 'curfew', 'd5a94071-6d71-4a5a-b220-afddfa0f3c80', '2020-11-30 14:50:00', null, 'curfew', 'Curfew'),
    ('f9ac615d-f234-430d-9576-55602d820613', 'other', 'd5a94071-6d71-4a5a-b220-afddfa0f3c80', '2020-11-30 14:50:00', null, 'other', 'Other'),
    ('4617adc1-956c-4680-b875-c0902edf16c3', 'interview', '30e1c596-a8ff-4dde-9ae8-b8b799c171ae', '2020-11-30 14:50:00', null, 'interview', 'Interview'),
    ('730b1317-6d91-4af3-9a23-c0e41469da4c', 'service-records', '30e1c596-a8ff-4dde-9ae8-b8b799c171ae', '2020-11-30 14:50:00', null, 'service records', 'Service records'),
    ('03418ce9-e0cd-4d35-a73d-e5408e0fed37', 'cps-summary', '30e1c596-a8ff-4dde-9ae8-b8b799c171ae', '2020-11-30 14:50:00', null, 'cps summary', 'CPS summary'),
    ('bdbb97c7-7944-485d-802a-823a470998c5', 'previous-oasys-assessments', '30e1c596-a8ff-4dde-9ae8-b8b799c171ae', '2020-11-30 14:50:00', null, 'previous oasys assessments', 'Previous OASys assessments'),
    ('728cb3af-b0a9-4d19-9f28-82f5d0dc295b', 'previous-convictions', '30e1c596-a8ff-4dde-9ae8-b8b799c171ae', '2020-11-30 14:50:00', null, 'previous convictions', 'Previous convictions'),
    ('501d12ab-a2c2-4c00-adc3-839ee1a4d048', 'victim-statement', '30e1c596-a8ff-4dde-9ae8-b8b799c171ae', '2020-11-30 14:50:00', null, 'victim statement', 'Victim statement'),
    ('33abd831-21e1-4138-9eef-eb9f0334dc38', 'safeguarding-checks', '30e1c596-a8ff-4dde-9ae8-b8b799c171ae', '2020-11-30 14:50:00', null, 'safeguarding checks', 'Safeguarding checks'),
    ('1b4b1eff-ed98-49dc-9698-f69b4222651a', 'police-information', '30e1c596-a8ff-4dde-9ae8-b8b799c171ae', '2020-11-30 14:50:00', null, 'police information', 'Police information'),
    ('32f4fc6a-7d85-4f68-9f78-90b81b15229f', 'sentencing-guidelines', '30e1c596-a8ff-4dde-9ae8-b8b799c171ae', '2020-11-30 14:50:00', null, 'sentencing guidelines', 'Sentencing guidelines'),
    ('ce0e89cf-bc7d-4a61-94e9-65e155f73978', 'domestic-abuse-call-out-information', '30e1c596-a8ff-4dde-9ae8-b8b799c171ae', '2020-11-30 14:50:00', null, 'domestic abuse call-out information', 'Domestic abuse call-out information');


INSERT INTO grouping (group_uuid, group_code, heading, subheading, help_text, group_start, group_end)
VALUES ('a48d0760-9423-42dc-8bd2-bdf751686e7b', 'pre_sentence_report', 'Pre-Sentence Report', null, null, '2020-11-30 14:50:00', null),
    ('5dbdeaa8-97fb-44e1-a414-efc755e70388', 'the_individual', 'The individual', null, null, '2020-11-30 14:50:00', null),
    ('b9949d8d-3828-42e0-b9ab-7fc4da460d41', 'court_information', 'Court information', null, null, '2020-11-30 14:50:00', null),
    ('1554d6c9-202e-4019-8271-9aa84dbfec66', 'psr_metadata', 'PSR metadata', null, null, '2020-11-30 14:50:00', null),
    ('7295cb55-e035-4308-a110-e04534f00c0c', 'probation_service_details', 'Probation service details', null, null, '2020-11-30 14:50:00', null),
    ('e1643f9f-037e-4718-ae97-cbaad39eb8e0', 'the_offences', 'The offences', null, null, '2020-11-30 14:50:00', null),
    ('83a67371-593c-4cb2-b234-1be6cc803257', 'offence_analysis', 'Offence analysis', null, null, '2020-11-30 14:50:00', null),
    ('fe411242-645a-4f5d-8921-e915f404d9a1', 'criminal_history', 'Criminal history', null, null, '2020-11-30 14:50:00', null),
    ('91b29dd8-0796-4214-9863-07af2271ccff', 'order', 'Order', null, null, '2020-11-30 14:50:00', null),
    ('9dc7216d-af46-4d00-86b0-b06e9d4cd449', 'needs', 'Needs', null, null, '2020-11-30 14:50:00', null),
    ('c0d43281-e14d-414a-aec1-c7104ba3730a', 'risks', 'Risks', null, null, '2020-11-30 14:50:00', null),
    ('49b3390f-5554-4cdb-834b-5c8c5c2140b3', 'proposal', 'Proposal', null, null, '2020-11-30 14:50:00', null),
    ('980d0b78-bffa-4cd2-b707-12172105e63b', 'information_sources', 'Information sources', null, null, '2020-11-30 14:50:00', null);


INSERT INTO question_schema (question_schema_uuid, question_code, oasys_question_code, question_start, question_end, answer_type, answer_schema_group_uuid, question_text, question_help_text)
VALUES ('e2c6fce9-4d0f-477f-a234-6d591e0873a9', 'title', null, '2020-11-30 14:50:00', null, 'freetext', null, 'Title', null),
    ('d28b9fdb-9cad-4962-ba34-d1e5ddfabcd9', 'first_name', null, '2020-11-30 14:50:00', null, 'freetext', null, 'First name or names
', null),
    ('413f128f-cfab-432d-a5ff-ac68c95a0757', 'family_name', null, '2020-11-30 14:50:00', null, 'freetext', null, 'Family name or names', null),
    ('3bf85b19-e44e-45f8-be3c-a6995ed3a9e0', 'date_of_birth', null, '2020-11-30 14:50:00', null, 'freetext', null, 'Date of birth', null),
    ('d9ca6feb-1d49-45c7-b2c9-22eb1fbf947d', 'age', null, '2020-11-30 14:50:00', null, 'freetext', null, 'Age', null),
    ('5ed4d624-911f-42fb-a030-9dc3bf3b4271', 'gender', null, '2020-11-30 14:50:00', null, 'freetext', null, 'Gender', null),
    ('af079ffc-2c4e-4514-b85d-2588c81024e3', 'sex', null, '2020-11-30 14:50:00', null, 'freetext', null, 'Sex', null),
    ('3653cca8-315a-443e-b366-853712ff229a', 'crn', null, '2020-11-30 14:50:00', null, 'freetext', null, 'CRN', null),
    ('ff61634d-376c-4a25-b578-eaba0d2d52c6', 'pnc', null, '2020-11-30 14:50:00', null, 'freetext', null, 'PNC', null),
    ('0d2387ff-093e-4447-898c-5d575847b2af', 'address', null, '2020-11-30 14:50:00', null, 'freetext', null, 'Address', null),
    ('9399a64b-7b14-48bb-9881-97ad0c90faba', 'court', null, '2020-11-30 14:50:00', null, 'freetext', null, 'Court', null),
    ('e3146003-c07b-4fc5-bdd5-28319068f3e0', 'local_justice_area', null, '2020-11-30 14:50:00', null, 'freetext', null, 'Local justice area', null),
    ('592344a8-5f9c-48cb-b52f-9d6912c5d406', 'date_of_hearing', null, '2020-11-30 14:50:00', null, 'freetext', null, 'Date of hearing', null),
    ('b93cc203-53b8-4e98-89b4-64462232d3f9', 'date_of_assessment', null, '2020-11-30 14:50:00', null, 'freetext', null, 'Date of assessment', null),
    ('6da5c57f-c6f3-4a61-bdb9-9faeb9583156', 'seriousness', null, '2020-11-30 14:50:00', null, 'freetext', null, 'Seriousness', null),
    ('4d908c8a-0cd1-449c-904c-8db209da210a', 'sentencing_purpose', null, '2020-11-30 14:50:00', null, 'dropdown', '5f2c9b53-fef9-449d-bfdb-8ba8a6d11ec2', 'Sentencing purpose', null),
    ('3a90f018-bb96-448c-8368-236bb42be8a3', 'date_report_requested', null, '2020-11-30 14:50:00', null, 'freetext', null, 'Date report requested', null),
    ('b3a30e8f-d634-4f9e-81c3-7fe5d182e05f', 'date_report_required', null, '2020-11-30 14:50:00', null, 'freetext', null, 'Date report required', null),
    ('8ff3ac61-4579-479d-955e-9f2f8afc5419', 'date_report_completed_and_signed', null, '2020-11-30 14:50:00', null, 'freetext', null, 'Date report completed and signed', null),
    ('dc2cdb21-cb4b-40d8-88c8-fca54a0a43fc', 'offender_manager', null, '2020-11-30 14:50:00', null, 'freetext', null, 'Probation practitioner', null),
    ('e1bc9551-0651-490c-a949-1c9bdfa1b5c2', 'psr_writers_name', null, '2020-11-30 14:50:00', null, 'freetext', null, 'Report author', null),
    ('5ea5ad57-9509-481c-90e4-050ee6457605', 'psr_writers_office_location', null, '2020-11-30 14:50:00', null, 'freetext', null, 'Office', null),
    ('892a735e-747b-4138-8daa-9caca7ea029c', 'main_offence', null, '2020-11-30 14:50:00', null, 'dropdown', '4b620cb1-d1e7-4e1f-b88c-a437202262fe', 'Main offence
', null),
    ('fa3c003c-0ae4-4813-bc88-ac5ac87a1470', 'main_offence_date', null, '2020-11-30 14:50:00', null, 'freetext', null, 'Date', null),
    ('50d6d77e-04a1-40ec-a2d5-7d4b7b2cfd75', 'other_offences_and_dates_if_applicable', null, '2020-11-30 14:50:00', null, 'dropdown', '4b620cb1-d1e7-4e1f-b88c-a437202262fe', 'Other offence
', null),
    ('9b5ef489-e970-4502-ae55-6c5c63a7596c', 'other_offences_dates', null, '2020-11-30 14:50:00', null, 'freetext', null, 'Date', null),
    ('4839229d-dad0-48f9-b7ae-62d31ab497ac', 'offence_description', null, '2020-11-30 14:50:00', null, 'freetext', null, 'Offence description', null),
    ('4cf76134-174d-40a8-a1c6-da11f67ee1ed', 'offence_category_type', null, '2020-11-30 14:50:00', null, 'freetext', null, 'Current offence category', null),
    ('01f099e7-d164-45be-b995-1169bfed7de2', 'date_of_current_conviction', null, '2020-11-30 14:50:00', null, 'freetext', null, 'Date of current conviction', null),
    ('b3c5efd9-4242-48ba-bcd8-6af3162d9145', 'date_of_sentence_or_discharge_if_sentenced_to_custody', null, '2020-11-30 14:50:00', null, 'freetext', null, 'Date of sentence, or discharge if sentenced to custody', null),
    ('5bacaa5d-1df0-475e-b214-98e427e17911', 'offence_analysis', 'Section 2, question 2.1', '2020-11-30 14:50:00', null, 'freetext', null, 'Offence analysis', null),
    ('cae748bd-cc9f-4051-a2d4-61631876dc62', 'why_did_the_offence_occur', 'Section 2, question 2.8', '2020-11-30 14:50:00', null, 'freetext', null, 'Why did the offence occur?', null),
    ('6a6eec89-9aa1-454a-98c4-268c6c102116', 'offender_accepts_responsibility_for_the_current_offence', 'Section 2, question 2.11', '2020-11-30 14:50:00', null, 'radio', '8e60e9d6-b67b-4c7d-9a09-238c60dacdca', 'Does the individual accept responsibility for the current offence?', null),
    ('5b3256f7-7ffc-4383-a6d2-b9838c6c8c8a', 'give_details', null, '2020-11-30 14:50:00', null, 'freetext', null, 'Give details', null),
    ('d4cedc23-7350-426b-92e9-a0effb065b9a', 'offender_recognises_the_impact_and_consequences_of_offence_s_on_the_victim_community_wider_society', 'Section 2, question 2.6', '2020-11-30 14:50:00', null, 'radio', '8e60e9d6-b67b-4c7d-9a09-238c60dacdca', 'Does the individual recognise the impact and consequences of offence(s) on the victim or community or wider society?', null),
    ('2124f51d-bf4e-4d49-84f5-c05ceb6617b7', 'give_details', null, '2020-11-30 14:50:00', null, 'freetext', null, 'Give details', null),
    ('8363e43f-db6c-45c5-b8c1-b62fb6819dcd', 'current_offence_s_indicate_escalation_in_seriousness_from_earlier_offending', 'Section 2, question 2.13', '2020-11-30 14:50:00', null, 'radio', '8e60e9d6-b67b-4c7d-9a09-238c60dacdca', 'Do the current offence(s) indicate escalation in seriousness from earlier offending?', null),
    ('89508511-9804-4648-93fa-fa8ca0a9f774', 'give_details', null, '2020-11-30 14:50:00', null, 'freetext', null, 'Give details', null),
    ('124b5f56-540a-49b1-8270-0f62af74eb8d', 'does_the_offender_have_any_history_of_statutory_sexual_offences', null, '2020-11-30 14:50:00', null, 'radio', '8e60e9d6-b67b-4c7d-9a09-238c60dacdca', 'Does the individual have any history of statutory sexual offences?', null),
    ('68e45be5-9a3b-4236-b0ab-5ec52a75ebe8', 'does_the_current_offence_have_a_sexual_element_or_motivation', null, '2020-11-30 14:50:00', null, 'radio', '8e60e9d6-b67b-4c7d-9a09-238c60dacdca', 'Does the current offence have a sexual element or motivation?', null),
    ('1a91be25-9268-4444-a7a4-b2044dfe6734', 'does_the_current_sexual_offence_have_a_stranger_victim', null, '2020-11-30 14:50:00', null, 'radio', '8e60e9d6-b67b-4c7d-9a09-238c60dacdca', 'Does the current sexual offence have a stranger victim?', null),
    ('67b0ac0f-d152-4168-b185-9ae28a3f4d14', 'date_of_most_recent_sexual_offence', null, '2020-11-30 14:50:00', null, 'freetext', null, 'Date of most recent sexual offence', null),
    ('ed418ef0-ebc5-48ee-9631-0d8b8568a5ab', 'number_of_previous_current_sanctions_involving_contact_adult_sexual_offences', null, '2020-11-30 14:50:00', null, 'freetext', null, 'Number of previous/current sanctions involving contact adult sexual offences', null),
    ('efa4f1ea-ae8e-4eff-b3d7-2129fc4ea174', 'number_of_previous_current_sanctions_involving_contact_child_sexual_offences', null, '2020-11-30 14:50:00', null, 'freetext', null, 'Number of previous/current sanctions involving contact child sexual offences', null),
    ('d6a624c6-c764-445a-9c30-997def4e985b', 'number_of_previous_current_sanctions_involving_indecent_image_sexual_offences', null, '2020-11-30 14:50:00', null, 'freetext', null, 'Number of previous/current sanctions involving indecent image sexual offences', null),
    ('379d46cf-25e9-4b62-bf29-4519e9f88c5a', 'number_of_previous_current_sanctions_involving_paraphilia_sexual_offences', null, '2020-11-30 14:50:00', null, 'freetext', null, 'Number of previous/current sanctions involving paraphilia sexual offences', null),
    ('7f3410ae-0b54-48b6-b09a-63aa6b39f2d9', 'have_you_completed_an_offender_interview_and_or_oa_sys', null, '2020-11-30 14:50:00', null, 'radio', '8e60e9d6-b67b-4c7d-9a09-238c60dacdca', 'Have you completed an interview and/or OASys?', null),
    ('5c1a2e23-7eef-45fc-b33c-713f4f72b8d9', 'does_the_offender_have_any_previous_convictions_for_the_following_offences', null, '2020-11-30 14:50:00', null, 'freetext', null, 'Does the individual have any previous convictions for the following:', null),
    ('11e7fe8c-3cc7-42ce-8a32-5432a3b046b6', 'murder_attempted_murder_threat_or_conspiracy_to_murder_manslaughter', null, '2020-11-30 14:50:00', null, 'freetext', null, 'Murder or attempted murder
or
threat or conspiracy to murder or manslaughter', null),
    ('4ba5f495-6220-4d44-9ab7-ee7de72ed195', 'wounding_gbh_sections_18_20_offences_against_the_person_act_1861', null, '2020-11-30 14:50:00', null, 'freetext', null, 'Wounding or GBH (Sections 18/20 Offences Against the Person ACT 1861)', null),
    ('a377f4f7-0cb1-4418-a215-2c33bb493587', 'aggravated_burglary', null, '2020-11-30 14:50:00', null, 'freetext', null, 'Aggravated burglary', null),
    ('3d128226-0fce-4a19-9abf-2845485a0afb', 'arson', null, '2020-11-30 14:50:00', null, 'freetext', null, 'Arson', null),
    ('1fcb419e-0eb0-49e8-86f4-a402419c0cc5', 'criminal_damage_with_intent_to_endanger_life', null, '2020-11-30 14:50:00', null, 'freetext', null, 'Criminal damage with intent to endanger life', null),
    ('2eda9947-22cc-4028-ac2f-bdfb2e0b10ef', 'kidnapping_false_imprisonment', null, '2020-11-30 14:50:00', null, 'freetext', null, 'Kidnapping or false imprisonment', null),
    ('99e757ff-37a8-434f-b865-189b415086eb', 'possession_of_a_firearm_with_intent_to_endanger_life_or_resist_arrest', null, '2020-11-30 14:50:00', null, 'freetext', null, 'Possession of a firearm with intent to endanger life or resist arrest', null),
    ('aacffee5-6b5e-455d-ae5d-d49766ec70cd', 'robbery', null, '2020-11-30 14:50:00', null, 'freetext', null, 'Robbery', null),
    ('bcd01305-b339-4a00-9e87-7e295b9a8bf8', 'any_other_offence_involving_possession_and_or_use_of_weapons', null, '2020-11-30 14:50:00', null, 'freetext', null, 'Any other offence involving possession and/or use of weapons', null),
    ('ddb2e121-c153-4afe-a9fb-fa839e93236d', 'did_the_offence_involve_carrying_use_of_a_weapon', '2.2A', '2020-11-30 14:50:00', null, 'radio', '8e60e9d6-b67b-4c7d-9a09-238c60dacdca', 'Did the offence involve carrying or use of a weapon?', null),
    ('8fcf5ea4-a0c5-489c-990b-f2fb8c1227e9', 'patterns_of_offending_behaviour_if_applicable', 'Section 2, question 2.14', '2020-11-30 14:50:00', null, 'radio', '8e60e9d6-b67b-4c7d-9a09-238c60dacdca', 'Are current offence(s) part of an established pattern of offending?', null),
    ('cd709cb2-03c2-4ade-87a8-2f33fcf7711b', 'details_of_patterns_of_offending_behaviour', null, '2020-11-30 14:50:00', null, 'freetext', null, 'Give details', null),
    ('f45f4358-8299-4fae-8f35-6fa1a9addc94', 'date_of_first_sanction', null, '2020-11-30 14:50:00', null, 'freetext', null, 'Date of first sanction', null),
    ('4351499d-8125-46d3-9bdd-dad991d40158', 'previous_sanctions', null, '2020-11-30 14:50:00', null, 'freetext', null, 'Number of previous sanctions for all recordable offences', null),
    ('81eafbc1-c2f0-40e3-b73b-83ec58a8cd57', 'number_of_previous_current_sanctions_for_violent_offences', null, '2020-11-30 14:50:00', null, 'freetext', null, 'Number of previous or current sanctions for violent offences', null),
    ('6e91d394-af03-470f-b135-b41d0b69ddac', 'order', null, '2020-11-30 14:50:00', null, 'freetext', null, 'Order', null),
    ('ca5ce309-1a43-4658-9b21-fa43f9103fcc', 'is_the_offender_living_in_suitable_accommodation', '3.4', '2020-11-30 14:50:00', null, 'radio', '0c37466e-25a7-4071-a2bd-cc20c5078610', 'Is the individual living in suitable accommodation?', null),
    ('11782ad4-351e-4d6f-ae17-19a6d6972494', 'accommodation', 'Section 3 last question field ref S3.11', '2020-11-30 14:50:00', null, 'radio', '8e60e9d6-b67b-4c7d-9a09-238c60dacdca', 'Are accommodation issues linked to offending behaviour?', null),
    ('e6c07ea4-8547-4618-9fa1-18aea4f9b31e', 'accommodation_type', null, '2020-11-30 14:50:00', null, 'dropdown', '5cb7ee18-799b-41b4-a766-5522f1636c3f', 'Accommodation type', null),
    ('f0d5fa8e-39d0-41d3-9213-d01b0e9420e0', 'give_details', null, '2020-11-30 14:50:00', null, 'freetext', null, 'Give details', null),
    ('39f8c278-6f42-4f87-8f97-ef323f7f8b62', 'education_training_and_employability', 'Section 4 last question field ref S4.23', '2020-11-30 14:50:00', null, 'radio', '8e60e9d6-b67b-4c7d-9a09-238c60dacdca', 'Are education, training, employment and/or basic skills issues linked to offending behaviour?', null),
    ('ab215185-5426-4e13-aafb-3ebc5e9478ac', 'education_training_and_employability_status', '4.2', '2020-11-30 14:50:00', null, 'dropdown', 'a6a97c0b-9b6e-4d54-b05c-b7206b336331', 'Education, training and employability status', null),
    ('632092ca-8192-4781-be92-d8500cba017b', 'give_details', null, '2020-11-30 14:50:00', null, 'freetext', null, 'Give details', null),
    ('9b6ef31c-0643-472e-b218-f863f7721793', 'hours_of_work_or_education_training_per_week', null, '2020-11-30 14:50:00', null, 'freetext', null, 'Hours of work or education / training per week', null),
    ('8c5826fc-6f99-4e5c-8141-bf236763390e', 'skills_for_life_assessment_required', null, '2020-11-30 14:50:00', null, 'radio', '8e60e9d6-b67b-4c7d-9a09-238c60dacdca', 'Is a Skills for Life assessment required?', null),
    ('a8e6b252-75d2-428f-aa25-b98050a2e5c5', 'finance', 'Section 5 last question field ref S5.13', '2020-11-30 14:50:00', null, 'radio', '8e60e9d6-b67b-4c7d-9a09-238c60dacdca', 'Are financial issues linked to offending behaviour?', null),
    ('f719d0be-33ac-4c2d-abc8-fc3bd107b8fc', 'give_details', null, '2020-11-30 14:50:00', null, 'freetext', null, 'Give details', null),
    ('5cb1cf6e-a882-4cc0-949f-55d1d1c4301c', 'relationships', '6.4', '2020-11-30 14:50:00', null, 'radio', '0c37466e-25a7-4071-a2bd-cc20c5078610', 'What is the person''s current relationship with his/her partner?', null),
    ('dd19374f-9c03-440d-ab89-c7555487f5f0', 'is_there_evidence_that_the_offender_is_a_perpetrator_of_domestic_violence_partner_abuse', '6.7', '2020-11-30 14:50:00', null, 'radio', '8e60e9d6-b67b-4c7d-9a09-238c60dacdca', 'Is there evidence that the individual is a perpetrator of domestic violence or partner abuse?', null),
    ('594aeea3-1584-4d93-a250-4e61354b0a27', 'alcohol_misuse', 'Section 9 last question field ref S9.14', '2020-11-30 14:50:00', null, 'radio', '0c37466e-25a7-4071-a2bd-cc20c5078610', 'Is the person''s current use of alcohol a problem?', null),
    ('aff7d1b3-34bb-4b3d-8129-bafffb37a168', 'give_details', null, '2020-11-30 14:50:00', null, 'freetext', null, 'Give details', null),
    ('b1191d51-c43c-41ca-a833-2024f044be90', 'is_there_evidence_of_binge_drinking_or_excessive_use_of_alcohol_in_the_last_6_months', '9.2', '2020-11-30 14:50:00', null, 'radio', '0c37466e-25a7-4071-a2bd-cc20c5078610', 'Is there evidence of binge drinking or excessive use of alcohol in the last 6 months?', null),
    ('8b0721db-041f-4901-9c21-fb3a9a0c9569', 'does_the_initial_screening_show_a_need_for_a_specialist_assessment', null, '2020-11-30 14:50:00', null, 'radio', '8e60e9d6-b67b-4c7d-9a09-238c60dacdca', 'Does the initial alcohol screening show a need for a specialist assessment?', null),
    ('f08c998e-7833-4359-8c95-9f09d822806f', 'give_details', null, '2020-11-30 14:50:00', null, 'freetext', null, 'Give details', null),
    ('fd0109ab-c2cb-4fb5-9f0a-af6d22095875', 'substance_misuse', 'Section 8 last question field ref S8.19', '2020-11-30 14:50:00', null, 'radio', '8e60e9d6-b67b-4c7d-9a09-238c60dacdca', 'Is drug misuse linked to offending behaviour?', null),
    ('2e7150b2-5da8-4ffb-b48d-735bd7a2627c', 'give_details', null, '2020-11-30 14:50:00', null, 'freetext', null, 'Give details', null),
    ('c1bd2c8b-aad6-44f7-b285-4ea82e3d39f2', 'is_there_current_recent_drug_misuse_on_a_daily_or_weekly_basis', 'Section 8 fields S8.2', '2020-11-30 14:50:00', null, 'radio', '8e60e9d6-b67b-4c7d-9a09-238c60dacdca', 'Is there current or recent drug misuse on a daily or weekly basis?', null),
    ('06e81b13-39bb-47df-90a4-c05d21d65b61', 'give_details', null, '2020-11-30 14:50:00', null, 'freetext', null, 'Give details', null),
    ('447c28cf-cd1a-4cdb-a4d9-756d4cce6021', 'is_the_offender_motivated_to_tackle_drugs_misuse', 'Section 8 question 8.8', '2020-11-30 14:50:00', null, 'freetext', null, 'Is the individual motivated to tackle drugs misuse?', null),
    ('86541fc9-0999-4797-b03d-1b4208dc7477', 'give_details', null, '2020-11-30 14:50:00', null, 'freetext', null, 'Give details', null),
    ('24a8f817-6f42-484a-a043-581e4cc649be', 'physical_and_mental_health', 'Section 10 last question field ref S10.17', '2020-11-30 14:50:00', null, 'radio', '8e60e9d6-b67b-4c7d-9a09-238c60dacdca', 'Is mental health linked to offending behaviour?', null),
    ('882ec272-e527-47ff-a11a-46a080fe1acd', 'give_details', null, '2020-11-30 14:50:00', null, 'freetext', null, 'Give details', null),
    ('b156648e-2a5b-4f77-9690-a05b75cf91fc', 'does_the_offender_have_a_history_of_mental_health_issues', null, '2020-11-30 14:50:00', null, 'radio', '8e60e9d6-b67b-4c7d-9a09-238c60dacdca', 'Does the individual have a history of mental health issues?', null),
    ('97e23985-d67c-4868-977d-d3af3de98f3f', 'give_details', null, '2020-11-30 14:50:00', null, 'freetext', null, 'Give details', null),
    ('5cd0368a-9988-41f6-86a5-0fc9d3b26d4e', 'coping_in_custody_hostel_setting', 'R8.2.1 field FA.39', '2020-11-30 14:50:00', null, 'radio', '8e60e9d6-b67b-4c7d-9a09-238c60dacdca', 'Can the individual cope in custody / hostel setting?', null),
    ('6c7033fb-a248-404a-99c5-493859a80cbd', 'give_details', null, '2020-11-30 14:50:00', null, 'freetext', null, 'Give details', null),
    ('65244085-9250-4b73-9ccd-da1e318b7014', 'are_there_particular_social_and_emotional_consequences_of_imprisonment', null, '2020-11-30 14:50:00', null, 'radio', '8e60e9d6-b67b-4c7d-9a09-238c60dacdca', 'Are there particular social and emotional consequences of imprisonment?', null),
    ('d5dace6d-699a-48ac-ab79-5318b8740950', 'give_details', null, '2020-11-30 14:50:00', null, 'freetext', null, 'Give details', null),
    ('093452f1-56b2-4fd9-b996-d4aaa7f389f5', 'is_a_specialist_report_required', 'Section 10 question 10.8 field ref S10.14', '2020-11-30 14:50:00', null, 'radio', '8e60e9d6-b67b-4c7d-9a09-238c60dacdca', 'Is a specialist mental health report required?', null),
    ('e8f9bb71-a8ba-46f0-8348-81591a47afb4', 'give_details', null, '2020-11-30 14:50:00', null, 'freetext', null, 'Give details', null),
    ('629c6918-d0a1-4c56-aa2c-b0430b36df1f', 'thinking_and_behaviour', null, '2020-11-30 14:50:00', null, 'radio', '8e60e9d6-b67b-4c7d-9a09-238c60dacdca', 'Are thinking and behaviour a relevant factor?', null),
    ('afc85ca1-e30c-47b7-91ba-90bec74b435d', 'is_impulsivity_a_problem_for_the_offender', '11.2', '2020-11-30 14:50:00', null, 'radio', '0c37466e-25a7-4071-a2bd-cc20c5078610', 'Is impulsivity a problem for the individual?', null),
    ('3f5f3dfc-ab2f-4c79-a46e-e938a3da50b0', 'give_details', null, '2020-11-30 14:50:00', null, 'freetext', null, 'Give details', null),
    ('16f1a673-9d76-4ff4-8072-8321852977f6', 'is_temper_control_a_problem_for_the_offender', '11.4', '2020-11-30 14:50:00', null, 'radio', '0c37466e-25a7-4071-a2bd-cc20c5078610', 'Is temper control a problem for the individual?', null),
    ('93249ba6-7be8-4b6a-8195-733551e14292', 'does_the_offender_have_pro_criminal_attitudes', '12.1', '2020-11-30 14:50:00', null, 'radio', '0c37466e-25a7-4071-a2bd-cc20c5078610', 'Does the individual have pro-criminal attitudes?', null),
    ('3a831f29-6494-49e5-a7a1-4934fe0e1b98', 'is_there_evidence_that_the_offender_demonstrates_inadequate_social_interpersonal_skills', 'Section 11 question 11.1', '2020-11-30 14:50:00', null, 'radio', '8e60e9d6-b67b-4c7d-9a09-238c60dacdca', 'Is there evidence that the individual demonstrates inadequate social or interpersonal skills?', null),
    ('a637d73a-fc5d-43d0-90a6-72e9a0532cfb', 'give_details', null, '2020-11-30 14:50:00', null, 'freetext', null, 'Give details', null),
    ('9c845a7b-a693-4eee-9fdb-62bf73a13501', 'is_there_evidence_that_the_offender_uses_inappropriate_problem_solving_strategies', 'Section 11 question 11.6', '2020-11-30 14:50:00', null, 'radio', '8e60e9d6-b67b-4c7d-9a09-238c60dacdca', 'Is there evidence that the individual uses inappropriate problem solving strategies?', null),
    ('7e47c6a9-b494-4305-849c-eae23bca34f4', 'give_details', null, '2020-11-30 14:50:00', null, 'freetext', null, 'Give details', null),
    ('c1f724f3-ad26-4d96-9d21-e0f84e627199', 'is_there_evidence_that_the_offender_has_difficulty_understanding_other_peoples_points_of_view', 'Section 11 question 11.9', '2020-11-30 14:50:00', null, 'radio', '8e60e9d6-b67b-4c7d-9a09-238c60dacdca', 'Is there evidence that the individual has difficulty understanding other people’s points of view?', null),
    ('6d845f2d-fa67-4d6a-a109-2eee40bb8ae8', 'give_details', null, '2020-11-30 14:50:00', null, 'freetext', null, 'Give details', null),
    ('29308798-57ad-480e-bd1d-c6a3edbd7d53', 'anti_social_discriminatory_attitudes_behaviour_associated_with_offending', null, '2020-11-30 14:50:00', null, 'freetext', null, 'Are anti-social or discriminatory attitudes or behaviour associated with offending?', null),
    ('9af7a2b6-b954-4e85-8bde-77c6e6008908', 'give_details', null, '2020-11-30 14:50:00', null, 'freetext', null, 'Give details', null),
    ('c673ec76-96b5-4ec4-89be-5648cf7ca841', 'other_needs', null, '2020-11-30 14:50:00', null, 'radio', '8e60e9d6-b67b-4c7d-9a09-238c60dacdca', 'Additional information about the individual relevant to their offence(s) and their management', null),
    ('0ecacb25-f230-402e-878e-c7b0ff7c06c2', 'is_there_evidence_of_the_offender_experiencing_trauma', null, '2020-11-30 14:50:00', null, 'radio', '8e60e9d6-b67b-4c7d-9a09-238c60dacdca', 'Is there evidence of the individual experiencing trauma?', null),
    ('fed0725a-38a3-49c6-bce2-9cea3996e4a0', 'does_the_offender_have_caring_responsibilities_for_children_or_adults_or_have_they_ever_had_caring_responsibilities_for_children_or_adults', null, '2020-11-30 14:50:00', null, 'radio', '8e60e9d6-b67b-4c7d-9a09-238c60dacdca', 'Does the individual have caring responsibilities for children or adults, or have they ever had caring responsibilities for children or adults?', null),
    ('50ebe69a-e997-4241-90f9-32ec0cc70eb5', 'likelihood_of_further_offending', 'S1.46', '2020-11-30 14:50:00', null, 'dropdown', 'e804237c-6b64-4889-85a4-c08ee2105819', 'Likelihood of further offending', null),
    ('f9caea34-f519-460f-a8bd-c55cf837f27d', 'the_risk_of_serious_harm_screening_indicates_the_need_for_a_full_risk_of_serious_harm_analysis', null, '2020-11-30 14:50:00', null, 'radio', '8e60e9d6-b67b-4c7d-9a09-238c60dacdca', 'Does the Risk of Serious Harm Screening indicate a need for a full Risk of Serious Harm Analysis?', null),
    ('5cb2537b-9c99-478c-9056-4d7dde41b3d3', 'risk_of_serious_harm_assessment', null, '2020-11-30 14:50:00', null, 'dropdown', '4a338201-96b9-4396-bf4b-237455da145e', 'Risk of serious harm', null),
    ('c56d4dee-e6cd-4f3d-87e3-874560942478', 'response_to_previous_supervision', null, '2020-11-30 14:50:00', null, 'dropdown', '1a0747a8-b000-481a-8305-a42e67395c0f', 'Response to previous supervision', null),
    ('05de744a-d6bd-4720-b069-bd4308af3eb1', 'give_details', null, '2020-11-30 14:50:00', null, 'freetext', null, 'Give details', null),
    ('ff52991a-29aa-46ec-a701-1f282c72207a', 'proposed_sentence', null, '2020-11-30 14:50:00', null, 'dropdown', 'd5a94071-6d71-4a5a-b220-afddfa0f3c80', 'Proposed sentence', null),
    ('889829e6-0493-4ae0-9356-430535886b5a', 'give_details', null, '2020-11-30 14:50:00', null, 'freetext', null, 'Give details', null),
    ('e7b163b7-a1b5-4124-8176-e0952dd889b0', 'reasons_for_proposal', null, '2020-11-30 14:50:00', null, 'freetext', null, 'Reasons for proposal', null),
    ('3876bea7-f8d8-438e-8473-48a18c95c252', 'sentence_length', null, '2020-11-30 14:50:00', null, 'freetext', null, 'Sentence length', null),
    ('2f5b908a-abe6-4249-813a-725e054aaca9', 'offenders_attitude_to_proposed_sentence', null, '2020-11-30 14:50:00', null, 'freetext', null, 'Individual''s attitude to proposed sentence', null),
    ('43034b46-b0f1-448e-81f1-47d9f9b74254', 'source', null, '2020-11-30 14:50:00', null, 'dropdown', '30e1c596-a8ff-4dde-9ae8-b8b799c171ae', 'Information sources', null);


INSERT INTO question_group (question_group_uuid, content_uuid, content_type, group_uuid, display_order, mandatory, validation)
VALUES ('18ff434c-4697-4a7b-abed-83509845aebb', '5dbdeaa8-97fb-44e1-a414-efc755e70388', 'group', 'a48d0760-9423-42dc-8bd2-bdf751686e7b', 1, true, null),
    ('d167e562-fd28-470d-b05d-c58467ae1db9', 'e2c6fce9-4d0f-477f-a234-6d591e0873a9', 'question', '5dbdeaa8-97fb-44e1-a414-efc755e70388', 1, true, null),
    ('910f0547-d4eb-41fe-9f54-224bcbf2db54', 'd28b9fdb-9cad-4962-ba34-d1e5ddfabcd9', 'question', '5dbdeaa8-97fb-44e1-a414-efc755e70388', 2, true, null),
    ('0c92d909-dfeb-4dd0-8f79-11936d0afc56', '413f128f-cfab-432d-a5ff-ac68c95a0757', 'question', '5dbdeaa8-97fb-44e1-a414-efc755e70388', 3, true, null),
    ('7a8afbec-ef68-46d1-81da-633f3362334f', '3bf85b19-e44e-45f8-be3c-a6995ed3a9e0', 'question', '5dbdeaa8-97fb-44e1-a414-efc755e70388', 4, true, null),
    ('885dc1fe-3c34-4499-8487-46f4a1ed83da', 'd9ca6feb-1d49-45c7-b2c9-22eb1fbf947d', 'question', '5dbdeaa8-97fb-44e1-a414-efc755e70388', 5, true, null),
    ('b57f15ae-8e9d-47d4-83d9-8d99cc0c99c8', '5ed4d624-911f-42fb-a030-9dc3bf3b4271', 'question', '5dbdeaa8-97fb-44e1-a414-efc755e70388', 6, true, null),
    ('bb70977b-0900-4fe7-950d-ade8fd7a32a7', 'af079ffc-2c4e-4514-b85d-2588c81024e3', 'question', '5dbdeaa8-97fb-44e1-a414-efc755e70388', 7, true, null),
    ('8449ba87-ed00-426e-902c-cb164892e06a', '3653cca8-315a-443e-b366-853712ff229a', 'question', '5dbdeaa8-97fb-44e1-a414-efc755e70388', 8, true, null),
    ('54fcd170-27e1-4706-9821-a593724197d9', 'ff61634d-376c-4a25-b578-eaba0d2d52c6', 'question', '5dbdeaa8-97fb-44e1-a414-efc755e70388', 9, true, null),
    ('8be81056-48e3-41e2-b72b-f154389f3b00', '0d2387ff-093e-4447-898c-5d575847b2af', 'question', '5dbdeaa8-97fb-44e1-a414-efc755e70388', 10, true, null),
    ('6f1e6d0f-8a98-46df-944d-90515a9cff84', 'b9949d8d-3828-42e0-b9ab-7fc4da460d41', 'group', 'a48d0760-9423-42dc-8bd2-bdf751686e7b', 2, true, null),
    ('9d5d166f-8c2e-4917-a9ae-93e7ca381579', '9399a64b-7b14-48bb-9881-97ad0c90faba', 'question', 'b9949d8d-3828-42e0-b9ab-7fc4da460d41', 1, true, null),
    ('29f71cb9-7fe9-443a-a914-7241213bf692', 'e3146003-c07b-4fc5-bdd5-28319068f3e0', 'question', 'b9949d8d-3828-42e0-b9ab-7fc4da460d41', 2, true, null),
    ('943841c5-4bdb-4780-9c80-d8c5637e514c', '592344a8-5f9c-48cb-b52f-9d6912c5d406', 'question', 'b9949d8d-3828-42e0-b9ab-7fc4da460d41', 3, true, null),
    ('1bf0f13e-908f-4df4-922b-d089efcb9492', 'b93cc203-53b8-4e98-89b4-64462232d3f9', 'question', 'b9949d8d-3828-42e0-b9ab-7fc4da460d41', 4, true, null),
    ('85a241eb-76ee-48a4-9b26-2275acae84ab', '6da5c57f-c6f3-4a61-bdb9-9faeb9583156', 'question', 'b9949d8d-3828-42e0-b9ab-7fc4da460d41', 5, true, null),
    ('37e715e4-c464-41c1-bc0f-546c1accf37a', '1554d6c9-202e-4019-8271-9aa84dbfec66', 'group', 'a48d0760-9423-42dc-8bd2-bdf751686e7b', 3, true, null),
    ('f8b15029-6034-43f5-b68e-209e7cf50061', '4d908c8a-0cd1-449c-904c-8db209da210a', 'question', '1554d6c9-202e-4019-8271-9aa84dbfec66', 1, true, null),
    ('1d3bfc46-fe94-4450-a556-8153bee4d57d', '3a90f018-bb96-448c-8368-236bb42be8a3', 'question', '1554d6c9-202e-4019-8271-9aa84dbfec66', 2, true, null),
    ('27c49f31-7200-409f-8565-408fa9177d4d', 'b3a30e8f-d634-4f9e-81c3-7fe5d182e05f', 'question', '1554d6c9-202e-4019-8271-9aa84dbfec66', 3, true, null),
    ('a384e7e9-dcda-4061-9407-30c1dac10715', '8ff3ac61-4579-479d-955e-9f2f8afc5419', 'question', '1554d6c9-202e-4019-8271-9aa84dbfec66', 4, true, null),
    ('9913a679-def4-44eb-8c8f-78dad4028321', '7295cb55-e035-4308-a110-e04534f00c0c', 'group', 'a48d0760-9423-42dc-8bd2-bdf751686e7b', 4, true, null),
    ('e3eca089-446a-4744-979d-37fa454a8878', 'dc2cdb21-cb4b-40d8-88c8-fca54a0a43fc', 'question', '7295cb55-e035-4308-a110-e04534f00c0c', 1, true, null),
    ('a329c606-0e9e-4c58-ad44-613b5bfbf5a8', 'e1bc9551-0651-490c-a949-1c9bdfa1b5c2', 'question', '7295cb55-e035-4308-a110-e04534f00c0c', 2, true, null),
    ('7ba7282d-a317-4788-878c-5823b0e8c248', '5ea5ad57-9509-481c-90e4-050ee6457605', 'question', '7295cb55-e035-4308-a110-e04534f00c0c', 3, true, null),
    ('80e34d5f-9e92-450f-908d-e4d899a917ec', 'e1643f9f-037e-4718-ae97-cbaad39eb8e0', 'group', 'a48d0760-9423-42dc-8bd2-bdf751686e7b', 5, true, null),
    ('ff5a38aa-f2cb-41e9-9f1e-da7bb9d11886', '892a735e-747b-4138-8daa-9caca7ea029c', 'question', 'e1643f9f-037e-4718-ae97-cbaad39eb8e0', 1, true, null),
    ('d1d72b9b-88cd-4312-abd2-38230693cc0f', 'fa3c003c-0ae4-4813-bc88-ac5ac87a1470', 'question', 'e1643f9f-037e-4718-ae97-cbaad39eb8e0', 2, true, null),
    ('a822d2ed-d2a6-4fcd-8c69-2a465f5a2c45', '50d6d77e-04a1-40ec-a2d5-7d4b7b2cfd75', 'question', 'e1643f9f-037e-4718-ae97-cbaad39eb8e0', 3, true, null),
    ('4317b705-1345-4677-99fb-f17efda033b4', '9b5ef489-e970-4502-ae55-6c5c63a7596c', 'question', 'e1643f9f-037e-4718-ae97-cbaad39eb8e0', 4, true, null),
    ('a2f046b2-fbc7-445f-afda-c353208385b5', '4839229d-dad0-48f9-b7ae-62d31ab497ac', 'question', 'e1643f9f-037e-4718-ae97-cbaad39eb8e0', 5, true, null),
    ('4ed8c817-f734-4171-b068-7e4c9990274d', '4cf76134-174d-40a8-a1c6-da11f67ee1ed', 'question', 'e1643f9f-037e-4718-ae97-cbaad39eb8e0', 6, true, null),
    ('e7422178-1c2e-4d2c-8d0c-38b9ee1822cc', '01f099e7-d164-45be-b995-1169bfed7de2', 'question', 'e1643f9f-037e-4718-ae97-cbaad39eb8e0', 7, true, null),
    ('22abf898-4c8b-41cc-a1d0-bce6dad029c5', 'b3c5efd9-4242-48ba-bcd8-6af3162d9145', 'question', 'e1643f9f-037e-4718-ae97-cbaad39eb8e0', 8, true, null),
    ('8cc0cbe0-26be-4ff5-a295-7aa77e054b82', '83a67371-593c-4cb2-b234-1be6cc803257', 'group', 'a48d0760-9423-42dc-8bd2-bdf751686e7b', 6, true, null),
    ('d143bb7e-aa86-4719-9a99-c0485c4a2c21', '5bacaa5d-1df0-475e-b214-98e427e17911', 'question', '83a67371-593c-4cb2-b234-1be6cc803257', 1, true, null),
    ('d213d4df-94c5-4d1c-8bec-2e88c095ec63', 'cae748bd-cc9f-4051-a2d4-61631876dc62', 'question', '83a67371-593c-4cb2-b234-1be6cc803257', 2, true, null),
    ('50fb667f-91be-44cd-bd4d-04a95a80eebf', '6a6eec89-9aa1-454a-98c4-268c6c102116', 'question', '83a67371-593c-4cb2-b234-1be6cc803257', 3, true, null),
    ('12d64e5d-0c4c-41fe-8c4a-731a6d210b3d', '5b3256f7-7ffc-4383-a6d2-b9838c6c8c8a', 'question', '83a67371-593c-4cb2-b234-1be6cc803257', 4, true, null),
    ('84ce368c-389b-492f-918a-ee63024f9e73', 'd4cedc23-7350-426b-92e9-a0effb065b9a', 'question', '83a67371-593c-4cb2-b234-1be6cc803257', 5, true, null),
    ('b91fe806-af35-4bb2-8c2a-d2b241402c61', '2124f51d-bf4e-4d49-84f5-c05ceb6617b7', 'question', '83a67371-593c-4cb2-b234-1be6cc803257', 6, true, null),
    ('20a86d8e-bb35-4fad-a107-d8e53228e0d0', '8363e43f-db6c-45c5-b8c1-b62fb6819dcd', 'question', '83a67371-593c-4cb2-b234-1be6cc803257', 7, true, null),
    ('eaed6399-41c1-4629-94e0-431129c57079', '89508511-9804-4648-93fa-fa8ca0a9f774', 'question', '83a67371-593c-4cb2-b234-1be6cc803257', 8, true, null),
    ('ca00f8f7-2037-4385-a83e-9df130889ef0', '124b5f56-540a-49b1-8270-0f62af74eb8d', 'question', '83a67371-593c-4cb2-b234-1be6cc803257', 9, true, null),
    ('805a61d5-e5d4-41cc-88ed-fb161eb12b94', '68e45be5-9a3b-4236-b0ab-5ec52a75ebe8', 'question', '83a67371-593c-4cb2-b234-1be6cc803257', 10, true, null),
    ('9f53a0bb-6971-4b88-88d6-fea68af63684', '1a91be25-9268-4444-a7a4-b2044dfe6734', 'question', '83a67371-593c-4cb2-b234-1be6cc803257', 11, true, null),
    ('869d4271-bddd-446c-a725-3cdddf576f8e', '67b0ac0f-d152-4168-b185-9ae28a3f4d14', 'question', '83a67371-593c-4cb2-b234-1be6cc803257', 12, true, null),
    ('d0167f09-90e4-4a90-bc53-ebeabbe5908c', 'ed418ef0-ebc5-48ee-9631-0d8b8568a5ab', 'question', '83a67371-593c-4cb2-b234-1be6cc803257', 13, true, null),
    ('b1b6aefc-3401-4d05-bee0-92a37bb4bfc2', 'efa4f1ea-ae8e-4eff-b3d7-2129fc4ea174', 'question', '83a67371-593c-4cb2-b234-1be6cc803257', 14, true, null),
    ('d692261f-d773-469e-99a2-7da652221945', 'd6a624c6-c764-445a-9c30-997def4e985b', 'question', '83a67371-593c-4cb2-b234-1be6cc803257', 15, true, null),
    ('2e023491-aa00-4884-a6cd-bfda08de9919', '379d46cf-25e9-4b62-bf29-4519e9f88c5a', 'question', '83a67371-593c-4cb2-b234-1be6cc803257', 16, true, null),
    ('89204d03-af3a-481c-b8be-436f2d1ac600', '7f3410ae-0b54-48b6-b09a-63aa6b39f2d9', 'question', '83a67371-593c-4cb2-b234-1be6cc803257', 17, true, null),
    ('ab06cfbb-30f8-4c18-9398-6419e96f0137', '5c1a2e23-7eef-45fc-b33c-713f4f72b8d9', 'question', '83a67371-593c-4cb2-b234-1be6cc803257', 18, true, null),
    ('b672f8ae-1f97-422e-87b0-cb80189815c1', '11e7fe8c-3cc7-42ce-8a32-5432a3b046b6', 'question', '83a67371-593c-4cb2-b234-1be6cc803257', 19, true, null),
    ('2b38d1f1-c770-4180-ac38-f79d2b7400de', '4ba5f495-6220-4d44-9ab7-ee7de72ed195', 'question', '83a67371-593c-4cb2-b234-1be6cc803257', 20, true, null),
    ('af8111c7-165b-4b3c-93cd-0ded23686ba9', 'a377f4f7-0cb1-4418-a215-2c33bb493587', 'question', '83a67371-593c-4cb2-b234-1be6cc803257', 21, true, null),
    ('8c9fb611-e991-45fa-b390-0eb09efb96ed', '3d128226-0fce-4a19-9abf-2845485a0afb', 'question', '83a67371-593c-4cb2-b234-1be6cc803257', 22, true, null),
    ('79064e03-bf55-4dac-9a55-c1a2451c0e6c', '1fcb419e-0eb0-49e8-86f4-a402419c0cc5', 'question', '83a67371-593c-4cb2-b234-1be6cc803257', 23, true, null),
    ('abfff55c-b076-4033-a69b-3e57d5d8c4f3', '2eda9947-22cc-4028-ac2f-bdfb2e0b10ef', 'question', '83a67371-593c-4cb2-b234-1be6cc803257', 24, true, null),
    ('1b259558-79d7-441d-882a-5d3b954a37c6', '99e757ff-37a8-434f-b865-189b415086eb', 'question', '83a67371-593c-4cb2-b234-1be6cc803257', 25, true, null),
    ('f5153e20-5d6b-4a2c-b315-6df1cb9d319e', 'aacffee5-6b5e-455d-ae5d-d49766ec70cd', 'question', '83a67371-593c-4cb2-b234-1be6cc803257', 26, true, null),
    ('1347da52-c311-472d-bc6d-6ea4ae5178c9', 'bcd01305-b339-4a00-9e87-7e295b9a8bf8', 'question', '83a67371-593c-4cb2-b234-1be6cc803257', 27, true, null),
    ('d4d327ee-8a31-4392-aef9-351e6adb8478', 'ddb2e121-c153-4afe-a9fb-fa839e93236d', 'question', '83a67371-593c-4cb2-b234-1be6cc803257', 28, true, null),
    ('2a82efc4-c8b3-4515-853c-5f0d501507cb', '8fcf5ea4-a0c5-489c-990b-f2fb8c1227e9', 'question', '83a67371-593c-4cb2-b234-1be6cc803257', 29, true, null),
    ('70bc05b8-1ae1-4722-ad76-efa4e62cd5d5', 'cd709cb2-03c2-4ade-87a8-2f33fcf7711b', 'question', '83a67371-593c-4cb2-b234-1be6cc803257', 30, true, null),
    ('ae24a2de-3599-4a59-ab98-33cbc2fa3cb2', 'fe411242-645a-4f5d-8921-e915f404d9a1', 'group', 'a48d0760-9423-42dc-8bd2-bdf751686e7b', 7, true, null),
    ('c35593e6-1386-4b79-b5de-8bea1c1a9f01', 'f45f4358-8299-4fae-8f35-6fa1a9addc94', 'question', 'fe411242-645a-4f5d-8921-e915f404d9a1', 1, true, null),
    ('ffd62f5e-2335-4322-b0ea-eac6541b7660', '4351499d-8125-46d3-9bdd-dad991d40158', 'question', 'fe411242-645a-4f5d-8921-e915f404d9a1', 2, true, null),
    ('892f3afe-48c7-4043-94c1-b374caea2126', '81eafbc1-c2f0-40e3-b73b-83ec58a8cd57', 'question', 'fe411242-645a-4f5d-8921-e915f404d9a1', 3, true, null),
    ('139a4e9a-67f8-4b62-a3e6-6f088b27a55b', '91b29dd8-0796-4214-9863-07af2271ccff', 'group', 'a48d0760-9423-42dc-8bd2-bdf751686e7b', 8, true, null),
    ('77e16ab2-1781-47c2-aff4-117ccc66e21b', '6e91d394-af03-470f-b135-b41d0b69ddac', 'question', '91b29dd8-0796-4214-9863-07af2271ccff', 1, true, null),
    ('1b37b67b-a1e2-40f3-bc90-a9cf30d1e99b', '9dc7216d-af46-4d00-86b0-b06e9d4cd449', 'group', 'a48d0760-9423-42dc-8bd2-bdf751686e7b', 9, true, null),
    ('b651353d-a8bf-4900-bd5b-2ca1a272ad6f', 'ca5ce309-1a43-4658-9b21-fa43f9103fcc', 'question', '9dc7216d-af46-4d00-86b0-b06e9d4cd449', 1, true, null),
    ('ec110d29-91d1-4aac-ad7f-e54031e86bb8', '11782ad4-351e-4d6f-ae17-19a6d6972494', 'question', '9dc7216d-af46-4d00-86b0-b06e9d4cd449', 2, true, null),
    ('305b9d61-08be-4cc4-98a9-a26755167f7e', 'e6c07ea4-8547-4618-9fa1-18aea4f9b31e', 'question', '9dc7216d-af46-4d00-86b0-b06e9d4cd449', 3, true, null),
    ('642e7f86-99d3-4c53-bd39-f15d3bf29405', 'f0d5fa8e-39d0-41d3-9213-d01b0e9420e0', 'question', '9dc7216d-af46-4d00-86b0-b06e9d4cd449', 4, true, null),
    ('9c675267-1ea3-43d6-80d9-8e3d8130c3a3', '39f8c278-6f42-4f87-8f97-ef323f7f8b62', 'question', '9dc7216d-af46-4d00-86b0-b06e9d4cd449', 5, true, null),
    ('c9e91ccf-6a04-4edb-89a1-5585a93ba7c9', 'ab215185-5426-4e13-aafb-3ebc5e9478ac', 'question', '9dc7216d-af46-4d00-86b0-b06e9d4cd449', 6, true, null),
    ('23756af0-63db-47e9-a2cd-30f220c95ff7', '632092ca-8192-4781-be92-d8500cba017b', 'question', '9dc7216d-af46-4d00-86b0-b06e9d4cd449', 7, true, null),
    ('2a117441-ba35-4388-aaac-a552f57398ef', '9b6ef31c-0643-472e-b218-f863f7721793', 'question', '9dc7216d-af46-4d00-86b0-b06e9d4cd449', 8, true, null),
    ('57df6c08-3522-4c07-b85c-6f57e944c582', '8c5826fc-6f99-4e5c-8141-bf236763390e', 'question', '9dc7216d-af46-4d00-86b0-b06e9d4cd449', 9, true, null),
    ('60945c6a-3536-4278-8be9-12be6437d0bf', 'a8e6b252-75d2-428f-aa25-b98050a2e5c5', 'question', '9dc7216d-af46-4d00-86b0-b06e9d4cd449', 10, true, null),
    ('fbef1cb9-faa4-4a7e-94fe-76159f517b20', 'f719d0be-33ac-4c2d-abc8-fc3bd107b8fc', 'question', '9dc7216d-af46-4d00-86b0-b06e9d4cd449', 11, true, null),
    ('21f4059d-a9bc-4d1a-8b9e-706344ea79eb', '5cb1cf6e-a882-4cc0-949f-55d1d1c4301c', 'question', '9dc7216d-af46-4d00-86b0-b06e9d4cd449', 12, true, null),
    ('dfd32629-923d-45df-9fd7-5f2ec613d9e6', 'dd19374f-9c03-440d-ab89-c7555487f5f0', 'question', '9dc7216d-af46-4d00-86b0-b06e9d4cd449', 13, true, null),
    ('af2aba24-d57c-4e16-837c-2ae6b2d03156', '594aeea3-1584-4d93-a250-4e61354b0a27', 'question', '9dc7216d-af46-4d00-86b0-b06e9d4cd449', 14, true, null),
    ('92662b78-61cd-488b-a2dc-1e134fa2038e', 'aff7d1b3-34bb-4b3d-8129-bafffb37a168', 'question', '9dc7216d-af46-4d00-86b0-b06e9d4cd449', 15, true, null),
    ('8c055af1-865f-4aa8-b3aa-d84f41be4e1a', 'b1191d51-c43c-41ca-a833-2024f044be90', 'question', '9dc7216d-af46-4d00-86b0-b06e9d4cd449', 16, true, null),
    ('2f35487a-852c-4dd0-b2ad-f7c5cdfaf6c8', '8b0721db-041f-4901-9c21-fb3a9a0c9569', 'question', '9dc7216d-af46-4d00-86b0-b06e9d4cd449', 17, true, null),
    ('a914ff00-0c77-40e0-bea9-f6afaa82811e', 'f08c998e-7833-4359-8c95-9f09d822806f', 'question', '9dc7216d-af46-4d00-86b0-b06e9d4cd449', 18, true, null),
    ('d18a95e5-e0cf-4c97-87de-9ed1c567ba92', 'fd0109ab-c2cb-4fb5-9f0a-af6d22095875', 'question', '9dc7216d-af46-4d00-86b0-b06e9d4cd449', 19, true, null),
    ('aabfac9c-d94c-4f5a-a821-ab89dafff9b1', '2e7150b2-5da8-4ffb-b48d-735bd7a2627c', 'question', '9dc7216d-af46-4d00-86b0-b06e9d4cd449', 20, true, null),
    ('9e9656c1-a4bc-4869-923e-610d5df8a706', 'c1bd2c8b-aad6-44f7-b285-4ea82e3d39f2', 'question', '9dc7216d-af46-4d00-86b0-b06e9d4cd449', 21, true, null),
    ('0792ccc6-efd8-4610-b311-4b475847dd37', '06e81b13-39bb-47df-90a4-c05d21d65b61', 'question', '9dc7216d-af46-4d00-86b0-b06e9d4cd449', 22, true, null),
    ('a3caac8a-eb84-4db8-88d8-728a421193ce', '447c28cf-cd1a-4cdb-a4d9-756d4cce6021', 'question', '9dc7216d-af46-4d00-86b0-b06e9d4cd449', 23, true, null),
    ('218f6e77-c72d-4a8c-a54c-6645aee24660', '86541fc9-0999-4797-b03d-1b4208dc7477', 'question', '9dc7216d-af46-4d00-86b0-b06e9d4cd449', 24, true, null),
    ('7168d307-e7dd-44b8-886c-20cf7afb8764', '24a8f817-6f42-484a-a043-581e4cc649be', 'question', '9dc7216d-af46-4d00-86b0-b06e9d4cd449', 25, true, null),
    ('76df4598-9671-48c4-87b6-d73e5a369f44', '882ec272-e527-47ff-a11a-46a080fe1acd', 'question', '9dc7216d-af46-4d00-86b0-b06e9d4cd449', 26, true, null),
    ('f14b7188-ccbe-472c-af78-6bd81ad2e6e2', 'b156648e-2a5b-4f77-9690-a05b75cf91fc', 'question', '9dc7216d-af46-4d00-86b0-b06e9d4cd449', 27, true, null),
    ('4ad42609-af3e-4120-a325-42eb2b5c56fe', '97e23985-d67c-4868-977d-d3af3de98f3f', 'question', '9dc7216d-af46-4d00-86b0-b06e9d4cd449', 28, true, null),
    ('7a9d2b54-cf28-4631-86c3-72d92437d487', '5cd0368a-9988-41f6-86a5-0fc9d3b26d4e', 'question', '9dc7216d-af46-4d00-86b0-b06e9d4cd449', 29, true, null),
    ('b72c0f7f-e9b4-4474-b5e1-ae669c948ffb', '6c7033fb-a248-404a-99c5-493859a80cbd', 'question', '9dc7216d-af46-4d00-86b0-b06e9d4cd449', 30, true, null),
    ('4e0baf8b-273e-4e70-a501-a922a49f0efa', '65244085-9250-4b73-9ccd-da1e318b7014', 'question', '9dc7216d-af46-4d00-86b0-b06e9d4cd449', 31, true, null),
    ('8a3dd7dc-d54e-4595-b381-1e7e5bdc4389', 'd5dace6d-699a-48ac-ab79-5318b8740950', 'question', '9dc7216d-af46-4d00-86b0-b06e9d4cd449', 32, true, null),
    ('eda5245b-9a72-488c-bb7c-b09b35cfde57', '093452f1-56b2-4fd9-b996-d4aaa7f389f5', 'question', '9dc7216d-af46-4d00-86b0-b06e9d4cd449', 33, true, null),
    ('4b0c4676-b011-4d2b-b63d-dc75dd3acdbc', 'e8f9bb71-a8ba-46f0-8348-81591a47afb4', 'question', '9dc7216d-af46-4d00-86b0-b06e9d4cd449', 34, true, null),
    ('62d2f211-69e9-495e-8cbc-1e8c0c40242e', '629c6918-d0a1-4c56-aa2c-b0430b36df1f', 'question', '9dc7216d-af46-4d00-86b0-b06e9d4cd449', 35, true, null),
    ('8b90a64a-1d03-4112-a439-28e669ec24f2', 'afc85ca1-e30c-47b7-91ba-90bec74b435d', 'question', '9dc7216d-af46-4d00-86b0-b06e9d4cd449', 36, true, null),
    ('138c53f8-f59e-4c96-8981-5947f0301af4', '3f5f3dfc-ab2f-4c79-a46e-e938a3da50b0', 'question', '9dc7216d-af46-4d00-86b0-b06e9d4cd449', 37, true, null),
    ('fd1c68d3-61e6-413b-bf9f-c1986a96030c', '16f1a673-9d76-4ff4-8072-8321852977f6', 'question', '9dc7216d-af46-4d00-86b0-b06e9d4cd449', 38, true, null),
    ('cf2c0423-2b83-48bf-8240-391b59430a79', '93249ba6-7be8-4b6a-8195-733551e14292', 'question', '9dc7216d-af46-4d00-86b0-b06e9d4cd449', 39, true, null),
    ('32e77467-4166-47fc-bee2-b869a9af5072', '3a831f29-6494-49e5-a7a1-4934fe0e1b98', 'question', '9dc7216d-af46-4d00-86b0-b06e9d4cd449', 40, true, null),
    ('61a4db92-4387-4611-aa7e-dd557587d13f', 'a637d73a-fc5d-43d0-90a6-72e9a0532cfb', 'question', '9dc7216d-af46-4d00-86b0-b06e9d4cd449', 41, true, null),
    ('3150930b-7310-4862-b75e-26381061ecbb', '9c845a7b-a693-4eee-9fdb-62bf73a13501', 'question', '9dc7216d-af46-4d00-86b0-b06e9d4cd449', 42, true, null),
    ('2db473b5-ba1c-4608-85bb-98ded4e8bb59', '7e47c6a9-b494-4305-849c-eae23bca34f4', 'question', '9dc7216d-af46-4d00-86b0-b06e9d4cd449', 43, true, null),
    ('0800adec-5e6f-431b-8590-acdec01d1fcd', 'c1f724f3-ad26-4d96-9d21-e0f84e627199', 'question', '9dc7216d-af46-4d00-86b0-b06e9d4cd449', 44, true, null),
    ('badd7802-35f1-4a19-b9d5-30952d4184d5', '6d845f2d-fa67-4d6a-a109-2eee40bb8ae8', 'question', '9dc7216d-af46-4d00-86b0-b06e9d4cd449', 45, true, null),
    ('1d8b090d-c54a-48ed-91a3-67cf2f5ca6b0', '29308798-57ad-480e-bd1d-c6a3edbd7d53', 'question', '9dc7216d-af46-4d00-86b0-b06e9d4cd449', 46, true, null),
    ('56061cd3-4cdb-4139-8b44-528b52916c2c', '9af7a2b6-b954-4e85-8bde-77c6e6008908', 'question', '9dc7216d-af46-4d00-86b0-b06e9d4cd449', 47, true, null),
    ('652142d9-ea54-455d-8fee-496c0399275d', 'c673ec76-96b5-4ec4-89be-5648cf7ca841', 'question', '9dc7216d-af46-4d00-86b0-b06e9d4cd449', 48, true, null),
    ('54b9800c-772c-4aa7-b4b3-ba3e79e2eaaf', '0ecacb25-f230-402e-878e-c7b0ff7c06c2', 'question', '9dc7216d-af46-4d00-86b0-b06e9d4cd449', 49, true, null),
    ('0149adc4-0cbe-4c0e-bc70-47b8e1a92f61', 'fed0725a-38a3-49c6-bce2-9cea3996e4a0', 'question', '9dc7216d-af46-4d00-86b0-b06e9d4cd449', 50, true, null),
    ('5c81dbb3-bd21-438f-9444-3a05af38a0af', 'c0d43281-e14d-414a-aec1-c7104ba3730a', 'group', 'a48d0760-9423-42dc-8bd2-bdf751686e7b', 10, true, null),
    ('44b8ef96-c3d0-4e51-836f-19ad6b326b6a', '50ebe69a-e997-4241-90f9-32ec0cc70eb5', 'question', 'c0d43281-e14d-414a-aec1-c7104ba3730a', 1, true, null),
    ('fbb2d328-b240-4115-9df2-88988265bc09', 'f9caea34-f519-460f-a8bd-c55cf837f27d', 'question', 'c0d43281-e14d-414a-aec1-c7104ba3730a', 2, true, null),
    ('adcf9f24-eecd-44ae-9643-b10470f40a28', '5cb2537b-9c99-478c-9056-4d7dde41b3d3', 'question', 'c0d43281-e14d-414a-aec1-c7104ba3730a', 3, true, null),
    ('a9e26f91-66ef-4d68-8b53-fbf653d5411c', 'c56d4dee-e6cd-4f3d-87e3-874560942478', 'question', 'c0d43281-e14d-414a-aec1-c7104ba3730a', 4, true, null),
    ('1d4d4534-3933-447a-91fd-ab2d5f057742', '05de744a-d6bd-4720-b069-bd4308af3eb1', 'question', 'c0d43281-e14d-414a-aec1-c7104ba3730a', 5, true, null),
    ('85c6bd55-85bb-4ba2-a9db-5752de197d60', '49b3390f-5554-4cdb-834b-5c8c5c2140b3', 'group', 'a48d0760-9423-42dc-8bd2-bdf751686e7b', 11, true, null),
    ('a43d7a07-054e-45ad-9991-3a7fe1711533', 'ff52991a-29aa-46ec-a701-1f282c72207a', 'question', '49b3390f-5554-4cdb-834b-5c8c5c2140b3', 1, true, null),
    ('40188f1f-61dc-4e7f-920c-7c22ad7cbea7', '889829e6-0493-4ae0-9356-430535886b5a', 'question', '49b3390f-5554-4cdb-834b-5c8c5c2140b3', 2, true, null),
    ('fe36b992-1f8f-4eed-b93c-c84013d0cfaa', 'e7b163b7-a1b5-4124-8176-e0952dd889b0', 'question', '49b3390f-5554-4cdb-834b-5c8c5c2140b3', 3, true, null),
    ('0b25a70d-cbd2-4dc4-b1bd-27a3351cf1c0', '3876bea7-f8d8-438e-8473-48a18c95c252', 'question', '49b3390f-5554-4cdb-834b-5c8c5c2140b3', 4, true, null),
    ('0196b581-386e-4294-a5ea-bf1fd40191d5', '2f5b908a-abe6-4249-813a-725e054aaca9', 'question', '49b3390f-5554-4cdb-834b-5c8c5c2140b3', 5, true, null),
    ('807a9742-f361-4174-b396-34d0bc2ca545', '980d0b78-bffa-4cd2-b707-12172105e63b', 'group', 'a48d0760-9423-42dc-8bd2-bdf751686e7b', 12, true, null),
    ('5023e8cf-15df-4149-b700-6312b7f5c51e', '43034b46-b0f1-448e-81f1-47d9f9b74254', 'question', '980d0b78-bffa-4cd2-b707-12172105e63b', 1, true, null);


