INSERT INTO answer_schema_group (answer_schema_group_uuid, answer_schema_group_code, group_start, group_end)
VALUES ('06c16d35-bb4d-4078-8596-482b4c1519f4', 'yes-no', '2020-11-30 14:50:00', null),
    ('20d112af-d755-437c-ac8f-553c79b406c4', 'tbc', '2020-11-30 14:50:00', null),
    ('c33b5e0e-6e8d-4180-a2b4-6c544616bed9', 'punishment-publicprotection-crimereduction-reparation-reformorrehabilitation', '2020-11-30 14:50:00', null),
    ('f10e4f48-6066-4781-bf5c-cc82a4b3968b', 'abscondingbail-acquisitiveviolence-burglarydomestic-burglaryother-criminaldamage-drinkdriving-drugimportexportproduction-drugpossessionsupply-drunkeness-fraudforgeryandmisrepresentation-handlingstolengoods-motoringnotdrinkdriving-publicorderharassment-sexualagainstchildren-sexualnotagainstchildren-theftnotvehicle-related-vehicle-relatedtheft-violenceagainsttheperson-welfarefraud-otheroffence', '2020-11-30 14:50:00', null),
    ('040220b3-bd01-4ac6-9ce3-555c5e5a66dc', 'noproblems-someproblems-significantproblems', '2020-11-30 14:50:00', null),
    ('c0774434-1d10-49eb-bdb1-3722a64521f8', 'tenantowneroccupied-livingwithstable-livingwithunstable-b&bhotel-hostel-nofixedabode', '2020-11-30 14:50:00', null),
    ('1468d09b-01df-4499-9f7a-42b6594dd74f', 'someproblems-significantproblems', '2020-11-30 14:50:00', null),
    ('1c89be8b-293b-4c1c-95a2-ed74b74c5579', 'veryhigh-high-medium-low', '2020-11-30 14:50:00', null),
    ('75dbf2b0-b704-4395-b0ea-e45c1637fb99', 'veryhgh-high-medium-low', '2020-11-30 14:50:00', null),
    ('59923923-8c82-4b08-a823-c4e1bebea994', 'good-satisfactory-poor', '2020-11-30 14:50:00', null),
    ('8f3838e8-19db-4fcd-9f09-96b00da8e5a5', 'interview-servicerecords-cpssummary-previousoasysassessments-previousconvictions-victimstatement-safeguardingchecks-policeinformation-sentencingguidelines-domesticabusecall-outinformation', '2020-11-30 14:50:00', null);


INSERT INTO answer_schema (answer_schema_uuid, answer_schema_code, answer_schema_group_uuid, answer_start, answer_end, value, text)
VALUES ('5c2f6f20-f124-4612-b075-d42b310fb116', 'yes', '06c16d35-bb4d-4078-8596-482b4c1519f4', '2020-11-30 14:50:00', null, 'Y', 'Yes'),
    ('e614cf85-19c9-4c18-a29b-a6ce0d890c9c', 'no', '06c16d35-bb4d-4078-8596-482b4c1519f4', '2020-11-30 14:50:00', null, 'N', 'No'),
    ('bf0f8457-932f-4a2d-b326-286681ee1643', 'tbc', '20d112af-d755-437c-ac8f-553c79b406c4', '2020-11-30 14:50:00', null, 'tbc', 'TBC'),
    ('1a04ef46-6b15-42d7-a85b-8608656f464d', 'punishment', 'c33b5e0e-6e8d-4180-a2b4-6c544616bed9', '2020-11-30 14:50:00', null, 'punishment', 'Punishment'),
    ('3148b67d-381e-4ff6-beac-4090bf9a2cf0', 'public_protection', 'c33b5e0e-6e8d-4180-a2b4-6c544616bed9', '2020-11-30 14:50:00', null, 'public protection', 'Public protection'),
    ('39e6b58d-7b9e-4b3d-84f4-5062acb5befa', 'crime_reduction', 'c33b5e0e-6e8d-4180-a2b4-6c544616bed9', '2020-11-30 14:50:00', null, 'crime reduction', 'Crime reduction'),
    ('a3787a23-1900-4b1d-abe9-e9d18ab8a8c5', 'reparation', 'c33b5e0e-6e8d-4180-a2b4-6c544616bed9', '2020-11-30 14:50:00', null, 'reparation', 'Reparation'),
    ('1e51a49d-952f-4150-958c-3f22a415c25e', 'reform_or_rehabilitation', 'c33b5e0e-6e8d-4180-a2b4-6c544616bed9', '2020-11-30 14:50:00', null, 'reform or rehabilitation', 'Reform or rehabilitation'),
    ('ac240cbd-dd51-41f7-ac7c-fcf3bd64a72f', 'absconding_bail', 'f10e4f48-6066-4781-bf5c-cc82a4b3968b', '2020-11-30 14:50:00', null, 'absconding/bail', 'Absconding/bail'),
    ('cce75160-44c8-43dd-83c2-11766fb71e58', 'acquisitive_violence', 'f10e4f48-6066-4781-bf5c-cc82a4b3968b', '2020-11-30 14:50:00', null, 'acquisitive violence', 'Acquisitive violence'),
    ('ed9af5d3-e8b4-4daf-8841-d2572e4e1bef', 'burglary_domestic_', 'f10e4f48-6066-4781-bf5c-cc82a4b3968b', '2020-11-30 14:50:00', null, 'burglary (domestic)', 'Burglary (domestic)'),
    ('da284f0b-0967-4d35-b6a0-f2b2ad53f8d3', 'burglary_other_', 'f10e4f48-6066-4781-bf5c-cc82a4b3968b', '2020-11-30 14:50:00', null, 'burglary (other)', 'Burglary (other)'),
    ('0bc422d8-ce14-4432-8f3d-11cc13ca1ce8', 'criminal_damage', 'f10e4f48-6066-4781-bf5c-cc82a4b3968b', '2020-11-30 14:50:00', null, 'criminal damage', 'Criminal damage'),
    ('352ad795-a013-4fbd-8347-1a8994b6ef50', 'drink_driving', 'f10e4f48-6066-4781-bf5c-cc82a4b3968b', '2020-11-30 14:50:00', null, 'drink driving', 'Drink driving'),
    ('086126cb-2e88-41b2-b7ee-c5019f279f68', 'drug_import_export_production', 'f10e4f48-6066-4781-bf5c-cc82a4b3968b', '2020-11-30 14:50:00', null, 'drug import/export/production', 'Drug import/export/production'),
    ('05447730-8f4e-4736-ac66-fca4b481881d', 'drug_possession_supply', 'f10e4f48-6066-4781-bf5c-cc82a4b3968b', '2020-11-30 14:50:00', null, 'drug possession/supply', 'Drug possession/supply'),
    ('6ea77ba8-d569-4400-b695-5d0247922899', 'drunkeness', 'f10e4f48-6066-4781-bf5c-cc82a4b3968b', '2020-11-30 14:50:00', null, 'drunkeness', 'Drunkeness'),
    ('8e0219df-d35a-482a-932f-b8c025a2b626', 'fraud_forgery_and_misrepresentation', 'f10e4f48-6066-4781-bf5c-cc82a4b3968b', '2020-11-30 14:50:00', null, 'fraud, forgery and misrepresentation', 'Fraud, forgery and misrepresentation'),
    ('e7dc84a8-4b87-443e-8bad-b4a44fddcc04', 'handling_stolen_goods', 'f10e4f48-6066-4781-bf5c-cc82a4b3968b', '2020-11-30 14:50:00', null, 'handling stolen goods', 'Handling stolen goods'),
    ('4e8d0845-e365-4180-b827-608bee1a3523', 'motoring_not_drink_driving_', 'f10e4f48-6066-4781-bf5c-cc82a4b3968b', '2020-11-30 14:50:00', null, 'motoring (not drink driving)', 'Motoring (not drink driving)'),
    ('dec1391f-5942-468b-a07d-d4dcf6b5f2c8', 'public_order_harassment_', 'f10e4f48-6066-4781-bf5c-cc82a4b3968b', '2020-11-30 14:50:00', null, 'public order (harassment)', 'Public order (harassment)'),
    ('2aff37d8-331e-4d45-a9f5-23417d7efc23', 'sexual_against_children_', 'f10e4f48-6066-4781-bf5c-cc82a4b3968b', '2020-11-30 14:50:00', null, 'sexual (against children)', 'Sexual (against children)'),
    ('10c7c514-a9c8-4eac-bdae-f8e6f9cd839b', 'sexual_not_against_children_', 'f10e4f48-6066-4781-bf5c-cc82a4b3968b', '2020-11-30 14:50:00', null, 'sexual (not against children)', 'Sexual (not against children)'),
    ('f069f722-3716-4076-8aaa-9ea7e3087eb7', 'theft_not_vehicle-related_', 'f10e4f48-6066-4781-bf5c-cc82a4b3968b', '2020-11-30 14:50:00', null, 'theft (not vehicle-related)', 'Theft (not vehicle-related)'),
    ('016bab0a-2150-4427-8ce2-7504ec4f557f', 'vehicle-related_theft', 'f10e4f48-6066-4781-bf5c-cc82a4b3968b', '2020-11-30 14:50:00', null, 'vehicle-related theft', 'Vehicle-related theft'),
    ('a6506d81-4ecb-4c7c-9622-a116ea8a83c9', 'violence_against_the_person', 'f10e4f48-6066-4781-bf5c-cc82a4b3968b', '2020-11-30 14:50:00', null, 'violence against the person', 'Violence against the person'),
    ('b0075908-b8eb-4f3d-8d8a-6e1856bfc41e', 'welfare_fraud', 'f10e4f48-6066-4781-bf5c-cc82a4b3968b', '2020-11-30 14:50:00', null, 'welfare fraud', 'Welfare fraud'),
    ('e9a46fe8-abd1-4a7e-bfc9-252cf5ebb23d', 'other_offence', 'f10e4f48-6066-4781-bf5c-cc82a4b3968b', '2020-11-30 14:50:00', null, 'other offence', 'Other offence'),
    ('80279781-1a1e-45d0-920c-f45ccfa85551', 'no_problems', '040220b3-bd01-4ac6-9ce3-555c5e5a66dc', '2020-11-30 14:50:00', null, 'no problems', 'No problems'),
    ('f00e171e-8530-454d-a016-17ad89bb51ba', 'some_problems', '040220b3-bd01-4ac6-9ce3-555c5e5a66dc', '2020-11-30 14:50:00', null, 'some problems', 'Some problems'),
    ('2ea7feb8-16eb-4ad9-99a9-19be49d2eeb9', 'significant_problems', '040220b3-bd01-4ac6-9ce3-555c5e5a66dc', '2020-11-30 14:50:00', null, 'significant problems', 'Significant problems'),
    ('eb4b029e-de02-47eb-9625-4a64f5adea79', 'tenant_owner_occupied', 'c0774434-1d10-49eb-bdb1-3722a64521f8', '2020-11-30 14:50:00', null, 'tenant owner / occupied', 'Tenant owner / occupied'),
    ('03cda616-45d1-46ce-9c24-d061fc96e79a', 'living_with_stable_', 'c0774434-1d10-49eb-bdb1-3722a64521f8', '2020-11-30 14:50:00', null, 'living with (stable)', 'Living with (stable)'),
    ('b6be43fe-f2b8-42fc-9f8f-aaa6e1975093', 'living_with_unstable_', 'c0774434-1d10-49eb-bdb1-3722a64521f8', '2020-11-30 14:50:00', null, 'living with (unstable)', 'Living with (unstable)'),
    ('29078344-6894-4a44-90ec-769907f9982c', 'b&b_hotel', 'c0774434-1d10-49eb-bdb1-3722a64521f8', '2020-11-30 14:50:00', null, 'b&b / hotel', 'B&B / hotel'),
    ('a78b7ada-2bd7-4784-aad7-28e48654c2b5', 'hostel', 'c0774434-1d10-49eb-bdb1-3722a64521f8', '2020-11-30 14:50:00', null, 'hostel', 'Hostel'),
    ('34628c03-41e2-4a27-b78c-15aff9f84b37', 'no_fixed_abode', 'c0774434-1d10-49eb-bdb1-3722a64521f8', '2020-11-30 14:50:00', null, 'no fixed abode', 'No fixed abode'),
    ('451b4430-da46-48c1-ba82-71777cad672b', 'some_problems_', '1468d09b-01df-4499-9f7a-42b6594dd74f', '2020-11-30 14:50:00', null, 'some problems ', 'Some problems '),
    ('7490eb85-b635-4dc1-b8da-2d19c0e45442', 'significant_problems', '1468d09b-01df-4499-9f7a-42b6594dd74f', '2020-11-30 14:50:00', null, 'significant problems', 'Significant problems'),
    ('e52bfa34-023b-42a4-8309-719d6e3d5280', 'very_high', '1c89be8b-293b-4c1c-95a2-ed74b74c5579', '2020-11-30 14:50:00', null, 'very high', 'Very high'),
    ('2a9fcca0-287f-4e16-9973-9c9be8e0116c', 'high', '1c89be8b-293b-4c1c-95a2-ed74b74c5579', '2020-11-30 14:50:00', null, 'high', 'High'),
    ('2aae7aac-cfb6-4d0e-9111-71db34b65451', 'medium', '1c89be8b-293b-4c1c-95a2-ed74b74c5579', '2020-11-30 14:50:00', null, 'medium', 'Medium'),
    ('0810e88c-27be-4800-80ae-6d1256fa4dcb', 'low', '1c89be8b-293b-4c1c-95a2-ed74b74c5579', '2020-11-30 14:50:00', null, 'low', 'Low'),
    ('a5a61165-2a77-41e2-8777-0d832f4f82fa', 'very_hgh', '75dbf2b0-b704-4395-b0ea-e45c1637fb99', '2020-11-30 14:50:00', null, 'very hgh', 'Very hgh'),
    ('2ab27f70-cfec-48e3-a0d9-d3eaeb6472f8', 'high', '75dbf2b0-b704-4395-b0ea-e45c1637fb99', '2020-11-30 14:50:00', null, 'high', 'High'),
    ('9b51fb50-28dc-460c-b113-fe2a0643d899', 'medium', '75dbf2b0-b704-4395-b0ea-e45c1637fb99', '2020-11-30 14:50:00', null, 'medium', 'Medium'),
    ('a5b55d7c-1f3d-4df8-bddb-7c41183b672f', 'low', '75dbf2b0-b704-4395-b0ea-e45c1637fb99', '2020-11-30 14:50:00', null, 'low', 'Low'),
    ('733afb22-6b0b-4876-b2ef-7f2fd5a20f27', 'good', '59923923-8c82-4b08-a823-c4e1bebea994', '2020-11-30 14:50:00', null, 'good', 'Good'),
    ('749f5f0e-f66f-4151-b934-a058e571a0c0', 'satisfactory', '59923923-8c82-4b08-a823-c4e1bebea994', '2020-11-30 14:50:00', null, 'satisfactory', 'Satisfactory'),
    ('e5bc2b28-ca96-4767-b791-e070453c88f1', 'poor', '59923923-8c82-4b08-a823-c4e1bebea994', '2020-11-30 14:50:00', null, 'poor', 'Poor'),
    ('1151909f-2475-4d57-8feb-bd50bb5a74ac', 'interview', '8f3838e8-19db-4fcd-9f09-96b00da8e5a5', '2020-11-30 14:50:00', null, 'interview', 'Interview'),
    ('92abaa27-d1e4-4f39-9107-6f3c766ee206', 'service_records', '8f3838e8-19db-4fcd-9f09-96b00da8e5a5', '2020-11-30 14:50:00', null, 'service records', 'Service records'),
    ('dfa73dd6-7a4a-4ed1-a9c2-fbdc9bee10ab', 'cps_summary', '8f3838e8-19db-4fcd-9f09-96b00da8e5a5', '2020-11-30 14:50:00', null, 'cps summary', 'CPS summary'),
    ('7dee275e-7125-4ce2-a8d2-c39e48cf2c1b', 'previous_oasys_assessments', '8f3838e8-19db-4fcd-9f09-96b00da8e5a5', '2020-11-30 14:50:00', null, 'previous oasys assessments', 'Previous OASys assessments'),
    ('0079d5c7-833b-443a-b4cf-88822b34d446', 'previous_convictions', '8f3838e8-19db-4fcd-9f09-96b00da8e5a5', '2020-11-30 14:50:00', null, 'previous convictions', 'Previous convictions'),
    ('a3a51746-7535-4749-b58d-eeb8ec300c1f', 'victim_statement', '8f3838e8-19db-4fcd-9f09-96b00da8e5a5', '2020-11-30 14:50:00', null, 'victim statement', 'Victim statement'),
    ('a64fc428-697d-4783-91b1-4f82b60e0e82', 'safeguarding_checks', '8f3838e8-19db-4fcd-9f09-96b00da8e5a5', '2020-11-30 14:50:00', null, 'safeguarding checks', 'Safeguarding checks'),
    ('b2acf024-8387-4cfb-a3aa-c2d8d32ba88b', 'police_information', '8f3838e8-19db-4fcd-9f09-96b00da8e5a5', '2020-11-30 14:50:00', null, 'police information', 'Police information'),
    ('92708207-cb45-4d70-8e33-7eeb67cc5c94', 'sentencing_guidelines', '8f3838e8-19db-4fcd-9f09-96b00da8e5a5', '2020-11-30 14:50:00', null, 'sentencing guidelines', 'Sentencing guidelines'),
    ('fa97169b-9d5c-4c97-89da-80a554b936ec', 'domestic_abuse_call-out_information', '8f3838e8-19db-4fcd-9f09-96b00da8e5a5', '2020-11-30 14:50:00', null, 'domestic abuse call-out information', 'Domestic abuse call-out information');


INSERT INTO grouping (group_uuid, group_code, heading, subheading, help_text, group_start, group_end)
VALUES ('083e8257-467c-4271-9aca-470dc0b25430', 'pre-sentence_assessment', 'Pre-Sentence Assessment', null, null, '2020-11-30 14:50:00', null),
    ('b7ce6f00-d302-4ba7-a1fa-e98d616b9aa6', 'the_individual', 'The individual', null, null, '2020-11-30 14:50:00', null),
    ('c767db5a-f719-42b2-afe6-6eed4c7015d6', 'court_information', 'Court information', null, null, '2020-11-30 14:50:00', null),
    ('c6805fb1-c817-42b3-9c53-35dc350b864f', 'psr_metadata', 'PSR metadata', null, null, '2020-11-30 14:50:00', null),
    ('515b84bf-42fa-4d59-b43d-f6e914df02c9', 'probation_service_details', 'Probation service details', null, null, '2020-11-30 14:50:00', null),
    ('d87107d3-2086-4a87-a9b5-71aad6d8d84a', 'the_offences', 'The offences', null, null, '2020-11-30 14:50:00', null),
    ('3d7b958b-43dd-41a5-a716-d54c0477cc53', 'offence_analysis', 'Offence analysis', null, null, '2020-11-30 14:50:00', null),
    ('19f1ed3c-93ea-440f-86d9-8d8322d73ff6', 'criminal_history', 'Criminal history', null, null, '2020-11-30 14:50:00', null),
    ('065e5627-8c0c-4913-8f5e-6325a710e4d3', 'order', 'Order', null, null, '2020-11-30 14:50:00', null),
    ('958f568f-ccfd-487e-95ed-3afb31862db8', 'needs', 'Needs', null, null, '2020-11-30 14:50:00', null),
    ('cdc0604c-8a0c-44fe-996e-e7d2cba8383c', 'risks', 'Risks', null, null, '2020-11-30 14:50:00', null),
    ('7d6b6191-8264-4c3f-9132-fd0ade946d8c', 'proposal', 'Proposal', null, null, '2020-11-30 14:50:00', null),
    ('978bb286-b51b-4e3e-a2f8-d34afdb338d3', 'information_sources', 'Information sources', null, null, '2020-11-30 14:50:00', null);


INSERT INTO question_schema (question_schema_uuid, question_code, oasys_question_code, question_start, question_end, answer_type, answer_schema_group_uuid, question_text, question_help_text, external_source)
VALUES ('296be1c9-d0d2-43a4-88fa-57b76cf716db', '1.1', null, '2020-11-30 14:50:00', null, 'freetext', null, 'Title', null, 'COURT:name.title'),
    ('88f154c3-3fe7-4bb0-b5f8-d7ed8f8f4d5c', '2.1', null, '2020-11-30 14:50:00', null, 'freetext', null, 'First name or names ', null, 'COURT:name.forename1'),
    ('fe2ddd65-d5ac-4d36-8dc0-1a0979a5a6f5', '2.2', null, '2020-11-30 14:50:00', null, 'freetext', null, 'Family name or names', null, 'COURT:name.surname'),
    ('7c3817f5-bb60-45d6-8228-8a50b22c9d9d', '3.1', null, '2020-11-30 14:50:00', null, 'date', null, 'Date of birth', null, 'COURT:defendantDob:date'),
    ('ff21ce7b-88d6-44ad-ae0b-97cb4000878b', '4.1', null, '2020-11-30 14:50:00', null, 'freetext', null, 'Age', null, null),
    ('5a8e3e4a-fd53-4624-9690-1be62c439639', '5.1', null, '2020-11-30 14:50:00', null, 'dropdown', '20d112af-d755-437c-ac8f-553c79b406c4', 'Gender', null, null),
    ('b159f41e-c1e3-4923-b46c-f1d540109d12', '5.2', null, '2020-11-30 14:50:00', null, 'dropdown', '20d112af-d755-437c-ac8f-553c79b406c4', 'Sex', null, null),
    ('ded4a000-289c-445a-9b86-ebc38828ca5d', '6.1', null, '2020-11-30 14:50:00', null, 'freetext', null, 'CRN', null, 'COURT:crn'),
    ('b9c15053-4804-47ef-b142-d9296dfaf278', '7.1', null, '2020-11-30 14:50:00', null, 'freetext', null, 'PNC', null, 'COURT:pnc'),
    ('ab156e99-40a5-4923-9db4-d979de9811d7', '8.1', null, '2020-11-30 14:50:00', null, 'freetext', null, 'Address', null, 'COURT:defendantAddress.line1'),
    ('9995ac13-10f4-4288-9f0e-d79cf201a0d9', '8.2', null, '2020-11-30 14:50:00', null, 'freetext', null, null, null, 'COURT:defendantAddress.line2'),
    ('a1611f66-b2f7-4c05-a14e-9b74162e70a5', '8.3', null, '2020-11-30 14:50:00', null, 'freetext', null, null, null, 'COURT:defendantAddress.line3'),
    ('5442f647-ed1b-4dcd-9bdb-d68b4ff07f9d', '8.4', null, '2020-11-30 14:50:00', null, 'freetext', null, null, null, 'COURT:defendantAddress.line4'),
    ('010e3b56-372e-4159-a299-c4b6a215e25e', '8.5', null, '2020-11-30 14:50:00', null, 'freetext', null, null, null, 'COURT:defendantAddress.line5'),
    ('d0bf5f05-c52a-47be-9fe3-4e8f29e34eb7', '8.6', null, '2020-11-30 14:50:00', null, 'freetext', null, 'Post Code', null, 'COURT:defendantAddress.postcode:toUpper'),
    ('a41aae39-e22b-4bff-831c-f510026f39cb', '10.1', null, '2020-11-30 14:50:00', null, 'freetext', null, 'Court', null, 'COURT:courtCode'),
    ('551bf9f6-2d4a-4ce1-b882-8fb7ced06b83', '12.1', null, '2020-11-30 14:50:00', null, 'freetext', null, 'Local justice area', null, null),
    ('1803286e-d90d-49b2-b4b3-89ee5a463dfc', '13.1', null, '2020-11-30 14:50:00', null, 'date', null, 'Date of hearing', null, 'COURT:sessionStartTime'),
    ('94922d99-7c57-4556-9983-9b4dd1f82d6f', '14.1', null, '2020-11-30 14:50:00', null, 'date', null, 'Date of assessment', null, null),
    ('65ef9d3a-60ba-42c7-90de-cb7c63c4e775', '14.2', null, '2020-11-30 14:50:00', null, 'freetext', null, 'Seriousness', null, null),
    ('4cfb5336-77a3-474c-bb46-15889b8efc96', '14.3', null, '2020-11-30 14:50:00', null, 'dropdown', 'c33b5e0e-6e8d-4180-a2b4-6c544616bed9', 'Sentencing purpose', null, null),
    ('cf7e0841-f328-427b-9819-123f6aeca492', '14.4', null, '2020-11-30 14:50:00', null, 'date', null, 'Date report requested', null, null),
    ('1e9cf876-0bc1-42f4-a6b4-c155d492a1e9', '14.5', null, '2020-11-30 14:50:00', null, 'date', null, 'Date report required', null, null),
    ('db347046-404f-4cae-ac25-dfecdd029f40', '19.1', null, '2020-11-30 14:50:00', null, 'date', null, 'Date report completed and signed', null, null),
    ('bd09fa6e-0bc6-45bf-9037-ee9a3d1e66c6', '23.1', null, '2020-11-30 14:50:00', null, 'freetext', null, 'Probation practitioner', null, null),
    ('dc70c83b-55cb-4a85-9f50-37df3fe2b17a', '24.1', null, '2020-11-30 14:50:00', null, 'freetext', null, 'Report author', null, null),
    ('537bade9-ae5c-49b5-8862-4680068abbac', '26.1', null, '2020-11-30 14:50:00', null, 'freetext', null, 'Office', null, null),
    ('cf8941d3-8f54-4a64-b6f8-04faee018407', '30.1', null, '2020-11-30 14:50:00', null, 'dropdown', 'f10e4f48-6066-4781-bf5c-cc82a4b3968b', 'Main offence  ', null, null),
    ('c09178f8-3fe1-4644-b1b4-51325318d74a', '30.2', null, '2020-11-30 14:50:00', null, 'date', null, 'Date', null, null),
    ('1a0dcc4e-c9a2-4d9d-ae98-0a902928dfd4', '31.1', null, '2020-11-30 14:50:00', null, 'dropdown', 'f10e4f48-6066-4781-bf5c-cc82a4b3968b', 'Additional offence ', null, null),
    ('1b34e4a8-a294-4eaa-a74b-1bdf2b595ce6', '31.2', null, '2020-11-30 14:50:00', null, 'date', null, 'Date', null, null),
    ('2ba9329c-08d1-478d-98ca-e88603d1f23d', '32.1', null, '2020-11-30 14:50:00', null, 'freetext', null, 'Additional offence description', null, null),
    ('a09cca0d-4e49-4e7b-9d83-dd94449058df', '33.1', null, '2020-11-30 14:50:00', null, 'freetext', null, 'Current offence category', null, null),
    ('0d175312-9708-4cd7-84e4-35c6a944ee87', '90.1', null, '2020-11-30 14:50:00', null, 'date', null, 'Date of current conviction', null, null),
    ('0f8cd514-fdbf-46e2-b104-fea64f694103', '91.1', null, '2020-11-30 14:50:00', null, 'date', null, 'Date of sentence, or discharge if sentenced to custody', null, null),
    ('193b782f-2f94-45a7-90d5-51fee6d50443', '34.1', 'Section 2, question 2.1', '2020-11-30 14:50:00', null, 'freetext', null, 'Offence analysis', null, null),
    ('0f381267-6480-40d8-b8ea-3e58c015c740', '34.2', 'Section 2, question 2.8', '2020-11-30 14:50:00', null, 'freetext', null, 'Why did the offence occur?', null, null),
    ('39180a32-95ef-4f0f-af21-bc5ad92428f0', '34.2', 'Section 2, question 2.11', '2020-11-30 14:50:00', null, 'radio', '06c16d35-bb4d-4078-8596-482b4c1519f4', 'Does the individual accept responsibility for the current offence?', null, null),
    ('0d012450-3964-4a70-ad3e-566d655d8c9e', '34.3', null, '2020-11-30 14:50:00', null, 'freetext', null, 'Give details', null, null),
    ('17d9ad79-a42a-4d12-b66e-c71c66e20fa6', '34.4', 'Section 2, question 2.6', '2020-11-30 14:50:00', null, 'radio', '06c16d35-bb4d-4078-8596-482b4c1519f4', 'Does the individual recognise the impact and consequences of offence(s) on the victim or community or wider society?', null, null),
    ('7186b773-2224-4c8d-a839-773d7aa78ac2', '34.5', null, '2020-11-30 14:50:00', null, 'freetext', null, 'Give details', null, null),
    ('a54260c0-55aa-484d-8a77-802ad2392947', '34.6', 'Section 2, question 2.13', '2020-11-30 14:50:00', null, 'radio', '06c16d35-bb4d-4078-8596-482b4c1519f4', 'Do the current offence(s) indicate an escalation in seriousness from earlier offending?', null, null),
    ('7ac30204-8ab7-4cc6-ae82-1b826a1bf64f', '34.7', null, '2020-11-30 14:50:00', null, 'freetext', null, 'Give details', null, null),
    ('812f85a6-fee2-4f2a-9933-a24fc47b89ed', '87.1', 'Section 2, question 2.14', '2020-11-30 14:50:00', null, 'radio', '06c16d35-bb4d-4078-8596-482b4c1519f4', 'Are current offence(s) part of an established pattern of offending?', null, null),
    ('ddc4fb97-82e7-4c4b-a67f-d347088666b7', '87.2', null, '2020-11-30 14:50:00', null, 'freetext', null, 'Give details', null, null),
    ('c787bfe0-5472-4f64-9072-81ac29f7b182', '55.1', null, '2020-11-30 14:50:00', null, 'radio', '06c16d35-bb4d-4078-8596-482b4c1519f4', 'Does the individual have any history of statutory sexual offences?', null, null),
    ('0d0ee2ff-c256-432b-a272-b044d15c2e59', '59.1', null, '2020-11-30 14:50:00', null, 'radio', '06c16d35-bb4d-4078-8596-482b4c1519f4', 'Does the current offence have a sexual element or motivation?', null, null),
    ('8eaaac47-5a29-46e5-80e0-f5d061f93fa4', '59.2', null, '2020-11-30 14:50:00', null, 'radio', '06c16d35-bb4d-4078-8596-482b4c1519f4', 'Have they ever committed a sexual or sexually motivated offence?', null, null),
    ('4a7928e4-a118-4e31-b60c-d16a6155d42a', '63.1', null, '2020-11-30 14:50:00', null, 'radio', '06c16d35-bb4d-4078-8596-482b4c1519f4', 'Have any of these involved actual or attempted contact against a victim who was a stranger?', null, null),
    ('fc6bd8e2-615f-4eca-896a-3b72c1e727d0', '64.1', null, '2020-11-30 14:50:00', null, 'date', null, 'Date of most recent sanction involving a sexual or sexually motivated offence', null, null),
    ('e55ba102-f5a1-4f15-a91d-acae29bbf97e', '68.1', null, '2020-11-30 14:50:00', null, 'freetext', null, 'Number of previous or current sanctions involving contact adult sexual offences', null, null),
    ('4821b22c-d817-430f-8c31-a7a9ead46837', '69.1', null, '2020-11-30 14:50:00', null, 'freetext', null, 'Number of previous or current sanctions involving contact child sexual offences', null, null),
    ('ea4afe3a-8a61-47e2-a7d6-0a83c7035f81', '70.1', null, '2020-11-30 14:50:00', null, 'freetext', null, 'Number of previous or current sanctions involving indecent image sexual offences', null, null),
    ('3b566dc4-5573-4240-86b1-06fcc2a19caa', '71.1', null, '2020-11-30 14:50:00', null, 'freetext', null, 'Number of previous or current sanctions involving other non-contact sexual or sexually motivated offences', null, null),
    ('9f98d14b-9c8b-4bb7-9d77-4de12dd488d4', '98.1', null, '2020-11-30 14:50:00', null, 'radio', '06c16d35-bb4d-4078-8596-482b4c1519f4', 'Have you completed an interview and/or OASys?', null, null),
    ('7b668b39-3648-4072-977e-fe8bee4d1276', '98.2', null, '2020-11-30 14:50:00', null, 'radio', '06c16d35-bb4d-4078-8596-482b4c1519f4', 'Does the individual have any previous convictions?', null, null),
    ('e5825671-0e5f-409c-b8a8-ad45611bdf85', '73.1', null, '2020-11-30 14:50:00', null, 'freetext', null, 'Does the individual have any previous convictions for the following:', null, null),
    ('c4ce7fa0-d663-4ab2-9c94-32df2f25e859', '73.2', null, '2020-11-30 14:50:00', null, 'freetext', null, 'Murder or attempted murder or threat or conspiracy to murder or manslaughter', null, null),
    ('855c3974-557f-49b4-84c0-6c96172e6bc5', '74.1', null, '2020-11-30 14:50:00', null, 'freetext', null, 'Wounding or GBH (Sections 18/20 Offences Against the Person ACT 1861)', null, null),
    ('c1e8e046-e2c8-4184-bb6e-567faa6d33d1', '75.1', null, '2020-11-30 14:50:00', null, 'freetext', null, 'Aggravated burglary', null, null),
    ('498570bb-8c45-480a-ba74-d2804ef81ffa', '76.1', null, '2020-11-30 14:50:00', null, 'freetext', null, 'Arson', null, null),
    ('01abd206-6a26-49ff-bef5-2ed25157a651', '77.1', null, '2020-11-30 14:50:00', null, 'freetext', null, 'Criminal damage with intent to endanger life', null, null),
    ('e3b216da-833e-450a-a541-d1f8100c992a', '78.1', null, '2020-11-30 14:50:00', null, 'freetext', null, 'Kidnapping or false imprisonment', null, null),
    ('c4d9952d-cd09-42dd-a372-8897a0b0cb23', '79.1', null, '2020-11-30 14:50:00', null, 'freetext', null, 'Possession of a firearm with intent to endanger life or resist arrest', null, null),
    ('e55995e1-c6fd-411c-bdd0-d2bb78284b03', '80.1', null, '2020-11-30 14:50:00', null, 'freetext', null, 'Robbery', null, null),
    ('ae90f9e3-c063-4d3d-9d0b-c385067e34c8', '81.1', null, '2020-11-30 14:50:00', null, 'freetext', null, 'Any other offence involving possession and/or use of weapons', null, null),
    ('7b852676-e960-4287-86ac-0c383281c50c', '82.1', '2.2A', '2020-11-30 14:50:00', null, 'radio', '06c16d35-bb4d-4078-8596-482b4c1519f4', 'Did the offence involve carrying or use of a weapon?', null, null),
    ('d866cf6f-3d5b-43f7-9ecd-c192a9533d70', '92.1', null, '2020-11-30 14:50:00', null, 'date', null, 'Date of first sanction', null, null),
    ('7a1065dc-4a01-4e64-9e72-d32c1613c2f2', '93.1', null, '2020-11-30 14:50:00', null, 'freetext', null, 'Number of previous sanctions for all recordable offences', null, null),
    ('be338305-1e00-4b01-9790-d248e4d36302', '94.1', null, '2020-11-30 14:50:00', null, 'freetext', null, 'Number of previous or current sanctions for violent offences', null, null),
    ('7f0a230e-a7a7-48bd-afa9-0104fa78f600', '95.1', null, '2020-11-30 14:50:00', null, 'freetext', null, 'Order', null, null),
    ('64e60943-d37b-402f-8c73-caab42974809', '99.1', '3.4', '2020-11-30 14:50:00', null, 'radio', '040220b3-bd01-4ac6-9ce3-555c5e5a66dc', 'Suitability of accommodation. ', null, null),
    ('ab231f3d-3500-4005-b548-aa207c352de8', '99.1.1', null, '2020-11-30 14:50:00', null, 'freetext', null, 'Give details', null, null),
    ('3726aad2-7ca9-4807-9dc0-f08abf7ea947', '99.2', 'Section 3 last question field ref S3.11', '2020-11-30 14:50:00', null, 'radio', '06c16d35-bb4d-4078-8596-482b4c1519f4', 'Are any current or previous accommodation issues linked to offending behaviour?', null, null),
    ('66836e5e-a010-4b4e-9088-dcf9e936139d', '99.3', null, '2020-11-30 14:50:00', null, 'dropdown', 'c0774434-1d10-49eb-bdb1-3722a64521f8', 'Accommodation type', null, null),
    ('05a1a157-8b15-4fb6-a70c-c5e91c61cd75', '99.4', null, '2020-11-30 14:50:00', null, 'freetext', null, 'Give details', null, null),
    ('defe9bac-00b5-4aaf-95ed-f54ad9254fe9', '100.1', 'Section 4 last question field ref S4.23', '2020-11-30 14:50:00', null, 'radio', '06c16d35-bb4d-4078-8596-482b4c1519f4', 'Are education, training, employment and/or basic skills issues linked to offending behaviour?', null, null),
    ('0ddcc5d8-26a0-4484-9abf-d36c2f1ddca1', '100.2', '4.2', '2020-11-30 14:50:00', null, 'freetext', null, 'Education, training and employability status', null, null),
    ('75f4394b-59d2-4d39-9a49-0fab1115e630', '100.3', null, '2020-11-30 14:50:00', null, 'freetext', null, 'Give details', null, null),
    ('426243bf-f630-4b96-9364-21feadcc6f39', '100.4', null, '2020-11-30 14:50:00', null, 'freetext', null, 'Hours of work or education / training per week', null, null),
    ('5f8c4e70-641f-462a-b3c8-d0f80476d544', '100.5', null, '2020-11-30 14:50:00', null, 'radio', '06c16d35-bb4d-4078-8596-482b4c1519f4', 'Is a Skills for Life assessment required?', null, null),
    ('32f702f3-ade4-4f44-8e56-e1b28fb23a21', '104.1', 'Section 5 last question field ref S5.13', '2020-11-30 14:50:00', null, 'radio', '06c16d35-bb4d-4078-8596-482b4c1519f4', 'Are financial issues linked to offending behaviour?', null, null),
    ('46e8f725-c2dc-4ee7-a7c8-761e08373bda', '104.2', null, '2020-11-30 14:50:00', null, 'freetext', null, 'Give details', null, null),
    ('143da3bf-6e81-41a1-ac54-57109c357000', '105.1', '6.4', '2020-11-30 14:50:00', null, 'radio', '1468d09b-01df-4499-9f7a-42b6594dd74f', 'What is the person''s current relationship with their partner?', null, null),
    ('f0d2c007-9825-427a-ac4d-7e046a9d882a', '108.1', '6.7', '2020-11-30 14:50:00', null, 'radio', '06c16d35-bb4d-4078-8596-482b4c1519f4', 'Is there evidence that the individual is a perpetrator of domestic violence or partner abuse?', null, null),
    ('5a229209-72b7-4b1f-8f03-09076e93f46d', '108.2', null, '2020-11-30 14:50:00', null, 'freetext', null, 'Give details', null, null),
    ('e8057448-0096-4e5b-8ad3-25f1a873dd67', '114.1', 'Section 9 last question field ref S9.14', '2020-11-30 14:50:00', null, 'radio', '040220b3-bd01-4ac6-9ce3-555c5e5a66dc', 'Is the person''s current use of alcohol a problem?', null, null),
    ('91dc6fd0-7e12-487e-a347-47bc098f19ab', '114.2', null, '2020-11-30 14:50:00', null, 'freetext', null, 'Give details', null, null),
    ('d48471b8-e0f1-4b54-b708-4eb8c146cd21', '115.1', '9.2', '2020-11-30 14:50:00', null, 'radio', '040220b3-bd01-4ac6-9ce3-555c5e5a66dc', 'Is there evidence of binge drinking or excessive use of alcohol in the last 6 months?', null, null),
    ('13338fc3-b40c-43a5-927a-66e88f74574e', '115.1.1', null, '2020-11-30 14:50:00', null, 'freetext', null, 'Give details', null, null),
    ('200fb408-7a29-403d-baad-8bb5e3bd119a', '115.2', null, '2020-11-30 14:50:00', null, 'radio', '06c16d35-bb4d-4078-8596-482b4c1519f4', 'Is there a need for a specialist assessment?', null, null),
    ('1b293bc3-3e8e-44ef-ac53-e339c8e6acd2', '115.3', null, '2020-11-30 14:50:00', null, 'freetext', null, 'Give details', null, null),
    ('9e7a1adc-624e-41e4-9aa6-12d5fa987f49', '110.1', 'Section 8 last question field ref S8.19', '2020-11-30 14:50:00', null, 'radio', '06c16d35-bb4d-4078-8596-482b4c1519f4', 'Is drug misuse linked to offending behaviour?', null, null),
    ('4b6f547d-1add-4a2c-9023-eed6570d0d00', '110.2', null, '2020-11-30 14:50:00', null, 'freetext', null, 'Give details', null, null),
    ('ea7f0786-25a1-4036-bd38-cb99c0fde820', '110.3', 'Section 8 fields S8.2', '2020-11-30 14:50:00', null, 'radio', '06c16d35-bb4d-4078-8596-482b4c1519f4', 'Is there current or recent drug misuse on a daily or weekly basis?', null, null),
    ('fd41eaca-a48f-4fc2-bd03-37b2ba153a07', '110.4', null, '2020-11-30 14:50:00', null, 'freetext', null, 'Give details', null, null),
    ('75208b64-e4f2-4302-adeb-8333b79d434d', '110.5', 'Section 8 question 8.8', '2020-11-30 14:50:00', null, 'freetext', null, 'Is the individual motivated to tackle drugs misuse?', null, null),
    ('772c730b-449b-449d-8050-beb3e82fe141', '110.6', null, '2020-11-30 14:50:00', null, 'freetext', null, 'Give details', null, null),
    ('eb454e75-1f80-4f54-b7c0-a648569cda4d', '116.1', 'Section 10 last question field ref S10.17', '2020-11-30 14:50:00', null, 'radio', '06c16d35-bb4d-4078-8596-482b4c1519f4', 'Is mental health linked to offending behaviour?', null, null),
    ('b9aff7db-3623-425b-9c87-d61e4b1d06a9', '116.2', null, '2020-11-30 14:50:00', null, 'freetext', null, 'Give details', null, null),
    ('f79a9bb0-1f85-4c5e-963f-5b6c9f7fad27', '116.3', null, '2020-11-30 14:50:00', null, 'radio', '06c16d35-bb4d-4078-8596-482b4c1519f4', 'Does the individual have current mental health issues or a history of such issues?', null, null),
    ('9ad7c532-c142-428e-9cfc-c01dd51c95c8', '116.4', null, '2020-11-30 14:50:00', null, 'freetext', null, 'Give details', null, null),
    ('cfc74b23-05b6-4e7c-b61b-9d50c4fdbb2e', '116.4.1', null, '2020-11-30 14:50:00', null, 'freetext', null, 'Is there evidence of self-harm, attempted suicide, suicidal thoughts or feelings?', null, null),
    ('df28be4a-4452-4547-a128-ce9bceef56e2', '116.4.2', null, '2020-11-30 14:50:00', null, 'freetext', null, null, null, null),
    ('3dcb581e-b82b-425d-ac47-4ddd00881f5b', '116.5', 'R8.2.1 field FA.39', '2020-11-30 14:50:00', null, 'radio', '06c16d35-bb4d-4078-8596-482b4c1519f4', 'Can the individual cope in custody / hostel setting?', null, null),
    ('6d1f279e-fb6d-4e6a-990c-31e219483be1', '116.6', null, '2020-11-30 14:50:00', null, 'freetext', null, 'Give details', null, null),
    ('9864932b-04f4-42bc-8a50-8cc37f618349', '116.7', null, '2020-11-30 14:50:00', null, 'radio', '06c16d35-bb4d-4078-8596-482b4c1519f4', 'Are there particular social and emotional consequences of imprisonment?', null, null),
    ('6fbd8374-af84-43b9-b174-c37545008b5a', '116.8', null, '2020-11-30 14:50:00', null, 'freetext', null, 'Give details', null, null),
    ('149be6c8-88df-431c-8115-c750c998cac2', '116.9', 'Section 10 question 10.8 field ref S10.14', '2020-11-30 14:50:00', null, 'radio', '06c16d35-bb4d-4078-8596-482b4c1519f4', 'Is a specialist mental health report required?', null, null),
    ('b3d52a8f-f65d-46d1-80cb-fde5b1b182ac', '116.9.1', null, '2020-11-30 14:50:00', null, 'freetext', null, 'Give details', null, null),
    ('7435049b-a784-49c4-bb27-8fcb3e994f01', '119.1', null, '2020-11-30 14:50:00', null, 'radio', '06c16d35-bb4d-4078-8596-482b4c1519f4', 'Are thinking and behaviour a relevant factor?', null, null),
    ('db5519b9-5391-403c-b337-da2f15dfb678', '120.1', '11.2', '2020-11-30 14:50:00', null, 'radio', '040220b3-bd01-4ac6-9ce3-555c5e5a66dc', 'Is impulsivity a problem for the individual?', null, null),
    ('3a02a8fa-b467-4101-94de-527a3ddd503c', '120.2', null, '2020-11-30 14:50:00', null, 'freetext', null, 'Give details', null, null),
    ('cfd09041-0eaf-461c-bde2-f84bcd0c2e85', '121.1', '11.4', '2020-11-30 14:50:00', null, 'radio', '040220b3-bd01-4ac6-9ce3-555c5e5a66dc', 'Is temper control a problem for the individual?', null, null),
    ('2a18f0f6-7cc6-432b-beb2-283ad20b01af', '127.1', '12.1', '2020-11-30 14:50:00', null, 'radio', '040220b3-bd01-4ac6-9ce3-555c5e5a66dc', 'Does the individual have pro-criminal attitudes?', null, null),
    ('4fdc1dc3-df70-44b5-868a-59a91e7bd598', '127.2', 'Section 11 question 11.1', '2020-11-30 14:50:00', null, 'radio', '06c16d35-bb4d-4078-8596-482b4c1519f4', 'Is there evidence that the individual demonstrates inadequate social or interpersonal skills?', null, null),
    ('d05bd87b-65b9-4a2d-b49c-4a1160e60001', '127.3', null, '2020-11-30 14:50:00', null, 'freetext', null, 'Give details', null, null),
    ('0ea904d4-7c34-44a5-9f4e-9f1d0f1621d1', '127.4', 'Section 11 question 11.6', '2020-11-30 14:50:00', null, 'radio', '06c16d35-bb4d-4078-8596-482b4c1519f4', 'Is there evidence that the individual uses inappropriate problem solving strategies?', null, null),
    ('d9d1c011-fc7b-451f-b8f8-ac17473d74b4', '127.5', null, '2020-11-30 14:50:00', null, 'freetext', null, 'Give details', null, null),
    ('373823e6-2e1d-44e3-8ca3-56cf26eaa2e3', '127.6', 'Section 11 question 11.9', '2020-11-30 14:50:00', null, 'radio', '06c16d35-bb4d-4078-8596-482b4c1519f4', 'Is there evidence that the individual has difficulty understanding other people’s points of view?', null, null),
    ('6ae68440-baa4-4449-85e9-ab6591a210b3', '127.7', null, '2020-11-30 14:50:00', null, 'freetext', null, 'Give details', null, null),
    ('a9c627a4-aa8b-426a-985a-c771756c8962', '127.8', null, '2020-11-30 14:50:00', null, 'freetext', null, 'Are anti-social or discriminatory attitudes or behaviour associated with offending?', null, null),
    ('df177855-d60a-4fe5-bea0-3265aa2821e5', '127.9', null, '2020-11-30 14:50:00', null, 'freetext', null, 'Give details', null, null),
    ('d6bcfdf5-0bd2-4396-990b-08608b71854c', '128.1', null, '2020-11-30 14:50:00', null, 'freetext', null, 'Additional information about the individual relevant to their offence(s) and the management of the offender', null, null),
    ('52b19949-a090-4c45-bc9a-46766f90f4e3', '131.1', null, '2020-11-30 14:50:00', null, 'radio', '06c16d35-bb4d-4078-8596-482b4c1519f4', 'Is there evidence of the individual experiencing trauma?', null, null),
    ('f8d4e93b-4d2a-4c1b-b640-3f7bec657bb7', '132.1', null, '2020-11-30 14:50:00', null, 'radio', '06c16d35-bb4d-4078-8596-482b4c1519f4', 'Does the individual have caring responsibilities for children or adults, or have they ever had caring responsibilities for children or adults?', null, null),
    ('d4ca2244-f477-4217-9ca1-5a20a2c93342', '133.1.3', null, '2020-11-30 14:50:00', null, 'freetext', null, 'Risk of Serious Recidivism (RSR)', null, null),
    ('2fce3fd6-adf0-488a-b224-5794826d80df', '133.1.4', null, '2020-11-30 14:50:00', null, 'freetext', null, 'OGRS3 probability of proven reoffending', null, null),
    ('09abb679-7f38-4b2b-8094-14478190fc50', '133.1.5', null, '2020-11-30 14:50:00', null, 'freetext', null, 'What are the individual''s risk factors?', null, null),
    ('be18fbee-e87b-44df-a049-bc0253df91b0', '137.4', null, '2020-11-30 14:50:00', null, 'freetext', null, 'What are the individual''s protective factors?', null, null),
    ('a9222498-5858-4db6-a98c-9d2fefb49d8c', '133.1.1', null, '2020-11-30 14:50:00', null, 'radio', '06c16d35-bb4d-4078-8596-482b4c1519f4', 'Do you assess risk of serious harm to be imminent?', null, null),
    ('309cb3b3-582e-433b-9efe-f5f6d5b58424', '133.1.2', null, '2020-11-30 14:50:00', null, 'freetext', null, 'Give details', null, null),
    ('a6901748-918f-4ce2-acd4-0b5b24b89033', '133.1', 'S1.46', '2020-11-30 14:50:00', null, 'dropdown', '1c89be8b-293b-4c1c-95a2-ed74b74c5579', 'Likelihood of further offending', null, null),
    ('e946a272-ca81-4e14-999a-8df7af24c441', '137.1', null, '2020-11-30 14:50:00', null, 'dropdown', '75dbf2b0-b704-4395-b0ea-e45c1637fb99', 'Risk of serious harm', null, null),
    ('f1c5c249-a36e-4a58-b224-4385bdb37f54', '133.2', null, '2020-11-30 14:50:00', null, 'radio', '06c16d35-bb4d-4078-8596-482b4c1519f4', 'Does the Risk of Serious Harm Screening indicate a need for a full Risk of Serious Harm Analysis?', null, null),
    ('51a22cb8-d466-4f10-b1f6-b5b86256c88f', '137.2', null, '2020-11-30 14:50:00', null, 'dropdown', '59923923-8c82-4b08-a823-c4e1bebea994', 'Response to previous supervision', null, null),
    ('b34e2306-0756-45c5-8b11-0cb2aaca070c', '137.3', null, '2020-11-30 14:50:00', null, 'freetext', null, 'Give details', null, null),
    ('51e89165-a321-4368-85b7-12657ff3def4', '137.4', null, '2020-11-30 14:50:00', null, 'freetext', null, 'Risk of Serious Recidivism (RSR)', null, null),
    ('47cc4f7c-6eb2-4008-a5ca-19b0ae03e975', '137.5', null, '2020-11-30 14:50:00', null, 'freetext', null, 'OGRS3 probability of proven reoffending', null, null),
    ('46470cbd-6a16-4114-a97b-10cc58ae11bb', '142.1', null, '2020-11-30 14:50:00', null, 'freetext', null, 'Enter a proposed sentence', null, null),
    ('1d195ef6-f6c5-4552-b88a-71ceb1db19ae', '142.2', null, '2020-11-30 14:50:00', null, 'freetext', null, 'Give details', null, null),
    ('3b2e835b-1f96-4167-ade7-59ba5fde145c', '142.3', null, '2020-11-30 14:50:00', null, 'freetext', null, 'Reasons for proposal', null, null),
    ('8d5ca7ff-9e72-4bf4-a7ff-3ceb4c112c55', '142.4', null, '2020-11-30 14:50:00', null, 'freetext', null, 'Sentence length', null, null),
    ('2b609608-5a83-4205-afce-c98a07cdbbed', '142.5', null, '2020-11-30 14:50:00', null, 'freetext', null, 'Individual''s attitude to proposed sentence', null, null),
    ('446f17da-f13c-487d-81fc-30c10ac65b59', '147.1', null, '2020-11-30 14:50:00', null, 'dropdown', '8f3838e8-19db-4fcd-9f09-96b00da8e5a5', 'Information sources', null, null);


INSERT INTO question_group (question_group_uuid, content_uuid, content_type, group_uuid, display_order, mandatory, validation)
VALUES ('7b04c793-4e69-4575-8dab-8c6381266bac', 'b7ce6f00-d302-4ba7-a1fa-e98d616b9aa6', 'group', '083e8257-467c-4271-9aca-470dc0b25430', 1, true, null),
    ('962af171-11e6-41b6-9c41-63a74e464597', '296be1c9-d0d2-43a4-88fa-57b76cf716db', 'question', 'b7ce6f00-d302-4ba7-a1fa-e98d616b9aa6', 1, true, null),
    ('eb7725a2-1f4e-4bb2-92b9-d5204fe6347d', '88f154c3-3fe7-4bb0-b5f8-d7ed8f8f4d5c', 'question', 'b7ce6f00-d302-4ba7-a1fa-e98d616b9aa6', 2, true, null),
    ('7e8fa6bd-27ce-4dcd-81f7-8c606f24849b', 'fe2ddd65-d5ac-4d36-8dc0-1a0979a5a6f5', 'question', 'b7ce6f00-d302-4ba7-a1fa-e98d616b9aa6', 3, true, null),
    ('6a81f8c9-cb39-4329-9abc-e733387cfd3b', '7c3817f5-bb60-45d6-8228-8a50b22c9d9d', 'question', 'b7ce6f00-d302-4ba7-a1fa-e98d616b9aa6', 4, true, null),
    ('342d6209-52c2-460a-b907-c0abba03cdc0', 'ff21ce7b-88d6-44ad-ae0b-97cb4000878b', 'question', 'b7ce6f00-d302-4ba7-a1fa-e98d616b9aa6', 5, true, null),
    ('6192b084-5c2a-4d2c-b493-d841c366907e', '5a8e3e4a-fd53-4624-9690-1be62c439639', 'question', 'b7ce6f00-d302-4ba7-a1fa-e98d616b9aa6', 6, true, null),
    ('6de9c77d-60fc-46bb-855f-65cf9d5d72ad', 'b159f41e-c1e3-4923-b46c-f1d540109d12', 'question', 'b7ce6f00-d302-4ba7-a1fa-e98d616b9aa6', 7, true, null),
    ('a83b6d9d-e07b-4d85-b685-eb3b5a1402e5', 'ded4a000-289c-445a-9b86-ebc38828ca5d', 'question', 'b7ce6f00-d302-4ba7-a1fa-e98d616b9aa6', 8, true, null),
    ('2f5f93e4-5d40-4a15-a2b7-1927839ca6a3', 'b9c15053-4804-47ef-b142-d9296dfaf278', 'question', 'b7ce6f00-d302-4ba7-a1fa-e98d616b9aa6', 9, true, null),
    ('9b89c7fd-a51f-44d9-9da4-795e1777c3f4', 'ab156e99-40a5-4923-9db4-d979de9811d7', 'question', 'b7ce6f00-d302-4ba7-a1fa-e98d616b9aa6', 10, true, null),
    ('7d6c7ad7-b727-4a22-82a7-4e1418b9133b', '9995ac13-10f4-4288-9f0e-d79cf201a0d9', 'question', 'b7ce6f00-d302-4ba7-a1fa-e98d616b9aa6', 11, true, null),
    ('f06847b8-adf7-4923-a63c-f7094a12530a', 'a1611f66-b2f7-4c05-a14e-9b74162e70a5', 'question', 'b7ce6f00-d302-4ba7-a1fa-e98d616b9aa6', 12, true, null),
    ('44224287-d1d5-4b63-9a75-906d16a5fba9', '5442f647-ed1b-4dcd-9bdb-d68b4ff07f9d', 'question', 'b7ce6f00-d302-4ba7-a1fa-e98d616b9aa6', 13, true, null),
    ('9564c0c5-f4d0-4d5c-86c7-7ec8815a7534', '010e3b56-372e-4159-a299-c4b6a215e25e', 'question', 'b7ce6f00-d302-4ba7-a1fa-e98d616b9aa6', 14, true, null),
    ('8316aaf6-1caa-44a4-900e-f69ae4e19d89', 'd0bf5f05-c52a-47be-9fe3-4e8f29e34eb7', 'question', 'b7ce6f00-d302-4ba7-a1fa-e98d616b9aa6', 15, true, null),
    ('33c9f8c1-3c16-4c47-b1e4-a08cd8b6304f', 'c767db5a-f719-42b2-afe6-6eed4c7015d6', 'group', '083e8257-467c-4271-9aca-470dc0b25430', 2, true, null),
    ('98aa6873-82f7-4398-ae36-bfee6f5cadfe', 'a41aae39-e22b-4bff-831c-f510026f39cb', 'question', 'c767db5a-f719-42b2-afe6-6eed4c7015d6', 1, true, null),
    ('95953e45-8846-418f-b3f6-9e014ee04187', '551bf9f6-2d4a-4ce1-b882-8fb7ced06b83', 'question', 'c767db5a-f719-42b2-afe6-6eed4c7015d6', 2, true, null),
    ('2581082c-9ba1-4410-8968-9e42c7619d45', '1803286e-d90d-49b2-b4b3-89ee5a463dfc', 'question', 'c767db5a-f719-42b2-afe6-6eed4c7015d6', 3, true, null),
    ('66798c72-9a46-4189-8f99-0d336c5a4941', '94922d99-7c57-4556-9983-9b4dd1f82d6f', 'question', 'c767db5a-f719-42b2-afe6-6eed4c7015d6', 4, true, null),
    ('ba29848d-bc79-465a-ae1f-39debcd9b319', '65ef9d3a-60ba-42c7-90de-cb7c63c4e775', 'question', 'c767db5a-f719-42b2-afe6-6eed4c7015d6', 5, true, null),
    ('f899f809-1f88-47a9-821b-89b2fa75cf85', 'c6805fb1-c817-42b3-9c53-35dc350b864f', 'group', '083e8257-467c-4271-9aca-470dc0b25430', 3, true, null),
    ('0a74a3ce-5e41-4e39-a6d0-4702719cb405', '4cfb5336-77a3-474c-bb46-15889b8efc96', 'question', 'c6805fb1-c817-42b3-9c53-35dc350b864f', 1, true, null),
    ('de0a6d4b-e917-4103-a3e5-e148c5ddaa4b', 'cf7e0841-f328-427b-9819-123f6aeca492', 'question', 'c6805fb1-c817-42b3-9c53-35dc350b864f', 2, true, null),
    ('d7d80905-5d1d-4c0f-b635-b6047c43de95', '1e9cf876-0bc1-42f4-a6b4-c155d492a1e9', 'question', 'c6805fb1-c817-42b3-9c53-35dc350b864f', 3, true, null),
    ('22bab6fb-212f-4de8-9e4e-95b57cccded6', 'db347046-404f-4cae-ac25-dfecdd029f40', 'question', 'c6805fb1-c817-42b3-9c53-35dc350b864f', 4, true, null),
    ('a40f715c-1237-45da-9e9c-e07bed06e5dc', '515b84bf-42fa-4d59-b43d-f6e914df02c9', 'group', '083e8257-467c-4271-9aca-470dc0b25430', 4, true, null),
    ('76346877-e761-4665-8126-2c5afd315742', 'bd09fa6e-0bc6-45bf-9037-ee9a3d1e66c6', 'question', '515b84bf-42fa-4d59-b43d-f6e914df02c9', 1, true, null),
    ('517eebc1-a9a9-48b2-a39a-ed3d15dd926b', 'dc70c83b-55cb-4a85-9f50-37df3fe2b17a', 'question', '515b84bf-42fa-4d59-b43d-f6e914df02c9', 2, true, null),
    ('5d392e00-e072-4d9a-8a35-3a085260dd61', '537bade9-ae5c-49b5-8862-4680068abbac', 'question', '515b84bf-42fa-4d59-b43d-f6e914df02c9', 3, true, null),
    ('da41169a-e01d-4f60-9f62-394daab5d0a5', 'd87107d3-2086-4a87-a9b5-71aad6d8d84a', 'group', '083e8257-467c-4271-9aca-470dc0b25430', 5, true, null),
    ('40ca8782-03ea-4df8-9580-0319fb5186b5', 'cf8941d3-8f54-4a64-b6f8-04faee018407', 'question', 'd87107d3-2086-4a87-a9b5-71aad6d8d84a', 1, true, null),
    ('2607e0c6-0303-481c-a155-d78b109aceb3', 'c09178f8-3fe1-4644-b1b4-51325318d74a', 'question', 'd87107d3-2086-4a87-a9b5-71aad6d8d84a', 2, true, null),
    ('ec85c52e-f05d-4a4f-b1e8-5d4b9028c1cf', '1a0dcc4e-c9a2-4d9d-ae98-0a902928dfd4', 'question', 'd87107d3-2086-4a87-a9b5-71aad6d8d84a', 3, true, null),
    ('7835e502-a434-40e2-9611-c84ed73cf615', '1b34e4a8-a294-4eaa-a74b-1bdf2b595ce6', 'question', 'd87107d3-2086-4a87-a9b5-71aad6d8d84a', 4, true, null),
    ('f653ce6a-4c5b-4cc0-b36d-5209b00125dd', '2ba9329c-08d1-478d-98ca-e88603d1f23d', 'question', 'd87107d3-2086-4a87-a9b5-71aad6d8d84a', 5, true, null),
    ('8a24e58c-6122-4bb4-8fe6-7f0d672cc5f2', 'a09cca0d-4e49-4e7b-9d83-dd94449058df', 'question', 'd87107d3-2086-4a87-a9b5-71aad6d8d84a', 6, true, null),
    ('b9ed4019-c8d1-4b10-b3af-32cdbaddd105', '0d175312-9708-4cd7-84e4-35c6a944ee87', 'question', 'd87107d3-2086-4a87-a9b5-71aad6d8d84a', 7, true, null),
    ('a25f9f7e-5146-4131-b902-327fa060322c', '0f8cd514-fdbf-46e2-b104-fea64f694103', 'question', 'd87107d3-2086-4a87-a9b5-71aad6d8d84a', 8, true, null),
    ('8bd4dbba-04ea-4f5a-a8e7-767e1f04d147', '3d7b958b-43dd-41a5-a716-d54c0477cc53', 'group', '083e8257-467c-4271-9aca-470dc0b25430', 6, true, null),
    ('6d966d38-4534-49a8-84b6-a88a02647de4', '193b782f-2f94-45a7-90d5-51fee6d50443', 'question', '3d7b958b-43dd-41a5-a716-d54c0477cc53', 1, true, '{"mandatory":{"errorMessage":"Enter your analysis of the offence","errorSummary":"There is a problem\r\n\r\nEnter your analysis of the offence"}}'),
    ('e8a635a5-31ff-4d7c-95af-8e3f6cbbfd6d', '0f381267-6480-40d8-b8ea-3e58c015c740', 'question', '3d7b958b-43dd-41a5-a716-d54c0477cc53', 2, true, '{"mandatory":{"errorMessage":"Explain why the offence occured","errorSummary":"There is a problem\r\n\r\nExplain why the offence occured"}}'),
    ('62557551-dabc-4b39-acee-c824e80406f3', '39180a32-95ef-4f0f-af21-bc5ad92428f0', 'question', '3d7b958b-43dd-41a5-a716-d54c0477cc53', 3, true, '{"mandatory":{"errorMessage":"Select yes or no","errorSummary":"There is a problem\r\n\r\nSelect yes or no"}}'),
    ('5e3af873-b8eb-4ec3-92c9-8bf0805006ec', '0d012450-3964-4a70-ad3e-566d655d8c9e', 'question', '3d7b958b-43dd-41a5-a716-d54c0477cc53', 4, true, '{"mandatory":{"errorMessage":"Enter details","errorSummary":"There is a problem\r\n\r\nEnter details"}}'),
    ('d1d721e4-c134-4c76-83c5-eb8d5fac4816', '17d9ad79-a42a-4d12-b66e-c71c66e20fa6', 'question', '3d7b958b-43dd-41a5-a716-d54c0477cc53', 5, true, '{"mandatory":{"errorMessage":"Select yes or no","errorSummary":"There is a problem \r\n\r\nSelect yes or no"}}'),
    ('245d64db-2130-4c69-9fa6-ca1a078a52d3', '7186b773-2224-4c8d-a839-773d7aa78ac2', 'question', '3d7b958b-43dd-41a5-a716-d54c0477cc53', 6, true, '{"mandatory":{"errorMessage":"Enter details","errorSummary":"There is a problem\r\n\r\nEnter details"}}'),
    ('2f52c386-750f-453f-9e79-a24091603819', 'a54260c0-55aa-484d-8a77-802ad2392947', 'question', '3d7b958b-43dd-41a5-a716-d54c0477cc53', 7, true, '{"mandatory":{"errorMessage":"Select yes or no","errorSummary":"There is a problem\r\n\r\nSelect yes or no"}}'),
    ('99da4b51-7730-4850-bf49-bf28e99c00b8', '7ac30204-8ab7-4cc6-ae82-1b826a1bf64f', 'question', '3d7b958b-43dd-41a5-a716-d54c0477cc53', 8, true, '{"mandatory":{"errorMessage":"Enter details","errorSummary":"There is a problem\r\n\r\nEnter details"}}'),
    ('b752a4e7-4612-4024-810b-bf29dbebbea7', '812f85a6-fee2-4f2a-9933-a24fc47b89ed', 'question', '3d7b958b-43dd-41a5-a716-d54c0477cc53', 9, true, '{"mandatory":{"errorMessage":"Select yes or no","errorSummary":"There is a problem\r\n\r\nSelect yes or no"}}'),
    ('f46114c8-19b0-47cd-a93c-8ff786f4a02e', 'ddc4fb97-82e7-4c4b-a67f-d347088666b7', 'question', '3d7b958b-43dd-41a5-a716-d54c0477cc53', 10, true, '{"mandatory":{"errorMessage":"Enter details","errorSummary":"There is a problem\r\n\r\nEnter details"}}'),
    ('f722e479-a117-4a88-85b8-0b1b440f072d', 'c787bfe0-5472-4f64-9072-81ac29f7b182', 'question', '3d7b958b-43dd-41a5-a716-d54c0477cc53', 11, true, '{"mandatory":{"errorMessage":"Select yes or no","errorSummary":"There is a problem\r\n\r\nSelect yes or no"}}'),
    ('94a4e150-05d4-4dc1-9f25-2c8dd0e0b49c', '0d0ee2ff-c256-432b-a272-b044d15c2e59', 'question', '3d7b958b-43dd-41a5-a716-d54c0477cc53', 12, true, '{"mandatory":{"errorMessage":"Select yes or no","errorSummary":"There is a problem\r\n\r\nSelect yes or no"}}'),
    ('32f0a24e-2acc-407f-8b4a-fdf642095fe4', '8eaaac47-5a29-46e5-80e0-f5d061f93fa4', 'question', '3d7b958b-43dd-41a5-a716-d54c0477cc53', 13, true, '{"mandatory":{"errorMessage":"Select yes or no","errorSummary":"There is a problem\r\n\r\nSelect yes or no"}}'),
    ('7d25c9d1-1943-4aab-8667-821012c662e6', '4a7928e4-a118-4e31-b60c-d16a6155d42a', 'question', '3d7b958b-43dd-41a5-a716-d54c0477cc53', 14, true, '{"mandatory":{"errorMessage":"Select yes or no","errorSummary":"There is a problem\r\n\r\nSelect yes or no"}}'),
    ('0f040aa7-c927-4441-8fb3-92007ceab20d', 'fc6bd8e2-615f-4eca-896a-3b72c1e727d0', 'question', '3d7b958b-43dd-41a5-a716-d54c0477cc53', 15, true, '{"mandatory":{"errorMessage":"Enter the date of the most recent sanction involving a sexual or sexually motivated offence","errorSummary":"There is a problem\r\n\r\nEnter the date of the most recent sanction involving a sexual or sexually motivated offence"}}'),
    ('9e605da3-c809-4e34-846e-011e49b6d18d', 'e55ba102-f5a1-4f15-a91d-acae29bbf97e', 'question', '3d7b958b-43dd-41a5-a716-d54c0477cc53', 16, true, '{"mandatory":{"errorMessage":"Enter the number of previous or current sanctions involving contact adult sexual offences","errorSummary":"There is a problem\r\n\r\nEnter the number of previous or current sanctions involving contact adult sexual offences"}}'),
    ('33ed5411-e982-4b73-a1a8-33319d29e01b', '4821b22c-d817-430f-8c31-a7a9ead46837', 'question', '3d7b958b-43dd-41a5-a716-d54c0477cc53', 17, true, '{"mandatory":{"errorMessage":"Enter the number of previous or current sanctions involving contact child sexual offences","errorSummary":"There is a problem\r\n\r\nEnter the number of previous or current sanctions involving contact child sexual offences"}}'),
    ('f35a6af0-751d-4508-9ab3-0c247e3686af', 'ea4afe3a-8a61-47e2-a7d6-0a83c7035f81', 'question', '3d7b958b-43dd-41a5-a716-d54c0477cc53', 18, true, '{"mandatory":{"errorMessage":"Enter the number of previous or current sanctions involving indecent image sexual offences","errorSummary":"There is a problem\r\n\r\nEnter the number of previous or current sanctions involving indecent image sexual offences"}}'),
    ('7dba37c1-ce59-482d-82b9-41439e4f30eb', '3b566dc4-5573-4240-86b1-06fcc2a19caa', 'question', '3d7b958b-43dd-41a5-a716-d54c0477cc53', 19, true, '{"mandatory":{"errorMessage":"Number of previous or current sanctions involving other non-contact sexual or sexually motivated offences","errorSummary":"There is a problem\r\n\r\nNumber of previous or current sanctions involving other non-contact sexual or sexually motivated offences"}}'),
    ('204b2675-dc17-4eff-b0b9-20c2ad118000', '9f98d14b-9c8b-4bb7-9d77-4de12dd488d4', 'question', '3d7b958b-43dd-41a5-a716-d54c0477cc53', 20, true, '{"mandatory":{"errorMessage":"Select yes or no","errorSummary":"There is a problem\r\n\r\nSelect yes or no"}}'),
    ('8ddab25a-0018-4ca5-a21d-5aa11fd09265', '7b668b39-3648-4072-977e-fe8bee4d1276', 'question', '3d7b958b-43dd-41a5-a716-d54c0477cc53', 21, true, '{"mandatory":{"errorMessage":"Select yes or no","errorSummary":"There is a problem\r\n\r\nSelect yes or no"}}'),
    ('7b7af4c5-563a-421a-acfa-fb657b1886ff', 'e5825671-0e5f-409c-b8a8-ad45611bdf85', 'question', '3d7b958b-43dd-41a5-a716-d54c0477cc53', 22, true, '{"mandatory":{"errorMessage":"Select any previous convictions","errorSummary":"There is a problem\r\n\r\nSelect any previous convictions"}}'),
    ('efb6a07b-c89c-4a49-9322-523056aa32a3', 'c4ce7fa0-d663-4ab2-9c94-32df2f25e859', 'question', '3d7b958b-43dd-41a5-a716-d54c0477cc53', 23, true, null),
    ('015cf6b8-4480-4b64-990e-2eb785a7867a', '855c3974-557f-49b4-84c0-6c96172e6bc5', 'question', '3d7b958b-43dd-41a5-a716-d54c0477cc53', 24, true, null),
    ('a8cc9cec-f8cd-4842-af99-353e5cfd52b7', 'c1e8e046-e2c8-4184-bb6e-567faa6d33d1', 'question', '3d7b958b-43dd-41a5-a716-d54c0477cc53', 25, true, null),
    ('4788c225-3145-4485-9e9f-43e7434f134f', '498570bb-8c45-480a-ba74-d2804ef81ffa', 'question', '3d7b958b-43dd-41a5-a716-d54c0477cc53', 26, true, null),
    ('2dcf2200-2d87-438e-b8cf-ab7dd308cac6', '01abd206-6a26-49ff-bef5-2ed25157a651', 'question', '3d7b958b-43dd-41a5-a716-d54c0477cc53', 27, true, null),
    ('d3ba1c2e-0254-46af-88e4-03b411edb877', 'e3b216da-833e-450a-a541-d1f8100c992a', 'question', '3d7b958b-43dd-41a5-a716-d54c0477cc53', 28, true, null),
    ('960ce33a-c224-45f5-8dd8-a950571a549f', 'c4d9952d-cd09-42dd-a372-8897a0b0cb23', 'question', '3d7b958b-43dd-41a5-a716-d54c0477cc53', 29, true, null),
    ('a74eb997-4c00-42e1-9bb5-1d8752ae74f4', 'e55995e1-c6fd-411c-bdd0-d2bb78284b03', 'question', '3d7b958b-43dd-41a5-a716-d54c0477cc53', 30, true, null),
    ('0689e2fe-3b6e-417b-9bee-729068b3eb9a', 'ae90f9e3-c063-4d3d-9d0b-c385067e34c8', 'question', '3d7b958b-43dd-41a5-a716-d54c0477cc53', 31, true, null),
    ('63d65be5-e4c1-4e25-b3ef-76654feca164', '7b852676-e960-4287-86ac-0c383281c50c', 'question', '3d7b958b-43dd-41a5-a716-d54c0477cc53', 32, true, '{"mandatory":{"errorMessage":"Select yes or no","errorSummary":"There is a problem\r\n\r\nSelect yes or no"}}'),
    ('86a79e1a-9c55-4c75-aecb-0047410f2779', '19f1ed3c-93ea-440f-86d9-8d8322d73ff6', 'group', '083e8257-467c-4271-9aca-470dc0b25430', 7, true, null),
    ('638b32f1-50af-4c9d-ab6b-d7847905027d', 'd866cf6f-3d5b-43f7-9ecd-c192a9533d70', 'question', '19f1ed3c-93ea-440f-86d9-8d8322d73ff6', 1, true, null),
    ('8a67eec4-a3e7-4fb4-80c1-c1f2bb3d305f', '7a1065dc-4a01-4e64-9e72-d32c1613c2f2', 'question', '19f1ed3c-93ea-440f-86d9-8d8322d73ff6', 2, true, null),
    ('812d18b0-0222-4178-be40-f6e85352b546', 'be338305-1e00-4b01-9790-d248e4d36302', 'question', '19f1ed3c-93ea-440f-86d9-8d8322d73ff6', 3, true, null),
    ('b578df95-9ded-4ef0-8159-f639634063e7', '065e5627-8c0c-4913-8f5e-6325a710e4d3', 'group', '083e8257-467c-4271-9aca-470dc0b25430', 8, true, null),
    ('01d14e26-86e3-4371-82d0-cb8c3105f713', '7f0a230e-a7a7-48bd-afa9-0104fa78f600', 'question', '065e5627-8c0c-4913-8f5e-6325a710e4d3', 1, true, null),
    ('809043d1-f56a-4cf6-b15d-57a543ca8ec0', '958f568f-ccfd-487e-95ed-3afb31862db8', 'group', '083e8257-467c-4271-9aca-470dc0b25430', 9, true, null),
    ('ec25894a-6157-4516-a064-ff9c6cca04f3', '64e60943-d37b-402f-8c73-caab42974809', 'question', '958f568f-ccfd-487e-95ed-3afb31862db8', 1, true, '{"mandatory":{"errorMessage":"Select the degree to which this is an issue","errorSummary":"There is a problem\r\n\r\nSelect the degree to which this is an issue"}}'),
    ('2e1a0a86-4767-4882-9dca-f0de6724d63d', 'ab231f3d-3500-4005-b548-aa207c352de8', 'question', '958f568f-ccfd-487e-95ed-3afb31862db8', 2, true, '{"mandatory":{"errorMessage":"Enter details","errorSummary":"There is a problem\r\n\r\nEnter details"}}'),
    ('027f8f08-fb39-4ddc-9aa9-f4a4c3b19cbc', '3726aad2-7ca9-4807-9dc0-f08abf7ea947', 'question', '958f568f-ccfd-487e-95ed-3afb31862db8', 3, true, '{"mandatory":{"errorMessage":"Select yes or no","errorSummary":"There is a problem\r\n\r\nSelect yes or no"}}'),
    ('7f30fa46-4c65-4f74-8c85-58a69c8ee11a', '66836e5e-a010-4b4e-9088-dcf9e936139d', 'question', '958f568f-ccfd-487e-95ed-3afb31862db8', 4, true, '{"mandatory":{"errorMessage":"Select the accommodation type","errorSummary":"There is a problem\r\n\r\nSelect the accommodation type"}}'),
    ('24df0816-ce5e-4380-91d0-633ad3c6caa0', '05a1a157-8b15-4fb6-a70c-c5e91c61cd75', 'question', '958f568f-ccfd-487e-95ed-3afb31862db8', 5, true, '{"mandatory":{"errorMessage":"Enter details","errorSummary":"There is a problem\r\n\r\nEnter details"}}'),
    ('8b1174fa-9541-499a-b7ad-b3c9f7f2d679', 'defe9bac-00b5-4aaf-95ed-f54ad9254fe9', 'question', '958f568f-ccfd-487e-95ed-3afb31862db8', 6, true, '{"mandatory":{"errorMessage":"Select yes or no","errorSummary":"There is a problem\r\n\r\nSelect yes or no"}}'),
    ('722b0e78-8dbf-49a6-8538-59fbfcddc570', '0ddcc5d8-26a0-4484-9abf-d36c2f1ddca1', 'question', '958f568f-ccfd-487e-95ed-3afb31862db8', 7, true, '{"mandatory":{"errorMessage":"Select the education, training and employability status","errorSummary":"There is a problem\r\n\r\nSelect the education, training and employability status\r\n"}}'),
    ('010a486d-260f-43a0-a92c-1fa4a9601d36', '75f4394b-59d2-4d39-9a49-0fab1115e630', 'question', '958f568f-ccfd-487e-95ed-3afb31862db8', 8, true, '{"mandatory":{"errorMessage":"Enter details","errorSummary":"There is a problem\r\n\r\nEnter details"}}'),
    ('04a1177f-a360-48ef-9dd1-982a6a75b28f', '426243bf-f630-4b96-9364-21feadcc6f39', 'question', '958f568f-ccfd-487e-95ed-3afb31862db8', 9, true, '{"mandatory":{"errorMessage":"Enter the hours of work or education / training per week","errorSummary":"There is a problem\r\n\r\nEnter the hours of work or education / training per week"}}'),
    ('09cd16e5-03ad-4464-aeeb-88fc66b449b2', '5f8c4e70-641f-462a-b3c8-d0f80476d544', 'question', '958f568f-ccfd-487e-95ed-3afb31862db8', 10, true, '{"mandatory":{"errorMessage":"Select yes or no","errorSummary":"There is a problem\r\n\r\nSelect yes or no"}}'),
    ('1d427230-53cc-412c-8db9-651456fac9ed', '32f702f3-ade4-4f44-8e56-e1b28fb23a21', 'question', '958f568f-ccfd-487e-95ed-3afb31862db8', 11, true, '{"mandatory":{"errorMessage":"Select yes or no","errorSummary":"There is a problem\r\n\r\nSelect yes or no"}}'),
    ('f60a7393-6749-4848-a15e-36f899c97239', '46e8f725-c2dc-4ee7-a7c8-761e08373bda', 'question', '958f568f-ccfd-487e-95ed-3afb31862db8', 12, true, '{"mandatory":{"errorMessage":"Enter details","errorSummary":"There is a problem\r\n\r\nEnter details"}}'),
    ('e632f438-8569-4188-b24a-cf835a3025f3', '143da3bf-6e81-41a1-ac54-57109c357000', 'question', '958f568f-ccfd-487e-95ed-3afb31862db8', 13, true, '{"mandatory":{"errorMessage":"Select the degree to which this is an issue","errorSummary":"There is a problem\r\n\r\nSelect the degree to which this is an issue"}}'),
    ('0f38c190-07a5-4a5b-8cc9-c045c8ee0b42', 'f0d2c007-9825-427a-ac4d-7e046a9d882a', 'question', '958f568f-ccfd-487e-95ed-3afb31862db8', 14, true, '{"mandatory":{"errorMessage":"Select yes or no","errorSummary":"There is a problem\r\n\r\nSelect yes or no"}}'),
    ('4a342fdd-1c2a-4ad4-a58d-30aaf14bdad9', '5a229209-72b7-4b1f-8f03-09076e93f46d', 'question', '958f568f-ccfd-487e-95ed-3afb31862db8', 15, true, '{"mandatory":{"errorMessage":"Enter details","errorSummary":"There is a problem\r\n\r\nEnter details"}}'),
    ('68c78666-b3f7-4dab-9bda-00a5aae9af16', 'e8057448-0096-4e5b-8ad3-25f1a873dd67', 'question', '958f568f-ccfd-487e-95ed-3afb31862db8', 16, true, '{"mandatory":{"errorMessage":"Select the degree to which this is an issue","errorSummary":"There is a problem\r\n\r\nSelect the degree to which this is an issue"}}'),
    ('0f85b8ac-949f-4235-b5e0-57764849acd0', '91dc6fd0-7e12-487e-a347-47bc098f19ab', 'question', '958f568f-ccfd-487e-95ed-3afb31862db8', 17, true, '{"mandatory":{"errorMessage":"Enter details","errorSummary":"There is a problem\r\n\r\nEnter details"}}'),
    ('aa434d1f-4db3-4b6e-9386-41dd7955c39d', 'd48471b8-e0f1-4b54-b708-4eb8c146cd21', 'question', '958f568f-ccfd-487e-95ed-3afb31862db8', 18, true, '{"mandatory":{"errorMessage":"Select the degree to which this is an issue","errorSummary":"There is a problem\r\n\r\nSelect the degree to which this is an issue"}}'),
    ('b3a7b3c5-4b4e-4fd9-a880-89c64ec02d92', '13338fc3-b40c-43a5-927a-66e88f74574e', 'question', '958f568f-ccfd-487e-95ed-3afb31862db8', 19, true, '{"mandatory":{"errorMessage":"Enter details","errorSummary":"There is a problem\r\n\r\nEnter details"}}'),
    ('775cbc91-6e12-4dc8-ac07-5721255a1a99', '200fb408-7a29-403d-baad-8bb5e3bd119a', 'question', '958f568f-ccfd-487e-95ed-3afb31862db8', 20, true, '{"mandatory":{"errorMessage":"Select yes or no","errorSummary":"There is a problem\r\n\r\nSelect yes or no"}}'),
    ('079acb1a-e414-413c-8f4c-935da316a293', '1b293bc3-3e8e-44ef-ac53-e339c8e6acd2', 'question', '958f568f-ccfd-487e-95ed-3afb31862db8', 21, true, '{"mandatory":{"errorMessage":"Enter details","errorSummary":"There is a problem\r\n\r\nEnter details"}}'),
    ('0c9f0270-040c-43e7-a4b2-e2240b463744', '9e7a1adc-624e-41e4-9aa6-12d5fa987f49', 'question', '958f568f-ccfd-487e-95ed-3afb31862db8', 22, true, '{"mandatory":{"errorMessage":"Select yes or no","errorSummary":"There is a problem\r\n\r\nSelect yes or no"}}'),
    ('66b2c764-ce1a-452c-9607-837907baac13', '4b6f547d-1add-4a2c-9023-eed6570d0d00', 'question', '958f568f-ccfd-487e-95ed-3afb31862db8', 23, true, '{"mandatory":{"errorMessage":"Enter details","errorSummary":"There is a problem\r\n\r\nEnter details"}}'),
    ('f2f834b3-1ae2-424a-a4fc-75c65f433b75', 'ea7f0786-25a1-4036-bd38-cb99c0fde820', 'question', '958f568f-ccfd-487e-95ed-3afb31862db8', 24, true, '{"mandatory":{"errorMessage":"Select yes or no","errorSummary":"There is a problem\r\n\r\nSelect yes or no"}}'),
    ('36368643-5522-49cc-8362-3a60f58db2ea', 'fd41eaca-a48f-4fc2-bd03-37b2ba153a07', 'question', '958f568f-ccfd-487e-95ed-3afb31862db8', 25, true, '{"mandatory":{"errorMessage":"Enter details","errorSummary":"There is a problem\r\n\r\nEnter details"}}'),
    ('d6b27fd3-9c9e-45a9-aaef-4101d5855f15', '75208b64-e4f2-4302-adeb-8333b79d434d', 'question', '958f568f-ccfd-487e-95ed-3afb31862db8', 26, true, '{"mandatory":{"errorMessage":"Select yes, no or in part","errorSummary":"There is a problem\r\n\r\nSelect yes, no or in part"}}'),
    ('8f2ba7ac-93ba-4fb0-bf42-142c3b194a41', '772c730b-449b-449d-8050-beb3e82fe141', 'question', '958f568f-ccfd-487e-95ed-3afb31862db8', 27, true, '{"mandatory":{"errorMessage":"Enter details","errorSummary":"There is a problem\r\n\r\nEnter details"}}'),
    ('39e5afaf-7497-4c93-bb15-4f803158f83e', 'eb454e75-1f80-4f54-b7c0-a648569cda4d', 'question', '958f568f-ccfd-487e-95ed-3afb31862db8', 28, true, '{"mandatory":{"errorMessage":"Select yes or no","errorSummary":"There is a problem\r\n\r\nSelect yes or no"}}'),
    ('cf78cf84-e162-4ed9-bcd8-824c7050e166', 'b9aff7db-3623-425b-9c87-d61e4b1d06a9', 'question', '958f568f-ccfd-487e-95ed-3afb31862db8', 29, true, '{"mandatory":{"errorMessage":"Enter details","errorSummary":"There is a problem\r\n\r\nEnter details"}}'),
    ('c23b7537-94a6-4dfd-b2af-5b50e42d431c', 'f79a9bb0-1f85-4c5e-963f-5b6c9f7fad27', 'question', '958f568f-ccfd-487e-95ed-3afb31862db8', 30, true, '{"mandatory":{"errorMessage":"Select yes or no","errorSummary":"There is a problem\r\n\r\nSelect yes or no"}}'),
    ('03e07e65-fdaf-4257-b0bd-8fe401264af8', '9ad7c532-c142-428e-9cfc-c01dd51c95c8', 'question', '958f568f-ccfd-487e-95ed-3afb31862db8', 31, true, '{"mandatory":{"errorMessage":"Enter details","errorSummary":"There is a problem\r\n\r\nEnter details"}}'),
    ('f0af185c-fece-4524-a784-de758a17a448', 'cfc74b23-05b6-4e7c-b61b-9d50c4fdbb2e', 'question', '958f568f-ccfd-487e-95ed-3afb31862db8', 32, true, '{"mandatory":{"errorMessage":"Select evidence","errorSummary":"There is a problem\r\n\r\nSelect evidence"}}'),
    ('cd996b78-c9dc-4258-a5a1-2d7142604adc', 'df28be4a-4452-4547-a128-ce9bceef56e2', 'question', '958f568f-ccfd-487e-95ed-3afb31862db8', 33, true, '{"mandatory":{"errorMessage":"Enter details","errorSummary":"There is a problem\r\n\r\nEnter details"}}'),
    ('93b286a4-e94f-4fc6-8a08-8e055fd07f7e', '3dcb581e-b82b-425d-ac47-4ddd00881f5b', 'question', '958f568f-ccfd-487e-95ed-3afb31862db8', 34, true, '{"mandatory":{"errorMessage":"Select yes or no","errorSummary":"There is a problem\r\n\r\nSelect yes or no"}}'),
    ('a90fe0ca-b60d-4478-b53f-e5e05bc76a25', '6d1f279e-fb6d-4e6a-990c-31e219483be1', 'question', '958f568f-ccfd-487e-95ed-3afb31862db8', 35, true, '{"mandatory":{"errorMessage":"Enter details","errorSummary":"There is a problem\r\n\r\nEnter details"}}'),
    ('a6907fe6-bf6e-48ee-84fd-10f79300413b', '9864932b-04f4-42bc-8a50-8cc37f618349', 'question', '958f568f-ccfd-487e-95ed-3afb31862db8', 36, true, '{"mandatory":{"errorMessage":"Select yes or no","errorSummary":"There is a problem\r\n\r\nSelect yes or no"}}'),
    ('3d2abb8e-d8e9-4c16-b360-640760c532a4', '6fbd8374-af84-43b9-b174-c37545008b5a', 'question', '958f568f-ccfd-487e-95ed-3afb31862db8', 37, true, '{"mandatory":{"errorMessage":"Enter details","errorSummary":"There is a problem\r\n\r\nEnter details"}}'),
    ('0bfd10fe-a383-490a-94d1-5e47a911115d', '149be6c8-88df-431c-8115-c750c998cac2', 'question', '958f568f-ccfd-487e-95ed-3afb31862db8', 38, true, '{"mandatory":{"errorMessage":"Select yes or no","errorSummary":"There is a problem\r\n\r\nSelect yes or no"}}'),
    ('db7dec83-55ff-469f-b0f6-5455eb435b04', 'b3d52a8f-f65d-46d1-80cb-fde5b1b182ac', 'question', '958f568f-ccfd-487e-95ed-3afb31862db8', 39, true, '{"mandatory":{"errorMessage":"Enter details","errorSummary":"There is a problem\r\n\r\nEnter details"}}'),
    ('fc8263b1-ac8e-44a4-b378-a232edc120a2', '7435049b-a784-49c4-bb27-8fcb3e994f01', 'question', '958f568f-ccfd-487e-95ed-3afb31862db8', 40, true, '{"mandatory":{"errorMessage":"Select yes or no","errorSummary":"There is a problem\r\n\r\nSelect yes or no"}}'),
    ('436453d4-92d8-4d65-b410-270d623926e9', 'db5519b9-5391-403c-b337-da2f15dfb678', 'question', '958f568f-ccfd-487e-95ed-3afb31862db8', 41, true, '{"mandatory":{"errorMessage":"Select the degree to which this is an issue","errorSummary":"There is a problem\r\n\r\nSelect the degree to which this is an issue"}}'),
    ('fe2e7486-c235-4f4d-a87f-960f731de105', '3a02a8fa-b467-4101-94de-527a3ddd503c', 'question', '958f568f-ccfd-487e-95ed-3afb31862db8', 42, true, '{"mandatory":{"errorMessage":"Enter details","errorSummary":"There is a problem\r\n\r\nEnter details"}}'),
    ('f3459be3-12fe-4e88-9fad-90f9571b8887', 'cfd09041-0eaf-461c-bde2-f84bcd0c2e85', 'question', '958f568f-ccfd-487e-95ed-3afb31862db8', 43, true, '{"mandatory":{"errorMessage":"Select the degree to which this is an issue","errorSummary":"There is a problem\r\n\r\nSelect the degree to which this is an issue"}}'),
    ('fca869eb-d829-4a3e-9b8a-a6d702061729', '2a18f0f6-7cc6-432b-beb2-283ad20b01af', 'question', '958f568f-ccfd-487e-95ed-3afb31862db8', 44, true, '{"mandatory":{"errorMessage":"Select the degree to which this is an issue","errorSummary":"There is a problem\r\n\r\nSelect the degree to which this is an issue"}}'),
    ('d614e383-f90d-42d9-82d5-c0d3c10e035c', '4fdc1dc3-df70-44b5-868a-59a91e7bd598', 'question', '958f568f-ccfd-487e-95ed-3afb31862db8', 45, true, '{"mandatory":{"errorMessage":"Select yes or no","errorSummary":"There is a problem\r\n\r\nSelect yes or no"}}'),
    ('0aaf3151-0fd2-45c1-831a-d77b82fd6258', 'd05bd87b-65b9-4a2d-b49c-4a1160e60001', 'question', '958f568f-ccfd-487e-95ed-3afb31862db8', 46, true, '{"mandatory":{"errorMessage":"Enter details","errorSummary":"There is a problem\r\n\r\nEnter details"}}'),
    ('1076e190-e369-406d-aa55-2834c58bc52f', '0ea904d4-7c34-44a5-9f4e-9f1d0f1621d1', 'question', '958f568f-ccfd-487e-95ed-3afb31862db8', 47, true, '{"mandatory":{"errorMessage":"Select yes or no","errorSummary":"There is a problem\r\n\r\nSelect yes or no"}}'),
    ('ee9d3773-033f-4343-a123-641518b6eb80', 'd9d1c011-fc7b-451f-b8f8-ac17473d74b4', 'question', '958f568f-ccfd-487e-95ed-3afb31862db8', 48, true, '{"mandatory":{"errorMessage":"Enter details","errorSummary":"There is a problem\r\n\r\nEnter details"}}'),
    ('f9846d35-5cbf-447a-93ce-93e65b8b0814', '373823e6-2e1d-44e3-8ca3-56cf26eaa2e3', 'question', '958f568f-ccfd-487e-95ed-3afb31862db8', 49, true, '{"mandatory":{"errorMessage":"Select yes or no","errorSummary":"There is a problem\r\n\r\nSelect yes or no"}}'),
    ('49f2ade6-a25f-4b8c-9340-0d5325489e27', '6ae68440-baa4-4449-85e9-ab6591a210b3', 'question', '958f568f-ccfd-487e-95ed-3afb31862db8', 50, true, '{"mandatory":{"errorMessage":"Enter details","errorSummary":"There is a problem\r\n\r\nEnter details"}}'),
    ('1b4d1eef-3ef8-45c3-a543-d5441814e71d', 'a9c627a4-aa8b-426a-985a-c771756c8962', 'question', '958f568f-ccfd-487e-95ed-3afb31862db8', 51, true, '{"mandatory":{"errorMessage":"Select yes, no, or in part","errorSummary":"There is a problem\r\n\r\nSelect yes or no"}}'),
    ('883807d8-8892-48d2-b559-142304f81e34', 'df177855-d60a-4fe5-bea0-3265aa2821e5', 'question', '958f568f-ccfd-487e-95ed-3afb31862db8', 52, true, '{"mandatory":{"errorMessage":"Enter details","errorSummary":"There is a problem\r\n\r\nEnter details"}}'),
    ('a5b76d8a-675e-4fbc-850f-79d46208045d', 'd6bcfdf5-0bd2-4396-990b-08608b71854c', 'question', '958f568f-ccfd-487e-95ed-3afb31862db8', 53, true, '{"mandatory":{"errorMessage":"Enter details","errorSummary":"There is a problem\r\n\r\nEnter details"}}'),
    ('aed8d7ba-bd52-4e42-8a27-963b4fad2aad', '52b19949-a090-4c45-bc9a-46766f90f4e3', 'question', '958f568f-ccfd-487e-95ed-3afb31862db8', 54, true, '{"mandatory":{"errorMessage":"Select yes or no","errorSummary":"There is a problem\r\n\r\nSelect yes or no"}}'),
    ('0b3e1def-446c-4c53-aa2f-6fb5553c769f', 'f8d4e93b-4d2a-4c1b-b640-3f7bec657bb7', 'question', '958f568f-ccfd-487e-95ed-3afb31862db8', 55, true, '{"mandatory":{"errorMessage":"Select yes or no","errorSummary":"There is a problem\r\n\r\nSelect yes or no"}}'),
    ('fedbcdc8-7193-485e-bcb6-25a0b7962924', 'cdc0604c-8a0c-44fe-996e-e7d2cba8383c', 'group', '083e8257-467c-4271-9aca-470dc0b25430', 10, true, null),
    ('dd51cb09-a20d-428f-85c5-b93e1fa971e7', 'd4ca2244-f477-4217-9ca1-5a20a2c93342', 'question', 'cdc0604c-8a0c-44fe-996e-e7d2cba8383c', 1, true, null),
    ('5fe38fb6-5d31-4b44-8996-9177b4f2b7a1', '2fce3fd6-adf0-488a-b224-5794826d80df', 'question', 'cdc0604c-8a0c-44fe-996e-e7d2cba8383c', 2, true, null),
    ('6d9c1fcd-3c8b-4d36-8921-076e6c96a5ec', '09abb679-7f38-4b2b-8094-14478190fc50', 'question', 'cdc0604c-8a0c-44fe-996e-e7d2cba8383c', 3, true, '{"mandatory":{"errorMessage":"Enter the individual'' risk factors","errorSummary":"There is a problem\r\n\r\nEnter the individual'' risk factors"}}'),
    ('a71e57d4-8e09-4962-98d5-14f3cab81dcc', 'be18fbee-e87b-44df-a049-bc0253df91b0', 'question', 'cdc0604c-8a0c-44fe-996e-e7d2cba8383c', 4, true, '{"mandatory":{"errorMessage":"Enter protective factors","errorSummary":"There is a problem\r\n\r\nEnter protective factors"}}'),
    ('61666d38-1b0b-43ab-8726-1d158a538fcc', 'a9222498-5858-4db6-a98c-9d2fefb49d8c', 'question', 'cdc0604c-8a0c-44fe-996e-e7d2cba8383c', 5, true, '{"mandatory":{"errorMessage":"Select yes or no","errorSummary":"There is a problem\r\n\r\nSelect yes or no"}}'),
    ('b938f29b-186b-4480-ab38-9e60cdc011e8', '309cb3b3-582e-433b-9efe-f5f6d5b58424', 'question', 'cdc0604c-8a0c-44fe-996e-e7d2cba8383c', 6, true, '{"mandatory":{"errorMessage":"Enter details","errorSummary":"There is a problem\r\n\r\nEnter details"}}'),
    ('b64195d7-570d-4a4c-b0e0-09ec9cc124a3', 'a6901748-918f-4ce2-acd4-0b5b24b89033', 'question', 'cdc0604c-8a0c-44fe-996e-e7d2cba8383c', 7, true, '{"mandatory":{"errorMessage":"Select the likelihood of further offending","errorSummary":"There is a problem\r\n\r\nSelect the likelihood of further offending"}}'),
    ('9102123f-e8d5-4cfa-a6bb-d25f85156ef4', 'e946a272-ca81-4e14-999a-8df7af24c441', 'question', 'cdc0604c-8a0c-44fe-996e-e7d2cba8383c', 8, true, '{"mandatory":{"errorMessage":"Select the risk of serious harm","errorSummary":"There is a problem\r\n\r\nSelect the risk of serious harm"}}'),
    ('9c9ab824-e1f5-476d-b92f-ee9d6e09b263', 'f1c5c249-a36e-4a58-b224-4385bdb37f54', 'question', 'cdc0604c-8a0c-44fe-996e-e7d2cba8383c', 9, true, '{"mandatory":{"errorMessage":"Select yes or no","errorSummary":"There is a problem\r\n\r\nSelect yes or no"}}'),
    ('5a04fa32-e4a5-4677-9217-7ed71966a694', '51a22cb8-d466-4f10-b1f6-b5b86256c88f', 'question', 'cdc0604c-8a0c-44fe-996e-e7d2cba8383c', 10, true, '{"mandatory":{"errorMessage":"Select the individual''s response to previous supervision","errorSummary":"There is a problem\r\n\r\nSelect the individual''s response to previous supervision"}}'),
    ('0a6dc03f-f735-4cb2-8c65-12d8a3efe25a', 'b34e2306-0756-45c5-8b11-0cb2aaca070c', 'question', 'cdc0604c-8a0c-44fe-996e-e7d2cba8383c', 11, true, '{"mandatory":{"errorMessage":"Enter details","errorSummary":"There is a problem\r\n\r\nEnter details"}}'),
    ('e6b9066f-25ef-4f0d-b62d-2e2ef1c2cef0', '7d6b6191-8264-4c3f-9132-fd0ade946d8c', 'group', '083e8257-467c-4271-9aca-470dc0b25430', 11, true, null),
    ('eab60d61-00e7-485a-90af-608285dd1d5a', '51e89165-a321-4368-85b7-12657ff3def4', 'question', '7d6b6191-8264-4c3f-9132-fd0ade946d8c', 1, true, null),
    ('37492bf7-bfc4-45d2-8147-bb1f8f041f90', '47cc4f7c-6eb2-4008-a5ca-19b0ae03e975', 'question', '7d6b6191-8264-4c3f-9132-fd0ade946d8c', 2, true, null),
    ('6931db9f-5568-4e71-bee8-67f154e38e33', '46470cbd-6a16-4114-a97b-10cc58ae11bb', 'question', '7d6b6191-8264-4c3f-9132-fd0ade946d8c', 3, true, '{"mandatory":{"errorMessage":"Enter a proposed sentence","errorSummary":"There is a problem\r\n\r\nEnter a proposed sentence"}}'),
    ('1212df3f-1c0f-420e-b4bb-5247eb5f348f', '1d195ef6-f6c5-4552-b88a-71ceb1db19ae', 'question', '7d6b6191-8264-4c3f-9132-fd0ade946d8c', 4, true, '{"mandatory":{"errorMessage":"Enter details","errorSummary":"There is a problem\r\n\r\nEnter details"}}'),
    ('28ccb5ad-b7fa-4f20-924c-9829405cab90', '3b2e835b-1f96-4167-ade7-59ba5fde145c', 'question', '7d6b6191-8264-4c3f-9132-fd0ade946d8c', 5, true, '{"mandatory":{"errorMessage":"Enter the reasons for the proposal","errorSummary":"There is a problem\r\n\r\nEnter the reasons for the proposal"}}'),
    ('b15c2edc-d8d1-4203-93b3-44ce74c7be6a', '8d5ca7ff-9e72-4bf4-a7ff-3ceb4c112c55', 'question', '7d6b6191-8264-4c3f-9132-fd0ade946d8c', 6, true, '{"mandatory":{"errorMessage":"Enter the sentence length","errorSummary":"There is a problem\r\n\r\nEnter the sentence length"}}'),
    ('db5391ce-2068-4f01-8151-25b0ef8ee8bc', '2b609608-5a83-4205-afce-c98a07cdbbed', 'question', '7d6b6191-8264-4c3f-9132-fd0ade946d8c', 7, true, '{"mandatory":{"errorMessage":"Enter the individual''s attitude to proposed sentence","errorSummary":"There is a problem\r\n\r\nEnter the individual''s attitude to proposed sentence"}}'),
    ('2b85b06e-ff4a-4cbf-b200-e3ba26b512f8', '978bb286-b51b-4e3e-a2f8-d34afdb338d3', 'group', '083e8257-467c-4271-9aca-470dc0b25430', 12, true, null),
    ('63ebadc7-4b3a-4dbb-8817-2c5d75999254', '446f17da-f13c-487d-81fc-30c10ac65b59', 'question', '978bb286-b51b-4e3e-a2f8-d34afdb338d3', 1, true, '{"mandatory":{"errorMessage":"Select the information sources","errorSummary":"There is a problem\r\n\r\nSelect the information sources"}}');


INSERT INTO question_dependency (subject_question_uuid, trigger_question_uuid, trigger_answer_value, dependency_start)
VALUES ('0d012450-3964-4a70-ad3e-566d655d8c9e', '39180a32-95ef-4f0f-af21-bc5ad92428f0', 'Y', '2020-11-30 14:50:00'),
    ('7186b773-2224-4c8d-a839-773d7aa78ac2', '17d9ad79-a42a-4d12-b66e-c71c66e20fa6', 'Y', '2020-11-30 14:50:00'),
    ('7ac30204-8ab7-4cc6-ae82-1b826a1bf64f', 'a54260c0-55aa-484d-8a77-802ad2392947', 'Y', '2020-11-30 14:50:00'),
    ('ddc4fb97-82e7-4c4b-a67f-d347088666b7', '812f85a6-fee2-4f2a-9933-a24fc47b89ed', 'Y', '2020-11-30 14:50:00'),
    ('ab231f3d-3500-4005-b548-aa207c352de8', '64e60943-d37b-402f-8c73-caab42974809', 'Y', '2020-11-30 14:50:00'),
    ('05a1a157-8b15-4fb6-a70c-c5e91c61cd75', '66836e5e-a010-4b4e-9088-dcf9e936139d', 'Y', '2020-11-30 14:50:00'),
    ('75f4394b-59d2-4d39-9a49-0fab1115e630', '0ddcc5d8-26a0-4484-9abf-d36c2f1ddca1', 'Y', '2020-11-30 14:50:00'),
    ('46e8f725-c2dc-4ee7-a7c8-761e08373bda', '32f702f3-ade4-4f44-8e56-e1b28fb23a21', 'Y', '2020-11-30 14:50:00'),
    ('5a229209-72b7-4b1f-8f03-09076e93f46d', 'f0d2c007-9825-427a-ac4d-7e046a9d882a', 'Y', '2020-11-30 14:50:00'),
    ('91dc6fd0-7e12-487e-a347-47bc098f19ab', 'e8057448-0096-4e5b-8ad3-25f1a873dd67', 'Y', '2020-11-30 14:50:00'),
    ('13338fc3-b40c-43a5-927a-66e88f74574e', 'd48471b8-e0f1-4b54-b708-4eb8c146cd21', 'Y', '2020-11-30 14:50:00'),
    ('1b293bc3-3e8e-44ef-ac53-e339c8e6acd2', '200fb408-7a29-403d-baad-8bb5e3bd119a', 'Y', '2020-11-30 14:50:00'),
    ('4b6f547d-1add-4a2c-9023-eed6570d0d00', '9e7a1adc-624e-41e4-9aa6-12d5fa987f49', 'Y', '2020-11-30 14:50:00'),
    ('fd41eaca-a48f-4fc2-bd03-37b2ba153a07', 'ea7f0786-25a1-4036-bd38-cb99c0fde820', 'Y', '2020-11-30 14:50:00'),
    ('772c730b-449b-449d-8050-beb3e82fe141', '75208b64-e4f2-4302-adeb-8333b79d434d', 'Y', '2020-11-30 14:50:00'),
    ('b9aff7db-3623-425b-9c87-d61e4b1d06a9', 'eb454e75-1f80-4f54-b7c0-a648569cda4d', 'Y', '2020-11-30 14:50:00'),
    ('9ad7c532-c142-428e-9cfc-c01dd51c95c8', 'f79a9bb0-1f85-4c5e-963f-5b6c9f7fad27', 'Y', '2020-11-30 14:50:00'),
    ('6d1f279e-fb6d-4e6a-990c-31e219483be1', '3dcb581e-b82b-425d-ac47-4ddd00881f5b', 'Y', '2020-11-30 14:50:00'),
    ('6fbd8374-af84-43b9-b174-c37545008b5a', '9864932b-04f4-42bc-8a50-8cc37f618349', 'Y', '2020-11-30 14:50:00'),
    ('b3d52a8f-f65d-46d1-80cb-fde5b1b182ac', '149be6c8-88df-431c-8115-c750c998cac2', 'Y', '2020-11-30 14:50:00'),
    ('3a02a8fa-b467-4101-94de-527a3ddd503c', 'db5519b9-5391-403c-b337-da2f15dfb678', 'Y', '2020-11-30 14:50:00'),
    ('d05bd87b-65b9-4a2d-b49c-4a1160e60001', '4fdc1dc3-df70-44b5-868a-59a91e7bd598', 'Y', '2020-11-30 14:50:00'),
    ('d9d1c011-fc7b-451f-b8f8-ac17473d74b4', '0ea904d4-7c34-44a5-9f4e-9f1d0f1621d1', 'Y', '2020-11-30 14:50:00'),
    ('6ae68440-baa4-4449-85e9-ab6591a210b3', '373823e6-2e1d-44e3-8ca3-56cf26eaa2e3', 'Y', '2020-11-30 14:50:00'),
    ('df177855-d60a-4fe5-bea0-3265aa2821e5', 'a9c627a4-aa8b-426a-985a-c771756c8962', 'Y', '2020-11-30 14:50:00'),
    ('309cb3b3-582e-433b-9efe-f5f6d5b58424', 'a9222498-5858-4db6-a98c-9d2fefb49d8c', 'Y', '2020-11-30 14:50:00'),
    ('b34e2306-0756-45c5-8b11-0cb2aaca070c', '51a22cb8-d466-4f10-b1f6-b5b86256c88f', 'Y', '2020-11-30 14:50:00'),
    ('1d195ef6-f6c5-4552-b88a-71ceb1db19ae', '46470cbd-6a16-4114-a97b-10cc58ae11bb', 'Y', '2020-11-30 14:50:00');


