INSERT INTO answer_schema_group (answer_schema_group_uuid, answer_schema_group_code, group_start, group_end)
VALUES ('06c16d35-bb4d-4078-8596-482b4c1519f4', 'yes-no', '2020-11-30 14:50:00', null),
       ('24e71fe4-8d7b-41ad-ad37-c931896a1e79', 'selectananswer-tbc', '2020-11-30 14:50:00', null),
       ('46c74225-d7ef-49d8-a979-eaf9916de14f', 'selectananswer-punishment-publicprotection-crimereduction-reparation-reformorrehabilitation', '2020-11-30 14:50:00', null),
       ('9b42c5de-3615-415f-a98c-70ad91e36cbb', 'selectananswer-abscondingbail-acquisitiveviolence-burglarydomestic-burglaryother-criminaldamage-drinkdriving-drugimportexportproduction-drugpossessionsupply-drunkeness-fraudforgeryandmisrepresentation-handlingstolengoods-motoringnotdrinkdriving-publicorderharassment-sexualagainstchildren-sexualnotagainstchildren-theftnotvehicle-related-vehicle-relatedtheft-violenceagainsttheperson-welfarefraud-otheroffence', '2020-11-30 14:50:00', null),
       ('b450f409-df71-4095-bec1-9c5eaefeeb69', 'b450f409-df71-4095-bec1-9c5eaefeeb69', '2020-11-30 14:50:00', null),
       ('040220b3-bd01-4ac6-9ce3-555c5e5a66dc', 'noproblems-someproblems-significantproblems', '2020-11-30 14:50:00', null),
       ('2e39c82b-6c81-4b14-a30e-f53bdf2c9d35', 'selectananswer-tenantowneroccupied-livingwithstable-livingwithunstable-b&bhotel-hostel-nofixedabode', '2020-11-30 14:50:00', null),
       ('1468d09b-01df-4499-9f7a-42b6594dd74f', 'someproblems-significantproblems', '2020-11-30 14:50:00', null),
       ('fed6ffce-d481-4f11-8de6-93b911b278bb', 'victim-perpetrator', '2020-11-30 14:50:00', null),
       ('ec5d9cba-4387-4797-81d1-8f8e819a62b2', 'low-medium-high-veryhigh', '2020-11-30 14:50:00', null),
       ('04d89492-ea30-4f87-a68e-fa2093a46250', 'selectananswer-veryhigh-high-medium-low', '2020-11-30 14:50:00', null),
       ('76647d9c-edc6-41fa-bb5a-2be76d63606d', 'selectananswer-veryhgh-high-medium-low', '2020-11-30 14:50:00', null),
       ('dfa323dc-7460-4fdd-a4c0-46161537b4be', 'selectananswer-good-satisfactory-poor', '2020-11-30 14:50:00', null),
       ('2be64e98-761c-4b50-85d4-b99483efd6e8', 'selectananswer-interview-servicerecords-cpssummary-previousoasysassessments-previousconvictions-victimstatement-mentalhealthorpsychologyreports-safeguardingchecks-policeinformation-sentencingguidelines-domesticabusecall-outinformation-other', '2020-11-30 14:50:00', null),
       ('c00d6668-355e-45c9-8609-710181b3eff9', 'selectananswer-asset-bailinormationrecord-basiccustodyscreening-communitypayback-hostel-interview-judgescomments-localauthority-medical-oasyssaq-police-post-trialreport-pre-sentencereport-previousconvictions-previousoasys-prisonrecords-prosecutorinccps-psychiatric-psychology-requestforinformation-victimstatement-other', '2020-11-30 14:50:00', null);


INSERT INTO answer_schema (answer_schema_uuid, answer_schema_code, answer_schema_group_uuid, answer_start, answer_end, value, text)
VALUES ('5c2f6f20-f124-4612-b075-d42b310fb116', 'yes', '06c16d35-bb4d-4078-8596-482b4c1519f4', '2020-11-30 14:50:00', null, 'Y', 'Yes'),
       ('e614cf85-19c9-4c18-a29b-a6ce0d890c9c', 'no', '06c16d35-bb4d-4078-8596-482b4c1519f4', '2020-11-30 14:50:00', null, 'N', 'No'),
       ('b46a76a6-08fc-4f26-9e28-4f396b566e88', 'select_an_answer', '24e71fe4-8d7b-41ad-ad37-c931896a1e79', '2020-11-30 14:50:00', null, null, 'Select an answer'),
       ('8ca632c0-1026-4089-b795-4e0c62aa367f', 'tbc', '24e71fe4-8d7b-41ad-ad37-c931896a1e79', '2020-11-30 14:50:00', null, 'tbc', 'TBC'),
       ('d530cc3d-f0e6-4edb-9d97-30c419945fd5', 'select_an_answer', '46c74225-d7ef-49d8-a979-eaf9916de14f', '2020-11-30 14:50:00', null, null, 'Select an answer'),
       ('16ed7260-d21f-4a83-b5d9-d7a8b5a656cf', 'punishment', '46c74225-d7ef-49d8-a979-eaf9916de14f', '2020-11-30 14:50:00', null, 'punishment', 'Punishment'),
       ('a15e67b7-0054-4954-86c9-89cb4a8c8b0f', 'public_protection', '46c74225-d7ef-49d8-a979-eaf9916de14f', '2020-11-30 14:50:00', null, 'public protection', 'Public protection'),
       ('bb452982-8809-4f6d-9fed-27540451385a', 'crime_reduction', '46c74225-d7ef-49d8-a979-eaf9916de14f', '2020-11-30 14:50:00', null, 'crime reduction', 'Crime reduction'),
       ('1a17c237-d74c-4b6a-b242-155a8eff0912', 'reparation', '46c74225-d7ef-49d8-a979-eaf9916de14f', '2020-11-30 14:50:00', null, 'reparation', 'Reparation'),
       ('2b7abf19-ea79-43fb-85b7-68a189774778', 'reform_or_rehabilitation', '46c74225-d7ef-49d8-a979-eaf9916de14f', '2020-11-30 14:50:00', null, 'reform or rehabilitation', 'Reform or rehabilitation'),
       ('d19f1162-972e-4f41-9f03-b60d333f5861', 'select_an_answer', '9b42c5de-3615-415f-a98c-70ad91e36cbb', '2020-11-30 14:50:00', null, null, 'Select an answer'),
       ('87f4fc00-43c7-4a7d-9a76-82b0a89512d3', 'absconding_bail', '9b42c5de-3615-415f-a98c-70ad91e36cbb', '2020-11-30 14:50:00', null, 'absconding/bail', 'Absconding/bail'),
       ('fa92f484-cb82-45c1-b219-e70f40e97810', 'acquisitive_violence', '9b42c5de-3615-415f-a98c-70ad91e36cbb', '2020-11-30 14:50:00', null, 'acquisitive violence', 'Acquisitive violence'),
       ('fa6451b8-d4c5-416c-809f-1d1777240192', 'burglary_domestic_', '9b42c5de-3615-415f-a98c-70ad91e36cbb', '2020-11-30 14:50:00', null, 'burglary (domestic)', 'Burglary (domestic)'),
       ('c19ac100-7d2f-453a-83c1-f3ee335de1f9', 'burglary_other_', '9b42c5de-3615-415f-a98c-70ad91e36cbb', '2020-11-30 14:50:00', null, 'burglary (other)', 'Burglary (other)'),
       ('a24ce5ce-5f19-442c-ac45-d440c19e24ff', 'criminal_damage', '9b42c5de-3615-415f-a98c-70ad91e36cbb', '2020-11-30 14:50:00', null, 'criminal damage', 'Criminal damage'),
       ('41840d95-0a36-4f04-8497-14b918095770', 'drink_driving', '9b42c5de-3615-415f-a98c-70ad91e36cbb', '2020-11-30 14:50:00', null, 'drink driving', 'Drink driving'),
       ('eb680683-3452-4aa5-9f27-a923da7c1e21', 'drug_import_export_production', '9b42c5de-3615-415f-a98c-70ad91e36cbb', '2020-11-30 14:50:00', null, 'drug import/export/production', 'Drug import/export/production'),
       ('6d5ba1d3-0c86-4c33-9f62-d2a00712daf2', 'drug_possession_supply', '9b42c5de-3615-415f-a98c-70ad91e36cbb', '2020-11-30 14:50:00', null, 'drug possession/supply', 'Drug possession/supply'),
       ('2c17c8a9-ff77-47bf-86ff-baa3725c1e66', 'drunkeness', '9b42c5de-3615-415f-a98c-70ad91e36cbb', '2020-11-30 14:50:00', null, 'drunkeness', 'Drunkeness'),
       ('9e6a1aa9-9a87-48b7-bdea-085ebb02ce24', 'fraud_forgery_and_misrepresentation', '9b42c5de-3615-415f-a98c-70ad91e36cbb', '2020-11-30 14:50:00', null, 'fraud, forgery and misrepresentation', 'Fraud, forgery and misrepresentation'),
       ('570aabc9-3839-40af-8aac-efd6e6665423', 'handling_stolen_goods', '9b42c5de-3615-415f-a98c-70ad91e36cbb', '2020-11-30 14:50:00', null, 'handling stolen goods', 'Handling stolen goods'),
       ('34d5bb1b-3619-4eab-b877-62c6017ff1ae', 'motoring_not_drink_driving_', '9b42c5de-3615-415f-a98c-70ad91e36cbb', '2020-11-30 14:50:00', null, 'motoring (not drink driving)', 'Motoring (not drink driving)'),
       ('e045d372-1b76-4511-98fc-8c4c6b825308', 'public_order_harassment_', '9b42c5de-3615-415f-a98c-70ad91e36cbb', '2020-11-30 14:50:00', null, 'public order (harassment)', 'Public order (harassment)'),
       ('a42c40f0-9652-412c-94ac-baf233a7c100', 'sexual_against_children_', '9b42c5de-3615-415f-a98c-70ad91e36cbb', '2020-11-30 14:50:00', null, 'sexual (against children)', 'Sexual (against children)'),
       ('90599b51-b8f1-4aa3-a5af-5a7cd1fd92cc', 'sexual_not_against_children_', '9b42c5de-3615-415f-a98c-70ad91e36cbb', '2020-11-30 14:50:00', null, 'sexual (not against children)', 'Sexual (not against children)'),
       ('0ea85582-4bbe-41f0-84bd-7013d9510ec5', 'theft_not_vehicle-related_', '9b42c5de-3615-415f-a98c-70ad91e36cbb', '2020-11-30 14:50:00', null, 'theft (not vehicle-related)', 'Theft (not vehicle-related)'),
       ('e9d5d50d-c7a5-4ecc-ab29-a5653af4c857', 'vehicle-related_theft', '9b42c5de-3615-415f-a98c-70ad91e36cbb', '2020-11-30 14:50:00', null, 'vehicle-related theft', 'Vehicle-related theft'),
       ('d236dd87-53e4-466d-a230-20b72e86d501', 'violence_against_the_person', '9b42c5de-3615-415f-a98c-70ad91e36cbb', '2020-11-30 14:50:00', null, 'violence against the person', 'Violence against the person'),
       ('b816ad75-60d3-4114-9123-6c58c9f86712', 'welfare_fraud', '9b42c5de-3615-415f-a98c-70ad91e36cbb', '2020-11-30 14:50:00', null, 'welfare fraud', 'Welfare fraud'),
       ('0dab2c5b-5d61-4dfa-bfec-9f6cfd97662a', 'other_offence', '9b42c5de-3615-415f-a98c-70ad91e36cbb', '2020-11-30 14:50:00', null, 'other offence', 'Other offence'),
       ('80279781-1a1e-45d0-920c-f45ccfa85551', 'no_problems', '040220b3-bd01-4ac6-9ce3-555c5e5a66dc', '2020-11-30 14:50:00', null, 'no problems', 'No problems'),
       ('f00e171e-8530-454d-a016-17ad89bb51ba', 'some_problems', '040220b3-bd01-4ac6-9ce3-555c5e5a66dc', '2020-11-30 14:50:00', null, 'some problems', 'Some problems'),
       ('2ea7feb8-16eb-4ad9-99a9-19be49d2eeb9', 'significant_problems', '040220b3-bd01-4ac6-9ce3-555c5e5a66dc', '2020-11-30 14:50:00', null, 'significant problems', 'Significant problems'),
       ('0fb918d3-3a86-48f9-8295-ecfe4d8eee05', 'select_an_answer', '2e39c82b-6c81-4b14-a30e-f53bdf2c9d35', '2020-11-30 14:50:00', null, null, 'Select an answer'),
       ('f40f35eb-ce29-4507-9cc1-f1799c924af6', 'tenant_owner_occupied', '2e39c82b-6c81-4b14-a30e-f53bdf2c9d35', '2020-11-30 14:50:00', null, 'tenant owner / occupied', 'Tenant owner / occupied'),
       ('c1ab4ab9-1368-42fe-a3ac-069156beb22c', 'living_with_stable_', '2e39c82b-6c81-4b14-a30e-f53bdf2c9d35', '2020-11-30 14:50:00', null, 'living with (stable)', 'Living with (stable)'),
       ('00559e75-be99-420d-af8b-7318fd609621', 'living_with_unstable_', '2e39c82b-6c81-4b14-a30e-f53bdf2c9d35', '2020-11-30 14:50:00', null, 'living with (unstable)', 'Living with (unstable)'),
       ('e5c1ad60-efea-40fd-893c-212515d35ddf', 'b&b_hotel', '2e39c82b-6c81-4b14-a30e-f53bdf2c9d35', '2020-11-30 14:50:00', null, 'b&b / hotel', 'B&B / hotel'),
       ('010275c2-331b-485d-9bc0-40420804d262', 'hostel', '2e39c82b-6c81-4b14-a30e-f53bdf2c9d35', '2020-11-30 14:50:00', null, 'hostel', 'Hostel'),
       ('e4d25389-8c8d-4351-a1dc-91feb8b7f96d', 'no_fixed_abode', '2e39c82b-6c81-4b14-a30e-f53bdf2c9d35', '2020-11-30 14:50:00', null, 'no fixed abode', 'No fixed abode'),
       ('451b4430-da46-48c1-ba82-71777cad672b', 'some_problems_', '1468d09b-01df-4499-9f7a-42b6594dd74f', '2020-11-30 14:50:00', null, 'some problems ', 'Some problems '),
       ('7490eb85-b635-4dc1-b8da-2d19c0e45442', 'significant_problems', '1468d09b-01df-4499-9f7a-42b6594dd74f', '2020-11-30 14:50:00', null, 'significant problems', 'Significant problems'),
       ('8d173724-2b7a-4f62-baf7-d81f54425b3d', 'victim', 'fed6ffce-d481-4f11-8de6-93b911b278bb', '2020-11-30 14:50:00', null, 'victim', 'Victim'),
       ('ab45aa1c-eba1-42b9-a57e-cd571ab95b8b', 'perpetrator', 'fed6ffce-d481-4f11-8de6-93b911b278bb', '2020-11-30 14:50:00', null, 'perpetrator', 'Perpetrator'),
       ('4b523a4f-5ed3-488a-99f5-f5d215f82f59', 'low', 'ec5d9cba-4387-4797-81d1-8f8e819a62b2', '2020-11-30 14:50:00', null, 'low', 'Low'),
       ('6bf4bab4-b462-4150-803a-b4a266f65c5b', 'medium', 'ec5d9cba-4387-4797-81d1-8f8e819a62b2', '2020-11-30 14:50:00', null, 'medium', 'Medium'),
       ('9298fc4b-abfc-42ad-b268-fc6663553a3b', 'high', 'ec5d9cba-4387-4797-81d1-8f8e819a62b2', '2020-11-30 14:50:00', null, 'high', 'High'),
       ('c2a0da6b-03ae-4f0a-bb50-db64329fb4d8', 'very_high', 'ec5d9cba-4387-4797-81d1-8f8e819a62b2', '2020-11-30 14:50:00', null, 'very high', 'Very high'),
       ('828fde3f-4e80-4a44-a13c-b457758857e1', 'select_an_answer', '04d89492-ea30-4f87-a68e-fa2093a46250', '2020-11-30 14:50:00', null, null, 'Select an answer'),
       ('0463752c-5e29-4572-bb25-6e1b7d246320', 'very_high', '04d89492-ea30-4f87-a68e-fa2093a46250', '2020-11-30 14:50:00', null, 'very high', 'Very high'),
       ('141f6dc7-d0cd-4e28-831a-7359eb35eb3e', 'high', '04d89492-ea30-4f87-a68e-fa2093a46250', '2020-11-30 14:50:00', null, 'high', 'High'),
       ('892c1f47-8c7d-430e-b7c1-a4aa4a889073', 'medium', '04d89492-ea30-4f87-a68e-fa2093a46250', '2020-11-30 14:50:00', null, 'medium', 'Medium'),
       ('c5bae56d-7d14-461f-8435-2f5b860cc2ec', 'low', '04d89492-ea30-4f87-a68e-fa2093a46250', '2020-11-30 14:50:00', null, 'low', 'Low'),
       ('c21d6bc2-9f40-4156-a1fe-f9ecc96735d5', 'select_an_answer', '76647d9c-edc6-41fa-bb5a-2be76d63606d', '2020-11-30 14:50:00', null, null, 'Select an answer'),
       ('e5165cef-df0c-4d9d-86e8-e0b6d417e7af', 'very_hgh', '76647d9c-edc6-41fa-bb5a-2be76d63606d', '2020-11-30 14:50:00', null, 'very hgh', 'Very hgh'),
       ('60855606-13c4-4264-9f4e-14c6ebfe8c5e', 'high', '76647d9c-edc6-41fa-bb5a-2be76d63606d', '2020-11-30 14:50:00', null, 'high', 'High'),
       ('7cc0c70e-8ef1-4a73-a70f-f1aad35d2bae', 'medium', '76647d9c-edc6-41fa-bb5a-2be76d63606d', '2020-11-30 14:50:00', null, 'medium', 'Medium'),
       ('47c5e364-68b3-4d8a-97e2-f0875f2436be', 'low', '76647d9c-edc6-41fa-bb5a-2be76d63606d', '2020-11-30 14:50:00', null, 'low', 'Low'),
       ('bbf3ec42-ce19-4d22-bac8-6210ae46a833', 'select_an_answer', 'dfa323dc-7460-4fdd-a4c0-46161537b4be', '2020-11-30 14:50:00', null, null, 'Select an answer'),
       ('c041ec8d-d45c-43e5-9767-a98631b527b8', 'good', 'dfa323dc-7460-4fdd-a4c0-46161537b4be', '2020-11-30 14:50:00', null, 'good', 'Good'),
       ('29688f47-21f6-4807-92e1-5802d65dc3e5', 'satisfactory', 'dfa323dc-7460-4fdd-a4c0-46161537b4be', '2020-11-30 14:50:00', null, 'satisfactory', 'Satisfactory'),
       ('0048a4e7-b2ec-4409-8e7c-a0b80d887e03', 'poor', 'dfa323dc-7460-4fdd-a4c0-46161537b4be', '2020-11-30 14:50:00', null, 'poor', 'Poor'),
       ('210b5d76-1ec1-4d65-ba6f-adaf30640831', 'select_an_answer', '2be64e98-761c-4b50-85d4-b99483efd6e8', '2020-11-30 14:50:00', null, null, 'Select an answer'),
       ('f2ca8b27-4c71-4498-a2ea-ca4a8441e4b8', 'interview', '2be64e98-761c-4b50-85d4-b99483efd6e8', '2020-11-30 14:50:00', null, 'interview', 'Interview'),
       ('f7a7056d-9ec8-4360-b690-7eacac3576b6', 'service_records', '2be64e98-761c-4b50-85d4-b99483efd6e8', '2020-11-30 14:50:00', null, 'service records', 'Service records'),
       ('4904f177-ded4-42aa-bfd4-4b1407d81f6b', 'cps_summary', '2be64e98-761c-4b50-85d4-b99483efd6e8', '2020-11-30 14:50:00', null, 'cps summary', 'CPS summary'),
       ('1f35d131-2ccd-4b7a-a85e-eac021a93b0c', 'previous_oasys_assessments', '2be64e98-761c-4b50-85d4-b99483efd6e8', '2020-11-30 14:50:00', null, 'previous oasys assessments', 'Previous OASys assessments'),
       ('d8b51bfa-d73b-4b15-bf13-64c0c7c50672', 'previous_convictions', '2be64e98-761c-4b50-85d4-b99483efd6e8', '2020-11-30 14:50:00', null, 'previous convictions', 'Previous convictions'),
       ('4c0dbc5f-243d-4828-941b-c2e0cb26d988', 'victim_statement', '2be64e98-761c-4b50-85d4-b99483efd6e8', '2020-11-30 14:50:00', null, 'victim statement', 'Victim statement'),
       ('7f91e9af-ae66-4620-ad71-b078400bb5ea', 'mental_health_or_psychology_reports', '2be64e98-761c-4b50-85d4-b99483efd6e8', '2020-11-30 14:50:00', null, 'mental health or psychology reports', 'Mental health or psychology reports'),
       ('efd7fc5c-cf7a-49c4-8f33-7f556777dd5f', 'safeguarding_checks', '2be64e98-761c-4b50-85d4-b99483efd6e8', '2020-11-30 14:50:00', null, 'safeguarding checks', 'Safeguarding checks'),
       ('4831cd02-849f-497c-80ed-d08da03c9dc0', 'police_information', '2be64e98-761c-4b50-85d4-b99483efd6e8', '2020-11-30 14:50:00', null, 'police information', 'Police information'),
       ('28395f6a-a5ce-493f-bdea-9dbbd6d9c566', 'sentencing_guidelines', '2be64e98-761c-4b50-85d4-b99483efd6e8', '2020-11-30 14:50:00', null, 'sentencing guidelines', 'Sentencing guidelines'),
       ('8c092247-8790-4f1a-87f0-635aca5dadbe', 'domestic_abuse_call-out_information', '2be64e98-761c-4b50-85d4-b99483efd6e8', '2020-11-30 14:50:00', null, 'domestic abuse call-out information', 'Domestic abuse call-out information'),
       ('de4485e0-6f77-466d-aa24-b1a35f9963ee', 'other', '2be64e98-761c-4b50-85d4-b99483efd6e8', '2020-11-30 14:50:00', null, 'other', 'Other'),
       ('e6d5d583-792d-4232-b885-82af4a98dc3f', 'select_an_answer', 'c00d6668-355e-45c9-8609-710181b3eff9', '2020-11-30 14:50:00', null, null, 'Select an answer'),
       ('f72f53b3-94b8-4946-bc6f-6822382edc46', 'asset', 'c00d6668-355e-45c9-8609-710181b3eff9', '2020-11-30 14:50:00', null, 'asset', 'Asset'),
       ('c399d106-aff4-4b3d-9e4b-f38fde59e7ac', 'bail_inormation_record', 'c00d6668-355e-45c9-8609-710181b3eff9', '2020-11-30 14:50:00', null, 'bail inormation record', 'Bail inormation record'),
       ('7d2b2227-7e3a-4472-b9f1-85b7bb4fe6f8', 'basic_custody_screening', 'c00d6668-355e-45c9-8609-710181b3eff9', '2020-11-30 14:50:00', null, 'basic custody screening', 'Basic custody screening'),
       ('a87f0f99-4b01-4e9d-8a41-210abaa7fbc9', 'community_payback', 'c00d6668-355e-45c9-8609-710181b3eff9', '2020-11-30 14:50:00', null, 'community payback', 'Community payback'),
       ('f0f17df3-949c-4ba8-a365-bb74d6559a99', 'hostel', 'c00d6668-355e-45c9-8609-710181b3eff9', '2020-11-30 14:50:00', null, 'hostel', 'Hostel'),
       ('0552642a-0cf1-434e-9c1b-37e90ed07c9d', 'interview', 'c00d6668-355e-45c9-8609-710181b3eff9', '2020-11-30 14:50:00', null, 'interview', 'Interview'),
       ('32931918-0e46-4d83-b28a-5ff8d8e09b5f', 'judge_s_comments', 'c00d6668-355e-45c9-8609-710181b3eff9', '2020-11-30 14:50:00', null, 'judge''s comments', 'Judge''s comments'),
       ('bcfa2d9c-8a8e-446b-afdc-616c93f4a880', 'local_authority', 'c00d6668-355e-45c9-8609-710181b3eff9', '2020-11-30 14:50:00', null, 'local authority', 'Local authority'),
       ('2896e521-0015-4ff3-b7b6-224995ed61b1', 'medical', 'c00d6668-355e-45c9-8609-710181b3eff9', '2020-11-30 14:50:00', null, 'medical', 'Medical'),
       ('3a6bd63b-e9b0-4d73-b3a4-99b69850ec42', 'oasys_saq', 'c00d6668-355e-45c9-8609-710181b3eff9', '2020-11-30 14:50:00', null, 'oasys saq', 'OASys SAQ'),
       ('4d759e9b-ef61-4f1f-ad32-72a931d1368c', 'police', 'c00d6668-355e-45c9-8609-710181b3eff9', '2020-11-30 14:50:00', null, 'police', 'Police'),
       ('920a8f66-472a-41dd-9d89-3b6de19f9d1a', 'post-trial_report', 'c00d6668-355e-45c9-8609-710181b3eff9', '2020-11-30 14:50:00', null, 'post-trial report', 'Post-trial report'),
       ('a9778ee2-c015-4daa-86d2-0fbfdd573cb2', 'pre-sentence_report', 'c00d6668-355e-45c9-8609-710181b3eff9', '2020-11-30 14:50:00', null, 'pre-sentence report', 'Pre-sentence report'),
       ('b6cffc20-dedb-4271-8ad3-f86b55ae74d7', 'previous_convictions', 'c00d6668-355e-45c9-8609-710181b3eff9', '2020-11-30 14:50:00', null, 'previous convictions', 'Previous convictions'),
       ('8c58d488-de89-46b9-8e0b-6c0d40d95d12', 'previous_oasys', 'c00d6668-355e-45c9-8609-710181b3eff9', '2020-11-30 14:50:00', null, 'previous oasys', 'Previous OASys'),
       ('951d2343-2834-4a35-8d74-8e73eadef35b', 'prison_records', 'c00d6668-355e-45c9-8609-710181b3eff9', '2020-11-30 14:50:00', null, 'prison records', 'Prison records'),
       ('2b69bb15-c288-4c38-9a04-ab45522e045c', 'prosecutor_inc_cps_', 'c00d6668-355e-45c9-8609-710181b3eff9', '2020-11-30 14:50:00', null, 'prosecutor (inc cps)', 'Prosecutor (inc CPS)'),
       ('af2a78f4-f77e-43a6-937d-cee542508a8c', 'psychiatric', 'c00d6668-355e-45c9-8609-710181b3eff9', '2020-11-30 14:50:00', null, 'psychiatric', 'Psychiatric'),
       ('5b26326a-01ca-4d78-894a-c2be206e6953', 'psychology', 'c00d6668-355e-45c9-8609-710181b3eff9', '2020-11-30 14:50:00', null, 'psychology', 'Psychology'),
       ('f7ae2896-1db5-4e10-8936-f5534e68e7a2', 'request_for_information', 'c00d6668-355e-45c9-8609-710181b3eff9', '2020-11-30 14:50:00', null, 'request for information', 'Request for information'),
       ('26a10b68-acd7-4b2d-a9a0-0c5837888a2f', 'victim_statement', 'c00d6668-355e-45c9-8609-710181b3eff9', '2020-11-30 14:50:00', null, 'victim statement', 'Victim statement'),
       ('2a0c2365-94fe-4796-8eba-94328fd36984', 'other', 'c00d6668-355e-45c9-8609-710181b3eff9', '2020-11-30 14:50:00', null, 'other', 'Other');


INSERT INTO grouping (group_uuid, group_code, heading, subheading, help_text, group_start, group_end)
VALUES ('b7e505fa-0de8-47ee-a207-c23f65782cb4', 'pre_sentence_assessment', 'Pre-Sentence Assessment', null, null, '2020-11-30 14:50:00', null),
       ('b7ce6f00-d302-4ba7-a1fa-e98d616b9aa6', 'the_individual', 'The individual', null, null, '2020-11-30 14:50:00', null),
       ('c767db5a-f719-42b2-afe6-6eed4c7015d6', 'court_information', 'Court information', null, null, '2020-11-30 14:50:00', null),
       ('c6805fb1-c817-42b3-9c53-35dc350b864f', 'psr_metadata', 'PSR metadata', null, null, '2020-11-30 14:50:00', null),
       ('515b84bf-42fa-4d59-b43d-f6e914df02c9', 'probation_service_details', 'Probation service details', null, null, '2020-11-30 14:50:00', null),
       ('d87107d3-2086-4a87-a9b5-71aad6d8d84a', 'the_offences', 'The offences', null, null, '2020-11-30 14:50:00', null),
       ('3d7b958b-43dd-41a5-a716-d54c0477cc53', 'offence_analysis', 'Offence analysis', null, null, '2020-11-30 14:50:00', null),
       ('19f1ed3c-93ea-440f-86d9-8d8322d73ff6', 'criminal_history', 'Criminal history', null, null, '2020-11-30 14:50:00', null),
       ('065e5627-8c0c-4913-8f5e-6325a710e4d3', 'order', 'Order', null, null, '2020-11-30 14:50:00', null),
       ('958f568f-ccfd-487e-95ed-3afb31862db8', 'needs', 'Needs', null, null, '2020-11-30 14:50:00', null),
       ('c1fa0904-4710-48e5-be6a-ee6b798fe44d', 'risk_of_serious_harm_screening', 'Risk of serious harm screening', null, null, '2020-11-30 14:50:00', null),
       ('ab8920be-6786-4e3d-b41c-109a04af60e1', 'risk_to_the_individual_screening', 'Risk to the individual screening', null, null, '2020-11-30 14:50:00', null),
       ('af5ab481-37e3-408b-a4a5-7ccb97ada910', 'other_risks_screening', 'Other risks screening', null, null, '2020-11-30 14:50:00', null),
       ('2f271b1b-fbcf-4ec5-b809-fdd31e47925e', 'risk_of_serious_harm_to_others_full_analysis_current_behaviour_', 'Risk of serious harm to others. Full analysis. Current behaviour.', null, null, '2020-11-30 14:50:00', null),
       ('0fe6393a-673b-4273-bcf8-5aa10141cc6d', 'risk_of_serious_harm_to_children_whse_identity_is_known_full_analysis_', 'Risk of serious harm to children whse identity is known. Full analysis. ', null, null, '2020-11-30 14:50:00', null),
       ('33111e21-fafe-40e3-a8c7-1690e5e0ae57', 'details_of_children_at_risk_of_serious_harm_', 'Details of children at risk of serious harm.', null, null, '2020-11-30 14:50:00', null),
       ('0d0865eb-3407-480e-9aaf-5724d6c8b9f7', 'risk_of_serious_harm_full_analysis_suicide_and_self_harm_', 'Risk of serious harm. Full analysis. Suicide and self-harm.', null, null, '2020-11-30 14:50:00', null),
       ('2b399ff5-d014-465f-9035-2b8058ab6c54', 'coping_in_custody_or_a_hostel_setting_', 'Coping in custody or a hostel setting.', null, null, '2020-11-30 14:50:00', null),
       ('a54f0af6-83f3-4c5d-a0e8-8f1570030df3', 'vulnerability', 'Vulnerability', null, null, '2020-11-30 14:50:00', null),
       ('0931f4b1-7aa4-4d9f-9aac-97d9780e2f43', 'escape_and_abscond', 'Escape and abscond', null, null, '2020-11-30 14:50:00', null),
       ('50ffb289-ae0a-4d0e-afda-00bfcfd09ee7', 'control_issues_or_disruptive_behaviour', 'Control issues or disruptive behaviour', null, null, '2020-11-30 14:50:00', null),
       ('8f52ae0e-f51c-42a5-a8fd-6229f5e42ccd', 'breach_of_trust', 'Breach of trust', null, null, '2020-11-30 14:50:00', null),
       ('6f0fab6c-39b2-4de8-b4fe-733434fa4c35', 'risk_summary', 'Risk summary', null, null, '2020-11-30 14:50:00', null),
       ('d76302d4-5737-4a34-9d80-417caee26dac', 'risk_of_serious_recidivism_rsr_', 'Risk of Serious Recidivism (RSR)', null, null, '2020-11-30 14:50:00', null),
       ('236732fb-6fce-486a-a784-f17538d29970', 'risk_of_serious_harm_score', 'Risk of Serious Harm score', null, null, '2020-11-30 14:50:00', null),
       ('54963f8b-5d86-4f7d-8f78-a420918c16ce', 'risk_management_issues', 'Risk management issues', null, null, '2020-11-30 14:50:00', null),
       ('0b398491-5730-4392-8110-943428feb407', 'psr_summary', 'PSR summary', null, null, '2020-11-30 14:50:00', null),
       ('7d6b6191-8264-4c3f-9132-fd0ade946d8c', 'proposal', 'Proposal', null, null, '2020-11-30 14:50:00', null),
       ('978bb286-b51b-4e3e-a2f8-d34afdb338d3', 'information_sources', 'Information sources', null, null, '2020-11-30 14:50:00', null);


INSERT INTO question_schema (question_schema_uuid, question_code, oasys_question_code, question_start, question_end, answer_type, answer_schema_group_uuid, question_text, question_help_text, external_source)
VALUES ('296be1c9-d0d2-43a4-88fa-57b76cf716db', '1.1', null, '2020-11-30 14:50:00', null, 'freetext', null, 'Title', null, 'COURT:name.title'),
       ('88f154c3-3fe7-4bb0-b5f8-d7ed8f8f4d5c', '2.1', null, '2020-11-30 14:50:00', null, 'freetext', null, 'First name or names
', null, 'COURT:name.forename1'),
       ('69f77d35-f341-41c3-9c94-067fa37585fe', '3.1', null, '2020-11-30 14:50:00', null, 'freetext', null, 'Family name or names', null, 'COURT:defendantDob:date'),
       ('ff21ce7b-88d6-44ad-ae0b-97cb4000878b', '4.1', null, '2020-11-30 14:50:00', null, 'freetext', null, 'First name (aliases)', null, null),
       ('155ef7ee-c1dd-4bb1-a47d-795b128936bb', '5.1', null, '2020-11-30 14:50:00', null, 'freetext', null, 'Family name (aliases)', null, null),
       ('e8d71583-72cf-4aac-9223-02d18724e926', '6.1', null, '2020-11-30 14:50:00', null, 'date', null, 'Date of birth', null, 'COURT:crn'),
       ('b9c15053-4804-47ef-b142-d9296dfaf278', '7.1', null, '2020-11-30 14:50:00', null, 'freetext', null, 'Age', null, 'COURT:pnc'),
       ('b6adb8ec-6a3f-4821-8935-b6520c5a10a3', '8.1', null, '2020-11-30 14:50:00', null, 'dropdown', '24e71fe4-8d7b-41ad-ad37-c931896a1e79', 'Gender', null, 'COURT:defendantAddress.line1'),
       ('bd8e8497-0319-484f-a273-73b8bcf61165', '9.1', null, '2020-11-30 14:50:00', null, 'dropdown', '24e71fe4-8d7b-41ad-ad37-c931896a1e79', 'Sex', null, null),
       ('a41aae39-e22b-4bff-831c-f510026f39cb', '10.1', null, '2020-11-30 14:50:00', null, 'freetext', null, 'CRN', null, 'COURT:courtCode'),
       ('386cf716-826e-4680-8b25-6ec3c2b81eae', '11.1', null, '2020-11-30 14:50:00', null, 'freetext', null, 'PNC', null, null),
       ('551bf9f6-2d4a-4ce1-b882-8fb7ced06b83', '12.1', null, '2020-11-30 14:50:00', null, 'freetext', null, 'Criminal Records Office (CRO) Number', null, null),
       ('bc629148-38bc-4dae-9a8a-dc73207e2d51', '13.1', null, '2020-11-30 14:50:00', null, 'freetext', null, 'Probation Case Reference Number', null, 'COURT:sessionStartTime'),
       ('d8639c7b-59be-4295-8bb6-f0ed73c68135', '14.1', null, '2020-11-30 14:50:00', null, 'freetext', null, 'Address', null, null),
       ('9995ac13-10f4-4288-9f0e-d79cf201a0d9', '8.2', null, '2020-11-30 14:50:00', null, 'freetext', null, null, null, 'COURT:defendantAddress.line2'),
       ('a1611f66-b2f7-4c05-a14e-9b74162e70a5', '8.3', null, '2020-11-30 14:50:00', null, 'freetext', null, null, null, 'COURT:defendantAddress.line3'),
       ('5442f647-ed1b-4dcd-9bdb-d68b4ff07f9d', '8.4', null, '2020-11-30 14:50:00', null, 'freetext', null, null, null, 'COURT:defendantAddress.line4'),
       ('010e3b56-372e-4159-a299-c4b6a215e25e', '8.5', null, '2020-11-30 14:50:00', null, 'freetext', null, null, null, 'COURT:defendantAddress.line5'),
       ('d0bf5f05-c52a-47be-9fe3-4e8f29e34eb7', '8.6', null, '2020-11-30 14:50:00', null, 'freetext', null, 'Post Code', null, 'COURT:defendantAddress.postcode:toUpper'),
       ('96f53723-a191-4dce-a54c-ec713f958ff3', '15.1', null, '2020-11-30 14:50:00', null, 'freetext', null, 'Court', null, null),
       ('057a6d90-219a-487c-81aa-5682f440fe11', '16.1', null, '2020-11-30 14:50:00', null, 'freetext', null, 'Local justice area', null, null),
       ('f0754bb4-6d55-44a4-8b74-b35e6cb972fe', '17.1', null, '2020-11-30 14:50:00', null, 'date', null, 'Date of hearing', null, null),
       ('e9a455f6-398a-40ce-b513-334cc86ffb90', '18.1', null, '2020-11-30 14:50:00', null, 'date', null, 'Date of assessment', null, null),
       ('3970d2e7-349b-4b3f-8c91-a9c240cf0840', '19.1', null, '2020-11-30 14:50:00', null, 'freetext', null, 'Seriousness', null, null),
       ('7e2711c4-0705-42d4-8018-f3aba271b407', '20.1', null, '2020-11-30 14:50:00', null, 'freetext', null, 'Purpose of assessment', null, null),
       ('17193256-b979-4f69-8367-58bdc8dc59a3', '21.1', null, '2020-11-30 14:50:00', null, 'dropdown', '46c74225-d7ef-49d8-a979-eaf9916de14f', 'Sentencing purpose', null, null),
       ('ca76a27e-6d38-4114-8851-7e38a907df92', '22.1', null, '2020-11-30 14:50:00', null, 'date', null, 'Date report requested', null, null),
       ('95e4b7a9-c650-44c9-a2d4-c1b0fbc895af', '23.1', null, '2020-11-30 14:50:00', null, 'date', null, 'Date report required', null, null),
       ('aa03ec25-5709-4f5c-9c8e-d17b1a4c6944', '24.1', null, '2020-11-30 14:50:00', null, 'date', null, 'Date report completed and signed', null, null),
       ('13105375-32f0-4941-a5a2-3f8820957836', '25.1', null, '2020-11-30 14:50:00', null, 'freetext', null, 'Probation practitioner', null, null),
       ('537bade9-ae5c-49b5-8862-4680068abbac', '26.1', null, '2020-11-30 14:50:00', null, 'freetext', null, 'Report author', null, null),
       ('193be121-d7e8-44ae-b710-85c47470031c', '27.1', null, '2020-11-30 14:50:00', null, 'freetext', null, 'Probation practitioner''s position', null, null),
       ('9dd2e1c6-6f13-4d37-a420-724129fc19f4', '28.1', null, '2020-11-30 14:50:00', null, 'freetext', null, 'Telephone number', null, null),
       ('edb07070-ac45-45cc-83ac-3f5df5cabbbc', '29.1', null, '2020-11-30 14:50:00', null, 'freetext', null, 'Probation provider/prison', null, null),
       ('eddaeb52-203c-4cd9-8613-c47fd7878907', '30.1', null, '2020-11-30 14:50:00', null, 'freetext', null, 'LDU', null, null),
       ('cf69b14f-5c36-43fc-816b-82512c1902cc', '31.1', null, '2020-11-30 14:50:00', null, 'freetext', null, 'Team', null, null),
       ('2ba9329c-08d1-478d-98ca-e88603d1f23d', '32.1', null, '2020-11-30 14:50:00', null, 'freetext', null, 'NPS countersigner or HMPS supervisor', null, null),
       ('a09cca0d-4e49-4e7b-9d83-dd94449058df', '33.1', null, '2020-11-30 14:50:00', null, 'freetext', null, 'Signing history', null, null),
       ('193b782f-2f94-45a7-90d5-51fee6d50443', '34.1', null, '2020-11-30 14:50:00', null, 'freetext', null, 'Office', null, null),
       ('c54c0173-3445-45e0-a324-7152985a92ca', '35.1', null, '2020-11-30 14:50:00', null, 'freetext', null, 'PSR or Court considered offence (Primary or most serious offence as judged by assessor)', null, null),
       ('02d9bda8-1df8-41be-a3d2-ce14bcaba321', '36.1', null, '2020-11-30 14:50:00', null, 'dropdown', '9b42c5de-3615-415f-a98c-70ad91e36cbb', 'Main offence
', null, null),
       ('dac8d4ae-f0b8-478f-8d64-c482affe63d3', '37.1', null, '2020-11-30 14:50:00', null, 'date', null, 'Date', null, null),
       ('6829eeb7-c452-40fb-8f7e-e5d1fe25c683', '38.1', null, '2020-11-30 14:50:00', null, 'freetext', null, 'Offence description', null, null),
       ('238ca1ea-4835-4bd4-9783-3a69e4185840', '39.1', null, '2020-11-30 14:50:00', null, 'dropdown', 'b450f409-df71-4095-bec1-9c5eaefeeb69', 'Additional offence
', null, null),
       ('914ce5f6-b3ea-444e-b0a9-213998f43553', '40.1', null, '2020-11-30 14:50:00', null, 'date', null, 'Date', null, null),
       ('d59c271d-affb-4d7b-9c0e-91992346aae6', '41.1', null, '2020-11-30 14:50:00', null, 'freetext', null, 'Other offence description', null, null),
       ('f39f4ade-86a4-4fec-902b-dc2b224574ec', '42.1', null, '2020-11-30 14:50:00', null, 'freetext', null, 'Current offence category', null, null),
       ('9583cb42-327a-4e2b-b405-216c0cab2c26', '43.1', null, '2020-11-30 14:50:00', null, 'freetext', null, 'Number of court appearances at which convicted, or received a conditional or absolute discharge aged under 18 years', null, null),
       ('ace39d1b-e347-40b0-889c-25b53815baa4', '44.1', null, '2020-11-30 14:50:00', null, 'freetext', null, 'Number of court appearances at which convicted, or received a conditional or absolute discharge aged 18 years and over. Do not include current appearances.', null, null),
       ('ecfdd7a3-a7be-4a98-bf3a-61cb6f8f8678', '45.1', null, '2020-11-30 14:50:00', null, 'freetext', null, 'Age at first conviction, conditional or absolute discharge (record in years)', null, null),
       ('b349baf5-8efd-4de2-a1a2-e39cbb94091f', '46.1', null, '2020-11-30 14:50:00', null, 'freetext', null, 'Number of previous formal cautions, reprimands and final warnings', null, null),
       ('fe8a7ec4-8874-4583-91d6-94a132bc8487', '47.1', null, '2020-11-30 14:50:00', null, 'freetext', null, 'How many of the sum of previous convictions, conditional or absolute discharges, cautions, reprimands or final warnings included any violent offences?', null, null),
       ('9937f116-804d-4672-b750-07c3f7119fc7', '48.1', null, '2020-11-30 14:50:00', null, 'date', null, 'Date of current conviction', null, null),
       ('ee349d83-7d74-4082-bc85-f2295d3181b4', '49.1', null, '2020-11-30 14:50:00', null, 'date', null, 'Date of sentence, or discharge if sentenced to custody', null, null),
       ('2eb46c51-0b5c-4ea3-bd7f-b66d31283705', '50.1', null, '2020-11-30 14:50:00', null, 'freetext', null, 'Why did the offence occur?', null, null),
       ('fedc5f97-63f6-4816-886b-9113845fe684', '51.1', null, '2020-11-30 14:50:00', null, 'radio', '06c16d35-bb4d-4078-8596-482b4c1519f4', 'Does the individual accept responsibility for the current offence?', null, null),
       ('8ba5caba-aebf-4e4e-af38-17fa55cc23ce', '52.1', null, '2020-11-30 14:50:00', null, 'freetext', null, 'Give details', null, null),
       ('9639c139-2923-410f-ac69-33efdca9aef4', '53.1', null, '2020-11-30 14:50:00', null, 'radio', '06c16d35-bb4d-4078-8596-482b4c1519f4', 'Does the individual recognise the impact and consequences of their offence(s) on the victim, the community, and wider society?', null, null),
       ('ea418282-ecbd-4354-ac77-31f54c8087f5', '54.1', null, '2020-11-30 14:50:00', null, 'freetext', null, 'Give details', null, null),
       ('c787bfe0-5472-4f64-9072-81ac29f7b182', '55.1', null, '2020-11-30 14:50:00', null, 'radio', '06c16d35-bb4d-4078-8596-482b4c1519f4', 'Do the current offence(s) indicate an escalation in seriousness from earlier offending?', null, null),
       ('842e5959-2ec6-4396-98c1-404ca519ccf9', '56.1', null, '2020-11-30 14:50:00', null, 'freetext', null, 'Give details', null, null),
       ('f4f59e46-6765-4b1e-a801-56e46db689f4', '57.1', null, '2020-11-30 14:50:00', null, 'radio', '06c16d35-bb4d-4078-8596-482b4c1519f4', 'Are current offence(s) part of an established pattern of offending?', null, null),
       ('dfdfe976-f7e9-44d2-82f3-0071bc033186', '58.1', null, '2020-11-30 14:50:00', null, 'freetext', null, 'Give details', null, null),
       ('0d0ee2ff-c256-432b-a272-b044d15c2e59', '59.1', null, '2020-11-30 14:50:00', null, 'radio', '06c16d35-bb4d-4078-8596-482b4c1519f4', 'Have they ever committed a sexual or sexually motivated offence?', null, null),
       ('f8a4018d-4845-408c-8cff-0934bc999682', '60.1', null, '2020-11-30 14:50:00', null, 'date', null, 'Date of commencement of community sentence or earliest possible release from custody', null, null),
       ('e24bd027-39b3-408d-be0f-4e7a97179837', '61.1', null, '2020-11-30 14:50:00', null, 'radio', '06c16d35-bb4d-4078-8596-482b4c1519f4', 'Have any of these involved actual or attempted contact against a victim who was a stranger?', null, null),
       ('c0b77b03-cd70-4124-a973-bd1ab0b6e472', '62.1', null, '2020-11-30 14:50:00', null, 'date', null, 'Date of most recent sanction involving a sexual or sexually motivated offence', null, null),
       ('ef6f8db2-cafa-4510-a03f-73af05eec447', '63.1', null, '2020-11-30 14:50:00', null, 'freetext', null, 'Number of previous or current sanctions involving contact adult sexual or sexually motivated offences', null, null),
       ('676b6c50-8f30-4e05-a843-f56d43589512', '64.1', null, '2020-11-30 14:50:00', null, 'freetext', null, 'Number of previous or current sanctions involving contact child sexual or sexually motivated offences', null, null),
       ('31850543-27a9-42bb-b075-c968fa928364', '65.1', null, '2020-11-30 14:50:00', null, 'freetext', null, 'Number of previous or current sanctions involving indecent child image sexual or sexually motivted offences', null, null),
       ('36216867-755c-4d73-bb71-7737d325460e', '66.1', null, '2020-11-30 14:50:00', null, 'freetext', null, 'Number of previous or current sanctions involving other non-contact sexual or sexually motivated offences', null, null),
       ('08987113-535a-47d5-83af-a27089c1de65', '67.1', null, '2020-11-30 14:50:00', null, 'radio', '06c16d35-bb4d-4078-8596-482b4c1519f4', 'Have you completed an offender interview?', null, null),
       ('0597dcf4-93f6-4ff5-83dc-9eb8d1c71a46', '68.1', null, '2020-11-30 14:50:00', null, 'radio', '06c16d35-bb4d-4078-8596-482b4c1519f4', 'Does the individual have any previous convictions?', null, null),
       ('27c0d840-0aa8-49e0-957d-75cbb73d8c81', '69.1', null, '2020-11-30 14:50:00', null, 'radio', '06c16d35-bb4d-4078-8596-482b4c1519f4', 'Did the offence involve carrying or use of a weapon?', null, null),
       ('ea4afe3a-8a61-47e2-a7d6-0a83c7035f81', '70.1', null, '2020-11-30 14:50:00', null, 'freetext', null, 'Specify which weapon', null, null),
       ('16f2bcac-9555-4805-920d-814f306c422d', '71.1', null, '2020-11-30 14:50:00', null, 'date', null, 'Date of first sanction', null, null),
       ('47793e82-f667-44eb-ac31-fd4ae64fbebe', '72.1', null, '2020-11-30 14:50:00', null, 'freetext', null, 'Number of previous sanctions for all recordable offences', null, null),
       ('e5825671-0e5f-409c-b8a8-ad45611bdf85', '73.1', null, '2020-11-30 14:50:00', null, 'freetext', null, 'Number of previous or current sanctions for violent offences', null, null),
       ('855c3974-557f-49b4-84c0-6c96172e6bc5', '74.1', null, '2020-11-30 14:50:00', null, 'freetext', null, 'Order', null, null),
       ('c7f41955-1ad8-4031-aaf0-f507d116bab5', '75.1', null, '2020-11-30 14:50:00', null, 'radio', '040220b3-bd01-4ac6-9ce3-555c5e5a66dc', 'Suitability of accommodation.
', null, null),
       ('498570bb-8c45-480a-ba74-d2804ef81ffa', '76.1', null, '2020-11-30 14:50:00', null, 'freetext', null, 'Give details', null, null),
       ('1ef23468-a037-4ec3-b6d1-2ff3f493b1f8', '77.1', null, '2020-11-30 14:50:00', null, 'radio', '06c16d35-bb4d-4078-8596-482b4c1519f4', 'Are any current or previous accommodation issues linked to offending behaviour?', null, null),
       ('c4884027-1eb3-4360-94ed-0485902410c6', '78.1', null, '2020-11-30 14:50:00', null, 'dropdown', '2e39c82b-6c81-4b14-a30e-f53bdf2c9d35', 'Accommodation type', null, null),
       ('c4d9952d-cd09-42dd-a372-8897a0b0cb23', '79.1', null, '2020-11-30 14:50:00', null, 'freetext', null, 'Give details', null, null),
       ('243c296a-0b95-488a-862e-8f0f6193972c', '80.1', null, '2020-11-30 14:50:00', null, 'radio', '06c16d35-bb4d-4078-8596-482b4c1519f4', 'Are education, training, employment and/or basic skills issues linked to offending behaviour?', null, null),
       ('ae90f9e3-c063-4d3d-9d0b-c385067e34c8', '81.1', null, '2020-11-30 14:50:00', null, 'freetext', null, 'Education, training and employability status', null, null),
       ('0a241a23-652e-4f75-a19e-dae2ee582df0', '82.1', null, '2020-11-30 14:50:00', null, 'freetext', null, 'Give details', null, null),
       ('2d17c9bf-5065-4859-bc9b-33ce062ac5bf', '83.1', null, '2020-11-30 14:50:00', null, 'freetext', null, 'Hours of work or education / training per week', null, null),
       ('665f87c8-606a-4fee-a739-e66a654896d3', '84.1', null, '2020-11-30 14:50:00', null, 'radio', '06c16d35-bb4d-4078-8596-482b4c1519f4', 'Are financial issues linked to offending behaviour?', null, null),
       ('337b8b5a-afef-4e96-804f-98c34824483c', '85.1', null, '2020-11-30 14:50:00', null, 'freetext', null, 'Give details', null, null),
       ('ae9b881b-5af4-4467-be4e-6e7d07c12225', '86.1', null, '2020-11-30 14:50:00', null, 'radio', '1468d09b-01df-4499-9f7a-42b6594dd74f', 'What is the person''s current relationship with their partner?', null, null),
       ('812f85a6-fee2-4f2a-9933-a24fc47b89ed', '87.1', null, '2020-11-30 14:50:00', null, 'radio', '06c16d35-bb4d-4078-8596-482b4c1519f4', 'Is there evidence that the individual is a perpetrator of domestic violence or partner abuse?', null, null),
       ('959513a9-ce26-42e0-9814-6ab432673a32', '88.1', null, '2020-11-30 14:50:00', null, 'radio', 'fed6ffce-d481-4f11-8de6-93b911b278bb', 'N/A', null, null),
       ('6fab6d23-5a7a-4e92-85f9-c02f1d153ff5', '89.1', null, '2020-11-30 14:50:00', null, 'freetext', null, 'Give details', null, null),
       ('e49c8c27-d2ac-4c87-969f-5d4ca56d3f46', '90.1', null, '2020-11-30 14:50:00', null, 'radio', '040220b3-bd01-4ac6-9ce3-555c5e5a66dc', 'Is the person''s current use of alcohol a problem?', null, null),
       ('aa4bb075-353c-4213-a159-d5ba092a4168', '91.1', null, '2020-11-30 14:50:00', null, 'freetext', null, 'Give details', null, null),
       ('6c34bd8c-ef76-413b-ac6c-d2b942330e22', '92.1', null, '2020-11-30 14:50:00', null, 'radio', '040220b3-bd01-4ac6-9ce3-555c5e5a66dc', 'Is there evidence of binge drinking or excessive use of alcohol in the last 6 months?', null, null),
       ('7a1065dc-4a01-4e64-9e72-d32c1613c2f2', '93.1', null, '2020-11-30 14:50:00', null, 'freetext', null, 'Give details', null, null),
       ('cc7d7b31-bf1c-4db0-a785-b779718a534e', '94.1', null, '2020-11-30 14:50:00', null, 'radio', '06c16d35-bb4d-4078-8596-482b4c1519f4', 'Is there a need for a specialist assessment?', null, null),
       ('7f0a230e-a7a7-48bd-afa9-0104fa78f600', '95.1', null, '2020-11-30 14:50:00', null, 'freetext', null, 'Give details', null, null),
       ('8d5a9863-d6d2-45fc-b906-59885759348f', '96.1', null, '2020-11-30 14:50:00', null, 'radio', '06c16d35-bb4d-4078-8596-482b4c1519f4', 'Is drug misuse linked to offending behaviour?', null, null),
       ('d8012297-07ce-46ce-86e2-44c884e56911', '97.1', null, '2020-11-30 14:50:00', null, 'freetext', null, 'Give details', null, null),
       ('9f98d14b-9c8b-4bb7-9d77-4de12dd488d4', '98.1', null, '2020-11-30 14:50:00', null, 'radio', '06c16d35-bb4d-4078-8596-482b4c1519f4', 'Is there current or recent drug misuse on a daily or weekly basis?', null, null),
       ('2819c006-128d-4a3d-b631-aab425cc1567', '99.1', null, '2020-11-30 14:50:00', null, 'freetext', null, 'Give details', null, null),
       ('3c10762e-c0e3-4237-940f-831c7a05e0cf', '100.1', null, '2020-11-30 14:50:00', null, 'freetext', null, 'Is the individual motivated to tackle drugs misuse?', null, null),
       ('45ae20cd-caab-4241-b530-180ed9939e99', '101.1', null, '2020-11-30 14:50:00', null, 'freetext', null, 'Give details', null, null),
       ('53a6aee3-2b61-49ab-a28a-057477c0df1c', '102.1', null, '2020-11-30 14:50:00', null, 'radio', '06c16d35-bb4d-4078-8596-482b4c1519f4', 'Is mental health linked to offending behaviour?', null, null),
       ('9a9b6269-c382-45ac-a2ae-4cbcc0f40e45', '103.1', null, '2020-11-30 14:50:00', null, 'freetext', null, 'Give details', null, null),
       ('32f702f3-ade4-4f44-8e56-e1b28fb23a21', '104.1', null, '2020-11-30 14:50:00', null, 'radio', '06c16d35-bb4d-4078-8596-482b4c1519f4', 'Does the individual have current mental health issues or a history of such issues?', null, null),
       ('f60ea4d3-aedb-4bac-b20b-63b8d1b331ed', '105.1', null, '2020-11-30 14:50:00', null, 'freetext', null, 'Give details', null, null),
       ('a9fd1f3d-3fc9-4393-859b-adaccf427f36', '106.1', null, '2020-11-30 14:50:00', null, 'freetext', null, 'Is there evidence of self-harm, attempted suicide, suicidal thoughts or feelings?', null, null),
       ('5276dd50-556d-4780-b971-7d6a6e53c6fd', '107.1', null, '2020-11-30 14:50:00', null, 'freetext', null, null, null, null),
       ('f0d2c007-9825-427a-ac4d-7e046a9d882a', '108.1', null, '2020-11-30 14:50:00', null, 'radio', '06c16d35-bb4d-4078-8596-482b4c1519f4', 'Can the individual cope in custody / hostel setting?', null, null),
       ('526fb74c-9b75-4cef-8b5a-6ab66805213d', '109.1', null, '2020-11-30 14:50:00', null, 'freetext', null, 'Give details', null, null),
       ('9e7a1adc-624e-41e4-9aa6-12d5fa987f49', '110.1', null, '2020-11-30 14:50:00', null, 'radio', '06c16d35-bb4d-4078-8596-482b4c1519f4', 'Is a specialist mental health report required?', null, null),
       ('152edee9-61b7-409d-8a1c-e19cd6867112', '111.1', null, '2020-11-30 14:50:00', null, 'freetext', null, 'Give details', null, null),
       ('f4b7f0cc-ab0e-4f72-b5fb-fa6a3d21d350', '112.1', null, '2020-11-30 14:50:00', null, 'radio', '06c16d35-bb4d-4078-8596-482b4c1519f4', 'Are thinking and behaviour a relevant factor?', null, null),
       ('0a2ec715-8371-41be-bde7-89d55366a166', '113.1', null, '2020-11-30 14:50:00', null, 'radio', '040220b3-bd01-4ac6-9ce3-555c5e5a66dc', 'Is impulsivity a problem for the individual?', null, null),
       ('8f20fa5e-10b1-4b57-82da-74dcb38bf3c2', '114.1', null, '2020-11-30 14:50:00', null, 'freetext', null, 'Give details', null, null),
       ('d48471b8-e0f1-4b54-b708-4eb8c146cd21', '115.1', null, '2020-11-30 14:50:00', null, 'radio', '040220b3-bd01-4ac6-9ce3-555c5e5a66dc', 'Is temper control a problem for the individual?', null, null),
       ('eb454e75-1f80-4f54-b7c0-a648569cda4d', '116.1', null, '2020-11-30 14:50:00', null, 'radio', '040220b3-bd01-4ac6-9ce3-555c5e5a66dc', 'Does the individual have pro-criminal attitudes?', null, null),
       ('03d3aaea-1eee-463f-a290-f42f1a37f525', '117.1', null, '2020-11-30 14:50:00', null, 'radio', '06c16d35-bb4d-4078-8596-482b4c1519f4', 'Is there evidence that the individual demonstrates inadequate social or interpersonal skills?', null, null),
       ('3c5bc574-80c3-4336-b0bb-640b56988fc5', '118.1', null, '2020-11-30 14:50:00', null, 'freetext', null, 'Give details', null, null),
       ('7435049b-a784-49c4-bb27-8fcb3e994f01', '119.1', null, '2020-11-30 14:50:00', null, 'radio', '06c16d35-bb4d-4078-8596-482b4c1519f4', 'Is there evidence that the individual uses inappropriate problem solving strategies?', null, null),
       ('d6b03152-8139-410b-aaca-368aeddb907c', '120.1', null, '2020-11-30 14:50:00', null, 'freetext', null, 'Give details', null, null),
       ('cfd09041-0eaf-461c-bde2-f84bcd0c2e85', '121.1', null, '2020-11-30 14:50:00', null, 'radio', '06c16d35-bb4d-4078-8596-482b4c1519f4', 'Is there evidence that the individual has difficulty understanding other people’s points of view?', null, null),
       ('26662f2a-4f57-4a26-affd-9d205149b5a5', '122.1', null, '2020-11-30 14:50:00', null, 'freetext', null, 'Give details', null, null),
       ('2242ed67-e787-4408-93cb-7b52235619ba', '123.1', null, '2020-11-30 14:50:00', null, 'freetext', null, 'Are anti-social or discriminatory attitudes or behaviour associated with offending?', null, null),
       ('a2a9196c-3fd3-4bef-a338-f3c361d8a6e7', '124.1', null, '2020-11-30 14:50:00', null, 'freetext', null, 'Give details', null, null),
       ('b87e81b4-715d-4d7b-b317-ebb856cea6b4', '125.1', null, '2020-11-30 14:50:00', null, 'freetext', null, 'Additional information about the individual relevant to their offence(s) and the management of the offender', null, null),
       ('f203d74b-427f-4fc1-9722-73413452522e', '126.1', null, '2020-11-30 14:50:00', null, 'radio', '06c16d35-bb4d-4078-8596-482b4c1519f4', 'Is there evidence of the individual experiencing trauma?', null, null),
       ('2a18f0f6-7cc6-432b-beb2-283ad20b01af', '127.1', null, '2020-11-30 14:50:00', null, 'radio', '06c16d35-bb4d-4078-8596-482b4c1519f4', 'Does the individual have caring responsibilities for children or adults, or have they ever had caring responsibilities for children or adults?', null, null),
       ('84b67e83-69e0-4938-991b-fed2965b6601', '128.1', null, '2020-11-30 14:50:00', null, 'radio', '06c16d35-bb4d-4078-8596-482b4c1519f4', 'Are you completing a risk assessment?', null, null),
       ('b9667517-3d2d-420f-a8c6-29c5ff483693', '129.1', null, '2020-11-30 14:50:00', null, 'freetext', null, 'Has the individual been convicted of any of the following?', null, null),
       ('318994d8-d818-4967-a405-5a36c84284cf', '130.1', null, '2020-11-30 14:50:00', null, 'freetext', null, 'Murder, attempted murder, threat or conspiracy to murder, or manslaughter', null, null),
       ('0bdbfcee-35d4-46b4-820e-a62dcbdc6203', '131.1', null, '2020-11-30 14:50:00', null, 'freetext', null, 'Wounding or GBH ', null, null),
       ('ae5c0195-183d-4521-9b37-276cffe4695e', '132.1', null, '2020-11-30 14:50:00', null, 'freetext', null, 'Any sexual offence against a child', null, null),
       ('c542785c-ff40-4df8-821d-35aecce076c1', '133.1', null, '2020-11-30 14:50:00', null, 'freetext', null, 'Rape or serious sexual offence against an adult', null, null),
       ('4e9844b4-e87b-4dff-b1c4-443d1b108c82', '134.1', null, '2020-11-30 14:50:00', null, 'freetext', null, 'Any other offence against a child ', null, null),
       ('da05a217-b8ad-4b49-9d3d-163ac07541b6', '135.1', null, '2020-11-30 14:50:00', null, 'freetext', null, 'Aggravated burglary', null, null),
       ('d759942b-a96e-437c-9c86-dd15dc80af0b', '136.1', null, '2020-11-30 14:50:00', null, 'freetext', null, 'Arson', null, null),
       ('04365cd6-1e40-41a0-978f-66688ab65add', '137.1', null, '2020-11-30 14:50:00', null, 'freetext', null, 'Criminal damage with intent to endanger life', null, null),
       ('71551253-8e77-4c5e-a97d-b16d419ff0ce', '138.1', null, '2020-11-30 14:50:00', null, 'freetext', null, 'Kidnapping or false imprisonment', null, null),
       ('5952a1eb-d2c6-4597-b365-0b64106b9b38', '139.1', null, '2020-11-30 14:50:00', null, 'freetext', null, 'Possession of a firearm with intent to endanger life or resist arrest', null, null),
       ('7b2a4a90-e2ba-464e-a3fb-d6b373267e9e', '140.1', null, '2020-11-30 14:50:00', null, 'freetext', null, 'A racially motivated or racially aggravated offence', null, null),
       ('ec26eeca-d737-468b-a686-9e15cf272044', '141.1', null, '2020-11-30 14:50:00', null, 'freetext', null, 'Robbery', null, null),
       ('46470cbd-6a16-4114-a97b-10cc58ae11bb', '142.1', null, '2020-11-30 14:50:00', null, 'freetext', null, 'Any other offence involving possession and/or use of weapons', null, null),
       ('b9cfa448-286b-46da-86d2-2e82ccfc9776', '143.1', null, '2020-11-30 14:50:00', null, 'freetext', null, 'Any other offence which is as serious, eg blackmail, harassment, stalking, child pornography, child neglect, abduction etc.  Indicate offence below', null, null),
       ('c2987a01-425c-4871-a47a-f3db8741717c', '144.1', null, '2020-11-30 14:50:00', null, 'freetext', null, 'Give details', null, null),
       ('fde7937f-1e8b-4096-b49a-d9279caffcbc', '145.1', null, '2020-11-30 14:50:00', null, 'freetext', null, 'None of the above apply', null, null),
       ('2c2de908-d4f4-44e1-ae9c-3d6d0a98d7d7', '146.1', null, '2020-11-30 14:50:00', null, 'freetext', null, 'On the information available to you has the individual', null, null),
       ('7a211e8b-b7f2-4e0a-86fa-1ad63efc2680', '147.1', null, '2020-11-30 14:50:00', null, 'freetext', null, 'Assaulted or threatened staff', null, null),
       ('91e1ea62-4cee-44da-bb49-a4b9ff733195', '148.1', null, '2020-11-30 14:50:00', null, 'freetext', null, 'Assaulted or  threatened others', null, null),
       ('73ed3ca9-a5ca-40ba-b6bd-6973f7cd77fc', '149.1', null, '2020-11-30 14:50:00', null, 'freetext', null, 'Been violent towards partner or other member of their family', null, null),
       ('3c2fbcf7-d38a-4831-b5cf-98a5fcbcb29c', '150.1', null, '2020-11-30 14:50:00', null, 'freetext', null, 'Committed a serious offence whilst not complying with medication', null, null),
       ('3f581074-603d-4502-acd9-631e67bbee41', '151.1', null, '2020-11-30 14:50:00', null, 'freetext', null, 'Been sentenced to 4 years imprisonment or more', null, null),
       ('113cdc65-275e-4214-87e9-1520fd4b55f3', '152.1', null, '2020-11-30 14:50:00', null, 'freetext', null, 'Been involved in any hate-based behaviour', null, null),
       ('b6e3085c-e740-4aec-b840-ac058a966184', '153.1', null, '2020-11-30 14:50:00', null, 'freetext', null, 'Been assessed as high risk of serious harm on a previous occasion', null, null),
       ('355e1a25-aaec-4117-b1f0-7cdcdb38ce06', '154.1', null, '2020-11-30 14:50:00', null, 'freetext', null, 'Been, or is subject to:
- life sentence or licence
- detained at Her Majesty’s pleasure
- ever received a sentence of imprisonment for life or imprisonment for public protection (S.225 CJA 2003)
- ever received a sentence of detention for life or detention for public protection (S.226 CJA 2003)', null, null),
       ('111a0e28-71d4-4397-bd1a-696aa6a3d76a', '155.1', null, '2020-11-30 14:50:00', null, 'freetext', null, 'Been a minor subject to life licence under s90-92 of the Powers of Criminal Courts (Sentencing) Act 2000', null, null),
       ('620a7282-c498-4edd-9e06-2d28c9d29e8f', '156.1', null, '2020-11-30 14:50:00', null, 'freetext', null, 'Been a conditionally discharged patient subject to a restriction order under Section 41 MHA 1983', null, null),
       ('f34141ba-734d-4ed1-9fe3-0303f59f7161', '157.1', null, '2020-11-30 14:50:00', null, 'freetext', null, 'Received an extended sentence', null, null),
       ('ce4b3d47-ec26-48d6-b454-423d62873e90', '158.1', null, '2020-11-30 14:50:00', null, 'freetext', null, 'Been a stalker', null, null),
       ('87040054-2a2b-4c2d-bd8d-4b399233cdaf', '159.1', null, '2020-11-30 14:50:00', null, 'freetext', null, 'Displayed obsessive behaviour linked to offending', null, null),
       ('f105aac1-1ac5-4151-a05e-6d302b8ed879', '160.1', null, '2020-11-30 14:50:00', null, 'freetext', null, 'Been involved in bizarre or ritualistic aspects linked to offending', null, null),
       ('47d83fe6-5cd7-4535-9542-9bd4e2892b5a', '161.1', null, '2020-11-30 14:50:00', null, 'freetext', null, 'Displayed any offence-related behaviour observed in a custodial setting', null, null),
       ('b7047ce7-b4fe-4162-9aba-1f40efe0928f', '162.1', null, '2020-11-30 14:50:00', null, 'freetext', null, 'Displayed any inappropriate behaviour towards members of staff, visitors or prisoners', null, null),
       ('78105840-5c4f-4c99-9ad0-095d1a8f9c1f', '163.1', null, '2020-11-30 14:50:00', null, 'freetext', null, 'Established links or associations, whilst in custody, which increase risk of serious harm', null, null),
       ('70f8f00c-7d29-4e5f-acee-186fc45cc63d', '164.1', null, '2020-11-30 14:50:00', null, 'freetext', null, 'None of the above apply', null, null),
       ('feb97ffd-d51d-4be7-8ff3-dc204cc16732', '165.1', null, '2020-11-30 14:50:00', null, 'freetext', null, 'Is the individual, now or on release, likely to live with, or have frequent contact with, any child who is on the child protection register or is being looked after by the local authority.', null, null),
       ('f4f5421b-d666-49b8-ab62-62ea5e2593de', '166.1', null, '2020-11-30 14:50:00', null, 'freetext', null, 'Are there any concerns in relation to children?', null, null),
       ('96923476-f652-4f60-b6c3-af049bd69f98', '167.1', null, '2020-11-30 14:50:00', null, 'freetext', null, 'Should contact be made with social services?', null, null),
       ('f62a9778-5a84-480f-998f-2ebdeace4765', '168.1', null, '2020-11-30 14:50:00', null, 'freetext', null, 'From what you know about this individual have there been or are there currently any concerns in relation to', null, null),
       ('c09a076d-0fa3-4e13-b5dc-99c370f89b4d', '169.1', null, '2020-11-30 14:50:00', null, 'freetext', null, 'Risk of suicide', null, null),
       ('49c092f8-0a66-4acf-9035-522254d309f4', '170.1', null, '2020-11-30 14:50:00', null, 'freetext', null, 'Risk of self-harm', null, null),
       ('5a3a1404-ab66-46fc-835b-0e1f251a0ed5', '171.1', null, '2020-11-30 14:50:00', null, 'freetext', null, 'Coping in custody', null, null),
       ('41d1e606-4613-45ca-8dc8-48fa2eacfdda', '171.2', null, '2020-11-30 14:50:00', null, 'freetext', null, 'Coping in a hostel setting', null, null),
       ('7ddb9235-c58e-416e-8da4-4e6a781653c7', '172.1', null, '2020-11-30 14:50:00', null, 'freetext', null, 'Vulnerability', null, null),
       ('4d06776f-e8ef-4bf3-8a46-7fe4ca0a84ea', '173.1', null, '2020-11-30 14:50:00', null, 'freetext', null, 'From what you know about this individual have there been or are there currently any concerns in relation to', null, null),
       ('43bdd776-884a-4eec-a106-767b988c28b3', '174.1', null, '2020-11-30 14:50:00', null, 'freetext', null, 'Escape or abscond', null, null),
       ('e6549cf2-e846-43a3-9053-3443f5bfc630', '175.1', null, '2020-11-30 14:50:00', null, 'freetext', null, 'Control issues or disruptive behaviour', null, null),
       ('743017d2-4b4f-408b-809c-dc8fff8daac0', '176.1', null, '2020-11-30 14:50:00', null, 'freetext', null, 'Concerns in respect of breach of trust', null, null),
       ('a97a3851-3de2-4042-9638-294c7b34f1ab', '177.1', null, '2020-11-30 14:50:00', null, 'freetext', null, 'Risks to other prisoners', null, null),
       ('eec87cc8-00cb-428c-9746-ba0ba4937460', '178.1', null, '2020-11-30 14:50:00', null, 'freetext', null, 'Is there anything else about the individual that leads you to consider that a full analysis should be completed?', null, null),
       ('1d463952-8bcc-4c97-9ef4-710596669177', '179.1', null, '2020-11-30 14:50:00', null, 'freetext', null, 'Give details', null, null),
       ('6aaf7bb8-549e-4f72-b6c8-74cda40f2514', '180.1', null, '2020-11-30 14:50:00', null, 'radio', '06c16d35-bb4d-4078-8596-482b4c1519f4', 'In your professional opinion, is it appropriate to not do a full risk of harm analysis?', null, null),
       ('55fc7e4b-ba53-44b0-99fa-361728ba720f', '181.1', null, '2020-11-30 14:50:00', null, 'freetext', null, 'Most recent behaviour or offence indicative of risk of serious harm', null, null),
       ('ec13ef7e-ce1c-43c0-bbba-36a25f18e7eb', '182.1', null, '2020-11-30 14:50:00', null, 'freetext', null, 'Offence details ', null, null),
       ('70a5fbef-c138-4eae-9a6e-7b7ef96e4095', '183.1', null, '2020-11-30 14:50:00', null, 'freetext', null, 'Where and when did they do it?', null, null),
       ('d361941d-f152-43b4-a9e0-fb8721bd9e93', '184.1', null, '2020-11-30 14:50:00', null, 'freetext', null, 'How did they do it? ', null, null),
       ('3657e520-b534-4e49-a12d-2d46c2d8dd0c', '185.1', null, '2020-11-30 14:50:00', null, 'freetext', null, 'Who were the victims? ', null, null),
       ('ea85e610-77de-4d8f-88d6-48e3ca252f5f', '186.1', null, '2020-11-30 14:50:00', null, 'freetext', null, 'Was anyone else present or involved?', null, null),
       ('794ae414-aa7c-4606-ba66-aaaa7f8aefce', '187.1', null, '2020-11-30 14:50:00', null, 'freetext', null, 'Why did they do it? ', null, null),
       ('cc336ad3-7418-4ae4-8538-8c8e5edcc1d1', '188.1', null, '2020-11-30 14:50:00', null, 'freetext', null, 'Sources of information', null, null),
       ('2dcc2c34-ae03-488f-aff2-8c176412c09f', '189.1', null, '2020-11-30 14:50:00', null, 'freetext', null, 'Previous behaviour or offence indicative of risk of serious harm', null, null),
       ('4aa699f2-0cc6-4be4-b478-5aa2e1745821', '190.1', null, '2020-11-30 14:50:00', null, 'freetext', null, 'What exactly did they do?', null, null),
       ('12d45091-38b5-4b54-b41e-dd1ff610b9f9', '191.1', null, '2020-11-30 14:50:00', null, 'freetext', null, 'Where and when did they do it?', null, null),
       ('a76768b1-0ae2-4e06-8db3-db7db16ec1fc', '192.1', null, '2020-11-30 14:50:00', null, 'freetext', null, 'How did they do it? ', null, null),
       ('6f2ab98d-34be-4961-98d9-b900e83a97c7', '193.1', null, '2020-11-30 14:50:00', null, 'freetext', null, 'Who were the victims? ', null, null),
       ('8e3b7923-4357-43b2-82a5-e99f5e1f1c23', '194.1', null, '2020-11-30 14:50:00', null, 'freetext', null, 'Was anyone else present or involved?', null, null),
       ('9cd378c6-7ecc-4968-bed1-fc8f360c4c77', '195.1', null, '2020-11-30 14:50:00', null, 'freetext', null, 'Why did they do it? ', null, null),
       ('6d497b4f-4488-4d9b-8ff4-5818e0a4081a', '196.1', null, '2020-11-30 14:50:00', null, 'freetext', null, 'Sources of information', null, null),
       ('8ed53755-06a8-461c-b8dc-1c1fd451ed2a', '197.1', null, '2020-11-30 14:50:00', null, 'freetext', null, 'Is this section being completed because the individual: ', null, null),
       ('d871ea83-40b4-4bb4-a039-eca712ab25f4', '198.1', null, '2020-11-30 14:50:00', null, 'radio', '06c16d35-bb4d-4078-8596-482b4c1519f4', 'Presents a risk to identifiable children', null, null),
       ('464bac39-4ec8-4a31-b042-7deb67718368', '199.1', null, '2020-11-30 14:50:00', null, 'freetext', null, 'Give details of relevant factors and situations, if not covered previously', null, null),
       ('91196bf0-1011-40ee-b3d3-fec7e332d0fd', '200.1', null, '2020-11-30 14:50:00', null, 'radio', '06c16d35-bb4d-4078-8596-482b4c1519f4', 'Is involved in a situation where there are identifiable children who are considered to be at risk from others', null, null),
       ('d6c889d5-8400-4bfd-9850-82576ab3fe02', '201.1', null, '2020-11-30 14:50:00', null, 'freetext', null, 'Explain the indiidual''s involvement in the family. Say how, when and from whom any children are believed to be at risk. Specify the nature of the concern.', null, null),
       ('22b2334d-a023-42c9-a3fe-0d3208955913', '202.1', null, '2020-11-30 14:50:00', null, 'freetext', null, 'Grey text: Consider carefully whether this information can be recorded safely.', null, null),
       ('36a1aef0-153a-4041-8337-dec0f0808329', '203.1', null, '2020-11-30 14:50:00', null, 'freetext', null, 'Name', null, null),
       ('ceb75ec8-2ef5-4edc-96b7-afae2916dd0d', '204.1', null, '2020-11-30 14:50:00', null, 'freetext', null, 'Age ', null, null),
       ('b21ff768-b428-4470-9895-bba3c15bebe2', '205.1', null, '2020-11-30 14:50:00', null, 'date', null, 'Date of Birth', null, null),
       ('d38d8868-d410-4fb2-9f08-473d531f3338', '206.1', null, '2020-11-30 14:50:00', null, 'freetext', null, 'Gender', null, null),
       ('4cd41d57-859e-42a3-b020-369aa17442e3', '207.1', null, '2020-11-30 14:50:00', null, 'freetext', null, 'Address (if disclosable)', null, null),
       ('1bc77501-daf7-4810-b100-344caf75ebe1', '208.1', null, '2020-11-30 14:50:00', null, 'radio', '06c16d35-bb4d-4078-8596-482b4c1519f4', 'Currently Registered with Social Services', null, null),
       ('f3c6e2c9-0943-4db4-89ca-3a51d4566983', '209.1', null, '2020-11-30 14:50:00', null, 'radio', '06c16d35-bb4d-4078-8596-482b4c1519f4', 'Previously Registered with Social Services', null, null),
       ('1d7d68b5-6648-451c-a6b3-76e09a70c820', '210.1', null, '2020-11-30 14:50:00', null, 'freetext', null, 'Current category of child protection registration ', null, null),
       ('16ae321d-fa7c-40d3-ac41-a72c821f1089', '211.1', null, '2020-11-30 14:50:00', null, 'freetext', null, 'Previous category of child protection registration ', null, null),
       ('19e6d9d6-812b-49ee-bf04-de598bdea83f', '212.1', null, '2020-11-30 14:50:00', null, 'freetext', null, 'Have there been any child protection conferences or ‘looked after children’ reviews?', null, null),
       ('d32efced-8f27-4a50-b2a3-7611e4f0e5bf', '213.1', null, '2020-11-30 14:50:00', null, 'freetext', null, 'Give details of child protection conferences, child protection decisions and looked after children review dates, if applicable', null, null),
       ('f2adfafa-4b4b-493e-87eb-fffbc078b2a6', '214.1', null, '2020-11-30 14:50:00', null, 'freetext', null, 'Local Authority Children’s Services  key worker name, address and telephone number, if applicable', null, null),
       ('dcf72e1e-54a7-4a85-ac08-8a660c06bc68', '215.1', null, '2020-11-30 14:50:00', null, 'freetext', null, 'Other agencies and personnel involved, if applicable', null, null),
       ('dd3cd4ad-b6e1-496c-94af-88bf31229476', '216.1', null, '2020-11-30 14:50:00', null, 'freetext', null, 'Additional information', null, null),
       ('5e76b6cf-6a94-44b4-a8b3-2d2acd791887', '217.1', null, '2020-11-30 14:50:00', null, 'date', null, 'Date that child protection issues came to assessor’s attention', null, null),
       ('c708da30-8768-48f4-b39e-a242578a1891', '218.1', null, '2020-11-30 14:50:00', null, 'freetext', null, 'Are there any current concerns about suicide?', null, null),
       ('a0e4736e-ea98-43b2-aaa8-b4a317c62ed3', '219.1', null, '2020-11-30 14:50:00', null, 'freetext', null, 'Are there any current concerns about self-harm?', null, null),
       ('b0ed89b0-0ef4-4cce-847f-84cc76c45347', '220.1', null, '2020-11-30 14:50:00', null, 'freetext', null, 'Have there been any concerns about suicide in the past', null, null),
       ('104c73bf-0db7-4c34-a740-91ceeb13b426', '221.1', null, '2020-11-30 14:50:00', null, 'radio', '06c16d35-bb4d-4078-8596-482b4c1519f4', 'Have there been any concerns about self-harm in the past?', null, null),
       ('bb3594f4-a083-4ef1-93ec-e7c322f2c11c', '222.1', null, '2020-11-30 14:50:00', null, 'freetext', null, 'Are there any current concerns about coping in custody?', null, null),
       ('ad30a7ea-af22-4e7b-bfc9-b1a80eb96574', '223.1', null, '2020-11-30 14:50:00', null, 'freetext', null, 'Are there any current concerns about coping in hostel settings?', null, null),
       ('76aa00ec-0ff5-49fc-bd07-e593bf55e257', '224.1', null, '2020-11-30 14:50:00', null, 'freetext', null, 'Describe circumstances, issues and needs', null, null),
       ('62a69648-8202-4df0-a130-8966521fa2c0', '225.1', null, '2020-11-30 14:50:00', null, 'freetext', null, 'Are there any previous concerns about coping in custody?', null, null),
       ('21411806-a6ee-4bec-b046-b29532bcc567', '226.1', null, '2020-11-30 14:50:00', null, 'freetext', null, 'Are there any previous concerns about coping in hostel settings?', null, null),
       ('9df58223-dc32-440c-bcd7-477f57f3ac84', '227.1', null, '2020-11-30 14:50:00', null, 'freetext', null, 'Describe circumstances, issues and needs', null, null),
       ('4bce3dca-13f0-495b-86aa-cbce263fe8c0', '228.1', null, '2020-11-30 14:50:00', null, 'radio', '06c16d35-bb4d-4078-8596-482b4c1519f4', 'Are there any current concerns about vulnerability? ', null, null),
       ('76829f01-fd9b-4f64-b3ef-239731950347', '229.1', null, '2020-11-30 14:50:00', null, 'freetext', null, 'Describe circumstances, relevant issues and needs', null, null),
       ('4daf5210-0e4f-4457-8e95-fe222fb75840', '230.1', null, '2020-11-30 14:50:00', null, 'freetext', null, 'Have there been any previous concerns about vulnerability?', null, null),
       ('48c4614f-c572-498a-88e0-2656810d0871', '231.1', null, '2020-11-30 14:50:00', null, 'freetext', null, 'Describe circumstances, relevant issues and needs', null, null),
       ('e9fbf614-3680-4cad-a6b1-e194f442e61c', '232.1', null, '2020-11-30 14:50:00', null, 'radio', '06c16d35-bb4d-4078-8596-482b4c1519f4', 'Do any of the questions in sections 16, 17 or 18 indicate a risk of serious harm to others? ', null, null),
       ('7c1ff4ed-77ea-4d56-b27e-9bfb03018be3', '233.1', null, '2020-11-30 14:50:00', null, 'freetext', null, 'Describe circumstances, relevant issues and needs', null, null),
       ('097f79e4-7228-4168-b20f-f265f2ef8259', '234.1', null, '2020-11-30 14:50:00', null, 'radio', '06c16d35-bb4d-4078-8596-482b4c1519f4', 'Are there any current concerns about escape and abscond?', null, null),
       ('79315802-7cff-461d-b755-b7e09db1b243', '235.1', null, '2020-11-30 14:50:00', null, 'freetext', null, 'Describe circumstances, relevant issues and needs', null, null),
       ('dd9d062e-1219-4f01-98c3-7ea507ac8c62', '236.1', null, '2020-11-30 14:50:00', null, 'freetext', null, 'Are there any previous concerns about escape and abscond?', null, null),
       ('e64b9f6c-29c5-4eeb-a779-b98c6da5e2af', '237.1', null, '2020-11-30 14:50:00', null, 'freetext', null, 'Describe circumstances, relevant issues and needs', null, null),
       ('ffc20827-b02f-4428-807b-b5b5cf6dec79', '238.1', null, '2020-11-30 14:50:00', null, 'radio', '06c16d35-bb4d-4078-8596-482b4c1519f4', 'Are there any current concerns about control and disruptive behaviour?', null, null),
       ('b431d8f7-7687-4244-87e1-cdb5e7e6fb26', '239.1', null, '2020-11-30 14:50:00', null, 'freetext', null, 'Describe circumstances, relevant issues and needs', null, null),
       ('8d0cf517-96c7-4538-a439-6105bf4e1fe9', '240.1', null, '2020-11-30 14:50:00', null, 'freetext', null, 'Are there any previous concerns about control and disruptive behaviour?', null, null),
       ('a6d82fb4-9a32-4905-be82-f411d52fccf9', '241.1', null, '2020-11-30 14:50:00', null, 'freetext', null, 'Describe circumstances, relevant issues and needs', null, null),
       ('9622e1b6-5e39-4612-b987-e7f7feed16d2', '242.1', null, '2020-11-30 14:50:00', null, 'radio', '06c16d35-bb4d-4078-8596-482b4c1519f4', 'Are there any current concerns about breach of trust?', null, null),
       ('4ce8fb99-4435-4163-a241-b853c11dda92', '243.1', null, '2020-11-30 14:50:00', null, 'freetext', null, 'Describe circumstances, relevant issues and needs', null, null),
       ('6504334f-05fc-4793-be2a-acd65dca4913', '244.1', null, '2020-11-30 14:50:00', null, 'freetext', null, 'Are there any previous concerns about breach of trust?', null, null),
       ('a6b56363-4008-4c9a-84f3-70af6e62c6f4', '245.1', null, '2020-11-30 14:50:00', null, 'freetext', null, 'Describe circumstances, relevant issues and needs', null, null),
       ('8d7c9f7f-e9db-4380-8ebb-5724088dffde', '246.1', null, '2020-11-30 14:50:00', null, 'freetext', null, 'Who is at risk?', null, null),
       ('04420121-8ddf-4681-a66d-13be2f63d404', '247.1', null, '2020-11-30 14:50:00', null, 'freetext', null, 'What is the nature of the risk?', null, null),
       ('545b51ff-9876-40ea-bab4-f1d6cdda9c90', '248.1', null, '2020-11-30 14:50:00', null, 'freetext', null, 'Risk of reoffending over the next 2 years', null, null),
       ('2b962226-0ce4-406d-9862-a701925fc917', '250.1', null, '2020-11-30 14:50:00', null, 'freetext', null, 'What circumstances are likely to increase risk?
', null, null),
       ('055f5390-b437-4202-83eb-0bc53ce99510', '251.1', null, '2020-11-30 14:50:00', null, 'freetext', null, 'What factors are likely to reduce the risk?
', null, null),
       ('405931b7-bfe8-4cc1-aace-4c23418ea60c', '252.1', null, '2020-11-30 14:50:00', null, 'freetext', null, null, null, null),
       ('354f40cc-cdbe-418a-9daa-d66c9645b884', '253.1', null, '2020-11-30 14:50:00', null, 'radio', 'ec5d9cba-4387-4797-81d1-8f8e819a62b2', 'Children', null, null),
       ('c71829fe-b40b-4085-bf7e-3e614d1b8e57', '254.1', null, '2020-11-30 14:50:00', null, 'radio', 'ec5d9cba-4387-4797-81d1-8f8e819a62b2', 'Public', null, null),
       ('70a5b2e0-3045-43ef-af17-ec18f4107520', '255.1', null, '2020-11-30 14:50:00', null, 'radio', 'ec5d9cba-4387-4797-81d1-8f8e819a62b2', 'Known adult', null, null),
       ('45f3f721-99bf-45f2-9a8a-92635adca9e7', '256.1', null, '2020-11-30 14:50:00', null, 'radio', 'ec5d9cba-4387-4797-81d1-8f8e819a62b2', 'Staff', null, null),
       ('49419d11-bbc5-4dbc-b30d-da854fd4f71f', '257.1', null, '2020-11-30 14:50:00', null, 'radio', 'ec5d9cba-4387-4797-81d1-8f8e819a62b2', 'Prisoners', null, null),
       ('82d4d18b-fe1f-4356-a0ca-e8f1c097ecc8', '258.1', null, '2020-11-30 14:50:00', null, 'freetext', null, null, null, null),
       ('ca0629c1-000b-46c6-8f69-551bb2a5f739', '259.1', null, '2020-11-30 14:50:00', null, 'radio', 'ec5d9cba-4387-4797-81d1-8f8e819a62b2', 'Children', null, null),
       ('0e20c035-a7a3-4ee4-9984-6e51f4223d16', '260.1', null, '2020-11-30 14:50:00', null, 'radio', 'ec5d9cba-4387-4797-81d1-8f8e819a62b2', 'Public', null, null),
       ('815bcb94-fc27-41c0-a116-a481906d24d8', '261.1', null, '2020-11-30 14:50:00', null, 'radio', 'ec5d9cba-4387-4797-81d1-8f8e819a62b2', 'Known adult', null, null),
       ('6d8042cf-5e2d-46dd-a3f1-e4db796e2801', '262.1', null, '2020-11-30 14:50:00', null, 'radio', 'ec5d9cba-4387-4797-81d1-8f8e819a62b2', 'Staff', null, null),
       ('4c8a3264-ee4d-4392-a75e-492c1dabe145', '263.1', null, '2020-11-30 14:50:00', null, 'radio', 'ec5d9cba-4387-4797-81d1-8f8e819a62b2', 'Prisoners', null, null),
       ('47e70940-b65e-4172-842a-abb1853873c2', '264.1', null, '2020-11-30 14:50:00', null, 'freetext', null, 'If necessary, record the details of any key documents or reports used in this analysis', null, null),
       ('dd04df65-37de-48fc-bd8f-fb4cf52be83c', '265.1', null, '2020-11-30 14:50:00', null, 'freetext', null, 'Has this case been referred to multi-agency public protection management?', null, null),
       ('094874ac-3b3a-4491-b7f3-79c71d8d77dd', '266.1', null, '2020-11-30 14:50:00', null, 'radio', '06c16d35-bb4d-4078-8596-482b4c1519f4', 'Level 2: local multi-agency risk management', null, null),
       ('c1aae136-8912-42e9-a4e2-d19b546a61f4', '267.1', null, '2020-11-30 14:50:00', null, 'radio', '06c16d35-bb4d-4078-8596-482b4c1519f4', 'Level 3: Multi-agency Public Protection Panel (MAPP)', null, null),
       ('4e56c0df-867f-4337-890d-f5789a332e9e', '268.1', null, '2020-11-30 14:50:00', null, 'freetext', null, 'If not, should this case be referred to multi-agency public protection management?', null, null),
       ('26675158-b1b3-4e5a-af90-be18b1826cea', '269.1', null, '2020-11-30 14:50:00', null, 'radio', '06c16d35-bb4d-4078-8596-482b4c1519f4', 'Level 2 - Local multi-agency risk management', null, null),
       ('4536355b-9a8f-4dcd-b605-f8f9afbfb4a0', '270.1', null, '2020-11-30 14:50:00', null, 'radio', '06c16d35-bb4d-4078-8596-482b4c1519f4', 'Level 3 - Multi-agency Public Protection Panel (MAPP)', null, null),
       ('53426806-f5e8-4c52-9be3-c9c76c4996a2', '271.1', null, '2020-11-30 14:50:00', null, 'radio', '06c16d35-bb4d-4078-8596-482b4c1519f4', 'Has this case been referred as a Critical Public Protection case? (Refer to the Public Protection manual)', null, null),
       ('bf89f322-1c8c-43b1-ab11-52195ba6f8a9', '272.1', null, '2020-11-30 14:50:00', null, 'radio', '06c16d35-bb4d-4078-8596-482b4c1519f4', 'If not, should this case be referred now?', null, null),
       ('daca653e-a39c-4abc-85d6-1dc95cc75e8c', '273.1', null, '2020-11-30 14:50:00', null, 'radio', '06c16d35-bb4d-4078-8596-482b4c1519f4', 'If not, should this case be referred pre-release?', null, null),
       ('48d826e0-5267-4367-9362-23d465f682ed', '274.1', null, '2020-11-30 14:50:00', null, 'freetext', null, 'Is the individual required to register under the Sex Offender Act 1997?', null, null),
       ('5d310757-9fbe-4255-8cd4-bcf4e22c4331', '275.1', null, '2020-11-30 14:50:00', null, 'radio', '06c16d35-bb4d-4078-8596-482b4c1519f4', 'If yes, have they registered?', null, null),
       ('646d58d3-e21d-49c5-820b-d807073d57f4', '276.1', null, '2020-11-30 14:50:00', null, 'radio', '06c16d35-bb4d-4078-8596-482b4c1519f4', 'Is the individual disquaified from working with children as set out in Section 35 (4) of the Criminal Justice & Court Services Act 2000? ', null, null),
       ('a4735704-e378-4922-b0bc-3e3714e5a412', '277.1', null, '2020-11-30 14:50:00', null, 'radio', '06c16d35-bb4d-4078-8596-482b4c1519f4', 'Does the individual have a present or previous conviction against a child?', null, null),
       ('bd2acb13-d9fc-4e9d-a56c-f575b1f88498', '278.1', null, '2020-11-30 14:50:00', null, 'radio', '06c16d35-bb4d-4078-8596-482b4c1519f4', 'Does the individual present an ongoing risk to children?', null, null),
       ('55531d82-370c-4fe3-824b-9354b96b2496', '279.1', null, '2020-11-30 14:50:00', null, 'radio', '06c16d35-bb4d-4078-8596-482b4c1519f4', 'Do the Police, Local Authority and Offender Manager need to be notified prior to the release of the individual from custody? ', null, null),
       ('d8e9f9fa-b20d-40ff-a999-93511a017cfc', '280.1', null, '2020-11-30 14:50:00', null, 'radio', '06c16d35-bb4d-4078-8596-482b4c1519f4', 'Is the individual subject to Prison Service Order 4400 Prisoner Communications?', null, null),
       ('d1c1781e-5f83-42d4-96d4-dd53a0fe2836', '281.1', null, '2020-11-30 14:50:00', null, 'radio', '06c16d35-bb4d-4078-8596-482b4c1519f4', 'Is the individual a conditionally discharged patient under Section 41 of the Mental Health Act 1983? ', null, null),
       ('c9f6752e-4a50-4371-814d-01bc7837526e', '282.1', null, '2020-11-30 14:50:00', null, 'radio', '06c16d35-bb4d-4078-8596-482b4c1519f4', 'Is the individual on life licence following a sentence of imprisonment or detention for public protection? (Section 230, schedule 18)  ', null, null),
       ('c934a389-6d07-492e-92fa-6e34a63afbfb', '283.1', null, '2020-11-30 14:50:00', null, 'radio', '06c16d35-bb4d-4078-8596-482b4c1519f4', 'Has the individual received an extended sentence?', null, null),
       ('368a929f-80dd-4f00-88f2-420c1f55cbcf', '284.1', null, '2020-11-30 14:50:00', null, 'freetext', null, 'What are the individual''s risk factors?', null, null),
       ('4feb24eb-6e2a-47df-9433-38b61ce03600', '285.1', null, '2020-11-30 14:50:00', null, 'freetext', null, 'What are the individual''s protective factors?', null, null),
       ('e8f5ea6f-76f8-4dee-a420-1a7f919756b4', '286.1', null, '2020-11-30 14:50:00', null, 'radio', '06c16d35-bb4d-4078-8596-482b4c1519f4', 'Do you assess risk of serious harm to be imminent?', null, null),
       ('69de79f1-20e4-4f88-a276-0f753f1ee7b9', '287.1', null, '2020-11-30 14:50:00', null, 'freetext', null, 'Give details', null, null),
       ('ce44d192-7822-4b05-9da5-b51364a3c87b', '288.1', null, '2020-11-30 14:50:00', null, 'dropdown', '04d89492-ea30-4f87-a68e-fa2093a46250', 'Likelihood of further offending', null, null),
       ('43f65176-aa62-4b2c-bc03-62f8349d2a0b', '289.1', null, '2020-11-30 14:50:00', null, 'dropdown', '76647d9c-edc6-41fa-bb5a-2be76d63606d', 'Risk of serious harm', null, null),
       ('51a11017-0fdb-4f89-8267-b38900c9a5f6', '290.1', null, '2020-11-30 14:50:00', null, 'radio', '06c16d35-bb4d-4078-8596-482b4c1519f4', 'Does the Risk of Serious Harm Screening indicate a need for a full Risk of Serious Harm Analysis?', null, null),
       ('c02db10b-0c66-459a-a834-c051d3af9775', '291.1', null, '2020-11-30 14:50:00', null, 'dropdown', 'dfa323dc-7460-4fdd-a4c0-46161537b4be', 'Response to previous supervision', null, null),
       ('aabae04f-d43f-4d16-b0de-a2b69bf5a48e', '292.1', null, '2020-11-30 14:50:00', null, 'freetext', null, 'Give details', null, null),
       ('639cd93c-8aae-4398-8c96-0fee0a445a3b', '293.1', null, '2020-11-30 14:50:00', null, 'freetext', null, 'Risk of Serious Recidivism (RSR)', null, null),
       ('caff2ef5-c75c-44a4-91dd-2ce0649699ad', '294.1', null, '2020-11-30 14:50:00', null, 'freetext', null, 'OGRS3 probability of proven reoffending', null, null),
       ('20212479-6816-4e24-83aa-d6ce814cdc07', '295.1', null, '2020-11-30 14:50:00', null, 'freetext', null, 'Enter a proposed sentence', null, null),
       ('cf18125b-03ef-4a8f-9637-445be4cf0f88', '296.1', null, '2020-11-30 14:50:00', null, 'dropdown', '2be64e98-761c-4b50-85d4-b99483efd6e8', 'Information sources', null, null),
       ('45ad1582-0462-4df6-861b-cfb9f924aec6', '297.1', null, '2020-11-30 14:50:00', null, 'freetext', null, null, null, null),
       ('267eb317-2aac-4781-99be-fd88c6507cf7', '298.1', null, '2020-11-30 14:50:00', null, 'dropdown', 'c00d6668-355e-45c9-8609-710181b3eff9', 'Sources of information', null, null),
       ('00ad767f-827e-4305-8a37-4ec85de3fa5c', '299.1', null, '2020-11-30 14:50:00', null, 'freetext', null, 'Give details', null, null);


INSERT INTO question_group (question_group_uuid, content_uuid, content_type, group_uuid, display_order, mandatory, validation)
VALUES ('7b04c793-4e69-4575-8dab-8c6381266bac', 'b7ce6f00-d302-4ba7-a1fa-e98d616b9aa6', 'group', 'b7e505fa-0de8-47ee-a207-c23f65782cb4', 1, true, null),
       ('962af171-11e6-41b6-9c41-63a74e464597', '296be1c9-d0d2-43a4-88fa-57b76cf716db', 'question', 'b7ce6f00-d302-4ba7-a1fa-e98d616b9aa6', 1, true, null),
       ('eb7725a2-1f4e-4bb2-92b9-d5204fe6347d', '88f154c3-3fe7-4bb0-b5f8-d7ed8f8f4d5c', 'question', 'b7ce6f00-d302-4ba7-a1fa-e98d616b9aa6', 2, true, null),
       ('63cb92b3-900f-4159-8520-a8a061819b39', '69f77d35-f341-41c3-9c94-067fa37585fe', 'question', 'b7ce6f00-d302-4ba7-a1fa-e98d616b9aa6', 3, true, null),
       ('342d6209-52c2-460a-b907-c0abba03cdc0', 'ff21ce7b-88d6-44ad-ae0b-97cb4000878b', 'question', 'b7ce6f00-d302-4ba7-a1fa-e98d616b9aa6', 4, true, null),
       ('bbd9a311-48c9-43db-b1a5-7932c8ef4612', '155ef7ee-c1dd-4bb1-a47d-795b128936bb', 'question', 'b7ce6f00-d302-4ba7-a1fa-e98d616b9aa6', 5, true, null),
       ('55c2ad71-c39d-4ff4-a54f-3fa3e498cf7e', 'e8d71583-72cf-4aac-9223-02d18724e926', 'question', 'b7ce6f00-d302-4ba7-a1fa-e98d616b9aa6', 6, true, null),
       ('2f5f93e4-5d40-4a15-a2b7-1927839ca6a3', 'b9c15053-4804-47ef-b142-d9296dfaf278', 'question', 'b7ce6f00-d302-4ba7-a1fa-e98d616b9aa6', 7, true, null),
       ('c108af8f-acbb-4f76-8ea8-fa10db36337d', 'b6adb8ec-6a3f-4821-8935-b6520c5a10a3', 'question', 'b7ce6f00-d302-4ba7-a1fa-e98d616b9aa6', 8, true, null),
       ('8629d855-632e-4c09-a672-7ef2cd7922c9', 'bd8e8497-0319-484f-a273-73b8bcf61165', 'question', 'b7ce6f00-d302-4ba7-a1fa-e98d616b9aa6', 9, true, null),
       ('98aa6873-82f7-4398-ae36-bfee6f5cadfe', 'a41aae39-e22b-4bff-831c-f510026f39cb', 'question', 'b7ce6f00-d302-4ba7-a1fa-e98d616b9aa6', 10, true, null),
       ('6ad69b9b-08e9-4e6b-a618-bcf045741680', '386cf716-826e-4680-8b25-6ec3c2b81eae', 'question', 'b7ce6f00-d302-4ba7-a1fa-e98d616b9aa6', 11, true, null),
       ('95953e45-8846-418f-b3f6-9e014ee04187', '551bf9f6-2d4a-4ce1-b882-8fb7ced06b83', 'question', 'b7ce6f00-d302-4ba7-a1fa-e98d616b9aa6', 12, true, null),
       ('eafb2467-627a-4585-8a45-d8f8d607a139', 'bc629148-38bc-4dae-9a8a-dc73207e2d51', 'question', 'b7ce6f00-d302-4ba7-a1fa-e98d616b9aa6', 13, true, null),
       ('69a4722d-6b3e-4b26-bd50-70d3a8891f15', 'd8639c7b-59be-4295-8bb6-f0ed73c68135', 'question', 'b7ce6f00-d302-4ba7-a1fa-e98d616b9aa6', 14, true, null),
       ('7d6c7ad7-b727-4a22-82a7-4e1418b9133b', '9995ac13-10f4-4288-9f0e-d79cf201a0d9', 'question', 'b7ce6f00-d302-4ba7-a1fa-e98d616b9aa6', 15, true, null),
       ('f06847b8-adf7-4923-a63c-f7094a12530a', 'a1611f66-b2f7-4c05-a14e-9b74162e70a5', 'question', 'b7ce6f00-d302-4ba7-a1fa-e98d616b9aa6', 16, true, null),
       ('44224287-d1d5-4b63-9a75-906d16a5fba9', '5442f647-ed1b-4dcd-9bdb-d68b4ff07f9d', 'question', 'b7ce6f00-d302-4ba7-a1fa-e98d616b9aa6', 17, true, null),
       ('9564c0c5-f4d0-4d5c-86c7-7ec8815a7534', '010e3b56-372e-4159-a299-c4b6a215e25e', 'question', 'b7ce6f00-d302-4ba7-a1fa-e98d616b9aa6', 18, true, null),
       ('8316aaf6-1caa-44a4-900e-f69ae4e19d89', 'd0bf5f05-c52a-47be-9fe3-4e8f29e34eb7', 'question', 'b7ce6f00-d302-4ba7-a1fa-e98d616b9aa6', 19, true, null),
       ('33c9f8c1-3c16-4c47-b1e4-a08cd8b6304f', 'c767db5a-f719-42b2-afe6-6eed4c7015d6', 'group', 'b7e505fa-0de8-47ee-a207-c23f65782cb4', 2, true, null),
       ('fa4a5d11-67cc-4596-a602-3c5752115d2f', '96f53723-a191-4dce-a54c-ec713f958ff3', 'question', 'c767db5a-f719-42b2-afe6-6eed4c7015d6', 1, true, null),
       ('120a2b86-cc38-47ca-b475-23c4bd9af7f8', '057a6d90-219a-487c-81aa-5682f440fe11', 'question', 'c767db5a-f719-42b2-afe6-6eed4c7015d6', 2, true, null),
       ('e052df3b-2a70-4caf-b65c-35ca31fdb475', 'f0754bb4-6d55-44a4-8b74-b35e6cb972fe', 'question', 'c767db5a-f719-42b2-afe6-6eed4c7015d6', 3, true, null),
       ('7bc86431-cfaf-4b51-9481-0db1ffbca482', 'e9a455f6-398a-40ce-b513-334cc86ffb90', 'question', 'c767db5a-f719-42b2-afe6-6eed4c7015d6', 4, true, null),
       ('0b736245-f7eb-4e63-b6d7-f09b292b22b1', '3970d2e7-349b-4b3f-8c91-a9c240cf0840', 'question', 'c767db5a-f719-42b2-afe6-6eed4c7015d6', 5, true, null),
       ('f899f809-1f88-47a9-821b-89b2fa75cf85', 'c6805fb1-c817-42b3-9c53-35dc350b864f', 'group', 'b7e505fa-0de8-47ee-a207-c23f65782cb4', 3, true, null),
       ('05f4a536-a7dc-454a-b1ab-4ef6251d7d49', '7e2711c4-0705-42d4-8018-f3aba271b407', 'question', 'c6805fb1-c817-42b3-9c53-35dc350b864f', 1, true, null),
       ('cb852af2-6518-4c02-81a4-922542f03c76', '17193256-b979-4f69-8367-58bdc8dc59a3', 'question', 'c6805fb1-c817-42b3-9c53-35dc350b864f', 2, true, null),
       ('32f48618-db63-40f3-b55e-d1c7a6a0ce24', 'ca76a27e-6d38-4114-8851-7e38a907df92', 'question', 'c6805fb1-c817-42b3-9c53-35dc350b864f', 3, true, null),
       ('71c83caa-7a69-4b29-8903-d29017b67abb', '95e4b7a9-c650-44c9-a2d4-c1b0fbc895af', 'question', 'c6805fb1-c817-42b3-9c53-35dc350b864f', 4, true, null),
       ('6718b09d-112c-4ecd-b973-a70dcb011636', 'aa03ec25-5709-4f5c-9c8e-d17b1a4c6944', 'question', 'c6805fb1-c817-42b3-9c53-35dc350b864f', 5, true, null),
       ('a40f715c-1237-45da-9e9c-e07bed06e5dc', '515b84bf-42fa-4d59-b43d-f6e914df02c9', 'group', 'b7e505fa-0de8-47ee-a207-c23f65782cb4', 4, true, null),
       ('1f3a6ae1-0507-4d84-bb70-ff71e30e7275', '13105375-32f0-4941-a5a2-3f8820957836', 'question', '515b84bf-42fa-4d59-b43d-f6e914df02c9', 1, true, null),
       ('5d392e00-e072-4d9a-8a35-3a085260dd61', '537bade9-ae5c-49b5-8862-4680068abbac', 'question', '515b84bf-42fa-4d59-b43d-f6e914df02c9', 2, true, null),
       ('16fa236a-79ca-4753-98dc-3b09c26c6aa9', '193be121-d7e8-44ae-b710-85c47470031c', 'question', '515b84bf-42fa-4d59-b43d-f6e914df02c9', 3, true, null),
       ('b651de6f-cf14-4cde-8b8e-abfc2766946a', '9dd2e1c6-6f13-4d37-a420-724129fc19f4', 'question', '515b84bf-42fa-4d59-b43d-f6e914df02c9', 4, true, null),
       ('d117e1a8-34d3-44a9-bbf7-e371d3baab0a', 'edb07070-ac45-45cc-83ac-3f5df5cabbbc', 'question', '515b84bf-42fa-4d59-b43d-f6e914df02c9', 5, true, null),
       ('6e8d45de-3d1c-4e3e-bbd0-a658b099f9e8', 'eddaeb52-203c-4cd9-8613-c47fd7878907', 'question', '515b84bf-42fa-4d59-b43d-f6e914df02c9', 6, true, null),
       ('37c385ac-5742-4407-9c3a-f34fdbf7f927', 'cf69b14f-5c36-43fc-816b-82512c1902cc', 'question', '515b84bf-42fa-4d59-b43d-f6e914df02c9', 7, true, null),
       ('f653ce6a-4c5b-4cc0-b36d-5209b00125dd', '2ba9329c-08d1-478d-98ca-e88603d1f23d', 'question', '515b84bf-42fa-4d59-b43d-f6e914df02c9', 8, true, null),
       ('8a24e58c-6122-4bb4-8fe6-7f0d672cc5f2', 'a09cca0d-4e49-4e7b-9d83-dd94449058df', 'question', '515b84bf-42fa-4d59-b43d-f6e914df02c9', 9, true, null),
       ('6d966d38-4534-49a8-84b6-a88a02647de4', '193b782f-2f94-45a7-90d5-51fee6d50443', 'question', '515b84bf-42fa-4d59-b43d-f6e914df02c9', 10, true, null),
       ('da41169a-e01d-4f60-9f62-394daab5d0a5', 'd87107d3-2086-4a87-a9b5-71aad6d8d84a', 'group', 'b7e505fa-0de8-47ee-a207-c23f65782cb4', 5, true, null),
       ('da0b7d38-1403-4719-8ef3-1bd39b266801', 'c54c0173-3445-45e0-a324-7152985a92ca', 'question', 'd87107d3-2086-4a87-a9b5-71aad6d8d84a', 1, true, null),
       ('da3a5e49-ad70-4be3-bd5a-247febb2711d', '02d9bda8-1df8-41be-a3d2-ce14bcaba321', 'question', 'd87107d3-2086-4a87-a9b5-71aad6d8d84a', 2, true, null),
       ('476d1f0d-b02b-4139-99c8-bf63a2c931e7', 'dac8d4ae-f0b8-478f-8d64-c482affe63d3', 'question', 'd87107d3-2086-4a87-a9b5-71aad6d8d84a', 3, true, null),
       ('321584f0-82ef-446f-aa7e-de06acc6ced1', '6829eeb7-c452-40fb-8f7e-e5d1fe25c683', 'question', 'd87107d3-2086-4a87-a9b5-71aad6d8d84a', 4, true, null),
       ('3f4263be-43cc-46cb-96db-42e120bb92f7', '238ca1ea-4835-4bd4-9783-3a69e4185840', 'question', 'd87107d3-2086-4a87-a9b5-71aad6d8d84a', 5, true, null),
       ('90ae5efe-6327-4c00-9293-3492f946f704', '914ce5f6-b3ea-444e-b0a9-213998f43553', 'question', 'd87107d3-2086-4a87-a9b5-71aad6d8d84a', 6, true, null),
       ('b3a4e7b0-c80e-45f7-8194-1ad0fb98a706', 'd59c271d-affb-4d7b-9c0e-91992346aae6', 'question', 'd87107d3-2086-4a87-a9b5-71aad6d8d84a', 7, true, null),
       ('d52e243d-caf6-4f02-b336-e3a0d22a066b', 'f39f4ade-86a4-4fec-902b-dc2b224574ec', 'question', 'd87107d3-2086-4a87-a9b5-71aad6d8d84a', 8, true, null),
       ('fea648ed-5c8a-46c1-9d06-0884557fa9ec', '9583cb42-327a-4e2b-b405-216c0cab2c26', 'question', 'd87107d3-2086-4a87-a9b5-71aad6d8d84a', 9, true, '{"mandatory":{"errorMessage":"","errorSummary":""}}'),
       ('e54cd07f-4f34-4d02-b82c-05b7746699ff', 'ace39d1b-e347-40b0-889c-25b53815baa4', 'question', 'd87107d3-2086-4a87-a9b5-71aad6d8d84a', 10, true, '{"mandatory":{"errorMessage":"","errorSummary":""}}'),
       ('fabfe62a-816f-4324-b465-f406cec2e165', 'ecfdd7a3-a7be-4a98-bf3a-61cb6f8f8678', 'question', 'd87107d3-2086-4a87-a9b5-71aad6d8d84a', 11, true, '{"mandatory":{"errorMessage":"","errorSummary":""}}'),
       ('13364604-eb24-4149-b32c-3dab834c4f15', 'b349baf5-8efd-4de2-a1a2-e39cbb94091f', 'question', 'd87107d3-2086-4a87-a9b5-71aad6d8d84a', 12, true, '{"mandatory":{"errorMessage":"","errorSummary":""}}'),
       ('56e71432-fa9a-4e58-b540-441d7a7b51cf', 'fe8a7ec4-8874-4583-91d6-94a132bc8487', 'question', 'd87107d3-2086-4a87-a9b5-71aad6d8d84a', 13, true, '{"mandatory":{"errorMessage":"","errorSummary":""}}'),
       ('3cbd395e-1a5e-4356-a1cb-3aa1db2a6c74', '9937f116-804d-4672-b750-07c3f7119fc7', 'question', 'd87107d3-2086-4a87-a9b5-71aad6d8d84a', 14, true, null),
       ('7ecbc767-2605-4708-9d7a-06f5c8f527cc', 'ee349d83-7d74-4082-bc85-f2295d3181b4', 'question', 'd87107d3-2086-4a87-a9b5-71aad6d8d84a', 15, true, null),
       ('8bd4dbba-04ea-4f5a-a8e7-767e1f04d147', '3d7b958b-43dd-41a5-a716-d54c0477cc53', 'group', 'b7e505fa-0de8-47ee-a207-c23f65782cb4', 6, true, null),
       ('cf445155-4f4f-407c-9b03-62302efcb152', '2eb46c51-0b5c-4ea3-bd7f-b66d31283705', 'question', '3d7b958b-43dd-41a5-a716-d54c0477cc53', 1, true, '{"mandatory":{"errorMessage":"Explain why the offence occured","errorSummary":"Explain why the offence occured"}}'),
       ('bb7e9fdd-ceec-479b-ac0f-5e5c8fd56b99', 'fedc5f97-63f6-4816-886b-9113845fe684', 'question', '3d7b958b-43dd-41a5-a716-d54c0477cc53', 2, true, '{"mandatory":{"errorMessage":"Select yes or no","errorSummary":"Select yes or no"}}'),
       ('831311a9-3156-4a08-b36a-8187b6d6fa0d', '8ba5caba-aebf-4e4e-af38-17fa55cc23ce', 'question', '3d7b958b-43dd-41a5-a716-d54c0477cc53', 3, true, '{"mandatory":{"errorMessage":"Enter details","errorSummary":"Enter details"}}'),
       ('c7454395-36b4-44c0-8624-138dbdc9f169', '9639c139-2923-410f-ac69-33efdca9aef4', 'question', '3d7b958b-43dd-41a5-a716-d54c0477cc53', 4, true, '{"mandatory":{"errorMessage":"Select yes or no","errorSummary":" Select yes or no"}}'),
       ('b61e5864-8389-4e8c-b939-671a74234dc8', 'ea418282-ecbd-4354-ac77-31f54c8087f5', 'question', '3d7b958b-43dd-41a5-a716-d54c0477cc53', 5, true, '{"mandatory":{"errorMessage":"Enter details","errorSummary":"Enter details"}}'),
       ('f722e479-a117-4a88-85b8-0b1b440f072d', 'c787bfe0-5472-4f64-9072-81ac29f7b182', 'question', '3d7b958b-43dd-41a5-a716-d54c0477cc53', 6, true, '{"mandatory":{"errorMessage":"Select yes or no","errorSummary":"Select yes or no"}}'),
       ('176003f9-1827-4c5b-8c8b-e8edda9bc910', '842e5959-2ec6-4396-98c1-404ca519ccf9', 'question', '3d7b958b-43dd-41a5-a716-d54c0477cc53', 7, true, '{"mandatory":{"errorMessage":"Enter details","errorSummary":"Enter details"}}'),
       ('5f7f019b-5297-49c3-911a-bf02cdf9eebc', 'f4f59e46-6765-4b1e-a801-56e46db689f4', 'question', '3d7b958b-43dd-41a5-a716-d54c0477cc53', 8, true, '{"mandatory":{"errorMessage":"Select yes or no","errorSummary":"Select yes or no"}}'),
       ('14bcfc68-013d-4c6f-9b72-da0bcd8996a8', 'dfdfe976-f7e9-44d2-82f3-0071bc033186', 'question', '3d7b958b-43dd-41a5-a716-d54c0477cc53', 9, true, '{"mandatory":{"errorMessage":"Enter details","errorSummary":"Enter details"}}'),
       ('94a4e150-05d4-4dc1-9f25-2c8dd0e0b49c', '0d0ee2ff-c256-432b-a272-b044d15c2e59', 'question', '3d7b958b-43dd-41a5-a716-d54c0477cc53', 10, true, '{"mandatory":{"errorMessage":"Select yes or no","errorSummary":"Select yes or no"}}'),
       ('e0d49655-54ce-48bd-8f9e-1bcdc262b870', 'f8a4018d-4845-408c-8cff-0934bc999682', 'question', '3d7b958b-43dd-41a5-a716-d54c0477cc53', 11, true, '{"mandatory":{"errorMessage":"Enter a date","errorSummary":"Enter a date"}}'),
       ('772b855e-a42f-4a41-a47c-6dba9e6de0ef', 'e24bd027-39b3-408d-be0f-4e7a97179837', 'question', '3d7b958b-43dd-41a5-a716-d54c0477cc53', 12, true, '{"mandatory":{"errorMessage":"Select yes or no","errorSummary":"Select yes or no"}}'),
       ('bca81ff1-9d65-4edd-8cf1-3b83f135c40e', 'c0b77b03-cd70-4124-a973-bd1ab0b6e472', 'question', '3d7b958b-43dd-41a5-a716-d54c0477cc53', 13, true, '{"mandatory":{"errorMessage":"Enter the date of the most recent sanction involving a sexual or sexually motivated offence","errorSummary":"Enter the date of the most recent sanction involving a sexual or sexually motivated offence"}}'),
       ('96d4f917-b0e2-4a7c-8ff5-85246a0c04f3', 'ef6f8db2-cafa-4510-a03f-73af05eec447', 'question', '3d7b958b-43dd-41a5-a716-d54c0477cc53', 14, true, '{"mandatory":{"errorMessage":"Enter the number of previous or current sanctions involving contact adult sexual or sexually motivated offences","errorSummary":"Enter the number of previous or current sanctions involving contact adult sexual or sexually motivated offences"}}'),
       ('54c09201-3eb7-42a6-a793-1625567368cd', '676b6c50-8f30-4e05-a843-f56d43589512', 'question', '3d7b958b-43dd-41a5-a716-d54c0477cc53', 15, true, '{"mandatory":{"errorMessage":"Enter the number of previous or current sanctions involving contact child sexual or sexually offences","errorSummary":"Enter the number of previous or current sanctions involving contact child sexual or sexually motivated offences"}}'),
       ('6a848cc3-b694-4973-8fe9-66b31a517fbb', '31850543-27a9-42bb-b075-c968fa928364', 'question', '3d7b958b-43dd-41a5-a716-d54c0477cc53', 16, true, '{"mandatory":{"errorMessage":"Enter the number of previous or current sanctions involving indecent child image sexual or sexually motivated offences","errorSummary":"Enter the number of previous or current sanctions involving indecent child image sexual or sexually motivated offences"}}'),
       ('32789b43-a8ed-4763-ba75-5cf006d3d083', '36216867-755c-4d73-bb71-7737d325460e', 'question', '3d7b958b-43dd-41a5-a716-d54c0477cc53', 17, true, '{"mandatory":{"errorMessage":"Number of previous or current sanctions involving other non-contact sexual or sexually motivated offences","errorSummary":"Number of previous or current sanctions involving other non-contact sexual or sexually motivated offences"}}'),
       ('dd99dbf1-b7c8-474a-8a98-6d890841f004', '08987113-535a-47d5-83af-a27089c1de65', 'question', '3d7b958b-43dd-41a5-a716-d54c0477cc53', 18, true, '{"mandatory":{"errorMessage":"Select yes or no","errorSummary":"Select yes or no"}}'),
       ('827f1ab4-aef6-4a43-8248-5405ac830e90', '0597dcf4-93f6-4ff5-83dc-9eb8d1c71a46', 'question', '3d7b958b-43dd-41a5-a716-d54c0477cc53', 19, true, '{"mandatory":{"errorMessage":"Select yes or no","errorSummary":"Select yes or no"}}'),
       ('83755b47-d5a0-4ca6-b7bd-cd57615c3302', '27c0d840-0aa8-49e0-957d-75cbb73d8c81', 'question', '3d7b958b-43dd-41a5-a716-d54c0477cc53', 20, true, '{"mandatory":{"errorMessage":"Select yes or no","errorSummary":"Select yes or no"}}'),
       ('f35a6af0-751d-4508-9ab3-0c247e3686af', 'ea4afe3a-8a61-47e2-a7d6-0a83c7035f81', 'question', '3d7b958b-43dd-41a5-a716-d54c0477cc53', 21, true, '{"mandatory":{"errorMessage":"","errorSummary":""}}'),
       ('86a79e1a-9c55-4c75-aecb-0047410f2779', '19f1ed3c-93ea-440f-86d9-8d8322d73ff6', 'group', 'b7e505fa-0de8-47ee-a207-c23f65782cb4', 7, true, null),
       ('7f291623-5684-4626-80fa-55a9540b86c7', '16f2bcac-9555-4805-920d-814f306c422d', 'question', '19f1ed3c-93ea-440f-86d9-8d8322d73ff6', 1, true, null),
       ('09f8a531-59d9-4882-8589-013fa49e7b93', '47793e82-f667-44eb-ac31-fd4ae64fbebe', 'question', '19f1ed3c-93ea-440f-86d9-8d8322d73ff6', 2, true, null),
       ('7b7af4c5-563a-421a-acfa-fb657b1886ff', 'e5825671-0e5f-409c-b8a8-ad45611bdf85', 'question', '19f1ed3c-93ea-440f-86d9-8d8322d73ff6', 3, true, null),
       ('b578df95-9ded-4ef0-8159-f639634063e7', '065e5627-8c0c-4913-8f5e-6325a710e4d3', 'group', 'b7e505fa-0de8-47ee-a207-c23f65782cb4', 8, true, null),
       ('015cf6b8-4480-4b64-990e-2eb785a7867a', '855c3974-557f-49b4-84c0-6c96172e6bc5', 'question', '065e5627-8c0c-4913-8f5e-6325a710e4d3', 1, true, null),
       ('809043d1-f56a-4cf6-b15d-57a543ca8ec0', '958f568f-ccfd-487e-95ed-3afb31862db8', 'group', 'b7e505fa-0de8-47ee-a207-c23f65782cb4', 9, true, null),
       ('d006db16-82d8-4fde-a9ba-5f6542e1e1e6', 'c7f41955-1ad8-4031-aaf0-f507d116bab5', 'question', '958f568f-ccfd-487e-95ed-3afb31862db8', 1, true, '{"mandatory":{"errorMessage":"Select the degree to which this is an issue","errorSummary":"Select the degree to which this is an issue"}}'),
       ('4788c225-3145-4485-9e9f-43e7434f134f', '498570bb-8c45-480a-ba74-d2804ef81ffa', 'question', '958f568f-ccfd-487e-95ed-3afb31862db8', 2, true, '{"mandatory":{"errorMessage":"Enter details","errorSummary":"\n\nEnter details"}}'),
       ('93250dd5-f965-447c-9796-9146cef802ce', '1ef23468-a037-4ec3-b6d1-2ff3f493b1f8', 'question', '958f568f-ccfd-487e-95ed-3afb31862db8', 3, true, '{"mandatory":{"errorMessage":"Select yes or no","errorSummary":"Select yes or no"}}'),
       ('abd4d078-67fa-4b59-841c-a299405befe5', 'c4884027-1eb3-4360-94ed-0485902410c6', 'question', '958f568f-ccfd-487e-95ed-3afb31862db8', 4, true, '{"mandatory":{"errorMessage":"Select the accommodation type","errorSummary":"Select the accommodation type"}}'),
       ('960ce33a-c224-45f5-8dd8-a950571a549f', 'c4d9952d-cd09-42dd-a372-8897a0b0cb23', 'question', '958f568f-ccfd-487e-95ed-3afb31862db8', 5, true, '{"mandatory":{"errorMessage":"Enter details","errorSummary":"Enter details"}}'),
       ('62e3fca7-096a-4b9a-b152-2ddcd3d9221b', '243c296a-0b95-488a-862e-8f0f6193972c', 'question', '958f568f-ccfd-487e-95ed-3afb31862db8', 6, true, '{"mandatory":{"errorMessage":"Select yes or no","errorSummary":"Select yes or no"}}'),
       ('0689e2fe-3b6e-417b-9bee-729068b3eb9a', 'ae90f9e3-c063-4d3d-9d0b-c385067e34c8', 'question', '958f568f-ccfd-487e-95ed-3afb31862db8', 7, true, '{"mandatory":{"errorMessage":"Select the education, training and employability status","errorSummary":"Select the education, training and employability status\n"}}'),
       ('b3dbd6b3-8a3b-4eab-b01f-22a8047448ac', '0a241a23-652e-4f75-a19e-dae2ee582df0', 'question', '958f568f-ccfd-487e-95ed-3afb31862db8', 8, true, '{"mandatory":{"errorMessage":"Enter details","errorSummary":"Enter details"}}'),
       ('bb52fae8-2294-4c1f-bc5e-195fe4575403', '2d17c9bf-5065-4859-bc9b-33ce062ac5bf', 'question', '958f568f-ccfd-487e-95ed-3afb31862db8', 9, true, '{"mandatory":{"errorMessage":"Enter the hours of work or education / training per week","errorSummary":"Enter the hours of work or education / training per week"}}'),
       ('b8cad3fb-d865-45b7-bbad-c334db7bca95', '665f87c8-606a-4fee-a739-e66a654896d3', 'question', '958f568f-ccfd-487e-95ed-3afb31862db8', 10, true, '{"mandatory":{"errorMessage":"Select yes or no","errorSummary":"Select yes or no"}}'),
       ('c2fc23ba-b976-414a-971a-663284b0ef02', '337b8b5a-afef-4e96-804f-98c34824483c', 'question', '958f568f-ccfd-487e-95ed-3afb31862db8', 11, true, '{"mandatory":{"errorMessage":"Enter details","errorSummary":"Enter details"}}'),
       ('978b5ac4-572a-4f97-ac60-ac9bafc6ac8e', 'ae9b881b-5af4-4467-be4e-6e7d07c12225', 'question', '958f568f-ccfd-487e-95ed-3afb31862db8', 12, true, '{"mandatory":{"errorMessage":"Select the degree to which this is an issue","errorSummary":"Select the degree to which this is an issue"}}'),
       ('b752a4e7-4612-4024-810b-bf29dbebbea7', '812f85a6-fee2-4f2a-9933-a24fc47b89ed', 'question', '958f568f-ccfd-487e-95ed-3afb31862db8', 13, true, '{"mandatory":{"errorMessage":"Select yes or no","errorSummary":"Select yes or no"}}'),
       ('1801daf0-80b6-4522-9250-6d8e855b2929', '959513a9-ce26-42e0-9814-6ab432673a32', 'question', '958f568f-ccfd-487e-95ed-3afb31862db8', 14, true, '{"mandatory":{"errorMessage":"","errorSummary":""}}'),
       ('be5ff325-716b-4234-94ac-c79db5321d27', '6fab6d23-5a7a-4e92-85f9-c02f1d153ff5', 'question', '958f568f-ccfd-487e-95ed-3afb31862db8', 15, true, '{"mandatory":{"errorMessage":"Enter details","errorSummary":"Enter details"}}'),
       ('ca7310f0-d6a5-4849-9adf-e220a384db6c', 'e49c8c27-d2ac-4c87-969f-5d4ca56d3f46', 'question', '958f568f-ccfd-487e-95ed-3afb31862db8', 16, true, '{"mandatory":{"errorMessage":"Select the degree to which this is an issue","errorSummary":"Select the degree to which this is an issue"}}'),
       ('123376b4-a0ac-44ca-93ef-302caede67ee', 'aa4bb075-353c-4213-a159-d5ba092a4168', 'question', '958f568f-ccfd-487e-95ed-3afb31862db8', 17, true, '{"mandatory":{"errorMessage":"Enter details","errorSummary":"Enter details"}}'),
       ('b0f04ed9-31f4-40e3-82b0-a8dc1de87cb1', '6c34bd8c-ef76-413b-ac6c-d2b942330e22', 'question', '958f568f-ccfd-487e-95ed-3afb31862db8', 18, true, '{"mandatory":{"errorMessage":"Select the degree to which this is an issue","errorSummary":"Select the degree to which this is an issue"}}'),
       ('8a67eec4-a3e7-4fb4-80c1-c1f2bb3d305f', '7a1065dc-4a01-4e64-9e72-d32c1613c2f2', 'question', '958f568f-ccfd-487e-95ed-3afb31862db8', 19, true, '{"mandatory":{"errorMessage":"Enter details","errorSummary":"Enter details"}}'),
       ('9b22caf4-7fd0-413d-a7a4-6f407511c517', 'cc7d7b31-bf1c-4db0-a785-b779718a534e', 'question', '958f568f-ccfd-487e-95ed-3afb31862db8', 20, true, '{"mandatory":{"errorMessage":"Select yes or no","errorSummary":"Select yes or no"}}'),
       ('01d14e26-86e3-4371-82d0-cb8c3105f713', '7f0a230e-a7a7-48bd-afa9-0104fa78f600', 'question', '958f568f-ccfd-487e-95ed-3afb31862db8', 21, true, '{"mandatory":{"errorMessage":"Enter details","errorSummary":"Enter details"}}'),
       ('0b410af9-0466-4b20-b1d4-0cbc4d6d1073', '8d5a9863-d6d2-45fc-b906-59885759348f', 'question', '958f568f-ccfd-487e-95ed-3afb31862db8', 22, true, '{"mandatory":{"errorMessage":"Select yes or no","errorSummary":"Select yes or no"}}'),
       ('d993bc06-4980-4f55-a7a4-4cae5013bc61', 'd8012297-07ce-46ce-86e2-44c884e56911', 'question', '958f568f-ccfd-487e-95ed-3afb31862db8', 23, true, '{"mandatory":{"errorMessage":"Enter details","errorSummary":"Enter details"}}'),
       ('204b2675-dc17-4eff-b0b9-20c2ad118000', '9f98d14b-9c8b-4bb7-9d77-4de12dd488d4', 'question', '958f568f-ccfd-487e-95ed-3afb31862db8', 24, true, '{"mandatory":{"errorMessage":"Select yes or no","errorSummary":"Select yes or no"}}'),
       ('2e3eb77f-3089-4f17-9dd2-659516686265', '2819c006-128d-4a3d-b631-aab425cc1567', 'question', '958f568f-ccfd-487e-95ed-3afb31862db8', 25, true, '{"mandatory":{"errorMessage":"Enter details","errorSummary":"Enter details"}}'),
       ('738eda84-352f-49be-832b-cde249342d11', '3c10762e-c0e3-4237-940f-831c7a05e0cf', 'question', '958f568f-ccfd-487e-95ed-3afb31862db8', 26, true, '{"mandatory":{"errorMessage":"Select yes, no or in part","errorSummary":"Select yes, no or in part"}}'),
       ('0a5268a5-0ca8-45e3-86dc-7111f16bbd44', '45ae20cd-caab-4241-b530-180ed9939e99', 'question', '958f568f-ccfd-487e-95ed-3afb31862db8', 27, true, '{"mandatory":{"errorMessage":"Enter details","errorSummary":"Enter details"}}'),
       ('2d67206e-34d5-42d2-bfe5-c33a22b41e52', '53a6aee3-2b61-49ab-a28a-057477c0df1c', 'question', '958f568f-ccfd-487e-95ed-3afb31862db8', 28, true, '{"mandatory":{"errorMessage":"Select yes or no","errorSummary":"Select yes or no"}}'),
       ('352be973-b315-4d68-b12e-8af41063e4a9', '9a9b6269-c382-45ac-a2ae-4cbcc0f40e45', 'question', '958f568f-ccfd-487e-95ed-3afb31862db8', 29, true, '{"mandatory":{"errorMessage":"Enter details","errorSummary":"Enter details"}}'),
       ('1d427230-53cc-412c-8db9-651456fac9ed', '32f702f3-ade4-4f44-8e56-e1b28fb23a21', 'question', '958f568f-ccfd-487e-95ed-3afb31862db8', 30, true, '{"mandatory":{"errorMessage":"Select yes or no","errorSummary":"Select yes or no"}}'),
       ('6150a8e7-85c9-4d92-802d-609a3bdcb158', 'f60ea4d3-aedb-4bac-b20b-63b8d1b331ed', 'question', '958f568f-ccfd-487e-95ed-3afb31862db8', 31, true, '{"mandatory":{"errorMessage":"Enter details","errorSummary":"Enter details"}}'),
       ('62d2b7c8-3631-4b8f-9176-b61a2246c329', 'a9fd1f3d-3fc9-4393-859b-adaccf427f36', 'question', '958f568f-ccfd-487e-95ed-3afb31862db8', 32, true, '{"mandatory":{"errorMessage":"Select evidence","errorSummary":"Select evidence"}}'),
       ('b6333256-722e-48e7-a471-e5be8cc0f467', '5276dd50-556d-4780-b971-7d6a6e53c6fd', 'question', '958f568f-ccfd-487e-95ed-3afb31862db8', 33, true, '{"mandatory":{"errorMessage":"Enter details","errorSummary":"Enter details"}}'),
       ('0f38c190-07a5-4a5b-8cc9-c045c8ee0b42', 'f0d2c007-9825-427a-ac4d-7e046a9d882a', 'question', '958f568f-ccfd-487e-95ed-3afb31862db8', 34, true, '{"mandatory":{"errorMessage":"Select yes or no","errorSummary":"Select yes or no"}}'),
       ('9eb29601-a700-40c4-b278-d7d1278b4362', '526fb74c-9b75-4cef-8b5a-6ab66805213d', 'question', '958f568f-ccfd-487e-95ed-3afb31862db8', 35, true, '{"mandatory":{"errorMessage":"Enter details","errorSummary":"Enter details"}}'),
       ('0c9f0270-040c-43e7-a4b2-e2240b463744', '9e7a1adc-624e-41e4-9aa6-12d5fa987f49', 'question', '958f568f-ccfd-487e-95ed-3afb31862db8', 36, true, '{"mandatory":{"errorMessage":"Select yes or no","errorSummary":"\n\nSelect yes or no"}}'),
       ('4d52f490-40eb-402b-ba35-2132e02b62d5', '152edee9-61b7-409d-8a1c-e19cd6867112', 'question', '958f568f-ccfd-487e-95ed-3afb31862db8', 37, true, '{"mandatory":{"errorMessage":"Enter details","errorSummary":"Enter details"}}'),
       ('914f3eb1-e959-466d-96f9-7996a280e2ac', 'f4b7f0cc-ab0e-4f72-b5fb-fa6a3d21d350', 'question', '958f568f-ccfd-487e-95ed-3afb31862db8', 38, true, '{"mandatory":{"errorMessage":"Select yes or no","errorSummary":"Select yes or no"}}'),
       ('69c96bde-6092-4021-8a00-aa261ed473d7', '0a2ec715-8371-41be-bde7-89d55366a166', 'question', '958f568f-ccfd-487e-95ed-3afb31862db8', 39, true, '{"mandatory":{"errorMessage":"Select the degree to which this is an issue","errorSummary":"Select the degree to which this is an issue"}}'),
       ('996daf64-8fd6-47d6-9e65-51c9edf7c556', '8f20fa5e-10b1-4b57-82da-74dcb38bf3c2', 'question', '958f568f-ccfd-487e-95ed-3afb31862db8', 40, true, '{"mandatory":{"errorMessage":"Enter details","errorSummary":"Enter details"}}'),
       ('aa434d1f-4db3-4b6e-9386-41dd7955c39d', 'd48471b8-e0f1-4b54-b708-4eb8c146cd21', 'question', '958f568f-ccfd-487e-95ed-3afb31862db8', 41, true, '{"mandatory":{"errorMessage":"Select the degree to which this is an issue","errorSummary":"Select the degree to which this is an issue"}}'),
       ('39e5afaf-7497-4c93-bb15-4f803158f83e', 'eb454e75-1f80-4f54-b7c0-a648569cda4d', 'question', '958f568f-ccfd-487e-95ed-3afb31862db8', 42, true, '{"mandatory":{"errorMessage":"Select the degree to which this is an issue","errorSummary":"Select the degree to which this is an issue"}}'),
       ('7de79717-afd2-4fbf-bf1a-9234516a976f', '03d3aaea-1eee-463f-a290-f42f1a37f525', 'question', '958f568f-ccfd-487e-95ed-3afb31862db8', 43, true, '{"mandatory":{"errorMessage":"Select yes or no","errorSummary":"Select yes or no"}}'),
       ('dea37914-0df0-4045-9fb6-d4777bbaf5be', '3c5bc574-80c3-4336-b0bb-640b56988fc5', 'question', '958f568f-ccfd-487e-95ed-3afb31862db8', 44, true, '{"mandatory":{"errorMessage":"Enter details","errorSummary":"Enter details"}}'),
       ('fc8263b1-ac8e-44a4-b378-a232edc120a2', '7435049b-a784-49c4-bb27-8fcb3e994f01', 'question', '958f568f-ccfd-487e-95ed-3afb31862db8', 45, true, '{"mandatory":{"errorMessage":"Select yes or no","errorSummary":"Select yes or no"}}'),
       ('4cd26352-0218-4fec-b726-1d60d21f6574', 'd6b03152-8139-410b-aaca-368aeddb907c', 'question', '958f568f-ccfd-487e-95ed-3afb31862db8', 46, true, '{"mandatory":{"errorMessage":"Enter details","errorSummary":"Enter details"}}'),
       ('f3459be3-12fe-4e88-9fad-90f9571b8887', 'cfd09041-0eaf-461c-bde2-f84bcd0c2e85', 'question', '958f568f-ccfd-487e-95ed-3afb31862db8', 47, true, '{"mandatory":{"errorMessage":"Select yes or no","errorSummary":"Select yes or no"}}'),
       ('771b32bd-77ae-4d87-ba78-6a51529e87b2', '26662f2a-4f57-4a26-affd-9d205149b5a5', 'question', '958f568f-ccfd-487e-95ed-3afb31862db8', 48, true, '{"mandatory":{"errorMessage":"Enter details","errorSummary":"Enter details"}}'),
       ('eb059745-eebb-4e85-beb8-823e604a9eac', '2242ed67-e787-4408-93cb-7b52235619ba', 'question', '958f568f-ccfd-487e-95ed-3afb31862db8', 49, true, '{"mandatory":{"errorMessage":"Select yes, no, or in part","errorSummary":"Select yes or no"}}'),
       ('3f4da93b-9d15-4c40-8c98-9ead5b4b06e2', 'a2a9196c-3fd3-4bef-a338-f3c361d8a6e7', 'question', '958f568f-ccfd-487e-95ed-3afb31862db8', 50, true, '{"mandatory":{"errorMessage":"Enter details","errorSummary":"Enter details"}}'),
       ('66051661-0b26-4ccc-9252-bd2b68c78048', 'b87e81b4-715d-4d7b-b317-ebb856cea6b4', 'question', '958f568f-ccfd-487e-95ed-3afb31862db8', 51, true, '{"mandatory":{"errorMessage":"Enter details","errorSummary":"Enter details"}}'),
       ('60e370d3-d7ba-49fb-ae3f-7645b6c00a6e', 'f203d74b-427f-4fc1-9722-73413452522e', 'question', '958f568f-ccfd-487e-95ed-3afb31862db8', 52, true, '{"mandatory":{"errorMessage":"Select yes or no","errorSummary":"Select yes or no"}}'),
       ('fca869eb-d829-4a3e-9b8a-a6d702061729', '2a18f0f6-7cc6-432b-beb2-283ad20b01af', 'question', '958f568f-ccfd-487e-95ed-3afb31862db8', 53, true, '{"mandatory":{"errorMessage":"Select yes or no","errorSummary":"Select yes or no"}}'),
       ('5690f50b-e008-4fcf-bc79-f7e3482c1cd0', '84b67e83-69e0-4938-991b-fed2965b6601', 'question', '958f568f-ccfd-487e-95ed-3afb31862db8', 54, true, '{"mandatory":{"errorMessage":"","errorSummary":""}}'),
       ('9d2ab43e-2c0c-44c5-90ce-52a33d05bc87', 'c1fa0904-4710-48e5-be6a-ee6b798fe44d', 'group', 'b7e505fa-0de8-47ee-a207-c23f65782cb4', 10, true, null),
       ('f8b23a5e-eeba-4b8a-acc6-e7ad6cf551b2', 'b9667517-3d2d-420f-a8c6-29c5ff483693', 'question', 'c1fa0904-4710-48e5-be6a-ee6b798fe44d', 1, true, '{"mandatory":{"errorMessage":"Select any previous convictions","errorSummary":"Select any previous convictions"}}'),
       ('3231053a-6f18-439d-afdc-e26defcef740', '318994d8-d818-4967-a405-5a36c84284cf', 'question', 'c1fa0904-4710-48e5-be6a-ee6b798fe44d', 2, true, null),
       ('30ef54f6-33b2-477a-8c97-2b7ea9011c8f', '0bdbfcee-35d4-46b4-820e-a62dcbdc6203', 'question', 'c1fa0904-4710-48e5-be6a-ee6b798fe44d', 3, true, null),
       ('d2ba0bfe-0b54-4a2e-82e9-68896a1187eb', 'ae5c0195-183d-4521-9b37-276cffe4695e', 'question', 'c1fa0904-4710-48e5-be6a-ee6b798fe44d', 4, true, '{"mandatory":{"errorMessage":"","errorSummary":""}}'),
       ('0ba59d99-4e38-46fb-8072-c5b70452ec36', 'c542785c-ff40-4df8-821d-35aecce076c1', 'question', 'c1fa0904-4710-48e5-be6a-ee6b798fe44d', 5, true, '{"mandatory":{"errorMessage":"","errorSummary":""}}'),
       ('0c1dd3f5-fa76-4d45-9fc0-38558a718c38', '4e9844b4-e87b-4dff-b1c4-443d1b108c82', 'question', 'c1fa0904-4710-48e5-be6a-ee6b798fe44d', 6, true, '{"mandatory":{"errorMessage":"","errorSummary":""}}'),
       ('de4a2814-663c-41bb-9619-eea2591e4092', 'da05a217-b8ad-4b49-9d3d-163ac07541b6', 'question', 'c1fa0904-4710-48e5-be6a-ee6b798fe44d', 7, true, null),
       ('be59faae-e8ed-4739-a32c-f99fd731deb0', 'd759942b-a96e-437c-9c86-dd15dc80af0b', 'question', 'c1fa0904-4710-48e5-be6a-ee6b798fe44d', 8, true, null),
       ('7e3f589a-e4a4-4b59-abc4-8d30539482f2', '04365cd6-1e40-41a0-978f-66688ab65add', 'question', 'c1fa0904-4710-48e5-be6a-ee6b798fe44d', 9, true, null),
       ('d6de4004-a02a-4b1b-927b-fc28c958ad56', '71551253-8e77-4c5e-a97d-b16d419ff0ce', 'question', 'c1fa0904-4710-48e5-be6a-ee6b798fe44d', 10, true, null),
       ('5406ea73-689a-435f-b545-6f69bf90e52d', '5952a1eb-d2c6-4597-b365-0b64106b9b38', 'question', 'c1fa0904-4710-48e5-be6a-ee6b798fe44d', 11, true, null),
       ('5f979a3b-46e7-4477-ae52-60e31a0d9017', '7b2a4a90-e2ba-464e-a3fb-d6b373267e9e', 'question', 'c1fa0904-4710-48e5-be6a-ee6b798fe44d', 12, true, '{"mandatory":{"errorMessage":"","errorSummary":""}}'),
       ('6fd335f5-7ec2-4bd1-aced-24bc65380e7f', 'ec26eeca-d737-468b-a686-9e15cf272044', 'question', 'c1fa0904-4710-48e5-be6a-ee6b798fe44d', 13, true, null),
       ('6931db9f-5568-4e71-bee8-67f154e38e33', '46470cbd-6a16-4114-a97b-10cc58ae11bb', 'question', 'c1fa0904-4710-48e5-be6a-ee6b798fe44d', 14, true, null),
       ('dd1b1951-f248-43e6-a812-d50d679919a8', 'b9cfa448-286b-46da-86d2-2e82ccfc9776', 'question', 'c1fa0904-4710-48e5-be6a-ee6b798fe44d', 15, true, '{"mandatory":{"errorMessage":"","errorSummary":""}}'),
       ('c1e70c32-2059-44c9-b320-38b18531112b', 'c2987a01-425c-4871-a47a-f3db8741717c', 'question', 'c1fa0904-4710-48e5-be6a-ee6b798fe44d', 16, true, '{"mandatory":{"errorMessage":"","errorSummary":""}}'),
       ('b35decff-50de-408b-a86b-950dff5c2feb', 'fde7937f-1e8b-4096-b49a-d9279caffcbc', 'question', 'c1fa0904-4710-48e5-be6a-ee6b798fe44d', 17, true, '{"mandatory":{"errorMessage":"","errorSummary":""}}'),
       ('a89fda80-af06-4963-8c64-1d82bd0e8aac', '2c2de908-d4f4-44e1-ae9c-3d6d0a98d7d7', 'question', 'c1fa0904-4710-48e5-be6a-ee6b798fe44d', 18, true, '{"mandatory":{"errorMessage":"","errorSummary":""}}'),
       ('83b27ddb-dd05-43b4-8ca7-f3dcd3649eac', '7a211e8b-b7f2-4e0a-86fa-1ad63efc2680', 'question', 'c1fa0904-4710-48e5-be6a-ee6b798fe44d', 19, true, '{"mandatory":{"errorMessage":"","errorSummary":""}}'),
       ('ca9ebf2d-b9aa-4c64-b3e7-968783ffb7e9', '91e1ea62-4cee-44da-bb49-a4b9ff733195', 'question', 'c1fa0904-4710-48e5-be6a-ee6b798fe44d', 20, true, '{"mandatory":{"errorMessage":"","errorSummary":""}}'),
       ('e65b0b44-3634-49e9-9e72-4268c6bc1f08', '73ed3ca9-a5ca-40ba-b6bd-6973f7cd77fc', 'question', 'c1fa0904-4710-48e5-be6a-ee6b798fe44d', 21, true, '{"mandatory":{"errorMessage":"","errorSummary":""}}'),
       ('058a9da2-f6f8-4c84-859c-8cac9a606057', '3c2fbcf7-d38a-4831-b5cf-98a5fcbcb29c', 'question', 'c1fa0904-4710-48e5-be6a-ee6b798fe44d', 22, true, '{"mandatory":{"errorMessage":"","errorSummary":""}}'),
       ('bf83cce2-e462-410d-9256-b9ca41251aa3', '3f581074-603d-4502-acd9-631e67bbee41', 'question', 'c1fa0904-4710-48e5-be6a-ee6b798fe44d', 23, true, '{"mandatory":{"errorMessage":"","errorSummary":""}}'),
       ('b050b1b2-ab57-4d06-a070-7b7552c0c2e1', '113cdc65-275e-4214-87e9-1520fd4b55f3', 'question', 'c1fa0904-4710-48e5-be6a-ee6b798fe44d', 24, true, '{"mandatory":{"errorMessage":"","errorSummary":""}}'),
       ('6eda439e-6341-4237-b61c-92cc426c24fc', 'b6e3085c-e740-4aec-b840-ac058a966184', 'question', 'c1fa0904-4710-48e5-be6a-ee6b798fe44d', 25, true, '{"mandatory":{"errorMessage":"","errorSummary":""}}'),
       ('d4c8d014-374c-4f02-9952-645d53fc6e64', '355e1a25-aaec-4117-b1f0-7cdcdb38ce06', 'question', 'c1fa0904-4710-48e5-be6a-ee6b798fe44d', 26, true, '{"mandatory":{"errorMessage":"","errorSummary":""}}'),
       ('0073c484-adfc-47e4-88dc-d34f12a36b70', '111a0e28-71d4-4397-bd1a-696aa6a3d76a', 'question', 'c1fa0904-4710-48e5-be6a-ee6b798fe44d', 27, true, '{"mandatory":{"errorMessage":"","errorSummary":""}}'),
       ('63703726-b6d7-4a78-b3eb-2469a8552eae', '620a7282-c498-4edd-9e06-2d28c9d29e8f', 'question', 'c1fa0904-4710-48e5-be6a-ee6b798fe44d', 28, true, '{"mandatory":{"errorMessage":"","errorSummary":""}}'),
       ('e58ce034-99d2-49ca-84cd-c897be24361d', 'f34141ba-734d-4ed1-9fe3-0303f59f7161', 'question', 'c1fa0904-4710-48e5-be6a-ee6b798fe44d', 29, true, '{"mandatory":{"errorMessage":"","errorSummary":""}}'),
       ('ef011cd1-dbb6-4ff1-b1a7-d73ff90eec6e', 'ce4b3d47-ec26-48d6-b454-423d62873e90', 'question', 'c1fa0904-4710-48e5-be6a-ee6b798fe44d', 30, true, '{"mandatory":{"errorMessage":"","errorSummary":""}}'),
       ('241d46aa-1f15-4da0-a5b4-93f55bb2ea0a', '87040054-2a2b-4c2d-bd8d-4b399233cdaf', 'question', 'c1fa0904-4710-48e5-be6a-ee6b798fe44d', 31, true, '{"mandatory":{"errorMessage":"","errorSummary":""}}'),
       ('7a1eb5f9-f272-4801-90e3-6d51f1e231cf', 'f105aac1-1ac5-4151-a05e-6d302b8ed879', 'question', 'c1fa0904-4710-48e5-be6a-ee6b798fe44d', 32, true, '{"mandatory":{"errorMessage":"","errorSummary":""}}'),
       ('4960530e-0e3d-4af1-ba78-043761337e25', '47d83fe6-5cd7-4535-9542-9bd4e2892b5a', 'question', 'c1fa0904-4710-48e5-be6a-ee6b798fe44d', 33, true, '{"mandatory":{"errorMessage":"","errorSummary":""}}'),
       ('ade6fd56-c28c-4ce3-93d7-d951fdfe514a', 'b7047ce7-b4fe-4162-9aba-1f40efe0928f', 'question', 'c1fa0904-4710-48e5-be6a-ee6b798fe44d', 34, true, '{"mandatory":{"errorMessage":"","errorSummary":""}}'),
       ('fe532cae-626d-4cfc-924f-5a342dc7690b', '78105840-5c4f-4c99-9ad0-095d1a8f9c1f', 'question', 'c1fa0904-4710-48e5-be6a-ee6b798fe44d', 35, true, '{"mandatory":{"errorMessage":"","errorSummary":""}}'),
       ('2853dc9f-a1d2-4fa5-b7c1-28cfbaab0ee4', '70f8f00c-7d29-4e5f-acee-186fc45cc63d', 'question', 'c1fa0904-4710-48e5-be6a-ee6b798fe44d', 36, true, '{"mandatory":{"errorMessage":"","errorSummary":""}}'),
       ('2a5f8bd7-d36a-43af-929b-83f55605c8d6', 'feb97ffd-d51d-4be7-8ff3-dc204cc16732', 'question', 'c1fa0904-4710-48e5-be6a-ee6b798fe44d', 37, true, '{"mandatory":{"errorMessage":"","errorSummary":""}}'),
       ('afb049ad-1e4f-4e54-b996-fb1e2e398676', 'f4f5421b-d666-49b8-ab62-62ea5e2593de', 'question', 'c1fa0904-4710-48e5-be6a-ee6b798fe44d', 38, true, '{"mandatory":{"errorMessage":"","errorSummary":""}}'),
       ('be21b389-ad2e-450a-abf5-f38ebbcc63a5', '96923476-f652-4f60-b6c3-af049bd69f98', 'question', 'c1fa0904-4710-48e5-be6a-ee6b798fe44d', 39, true, '{"mandatory":{"errorMessage":"","errorSummary":""}}'),
       ('fe6cfa19-ee31-4780-987c-5d869fefeab4', 'ab8920be-6786-4e3d-b41c-109a04af60e1', 'group', 'b7e505fa-0de8-47ee-a207-c23f65782cb4', 11, true, null),
       ('acc95dcc-c83c-4ee9-8679-8a230f1f734f', 'f62a9778-5a84-480f-998f-2ebdeace4765', 'question', 'ab8920be-6786-4e3d-b41c-109a04af60e1', 1, true, '{"mandatory":{"errorMessage":"","errorSummary":""}}'),
       ('408416bd-4284-4b4a-9ef5-8a0f87d3dca8', 'c09a076d-0fa3-4e13-b5dc-99c370f89b4d', 'question', 'ab8920be-6786-4e3d-b41c-109a04af60e1', 2, true, '{"mandatory":{"errorMessage":"","errorSummary":""}}'),
       ('a55be7ba-4fe3-4076-b4f0-bb428d2e8658', '49c092f8-0a66-4acf-9035-522254d309f4', 'question', 'ab8920be-6786-4e3d-b41c-109a04af60e1', 3, true, '{"mandatory":{"errorMessage":"","errorSummary":""}}'),
       ('bb3955d1-4073-458c-a5f8-9460226f044b', '5a3a1404-ab66-46fc-835b-0e1f251a0ed5', 'question', 'ab8920be-6786-4e3d-b41c-109a04af60e1', 4, true, '{"mandatory":{"errorMessage":"","errorSummary":""}}'),
       ('f6c3757b-38df-4fb5-81c9-d72bed51416e', '41d1e606-4613-45ca-8dc8-48fa2eacfdda', 'question', 'ab8920be-6786-4e3d-b41c-109a04af60e1', 5, true, '{"mandatory":{"errorMessage":"","errorSummary":""}}'),
       ('6f04d776-3cde-4c4f-b2c0-0ca76dbb9c5c', '7ddb9235-c58e-416e-8da4-4e6a781653c7', 'question', 'ab8920be-6786-4e3d-b41c-109a04af60e1', 6, true, '{"mandatory":{"errorMessage":"","errorSummary":""}}'),
       ('3e2ff2ef-991d-456e-977c-63a7f94b50a3', 'af5ab481-37e3-408b-a4a5-7ccb97ada910', 'group', 'b7e505fa-0de8-47ee-a207-c23f65782cb4', 12, true, null),
       ('026282c1-ff5a-4610-93dc-ef49c7a9d820', '4d06776f-e8ef-4bf3-8a46-7fe4ca0a84ea', 'question', 'af5ab481-37e3-408b-a4a5-7ccb97ada910', 1, true, '{"mandatory":{"errorMessage":"","errorSummary":""}}'),
       ('18bec8ab-a6de-49dc-9663-1cea92836da6', '43bdd776-884a-4eec-a106-767b988c28b3', 'question', 'af5ab481-37e3-408b-a4a5-7ccb97ada910', 2, true, '{"mandatory":{"errorMessage":"","errorSummary":""}}'),
       ('3ee6d2f7-7856-4047-b802-7d6390c4d0b8', 'e6549cf2-e846-43a3-9053-3443f5bfc630', 'question', 'af5ab481-37e3-408b-a4a5-7ccb97ada910', 3, true, '{"mandatory":{"errorMessage":"","errorSummary":""}}'),
       ('481423aa-d61a-453e-bc68-c04944cd3c22', '743017d2-4b4f-408b-809c-dc8fff8daac0', 'question', 'af5ab481-37e3-408b-a4a5-7ccb97ada910', 4, true, '{"mandatory":{"errorMessage":"","errorSummary":""}}'),
       ('7a3bd78c-b38a-4657-81f3-ecbe8cf6a1f2', 'a97a3851-3de2-4042-9638-294c7b34f1ab', 'question', 'af5ab481-37e3-408b-a4a5-7ccb97ada910', 5, true, '{"mandatory":{"errorMessage":"","errorSummary":""}}'),
       ('c430d65e-fe67-42d0-ba54-5bdf79510cbb', 'eec87cc8-00cb-428c-9746-ba0ba4937460', 'question', 'af5ab481-37e3-408b-a4a5-7ccb97ada910', 6, true, '{"mandatory":{"errorMessage":"","errorSummary":""}}'),
       ('a3120725-c45d-4695-963c-24f0de156b90', '1d463952-8bcc-4c97-9ef4-710596669177', 'question', 'af5ab481-37e3-408b-a4a5-7ccb97ada910', 7, true, '{"mandatory":{"errorMessage":"","errorSummary":""}}'),
       ('38854ede-c44f-4fe4-b459-e1ac1bd6bc18', '6aaf7bb8-549e-4f72-b6c8-74cda40f2514', 'question', 'af5ab481-37e3-408b-a4a5-7ccb97ada910', 8, true, '{"mandatory":{"errorMessage":"","errorSummary":""}}'),
       ('1e9ee9eb-3abf-4a18-9374-2d8c69896129', '2f271b1b-fbcf-4ec5-b809-fdd31e47925e', 'group', 'b7e505fa-0de8-47ee-a207-c23f65782cb4', 13, true, null),
       ('f0430709-21bd-4397-966d-422168df2b86', '55fc7e4b-ba53-44b0-99fa-361728ba720f', 'question', '2f271b1b-fbcf-4ec5-b809-fdd31e47925e', 1, true, '{"mandatory":{"errorMessage":"","errorSummary":""}}'),
       ('22d23faf-1283-425a-8358-8f6472f10d41', 'ec13ef7e-ce1c-43c0-bbba-36a25f18e7eb', 'question', '2f271b1b-fbcf-4ec5-b809-fdd31e47925e', 2, true, '{"mandatory":{"errorMessage":"","errorSummary":""}}'),
       ('1a0c5a7c-fe11-47d1-b76b-7ccf4305f78e', '70a5fbef-c138-4eae-9a6e-7b7ef96e4095', 'question', '2f271b1b-fbcf-4ec5-b809-fdd31e47925e', 3, true, '{"mandatory":{"errorMessage":"","errorSummary":""}}'),
       ('a3a85663-4ad3-475b-8aa1-71356b153eff', 'd361941d-f152-43b4-a9e0-fb8721bd9e93', 'question', '2f271b1b-fbcf-4ec5-b809-fdd31e47925e', 4, true, '{"mandatory":{"errorMessage":"","errorSummary":""}}'),
       ('1c16acf8-d132-4e47-83c9-b26b9839fb3f', '3657e520-b534-4e49-a12d-2d46c2d8dd0c', 'question', '2f271b1b-fbcf-4ec5-b809-fdd31e47925e', 5, true, '{"mandatory":{"errorMessage":"","errorSummary":""}}'),
       ('a457b113-c655-437f-afa2-da9d17842bdf', 'ea85e610-77de-4d8f-88d6-48e3ca252f5f', 'question', '2f271b1b-fbcf-4ec5-b809-fdd31e47925e', 6, true, '{"mandatory":{"errorMessage":"","errorSummary":""}}'),
       ('9c30e985-d0ed-433c-a707-58c7b71d1d49', '794ae414-aa7c-4606-ba66-aaaa7f8aefce', 'question', '2f271b1b-fbcf-4ec5-b809-fdd31e47925e', 7, true, '{"mandatory":{"errorMessage":"","errorSummary":""}}'),
       ('142a447a-aa88-47e4-b93e-bb80793f6104', 'cc336ad3-7418-4ae4-8538-8c8e5edcc1d1', 'question', '2f271b1b-fbcf-4ec5-b809-fdd31e47925e', 8, true, '{"mandatory":{"errorMessage":"","errorSummary":""}}'),
       ('83b2d1ac-d912-4a6b-bc21-e2f101d24646', '2dcc2c34-ae03-488f-aff2-8c176412c09f', 'question', '2f271b1b-fbcf-4ec5-b809-fdd31e47925e', 9, true, '{"mandatory":{"errorMessage":"","errorSummary":""}}'),
       ('13573d46-a75d-47e7-ae0d-c83d320ccc95', '4aa699f2-0cc6-4be4-b478-5aa2e1745821', 'question', '2f271b1b-fbcf-4ec5-b809-fdd31e47925e', 10, true, '{"mandatory":{"errorMessage":"","errorSummary":""}}'),
       ('abba0790-29d1-4fe9-a0e2-2ff597c44f71', '12d45091-38b5-4b54-b41e-dd1ff610b9f9', 'question', '2f271b1b-fbcf-4ec5-b809-fdd31e47925e', 11, true, '{"mandatory":{"errorMessage":"","errorSummary":""}}'),
       ('eb6c9555-afb1-44f8-9be6-a6f7a7b10529', 'a76768b1-0ae2-4e06-8db3-db7db16ec1fc', 'question', '2f271b1b-fbcf-4ec5-b809-fdd31e47925e', 12, true, '{"mandatory":{"errorMessage":"","errorSummary":""}}'),
       ('1faceb81-b3b2-482a-8fc9-ce53f4f75a88', '6f2ab98d-34be-4961-98d9-b900e83a97c7', 'question', '2f271b1b-fbcf-4ec5-b809-fdd31e47925e', 13, true, '{"mandatory":{"errorMessage":"","errorSummary":""}}'),
       ('7b200c74-6e46-4118-9cfe-70dd4dfc1d75', '8e3b7923-4357-43b2-82a5-e99f5e1f1c23', 'question', '2f271b1b-fbcf-4ec5-b809-fdd31e47925e', 14, true, '{"mandatory":{"errorMessage":"","errorSummary":""}}'),
       ('811fa85e-11fa-4890-89f8-f13c52d73148', '9cd378c6-7ecc-4968-bed1-fc8f360c4c77', 'question', '2f271b1b-fbcf-4ec5-b809-fdd31e47925e', 15, true, '{"mandatory":{"errorMessage":"","errorSummary":""}}'),
       ('15e81a6e-9447-482d-9904-0874e4170d52', '6d497b4f-4488-4d9b-8ff4-5818e0a4081a', 'question', '2f271b1b-fbcf-4ec5-b809-fdd31e47925e', 16, true, '{"mandatory":{"errorMessage":"","errorSummary":""}}'),
       ('d63e6592-0390-4037-bc14-c73dc17c0780', '0fe6393a-673b-4273-bcf8-5aa10141cc6d', 'group', 'b7e505fa-0de8-47ee-a207-c23f65782cb4', 14, true, null),
       ('d65de6b8-c928-4910-bf50-6f817b395e4a', '8ed53755-06a8-461c-b8dc-1c1fd451ed2a', 'question', '0fe6393a-673b-4273-bcf8-5aa10141cc6d', 1, true, '{"mandatory":{"errorMessage":"","errorSummary":""}}'),
       ('5c1f3815-7d68-4519-a658-8a25af9ce85a', 'd871ea83-40b4-4bb4-a039-eca712ab25f4', 'question', '0fe6393a-673b-4273-bcf8-5aa10141cc6d', 2, true, '{"mandatory":{"errorMessage":"","errorSummary":""}}'),
       ('d876b685-f98b-47c4-a9f5-3e0fa5a1e3ef', '464bac39-4ec8-4a31-b042-7deb67718368', 'question', '0fe6393a-673b-4273-bcf8-5aa10141cc6d', 3, true, '{"mandatory":{"errorMessage":"","errorSummary":""}}'),
       ('24c770df-377a-4b0c-9128-610bf8a4fa75', '91196bf0-1011-40ee-b3d3-fec7e332d0fd', 'question', '0fe6393a-673b-4273-bcf8-5aa10141cc6d', 4, true, '{"mandatory":{"errorMessage":"","errorSummary":""}}'),
       ('c9790329-6c16-4e49-a25f-afde2716df2c', 'd6c889d5-8400-4bfd-9850-82576ab3fe02', 'question', '0fe6393a-673b-4273-bcf8-5aa10141cc6d', 5, true, '{"mandatory":{"errorMessage":"","errorSummary":""}}'),
       ('2ba220d9-8e62-4fd1-ad56-23a4a234b15b', '33111e21-fafe-40e3-a8c7-1690e5e0ae57', 'group', 'b7e505fa-0de8-47ee-a207-c23f65782cb4', 15, true, null),
       ('e842edd1-5653-4320-8ae5-3d2415f24194', '22b2334d-a023-42c9-a3fe-0d3208955913', 'question', '33111e21-fafe-40e3-a8c7-1690e5e0ae57', 1, true, '{"mandatory":{"errorMessage":"","errorSummary":""}}'),
       ('b91fc96b-aecb-4de1-9bf3-8ae48892d197', '36a1aef0-153a-4041-8337-dec0f0808329', 'question', '33111e21-fafe-40e3-a8c7-1690e5e0ae57', 2, true, '{"mandatory":{"errorMessage":"","errorSummary":""}}'),
       ('d73ff631-ff29-43c8-884b-f877e293114e', 'ceb75ec8-2ef5-4edc-96b7-afae2916dd0d', 'question', '33111e21-fafe-40e3-a8c7-1690e5e0ae57', 3, true, '{"mandatory":{"errorMessage":"","errorSummary":""}}'),
       ('11f03dd5-c864-47ba-b996-08c0779892d9', 'b21ff768-b428-4470-9895-bba3c15bebe2', 'question', '33111e21-fafe-40e3-a8c7-1690e5e0ae57', 4, true, '{"mandatory":{"errorMessage":"","errorSummary":""}}'),
       ('9c0ed5ad-a003-4c63-b219-a2db9e1725cc', 'd38d8868-d410-4fb2-9f08-473d531f3338', 'question', '33111e21-fafe-40e3-a8c7-1690e5e0ae57', 5, true, '{"mandatory":{"errorMessage":"","errorSummary":""}}'),
       ('74f2288e-71f7-4a56-b9f7-69609ee1f9ea', '4cd41d57-859e-42a3-b020-369aa17442e3', 'question', '33111e21-fafe-40e3-a8c7-1690e5e0ae57', 6, true, '{"mandatory":{"errorMessage":"","errorSummary":""}}'),
       ('3512aa13-325a-472e-a16f-41f365f03ef6', '1bc77501-daf7-4810-b100-344caf75ebe1', 'question', '33111e21-fafe-40e3-a8c7-1690e5e0ae57', 7, true, '{"mandatory":{"errorMessage":"","errorSummary":""}}'),
       ('dcdd2864-e56b-4c07-b442-d00baa3b18da', 'f3c6e2c9-0943-4db4-89ca-3a51d4566983', 'question', '33111e21-fafe-40e3-a8c7-1690e5e0ae57', 8, true, '{"mandatory":{"errorMessage":"","errorSummary":""}}'),
       ('43b04259-b1f0-4e31-b91c-d2bcb4734061', '1d7d68b5-6648-451c-a6b3-76e09a70c820', 'question', '33111e21-fafe-40e3-a8c7-1690e5e0ae57', 9, true, '{"mandatory":{"errorMessage":"","errorSummary":""}}'),
       ('8a2f92e1-15ee-435a-91e4-21dfa165b208', '16ae321d-fa7c-40d3-ac41-a72c821f1089', 'question', '33111e21-fafe-40e3-a8c7-1690e5e0ae57', 10, true, '{"mandatory":{"errorMessage":"","errorSummary":""}}'),
       ('43d6b858-f530-41a3-9c2c-56635e93498c', '19e6d9d6-812b-49ee-bf04-de598bdea83f', 'question', '33111e21-fafe-40e3-a8c7-1690e5e0ae57', 11, true, '{"mandatory":{"errorMessage":"","errorSummary":""}}'),
       ('88fb74ed-35c2-4cbe-bcdc-b4edb2b84ec1', 'd32efced-8f27-4a50-b2a3-7611e4f0e5bf', 'question', '33111e21-fafe-40e3-a8c7-1690e5e0ae57', 12, true, '{"mandatory":{"errorMessage":"","errorSummary":""}}'),
       ('3278d225-ba56-4ff7-a77d-7f9aa7b45a51', 'f2adfafa-4b4b-493e-87eb-fffbc078b2a6', 'question', '33111e21-fafe-40e3-a8c7-1690e5e0ae57', 13, true, '{"mandatory":{"errorMessage":"","errorSummary":""}}'),
       ('efd5443c-2bc2-4b12-a7f8-99a23c465c83', 'dcf72e1e-54a7-4a85-ac08-8a660c06bc68', 'question', '33111e21-fafe-40e3-a8c7-1690e5e0ae57', 14, true, '{"mandatory":{"errorMessage":"","errorSummary":""}}'),
       ('b609a1b4-af93-4137-876a-81e63d6c1d66', 'dd3cd4ad-b6e1-496c-94af-88bf31229476', 'question', '33111e21-fafe-40e3-a8c7-1690e5e0ae57', 15, true, '{"mandatory":{"errorMessage":"","errorSummary":""}}'),
       ('638cd6a6-460b-4ec3-bf16-551e64590c60', '5e76b6cf-6a94-44b4-a8b3-2d2acd791887', 'question', '33111e21-fafe-40e3-a8c7-1690e5e0ae57', 16, true, '{"mandatory":{"errorMessage":"","errorSummary":""}}'),
       ('7c9972eb-e2b4-453e-80c2-77e2334e12a7', '0d0865eb-3407-480e-9aaf-5724d6c8b9f7', 'group', 'b7e505fa-0de8-47ee-a207-c23f65782cb4', 16, true, null),
       ('a3e7be5e-4a03-4952-9622-76583f0e906e', 'c708da30-8768-48f4-b39e-a242578a1891', 'question', '0d0865eb-3407-480e-9aaf-5724d6c8b9f7', 1, true, '{"mandatory":{"errorMessage":"","errorSummary":""}}'),
       ('d041ec8c-bac7-498e-b44a-f1cd7952059d', 'a0e4736e-ea98-43b2-aaa8-b4a317c62ed3', 'question', '0d0865eb-3407-480e-9aaf-5724d6c8b9f7', 2, true, '{"mandatory":{"errorMessage":"","errorSummary":""}}'),
       ('2f3799b5-809e-4701-a551-5f220b29945c', 'b0ed89b0-0ef4-4cce-847f-84cc76c45347', 'question', '0d0865eb-3407-480e-9aaf-5724d6c8b9f7', 3, true, '{"mandatory":{"errorMessage":"","errorSummary":""}}'),
       ('d0fc56d3-1242-4a4b-8997-945f188bd387', '104c73bf-0db7-4c34-a740-91ceeb13b426', 'question', '0d0865eb-3407-480e-9aaf-5724d6c8b9f7', 4, true, '{"mandatory":{"errorMessage":"","errorSummary":""}}'),
       ('1e5cbf2c-e7e9-4f1e-8a2a-588e3c067b7d', '2b399ff5-d014-465f-9035-2b8058ab6c54', 'group', 'b7e505fa-0de8-47ee-a207-c23f65782cb4', 17, true, null),
       ('121de7e4-817f-4a95-8f62-75c5b1b10fdd', 'bb3594f4-a083-4ef1-93ec-e7c322f2c11c', 'question', '2b399ff5-d014-465f-9035-2b8058ab6c54', 1, true, '{"mandatory":{"errorMessage":"","errorSummary":""}}'),
       ('4356747b-dfc2-413c-8d46-9858c59b6569', 'ad30a7ea-af22-4e7b-bfc9-b1a80eb96574', 'question', '2b399ff5-d014-465f-9035-2b8058ab6c54', 2, true, '{"mandatory":{"errorMessage":"","errorSummary":""}}'),
       ('e62169eb-8c89-4567-a02d-c30687de6d84', '76aa00ec-0ff5-49fc-bd07-e593bf55e257', 'question', '2b399ff5-d014-465f-9035-2b8058ab6c54', 3, true, '{"mandatory":{"errorMessage":"","errorSummary":""}}'),
       ('c622974d-dc75-4985-a90e-4016054b2125', '62a69648-8202-4df0-a130-8966521fa2c0', 'question', '2b399ff5-d014-465f-9035-2b8058ab6c54', 4, true, '{"mandatory":{"errorMessage":"","errorSummary":""}}'),
       ('e60f14ba-53b4-455f-b4e7-f84eef4ad481', '21411806-a6ee-4bec-b046-b29532bcc567', 'question', '2b399ff5-d014-465f-9035-2b8058ab6c54', 5, true, '{"mandatory":{"errorMessage":"","errorSummary":""}}'),
       ('0f2ad8c0-3bc5-4498-bae0-633720bdb12f', '9df58223-dc32-440c-bcd7-477f57f3ac84', 'question', '2b399ff5-d014-465f-9035-2b8058ab6c54', 6, true, '{"mandatory":{"errorMessage":"","errorSummary":""}}'),
       ('aa0df14e-0456-451c-9f29-67b3abd1dbce', 'a54f0af6-83f3-4c5d-a0e8-8f1570030df3', 'group', 'b7e505fa-0de8-47ee-a207-c23f65782cb4', 18, true, null),
       ('f88650c9-6e04-4d95-bcf6-e90ee52ead0b', '4bce3dca-13f0-495b-86aa-cbce263fe8c0', 'question', 'a54f0af6-83f3-4c5d-a0e8-8f1570030df3', 1, true, '{"mandatory":{"errorMessage":"","errorSummary":""}}'),
       ('68c676af-b877-441c-9d9b-a0a6864e7a0d', '76829f01-fd9b-4f64-b3ef-239731950347', 'question', 'a54f0af6-83f3-4c5d-a0e8-8f1570030df3', 2, true, '{"mandatory":{"errorMessage":"","errorSummary":""}}'),
       ('4f4d4218-8f9b-4660-99ea-b55d7298200c', '4daf5210-0e4f-4457-8e95-fe222fb75840', 'question', 'a54f0af6-83f3-4c5d-a0e8-8f1570030df3', 3, true, '{"mandatory":{"errorMessage":"","errorSummary":""}}'),
       ('2fe079ee-ea50-46da-b7cd-a480e7a26ee8', '48c4614f-c572-498a-88e0-2656810d0871', 'question', 'a54f0af6-83f3-4c5d-a0e8-8f1570030df3', 4, true, '{"mandatory":{"errorMessage":"","errorSummary":""}}'),
       ('43a7f271-81ca-4414-bc6c-c4a86cb37a8c', 'e9fbf614-3680-4cad-a6b1-e194f442e61c', 'question', 'a54f0af6-83f3-4c5d-a0e8-8f1570030df3', 5, true, '{"mandatory":{"errorMessage":"","errorSummary":""}}'),
       ('e429ea81-8d3d-4a94-a3bf-cfde3b477d45', '7c1ff4ed-77ea-4d56-b27e-9bfb03018be3', 'question', 'a54f0af6-83f3-4c5d-a0e8-8f1570030df3', 6, true, '{"mandatory":{"errorMessage":"","errorSummary":""}}'),
       ('1a6d6ecd-9a35-4eac-90d3-5476beeb399f', '0931f4b1-7aa4-4d9f-9aac-97d9780e2f43', 'group', 'b7e505fa-0de8-47ee-a207-c23f65782cb4', 19, true, null),
       ('7819ace4-6e26-4ca7-9f2f-a60448ef0879', '097f79e4-7228-4168-b20f-f265f2ef8259', 'question', '0931f4b1-7aa4-4d9f-9aac-97d9780e2f43', 1, true, '{"mandatory":{"errorMessage":"","errorSummary":""}}'),
       ('0c867156-34d6-414c-bdc5-efe00ad03752', '79315802-7cff-461d-b755-b7e09db1b243', 'question', '0931f4b1-7aa4-4d9f-9aac-97d9780e2f43', 2, true, '{"mandatory":{"errorMessage":"","errorSummary":""}}'),
       ('28cc83bd-a8ae-4db3-b287-b594d1fd9a24', 'dd9d062e-1219-4f01-98c3-7ea507ac8c62', 'question', '0931f4b1-7aa4-4d9f-9aac-97d9780e2f43', 3, true, '{"mandatory":{"errorMessage":"","errorSummary":""}}'),
       ('87b9233c-10e9-4f52-ba38-6ed8ae26c56e', 'e64b9f6c-29c5-4eeb-a779-b98c6da5e2af', 'question', '0931f4b1-7aa4-4d9f-9aac-97d9780e2f43', 4, true, '{"mandatory":{"errorMessage":"","errorSummary":""}}'),
       ('dc215822-435a-4368-b0c1-82f25e36bfb1', '50ffb289-ae0a-4d0e-afda-00bfcfd09ee7', 'group', 'b7e505fa-0de8-47ee-a207-c23f65782cb4', 20, true, null),
       ('651d8724-209f-447f-b95a-53d4e0183839', 'ffc20827-b02f-4428-807b-b5b5cf6dec79', 'question', '50ffb289-ae0a-4d0e-afda-00bfcfd09ee7', 1, true, '{"mandatory":{"errorMessage":"","errorSummary":""}}'),
       ('c43899de-2fe2-4f79-9596-e79379e0fde7', 'b431d8f7-7687-4244-87e1-cdb5e7e6fb26', 'question', '50ffb289-ae0a-4d0e-afda-00bfcfd09ee7', 2, true, '{"mandatory":{"errorMessage":"","errorSummary":""}}'),
       ('fa61b658-61da-4d98-b1db-08ceca5dfe44', '8d0cf517-96c7-4538-a439-6105bf4e1fe9', 'question', '50ffb289-ae0a-4d0e-afda-00bfcfd09ee7', 3, true, '{"mandatory":{"errorMessage":"","errorSummary":""}}'),
       ('3a7b86bb-a2bb-4086-920b-81a2e1fea26d', 'a6d82fb4-9a32-4905-be82-f411d52fccf9', 'question', '50ffb289-ae0a-4d0e-afda-00bfcfd09ee7', 4, true, '{"mandatory":{"errorMessage":"","errorSummary":""}}'),
       ('80cbda80-1762-4dab-9324-ba82eab619fc', '8f52ae0e-f51c-42a5-a8fd-6229f5e42ccd', 'group', 'b7e505fa-0de8-47ee-a207-c23f65782cb4', 21, true, null),
       ('c175a661-8fed-453c-aca4-9c628c850691', '9622e1b6-5e39-4612-b987-e7f7feed16d2', 'question', '8f52ae0e-f51c-42a5-a8fd-6229f5e42ccd', 1, true, '{"mandatory":{"errorMessage":"","errorSummary":""}}'),
       ('761c4d54-5eee-4a95-85db-4b8a160276cd', '4ce8fb99-4435-4163-a241-b853c11dda92', 'question', '8f52ae0e-f51c-42a5-a8fd-6229f5e42ccd', 2, true, '{"mandatory":{"errorMessage":"","errorSummary":""}}'),
       ('d2e5adab-3ead-4696-a663-28cc73cd49fa', '6504334f-05fc-4793-be2a-acd65dca4913', 'question', '8f52ae0e-f51c-42a5-a8fd-6229f5e42ccd', 3, true, '{"mandatory":{"errorMessage":"","errorSummary":""}}'),
       ('ab379d9a-1e94-4ca1-89c7-81c62d0947cf', 'a6b56363-4008-4c9a-84f3-70af6e62c6f4', 'question', '8f52ae0e-f51c-42a5-a8fd-6229f5e42ccd', 4, true, '{"mandatory":{"errorMessage":"","errorSummary":""}}'),
       ('789a7488-908e-41aa-a189-55e4920a171f', '6f0fab6c-39b2-4de8-b4fe-733434fa4c35', 'group', 'b7e505fa-0de8-47ee-a207-c23f65782cb4', 22, true, null),
       ('8a643e7a-170b-461e-869f-d6efbb878aeb', '8d7c9f7f-e9db-4380-8ebb-5724088dffde', 'question', '6f0fab6c-39b2-4de8-b4fe-733434fa4c35', 1, true, '{"mandatory":{"errorMessage":"","errorSummary":""}}'),
       ('80040891-9ef1-4db8-aa45-004fe830cc0b', '04420121-8ddf-4681-a66d-13be2f63d404', 'question', '6f0fab6c-39b2-4de8-b4fe-733434fa4c35', 2, true, '{"mandatory":{"errorMessage":"","errorSummary":""}}'),
       ('e6a118a0-ecdf-4fdc-909a-74560b66e29b', 'd76302d4-5737-4a34-9d80-417caee26dac', 'group', 'b7e505fa-0de8-47ee-a207-c23f65782cb4', 23, true, null),
       ('d5129f37-2045-45a0-a8b5-4e1348d52362', '545b51ff-9876-40ea-bab4-f1d6cdda9c90', 'question', 'd76302d4-5737-4a34-9d80-417caee26dac', 1, true, '{"mandatory":{"errorMessage":"","errorSummary":""}}'),
       ('0ee86b36-7ce0-4903-b003-f94cabbdbae6', '2b962226-0ce4-406d-9862-a701925fc917', 'question', 'd76302d4-5737-4a34-9d80-417caee26dac', 2, true, '{"mandatory":{"errorMessage":"","errorSummary":""}}'),
       ('31fad8e5-6860-4f43-9a38-9898cedb1cbd', '055f5390-b437-4202-83eb-0bc53ce99510', 'question', 'd76302d4-5737-4a34-9d80-417caee26dac', 3, true, '{"mandatory":{"errorMessage":"","errorSummary":""}}'),
       ('f38440ca-d28e-4022-939e-50a26ca5a2c8', '236732fb-6fce-486a-a784-f17538d29970', 'group', 'b7e505fa-0de8-47ee-a207-c23f65782cb4', 24, true, null),
       ('cf143fdc-539c-4f3b-83a6-60cc03b39727', '405931b7-bfe8-4cc1-aace-4c23418ea60c', 'question', '236732fb-6fce-486a-a784-f17538d29970', 1, true, '{"mandatory":{"errorMessage":"","errorSummary":""}}'),
       ('2d5dd7b0-daf5-454a-b9cd-3ad2fd995239', '354f40cc-cdbe-418a-9daa-d66c9645b884', 'question', '236732fb-6fce-486a-a784-f17538d29970', 2, true, '{"mandatory":{"errorMessage":"","errorSummary":""}}'),
       ('20e886f4-a1e2-4b0b-bfb9-e21a73472f8c', 'c71829fe-b40b-4085-bf7e-3e614d1b8e57', 'question', '236732fb-6fce-486a-a784-f17538d29970', 3, true, '{"mandatory":{"errorMessage":"","errorSummary":""}}'),
       ('76cc2849-3c70-495b-b610-cf5810c52f04', '70a5b2e0-3045-43ef-af17-ec18f4107520', 'question', '236732fb-6fce-486a-a784-f17538d29970', 4, true, '{"mandatory":{"errorMessage":"","errorSummary":""}}'),
       ('941c79c2-89d5-4ffd-954c-3e25f1526ef8', '45f3f721-99bf-45f2-9a8a-92635adca9e7', 'question', '236732fb-6fce-486a-a784-f17538d29970', 5, true, '{"mandatory":{"errorMessage":"","errorSummary":""}}'),
       ('cad1c982-dc24-43dd-b7da-e4394f50fda3', '49419d11-bbc5-4dbc-b30d-da854fd4f71f', 'question', '236732fb-6fce-486a-a784-f17538d29970', 6, true, '{"mandatory":{"errorMessage":"","errorSummary":""}}'),
       ('77151947-d985-4fe3-ae6e-ce5c5e4e1446', '82d4d18b-fe1f-4356-a0ca-e8f1c097ecc8', 'question', '236732fb-6fce-486a-a784-f17538d29970', 7, true, '{"mandatory":{"errorMessage":"","errorSummary":""}}'),
       ('c6f45c92-7791-433e-aa48-e45a0f7a2d58', 'ca0629c1-000b-46c6-8f69-551bb2a5f739', 'question', '236732fb-6fce-486a-a784-f17538d29970', 8, true, '{"mandatory":{"errorMessage":"","errorSummary":""}}'),
       ('1938b16f-6c4a-4ea5-abc1-3ad748e115af', '0e20c035-a7a3-4ee4-9984-6e51f4223d16', 'question', '236732fb-6fce-486a-a784-f17538d29970', 9, true, '{"mandatory":{"errorMessage":"","errorSummary":""}}'),
       ('c28d591e-8fbb-4b74-a09a-81d7f2d46aab', '815bcb94-fc27-41c0-a116-a481906d24d8', 'question', '236732fb-6fce-486a-a784-f17538d29970', 10, true, '{"mandatory":{"errorMessage":"","errorSummary":""}}'),
       ('87e8b39a-b009-4bec-83fd-25f5477c3d29', '6d8042cf-5e2d-46dd-a3f1-e4db796e2801', 'question', '236732fb-6fce-486a-a784-f17538d29970', 11, true, '{"mandatory":{"errorMessage":"","errorSummary":""}}'),
       ('1d113df0-05e0-46d0-be91-b73a93b94498', '4c8a3264-ee4d-4392-a75e-492c1dabe145', 'question', '236732fb-6fce-486a-a784-f17538d29970', 12, true, '{"mandatory":{"errorMessage":"","errorSummary":""}}'),
       ('d1122a1f-68d0-44fe-8f7d-b2a0a15f0a23', '47e70940-b65e-4172-842a-abb1853873c2', 'question', '236732fb-6fce-486a-a784-f17538d29970', 13, true, '{"mandatory":{"errorMessage":"","errorSummary":""}}'),
       ('293859bf-cf32-42cd-be01-a7576dc7d82a', '54963f8b-5d86-4f7d-8f78-a420918c16ce', 'group', 'b7e505fa-0de8-47ee-a207-c23f65782cb4', 25, true, null),
       ('8da3aa0b-5ad6-40d4-91c5-e0062c7d4446', 'dd04df65-37de-48fc-bd8f-fb4cf52be83c', 'question', '54963f8b-5d86-4f7d-8f78-a420918c16ce', 1, true, '{"mandatory":{"errorMessage":"","errorSummary":""}}'),
       ('dafe8afd-07c3-4902-b827-786b3c48b8e5', '094874ac-3b3a-4491-b7f3-79c71d8d77dd', 'question', '54963f8b-5d86-4f7d-8f78-a420918c16ce', 2, true, '{"mandatory":{"errorMessage":"","errorSummary":""}}'),
       ('55e10e0f-5d0a-45ec-98c6-b325b7c4811a', 'c1aae136-8912-42e9-a4e2-d19b546a61f4', 'question', '54963f8b-5d86-4f7d-8f78-a420918c16ce', 3, true, '{"mandatory":{"errorMessage":"","errorSummary":""}}'),
       ('bd8b0625-ea42-48fb-b6bf-fb5603eeda04', '4e56c0df-867f-4337-890d-f5789a332e9e', 'question', '54963f8b-5d86-4f7d-8f78-a420918c16ce', 4, true, '{"mandatory":{"errorMessage":"","errorSummary":""}}'),
       ('355fc36d-60d9-4aa8-9c29-bb2421450d95', '26675158-b1b3-4e5a-af90-be18b1826cea', 'question', '54963f8b-5d86-4f7d-8f78-a420918c16ce', 5, true, '{"mandatory":{"errorMessage":"","errorSummary":""}}'),
       ('0348c7c7-5ddf-4658-ba01-370782573e3c', '4536355b-9a8f-4dcd-b605-f8f9afbfb4a0', 'question', '54963f8b-5d86-4f7d-8f78-a420918c16ce', 6, true, '{"mandatory":{"errorMessage":"","errorSummary":""}}'),
       ('98254ce0-57e9-42c0-b3d7-a5824779ec06', '53426806-f5e8-4c52-9be3-c9c76c4996a2', 'question', '54963f8b-5d86-4f7d-8f78-a420918c16ce', 7, true, '{"mandatory":{"errorMessage":"","errorSummary":""}}'),
       ('b001388a-5b98-49f2-b715-67637efe6cea', 'bf89f322-1c8c-43b1-ab11-52195ba6f8a9', 'question', '54963f8b-5d86-4f7d-8f78-a420918c16ce', 8, true, '{"mandatory":{"errorMessage":"","errorSummary":""}}'),
       ('7cf30858-7d81-4754-bc5e-5e7186c8171f', 'daca653e-a39c-4abc-85d6-1dc95cc75e8c', 'question', '54963f8b-5d86-4f7d-8f78-a420918c16ce', 9, true, '{"mandatory":{"errorMessage":"","errorSummary":""}}'),
       ('65858dc7-3b3f-4c22-8783-df70d817cf80', '48d826e0-5267-4367-9362-23d465f682ed', 'question', '54963f8b-5d86-4f7d-8f78-a420918c16ce', 10, true, '{"mandatory":{"errorMessage":"","errorSummary":""}}'),
       ('81461946-229a-4b37-a60c-c6b3388af76e', '5d310757-9fbe-4255-8cd4-bcf4e22c4331', 'question', '54963f8b-5d86-4f7d-8f78-a420918c16ce', 11, true, '{"mandatory":{"errorMessage":"","errorSummary":""}}'),
       ('bf02bbde-cc96-41b0-997a-8f7cf8b916ef', '646d58d3-e21d-49c5-820b-d807073d57f4', 'question', '54963f8b-5d86-4f7d-8f78-a420918c16ce', 12, true, '{"mandatory":{"errorMessage":"","errorSummary":""}}'),
       ('6c50f888-aae0-4937-afba-06360a37a156', 'a4735704-e378-4922-b0bc-3e3714e5a412', 'question', '54963f8b-5d86-4f7d-8f78-a420918c16ce', 13, true, '{"mandatory":{"errorMessage":"","errorSummary":""}}'),
       ('544e15ae-f8a9-4ccc-a3e3-4fbf6fe177fa', 'bd2acb13-d9fc-4e9d-a56c-f575b1f88498', 'question', '54963f8b-5d86-4f7d-8f78-a420918c16ce', 14, true, '{"mandatory":{"errorMessage":"","errorSummary":""}}'),
       ('28c8a66a-60ad-46cb-9698-0d62f185087e', '55531d82-370c-4fe3-824b-9354b96b2496', 'question', '54963f8b-5d86-4f7d-8f78-a420918c16ce', 15, true, '{"mandatory":{"errorMessage":"","errorSummary":""}}'),
       ('f7e58e36-38bc-497f-a688-62a11c5532b7', 'd8e9f9fa-b20d-40ff-a999-93511a017cfc', 'question', '54963f8b-5d86-4f7d-8f78-a420918c16ce', 16, true, '{"mandatory":{"errorMessage":"","errorSummary":""}}'),
       ('cd381dfe-c491-4023-a963-8a75077925ab', 'd1c1781e-5f83-42d4-96d4-dd53a0fe2836', 'question', '54963f8b-5d86-4f7d-8f78-a420918c16ce', 17, true, '{"mandatory":{"errorMessage":"","errorSummary":""}}'),
       ('e235565d-890c-4a5c-899b-49104b5ad8cd', 'c9f6752e-4a50-4371-814d-01bc7837526e', 'question', '54963f8b-5d86-4f7d-8f78-a420918c16ce', 18, true, '{"mandatory":{"errorMessage":"","errorSummary":""}}'),
       ('c1a21324-635e-49bd-967c-623db1c9d001', 'c934a389-6d07-492e-92fa-6e34a63afbfb', 'question', '54963f8b-5d86-4f7d-8f78-a420918c16ce', 19, true, '{"mandatory":{"errorMessage":"","errorSummary":""}}'),
       ('04afbddd-efad-49d7-a053-cc7ec9d99af6', '0b398491-5730-4392-8110-943428feb407', 'group', 'b7e505fa-0de8-47ee-a207-c23f65782cb4', 26, true, null),
       ('eb8d2f25-0831-4215-8fce-ee30fbc354e6', '368a929f-80dd-4f00-88f2-420c1f55cbcf', 'question', '0b398491-5730-4392-8110-943428feb407', 1, true, '{"mandatory":{"errorMessage":"Enter the individual'' risk factors","errorSummary":"Enter the individual'' risk factors"}}'),
       ('94e2cc94-104c-48c2-9881-e7bd1005eb67', '4feb24eb-6e2a-47df-9433-38b61ce03600', 'question', '0b398491-5730-4392-8110-943428feb407', 2, true, '{"mandatory":{"errorMessage":"Enter protective factors","errorSummary":"Enter protective factors"}}'),
       ('f02ad60b-c121-4911-9399-e12def287615', 'e8f5ea6f-76f8-4dee-a420-1a7f919756b4', 'question', '0b398491-5730-4392-8110-943428feb407', 3, true, '{"mandatory":{"errorMessage":"Select yes or no","errorSummary":"Select yes or no"}}'),
       ('1e1c6901-5855-4eea-90b0-9b6ccb7f06b6', '69de79f1-20e4-4f88-a276-0f753f1ee7b9', 'question', '0b398491-5730-4392-8110-943428feb407', 4, true, '{"mandatory":{"errorMessage":"Enter details","errorSummary":"Enter details"}}'),
       ('31bf55f4-075c-41f6-8b87-96a78f96817d', 'ce44d192-7822-4b05-9da5-b51364a3c87b', 'question', '0b398491-5730-4392-8110-943428feb407', 5, true, '{"mandatory":{"errorMessage":"Select the likelihood of further offending","errorSummary":"Select the likelihood of further offending"}}'),
       ('63a1d5f5-2720-44c7-8e2e-ce4517587bb8', '43f65176-aa62-4b2c-bc03-62f8349d2a0b', 'question', '0b398491-5730-4392-8110-943428feb407', 6, true, '{"mandatory":{"errorMessage":"Select the risk of serious harm","errorSummary":"Select the risk of serious harm"}}'),
       ('7a993e99-6b90-4f91-8661-4eeb0b6ac25b', '51a11017-0fdb-4f89-8267-b38900c9a5f6', 'question', '0b398491-5730-4392-8110-943428feb407', 7, true, '{"mandatory":{"errorMessage":"Select yes or no","errorSummary":"Select yes or no"}}'),
       ('dd455124-7cc8-4bc5-9fab-4f2918ef0733', 'c02db10b-0c66-459a-a834-c051d3af9775', 'question', '0b398491-5730-4392-8110-943428feb407', 8, true, '{"mandatory":{"errorMessage":"Select the individual''s response to previous supervision","errorSummary":"Select the individual''s response to previous supervision"}}'),
       ('811b6b3b-3db0-4726-8c69-fe01751be4e9', 'aabae04f-d43f-4d16-b0de-a2b69bf5a48e', 'question', '0b398491-5730-4392-8110-943428feb407', 9, true, '{"mandatory":{"errorMessage":"Enter details","errorSummary":"Enter details"}}'),
       ('e6b9066f-25ef-4f0d-b62d-2e2ef1c2cef0', '7d6b6191-8264-4c3f-9132-fd0ade946d8c', 'group', 'b7e505fa-0de8-47ee-a207-c23f65782cb4', 27, true, null),
       ('bc7fab6c-1b27-4257-ba99-5133f9435822', '639cd93c-8aae-4398-8c96-0fee0a445a3b', 'question', '7d6b6191-8264-4c3f-9132-fd0ade946d8c', 1, true, null),
       ('5a3f7171-5566-4f8e-845e-ba276c16a9ce', 'caff2ef5-c75c-44a4-91dd-2ce0649699ad', 'question', '7d6b6191-8264-4c3f-9132-fd0ade946d8c', 2, true, null),
       ('32e3ec3e-6ba3-43be-8236-c398769e4930', '20212479-6816-4e24-83aa-d6ce814cdc07', 'question', '7d6b6191-8264-4c3f-9132-fd0ade946d8c', 3, true, '{"mandatory":{"errorMessage":"Enter a proposed sentence","errorSummary":"Enter a proposed sentence"}}'),
       ('2b85b06e-ff4a-4cbf-b200-e3ba26b512f8', '978bb286-b51b-4e3e-a2f8-d34afdb338d3', 'group', 'b7e505fa-0de8-47ee-a207-c23f65782cb4', 28, true, null),
       ('1bad0b33-f238-4eed-8bba-e3f1a87ee5c7', 'cf18125b-03ef-4a8f-9637-445be4cf0f88', 'question', '978bb286-b51b-4e3e-a2f8-d34afdb338d3', 1, true, '{"mandatory":{"errorMessage":"Select the information sources","errorSummary":"Select the information sources"}}'),
       ('88b8152d-96f4-47bb-9916-4618163348f6', '45ad1582-0462-4df6-861b-cfb9f924aec6', 'question', '978bb286-b51b-4e3e-a2f8-d34afdb338d3', 2, true, '{"mandatory":{"errorMessage":"","errorSummary":""}}'),
       ('5f46669e-25dc-471e-bfe0-633e189244c7', '267eb317-2aac-4781-99be-fd88c6507cf7', 'question', '978bb286-b51b-4e3e-a2f8-d34afdb338d3', 3, true, '{"mandatory":{"errorMessage":"","errorSummary":""}}'),
       ('f323e8f7-ca44-4ae5-b422-fb074902d8d5', '00ad767f-827e-4305-8a37-4ec85de3fa5c', 'question', '978bb286-b51b-4e3e-a2f8-d34afdb338d3', 4, true, '{"mandatory":{"errorMessage":"","errorSummary":""}}');


INSERT INTO question_dependency (subject_question_uuid, trigger_question_uuid, trigger_answer_value, dependency_start)
VALUES ('8ba5caba-aebf-4e4e-af38-17fa55cc23ce', 'fedc5f97-63f6-4816-886b-9113845fe684', 'Y', '2020-11-30 14:50:00'),
       ('ea418282-ecbd-4354-ac77-31f54c8087f5', '9639c139-2923-410f-ac69-33efdca9aef4', 'Y', '2020-11-30 14:50:00'),
       ('842e5959-2ec6-4396-98c1-404ca519ccf9', 'c787bfe0-5472-4f64-9072-81ac29f7b182', 'Y', '2020-11-30 14:50:00'),
       ('dfdfe976-f7e9-44d2-82f3-0071bc033186', 'f4f59e46-6765-4b1e-a801-56e46db689f4', 'Y', '2020-11-30 14:50:00'),
       ('498570bb-8c45-480a-ba74-d2804ef81ffa', 'c7f41955-1ad8-4031-aaf0-f507d116bab5', 'Y', '2020-11-30 14:50:00'),
       ('c4d9952d-cd09-42dd-a372-8897a0b0cb23', 'c4884027-1eb3-4360-94ed-0485902410c6', 'Y', '2020-11-30 14:50:00'),
       ('0a241a23-652e-4f75-a19e-dae2ee582df0', 'ae90f9e3-c063-4d3d-9d0b-c385067e34c8', 'Y', '2020-11-30 14:50:00'),
       ('337b8b5a-afef-4e96-804f-98c34824483c', '665f87c8-606a-4fee-a739-e66a654896d3', 'Y', '2020-11-30 14:50:00'),
       ('6fab6d23-5a7a-4e92-85f9-c02f1d153ff5', '959513a9-ce26-42e0-9814-6ab432673a32', 'Y', '2020-11-30 14:50:00'),
       ('aa4bb075-353c-4213-a159-d5ba092a4168', 'e49c8c27-d2ac-4c87-969f-5d4ca56d3f46', 'Y', '2020-11-30 14:50:00'),
       ('7a1065dc-4a01-4e64-9e72-d32c1613c2f2', '6c34bd8c-ef76-413b-ac6c-d2b942330e22', 'Y', '2020-11-30 14:50:00'),
       ('7f0a230e-a7a7-48bd-afa9-0104fa78f600', 'cc7d7b31-bf1c-4db0-a785-b779718a534e', 'Y', '2020-11-30 14:50:00'),
       ('d8012297-07ce-46ce-86e2-44c884e56911', '8d5a9863-d6d2-45fc-b906-59885759348f', 'Y', '2020-11-30 14:50:00'),
       ('2819c006-128d-4a3d-b631-aab425cc1567', '9f98d14b-9c8b-4bb7-9d77-4de12dd488d4', 'Y', '2020-11-30 14:50:00'),
       ('45ae20cd-caab-4241-b530-180ed9939e99', '3c10762e-c0e3-4237-940f-831c7a05e0cf', 'Y', '2020-11-30 14:50:00'),
       ('9a9b6269-c382-45ac-a2ae-4cbcc0f40e45', '53a6aee3-2b61-49ab-a28a-057477c0df1c', 'Y', '2020-11-30 14:50:00'),
       ('f60ea4d3-aedb-4bac-b20b-63b8d1b331ed', '32f702f3-ade4-4f44-8e56-e1b28fb23a21', 'Y', '2020-11-30 14:50:00'),
       ('526fb74c-9b75-4cef-8b5a-6ab66805213d', 'f0d2c007-9825-427a-ac4d-7e046a9d882a', 'Y', '2020-11-30 14:50:00'),
       ('152edee9-61b7-409d-8a1c-e19cd6867112', '9e7a1adc-624e-41e4-9aa6-12d5fa987f49', 'Y', '2020-11-30 14:50:00'),
       ('8f20fa5e-10b1-4b57-82da-74dcb38bf3c2', '0a2ec715-8371-41be-bde7-89d55366a166', 'Y', '2020-11-30 14:50:00'),
       ('3c5bc574-80c3-4336-b0bb-640b56988fc5', '03d3aaea-1eee-463f-a290-f42f1a37f525', 'Y', '2020-11-30 14:50:00'),
       ('d6b03152-8139-410b-aaca-368aeddb907c', '7435049b-a784-49c4-bb27-8fcb3e994f01', 'Y', '2020-11-30 14:50:00'),
       ('26662f2a-4f57-4a26-affd-9d205149b5a5', 'cfd09041-0eaf-461c-bde2-f84bcd0c2e85', 'Y', '2020-11-30 14:50:00'),
       ('a2a9196c-3fd3-4bef-a338-f3c361d8a6e7', '2242ed67-e787-4408-93cb-7b52235619ba', 'Y', '2020-11-30 14:50:00'),
       ('c2987a01-425c-4871-a47a-f3db8741717c', 'b9cfa448-286b-46da-86d2-2e82ccfc9776', 'Y', '2020-11-30 14:50:00'),
       ('1d463952-8bcc-4c97-9ef4-710596669177', 'eec87cc8-00cb-428c-9746-ba0ba4937460', 'Y', '2020-11-30 14:50:00'),
       ('69de79f1-20e4-4f88-a276-0f753f1ee7b9', 'e8f5ea6f-76f8-4dee-a420-1a7f919756b4', 'Y', '2020-11-30 14:50:00'),
       ('aabae04f-d43f-4d16-b0de-a2b69bf5a48e', 'c02db10b-0c66-459a-a834-c051d3af9775', 'Y', '2020-11-30 14:50:00'),
       ('00ad767f-827e-4305-8a37-4ec85de3fa5c', '267eb317-2aac-4781-99be-fd88c6507cf7', 'Y', '2020-11-30 14:50:00');