INSERT INTO answer_schema_group (answer_schema_group_uuid, answer_schema_group_code, group_start, group_end)
VALUES ('6f07dcff-5680-4ee6-8f89-13117142592e', 'yes_no', '2020-11-30 14:50:00', null),
    ('f26cd319-0863-402e-b835-ffdc0ee0e52f', 'tbc', '2020-11-30 14:50:00', null),
    ('fec095b3-cddf-48a4-8d1b-8d7fac24978a', 'punishment_public-protection_crime-reduction_reparation_reform-or-rehabilitation', '2020-11-30 14:50:00', null),
    ('eec0e290-9c38-49fe-96f1-04359d00c495', 'absconding/bail_acquisitive-violence_burglary-(domestic)_burglary-(other)_criminal-damage_drink-driving_drug-import/export/production_drug-possession/supply_drunkeness_fraud,-forgery-and-misrepresentation_handling-stolen-goods_motoring-(not-drink-driving)_public-order-(harassment)_sexual-(against-children)_sexual-(not-against-children)_theft-(not-vehicle-related)_vehicle-related-theft_violence-against-the-person_welfare-fraud_other-offence', '2020-11-30 14:50:00', null),
    ('e2731080-5e4b-4283-81ed-a0fc16ca2f52', 'no-problems_some-problems_significant-problems', '2020-11-30 14:50:00', null),
    ('0de7b2c4-f5d9-404e-8b04-1c90b8a696fa', 'tenant-owner-/-occupied_living-with-(stable)_living-with-(unstable)_b&b-/-hotel_hostel_no-fixed-abode', '2020-11-30 14:50:00', null),
    ('081bd74f-6cfd-4705-90c2-c8a547040553', 'some-problems-_significant-problems', '2020-11-30 14:50:00', null),
    ('829f950b-5068-4a49-bc59-77786f8f5083', 'very-high_high_medium_low', '2020-11-30 14:50:00', null),
    ('fdf1015d-2b97-46cf-a929-77c8deb11a39', 'very-hgh_high_medium_low', '2020-11-30 14:50:00', null),
    ('f2e0e224-5297-49d0-b33c-19da949d1aff', 'good_satisfactory_poor', '2020-11-30 14:50:00', null),
    ('a07adb43-714b-4dab-87ea-73c087ee5ff2', 'conditional-discharge_fine_custody_unpaid-work_community-order_curfew_other', '2020-11-30 14:50:00', null),
    ('ce4abaf5-00c0-47ce-b791-ed7cf02850bd', 'interview_service-records_cps-summary_previous-oasys-assessments_previous-convictions_victim-statement_safeguarding-checks_police-information_sentencing-guidelines_domestic-abuse-call-out-information', '2020-11-30 14:50:00', null);


INSERT INTO answer_schema (answer_schema_uuid, answer_schema_code, answer_schema_group_uuid, answer_start, answer_end, value, text)
VALUES ('39d51f26-6e4b-4fdf-9c88-c2375f861c71', 'yes', '6f07dcff-5680-4ee6-8f89-13117142592e', '2020-11-30 14:50:00', null, 'Y', 'Yes'),
    ('1943cd2f-570f-43b1-b0ca-2f00bd30ac83', 'no', '6f07dcff-5680-4ee6-8f89-13117142592e', '2020-11-30 14:50:00', null, 'N', 'No'),
    ('690a0aec-6e8a-4c9f-ae54-a05fc34e6254', 'tbc', 'f26cd319-0863-402e-b835-ffdc0ee0e52f', '2020-11-30 14:50:00', null, 'tbc', 'TBC'),
    ('91b7410e-c261-440a-b323-fe80d85f49b5', 'punishment', 'fec095b3-cddf-48a4-8d1b-8d7fac24978a', '2020-11-30 14:50:00', null, 'punishment', 'Punishment'),
    ('5a415832-8235-4559-aaf3-cd73ed716f11', 'public-protection', 'fec095b3-cddf-48a4-8d1b-8d7fac24978a', '2020-11-30 14:50:00', null, 'public protection', 'Public protection'),
    ('38e053d3-c685-4060-829e-452fb49e890c', 'crime-reduction', 'fec095b3-cddf-48a4-8d1b-8d7fac24978a', '2020-11-30 14:50:00', null, 'crime reduction', 'Crime reduction'),
    ('fb6e88ac-4873-45b4-a76b-d144d443b65c', 'reparation', 'fec095b3-cddf-48a4-8d1b-8d7fac24978a', '2020-11-30 14:50:00', null, 'reparation', 'Reparation'),
    ('d9ac8335-8cab-44e0-ba3d-a223afae4cd4', 'reform-or-rehabilitation', 'fec095b3-cddf-48a4-8d1b-8d7fac24978a', '2020-11-30 14:50:00', null, 'reform or rehabilitation', 'Reform or rehabilitation'),
    ('b05b6f1e-79bf-48c4-925b-f0623bd79518', 'absconding/bail', 'eec0e290-9c38-49fe-96f1-04359d00c495', '2020-11-30 14:50:00', null, 'absconding/bail', 'Absconding/bail'),
    ('a325dd7f-b1f0-4232-b2f9-a5be0bb7b74b', 'acquisitive-violence', 'eec0e290-9c38-49fe-96f1-04359d00c495', '2020-11-30 14:50:00', null, 'acquisitive violence', 'Acquisitive violence'),
    ('525330f3-773c-4337-bafe-983e998f5834', 'burglary-(domestic)', 'eec0e290-9c38-49fe-96f1-04359d00c495', '2020-11-30 14:50:00', null, 'burglary (domestic)', 'Burglary (domestic)'),
    ('b740776f-4d81-46e0-8f34-565fa0e752e9', 'burglary-(other)', 'eec0e290-9c38-49fe-96f1-04359d00c495', '2020-11-30 14:50:00', null, 'burglary (other)', 'Burglary (other)'),
    ('15725183-488c-41cd-89ea-a616a4451809', 'criminal-damage', 'eec0e290-9c38-49fe-96f1-04359d00c495', '2020-11-30 14:50:00', null, 'criminal damage', 'Criminal damage'),
    ('e9b8e3c4-b59d-4c22-b5b8-4bd9fe1abe85', 'drink-driving', 'eec0e290-9c38-49fe-96f1-04359d00c495', '2020-11-30 14:50:00', null, 'drink driving', 'Drink driving'),
    ('f122edc8-a097-4e31-8ed6-847dca3ffcca', 'drug-import/export/production', 'eec0e290-9c38-49fe-96f1-04359d00c495', '2020-11-30 14:50:00', null, 'drug import/export/production', 'Drug import/export/production'),
    ('ac9fa1ce-24ee-4a47-a53c-8e16cc709757', 'drug-possession/supply', 'eec0e290-9c38-49fe-96f1-04359d00c495', '2020-11-30 14:50:00', null, 'drug possession/supply', 'Drug possession/supply'),
    ('fac7865c-5739-448a-87c4-6c9339836cd5', 'drunkeness', 'eec0e290-9c38-49fe-96f1-04359d00c495', '2020-11-30 14:50:00', null, 'drunkeness', 'Drunkeness'),
    ('3d6fe1bb-6989-4ca0-ad00-5004115afc70', 'fraud,-forgery-and-misrepresentation', 'eec0e290-9c38-49fe-96f1-04359d00c495', '2020-11-30 14:50:00', null, 'fraud, forgery and misrepresentation', 'Fraud, forgery and misrepresentation'),
    ('ee876809-2ae8-4e7f-9f16-a0c768b6eed3', 'handling-stolen-goods', 'eec0e290-9c38-49fe-96f1-04359d00c495', '2020-11-30 14:50:00', null, 'handling stolen goods', 'Handling stolen goods'),
    ('5728dcbd-c1c5-4ece-b10e-02e74045f3aa', 'motoring-(not-drink-driving)', 'eec0e290-9c38-49fe-96f1-04359d00c495', '2020-11-30 14:50:00', null, 'motoring (not drink driving)', 'Motoring (not drink driving)'),
    ('f3475771-d6a6-44f1-9def-2e20ba662da6', 'public-order-(harassment)', 'eec0e290-9c38-49fe-96f1-04359d00c495', '2020-11-30 14:50:00', null, 'public order (harassment)', 'Public order (harassment)'),
    ('c6355a97-01fc-4293-becd-fdf89c9bf8d5', 'sexual-(against-children)', 'eec0e290-9c38-49fe-96f1-04359d00c495', '2020-11-30 14:50:00', null, 'sexual (against children)', 'Sexual (against children)'),
    ('7ec19c01-4530-4e8e-a1fe-d5d1637bb605', 'sexual-(not-against-children)', 'eec0e290-9c38-49fe-96f1-04359d00c495', '2020-11-30 14:50:00', null, 'sexual (not against children)', 'Sexual (not against children)'),
    ('5dfb91b1-b986-43c3-b9cb-85d52bf2a749', 'theft-(not-vehicle-related)', 'eec0e290-9c38-49fe-96f1-04359d00c495', '2020-11-30 14:50:00', null, 'theft (not vehicle-related)', 'Theft (not vehicle-related)'),
    ('c63c54fc-1c32-40a4-a2f4-30ba796abc40', 'vehicle-related-theft', 'eec0e290-9c38-49fe-96f1-04359d00c495', '2020-11-30 14:50:00', null, 'vehicle-related theft', 'Vehicle-related theft'),
    ('444446d6-95d5-46a3-ab25-7c607b0c4af5', 'violence-against-the-person', 'eec0e290-9c38-49fe-96f1-04359d00c495', '2020-11-30 14:50:00', null, 'violence against the person', 'Violence against the person'),
    ('c565c322-2f0d-46ef-80dd-fc5f408fe6ff', 'welfare-fraud', 'eec0e290-9c38-49fe-96f1-04359d00c495', '2020-11-30 14:50:00', null, 'welfare fraud', 'Welfare fraud'),
    ('e41562dc-bc3b-426f-a671-e70404a4a7cd', 'other-offence', 'eec0e290-9c38-49fe-96f1-04359d00c495', '2020-11-30 14:50:00', null, 'other offence', 'Other offence'),
    ('64f237d4-6884-483a-8eac-1764fe288db7', 'no-problems', 'e2731080-5e4b-4283-81ed-a0fc16ca2f52', '2020-11-30 14:50:00', null, 'no problems', 'No problems'),
    ('ffdaec78-5fe3-446d-a315-4dbfea0dd4d6', 'some-problems', 'e2731080-5e4b-4283-81ed-a0fc16ca2f52', '2020-11-30 14:50:00', null, 'some problems', 'Some problems'),
    ('4cd5d83a-18e2-41ec-9807-e110b9ccf5fd', 'significant-problems', 'e2731080-5e4b-4283-81ed-a0fc16ca2f52', '2020-11-30 14:50:00', null, 'significant problems', 'Significant problems'),
    ('8a994d71-1761-432b-b85b-0c74c5a1d661', 'tenant-owner-/-occupied', '0de7b2c4-f5d9-404e-8b04-1c90b8a696fa', '2020-11-30 14:50:00', null, 'tenant owner / occupied', 'Tenant owner / occupied'),
    ('c2fe8f3a-a147-4f89-be61-d1c1be03d49d', 'living-with-(stable)', '0de7b2c4-f5d9-404e-8b04-1c90b8a696fa', '2020-11-30 14:50:00', null, 'living with (stable)', 'Living with (stable)'),
    ('e3b91171-85ef-45e5-9552-ad221ae6a43e', 'living-with-(unstable)', '0de7b2c4-f5d9-404e-8b04-1c90b8a696fa', '2020-11-30 14:50:00', null, 'living with (unstable)', 'Living with (unstable)'),
    ('18330b58-cff9-48b1-a4f7-fd3e864942af', 'b&b-/-hotel', '0de7b2c4-f5d9-404e-8b04-1c90b8a696fa', '2020-11-30 14:50:00', null, 'b&b / hotel', 'B&B / hotel'),
    ('bcf74b9c-13b9-46ff-b2f1-bbde9a67c60b', 'hostel', '0de7b2c4-f5d9-404e-8b04-1c90b8a696fa', '2020-11-30 14:50:00', null, 'hostel', 'Hostel'),
    ('30012bf9-a23b-4278-a5bc-22228d0b8f28', 'no-fixed-abode', '0de7b2c4-f5d9-404e-8b04-1c90b8a696fa', '2020-11-30 14:50:00', null, 'no fixed abode', 'No fixed abode'),
    ('c46605c4-864d-4ee7-8fb6-416cbe96fa7f', 'some-problems-', '081bd74f-6cfd-4705-90c2-c8a547040553', '2020-11-30 14:50:00', null, 'some problems ', 'Some problems '),
    ('afd9df86-9f2d-4b05-9cf9-cd1e2f649db6', 'significant-problems', '081bd74f-6cfd-4705-90c2-c8a547040553', '2020-11-30 14:50:00', null, 'significant problems', 'Significant problems'),
    ('d6ca7361-35d1-418b-aa85-8a2dd46ae179', 'very-high', '829f950b-5068-4a49-bc59-77786f8f5083', '2020-11-30 14:50:00', null, 'very high', 'Very high'),
    ('fb033c37-e16a-40a6-b643-ad7c2a111b6c', 'high', '829f950b-5068-4a49-bc59-77786f8f5083', '2020-11-30 14:50:00', null, 'high', 'High'),
    ('ecd685d8-96fb-4cc9-9d2f-fd345bea4099', 'medium', '829f950b-5068-4a49-bc59-77786f8f5083', '2020-11-30 14:50:00', null, 'medium', 'Medium'),
    ('2af1d9c9-db2e-4675-b774-3c12ceca293f', 'low', '829f950b-5068-4a49-bc59-77786f8f5083', '2020-11-30 14:50:00', null, 'low', 'Low'),
    ('a0bef0b0-b473-4114-a890-c8fe6c1d005d', 'very-hgh', 'fdf1015d-2b97-46cf-a929-77c8deb11a39', '2020-11-30 14:50:00', null, 'very hgh', 'Very hgh'),
    ('cfbe1f10-9828-474e-b2a6-0746cb569e74', 'high', 'fdf1015d-2b97-46cf-a929-77c8deb11a39', '2020-11-30 14:50:00', null, 'high', 'High'),
    ('4fa0a856-5261-4d01-b90f-55a9cfc1b409', 'medium', 'fdf1015d-2b97-46cf-a929-77c8deb11a39', '2020-11-30 14:50:00', null, 'medium', 'Medium'),
    ('8b7cf13e-0fad-4282-b881-230f429b2930', 'low', 'fdf1015d-2b97-46cf-a929-77c8deb11a39', '2020-11-30 14:50:00', null, 'low', 'Low'),
    ('ab289223-e7eb-47d7-a215-068eeadee89b', 'good', 'f2e0e224-5297-49d0-b33c-19da949d1aff', '2020-11-30 14:50:00', null, 'good', 'Good'),
    ('87f0e90d-3413-4d11-9efb-c7dde2cbacdd', 'satisfactory', 'f2e0e224-5297-49d0-b33c-19da949d1aff', '2020-11-30 14:50:00', null, 'satisfactory', 'Satisfactory'),
    ('3c4a064a-29c3-46fd-b10e-1d647c7c1090', 'poor', 'f2e0e224-5297-49d0-b33c-19da949d1aff', '2020-11-30 14:50:00', null, 'poor', 'Poor'),
    ('f34cfc2a-5d77-406a-b7ed-c9b91983eb98', 'conditional-discharge', 'a07adb43-714b-4dab-87ea-73c087ee5ff2', '2020-11-30 14:50:00', null, 'conditional discharge', 'Conditional discharge'),
    ('17fc4f18-258b-4810-8a3f-65f727809044', 'fine', 'a07adb43-714b-4dab-87ea-73c087ee5ff2', '2020-11-30 14:50:00', null, 'fine', 'Fine'),
    ('7687a6c3-8891-4c1c-9a24-89a83ee4b4eb', 'custody', 'a07adb43-714b-4dab-87ea-73c087ee5ff2', '2020-11-30 14:50:00', null, 'custody', 'Custody'),
    ('66616b7d-b927-467e-9abf-68ae3a845130', 'unpaid-work', 'a07adb43-714b-4dab-87ea-73c087ee5ff2', '2020-11-30 14:50:00', null, 'unpaid work', 'Unpaid work'),
    ('42b0f2d8-d646-4aef-9f54-780abd245232', 'community-order', 'a07adb43-714b-4dab-87ea-73c087ee5ff2', '2020-11-30 14:50:00', null, 'community order', 'Community order'),
    ('7ddf38a1-9112-4f82-9257-d33637246c72', 'curfew', 'a07adb43-714b-4dab-87ea-73c087ee5ff2', '2020-11-30 14:50:00', null, 'curfew', 'Curfew'),
    ('30f24930-e537-4dc4-b61e-fefcdbd78efb', 'other', 'a07adb43-714b-4dab-87ea-73c087ee5ff2', '2020-11-30 14:50:00', null, 'other', 'Other'),
    ('243674f2-080f-43d9-ba6d-6c0a46121959', 'interview', 'ce4abaf5-00c0-47ce-b791-ed7cf02850bd', '2020-11-30 14:50:00', null, 'interview', 'Interview'),
    ('3e713969-3909-4ebb-bebf-6b6e35c782e8', 'service-records', 'ce4abaf5-00c0-47ce-b791-ed7cf02850bd', '2020-11-30 14:50:00', null, 'service records', 'Service records'),
    ('15e236f8-01fc-4e62-a8a4-f2d6d2ef39a1', 'cps-summary', 'ce4abaf5-00c0-47ce-b791-ed7cf02850bd', '2020-11-30 14:50:00', null, 'cps summary', 'CPS summary'),
    ('050fd388-5e8c-4971-9347-90665c3fa361', 'previous-oasys-assessments', 'ce4abaf5-00c0-47ce-b791-ed7cf02850bd', '2020-11-30 14:50:00', null, 'previous oasys assessments', 'Previous OASys assessments'),
    ('03f1e598-598a-445c-87d4-dc90f61b1838', 'previous-convictions', 'ce4abaf5-00c0-47ce-b791-ed7cf02850bd', '2020-11-30 14:50:00', null, 'previous convictions', 'Previous convictions'),
    ('01605a49-5e24-4bd7-8c83-b735b42fe720', 'victim-statement', 'ce4abaf5-00c0-47ce-b791-ed7cf02850bd', '2020-11-30 14:50:00', null, 'victim statement', 'Victim statement'),
    ('34374bbb-6771-4091-9668-4cfa4f74b664', 'safeguarding-checks', 'ce4abaf5-00c0-47ce-b791-ed7cf02850bd', '2020-11-30 14:50:00', null, 'safeguarding checks', 'Safeguarding checks'),
    ('6e31d978-70b3-4316-8d4f-d621576d9590', 'police-information', 'ce4abaf5-00c0-47ce-b791-ed7cf02850bd', '2020-11-30 14:50:00', null, 'police information', 'Police information'),
    ('6ca7186a-a6b7-405b-8c7a-34a6158681c4', 'sentencing-guidelines', 'ce4abaf5-00c0-47ce-b791-ed7cf02850bd', '2020-11-30 14:50:00', null, 'sentencing guidelines', 'Sentencing guidelines'),
    ('be2a8b08-2649-4160-8da8-8bbbd4faf96d', 'domestic-abuse-call-out-information', 'ce4abaf5-00c0-47ce-b791-ed7cf02850bd', '2020-11-30 14:50:00', null, 'domestic abuse call-out information', 'Domestic abuse call-out information');


INSERT INTO grouping (group_uuid, group_code, heading, subheading, help_text, group_start, group_end)
VALUES ('bf136a2d-b9d6-44b5-b1af-d7729206e45b', 'short_form_psr_content_v_1_9', 'Short-form PSR content v1.9', null, null, '2020-11-30 14:50:00', null),
    ('4a1e085a-50d8-4634-acfe-893570b2a304', 'the_individual', 'The individual', null, null, '2020-11-30 14:50:00', null),
    ('87b4f8f7-bad3-4ba5-92c4-46b6aa862355', 'court_information', 'Court information', null, null, '2020-11-30 14:50:00', null),
    ('3a81994d-3031-4b24-80fd-d208f1f51864', 'psr_metadata', 'PSR metadata', null, null, '2020-11-30 14:50:00', null),
    ('7aae3f80-824e-4d3f-9154-d71f09e55fa4', 'probation_service_details', 'Probation service details', null, null, '2020-11-30 14:50:00', null),
    ('cfda955f-ea55-4712-87bb-64ed29db3c0c', 'the_offences', 'The offences', null, null, '2020-11-30 14:50:00', null),
    ('7dba4fa5-3201-49e4-9942-df06630e6537', 'offence_analysis', 'Offence analysis', null, null, '2020-11-30 14:50:00', null),
    ('dc492818-be10-407c-87cb-3167ccbd77d4', 'criminal_history', 'Criminal history', null, null, '2020-11-30 14:50:00', null),
    ('e7390b44-c5d1-4255-b9f2-8fd927569461', 'order', 'Order', null, null, '2020-11-30 14:50:00', null),
    ('e271d0fa-983c-4879-816a-f4b346627925', 'needs', 'Needs', null, null, '2020-11-30 14:50:00', null),
    ('beef9720-c17b-4292-8752-710b0eb4ca55', 'risks', 'Risks', null, null, '2020-11-30 14:50:00', null),
    ('ca620cd0-cc1b-46bc-8c37-fcdbecdbec2d', 'proposal', 'Proposal', null, null, '2020-11-30 14:50:00', null),
    ('59f25eb9-835b-4921-8043-6fe5b7a4cc51', 'information_sources', 'Information sources', null, null, '2020-11-30 14:50:00', null),
    ('03dff507-034f-4400-b50f-c8327af819b9', 'version_v_1_8_notes', 'Version v1.8 notes:', null, null, '2020-11-30 14:50:00', null),
    ('a4fa4a46-4e25-4411-9d9f-15b09c525149', '99_1_business_logic_changed', '99.1 business logic changed', null, null, '2020-11-30 14:50:00', null),
    ('3118799e-7232-4485-ad6c-d186bd887ec8', '99_1_1_added', '99.1.1 added', null, null, '2020-11-30 14:50:00', null),
    ('644277f7-f636-497e-b8d3-111d1f6a3cce', '110_1_business_logic_changed', '110.1 business logic changed', null, null, '2020-11-30 14:50:00', null),
    ('6470f63b-059e-4ecf-8088-616355a52713', '115_1_business_logic_changed', '115.1 business logic changed', null, null, '2020-11-30 14:50:00', null),
    ('1b2d9a4d-ffab-4071-8e03-b8a3ddf6f030', '115_1_1_added', '115.1.1 added', null, null, '2020-11-30 14:50:00', null),
    ('9be33dde-85c8-4f63-a2c8-e2517a56f672', '116_5_business_logic_changed', '116.5 Business logic changed', null, null, '2020-11-30 14:50:00', null),
    ('d0154d9f-dc94-43ca-9d66-e55ee53457a9', '128_1_changed_to_free_text_entry', '128.1 changed to free text entry', null, null, '2020-11-30 14:50:00', null);


INSERT INTO question_schema (question_schema_uuid, question_code, oasys_question_code, question_start, question_end, answer_type, answer_schema_group_uuid, question_text, question_help_text)
VALUES ('1238987d-bf00-4580-a288-d7687310ba60', 'title', null, '2020-11-30 14:50:00', null, 'freetext', null, 'Title', null),
    ('23ff176e-c9cd-4796-a215-07492d2b05b4', 'first_name', null, '2020-11-30 14:50:00', null, 'freetext', null, 'First name or names
', null),
    ('c14b4c08-ccdc-4ea6-87eb-6fa4c2b12c27', 'family_name', null, '2020-11-30 14:50:00', null, 'freetext', null, 'Family name or names', null),
    ('865a4a50-e78e-42a8-acd4-6c82fea10160', 'date_of_birth', null, '2020-11-30 14:50:00', null, 'date', null, 'Date of birth', null),
    ('5c3ff85c-299a-495a-bfea-249cb79350a8', 'age', null, '2020-11-30 14:50:00', null, 'freetext', null, 'Age', null),
    ('e2306e39-56c8-4e4e-a6b3-ae2f4cab127a', 'gender', null, '2020-11-30 14:50:00', null, 'dropdown', 'f26cd319-0863-402e-b835-ffdc0ee0e52f', 'Gender', null),
    ('de264d7e-a499-44ff-8358-ee9358f2ecad', 'sex', null, '2020-11-30 14:50:00', null, 'dropdown', 'f26cd319-0863-402e-b835-ffdc0ee0e52f', 'Sex', null),
    ('24c2859a-ce67-4676-a5ee-22040af04106', 'crn', null, '2020-11-30 14:50:00', null, 'freetext', null, 'CRN', null),
    ('6c435a2b-9442-4646-8d82-6fbc75298323', 'pnc', null, '2020-11-30 14:50:00', null, 'freetext', null, 'PNC', null),
    ('fff70dd5-323e-40db-8f9c-df3746b16935', 'address', null, '2020-11-30 14:50:00', null, 'freetext', null, 'Address', null),
    ('79e523aa-5445-47a5-aa02-0525e49d031e', 'court', null, '2020-11-30 14:50:00', null, 'freetext', null, 'Court', null),
    ('27cbf404-435c-4b3e-8838-abcd29fda4fc', 'local_justice_area', null, '2020-11-30 14:50:00', null, 'freetext', null, 'Local justice area', null),
    ('d8649336-0f94-4057-b132-2191a67ad70e', 'date_of_hearing', null, '2020-11-30 14:50:00', null, 'date', null, 'Date of hearing', null),
    ('e0af9f17-2dc2-4e3c-800c-afb1a2bb0349', 'date_of_assessment', null, '2020-11-30 14:50:00', null, 'date', null, 'Date of assessment', null),
    ('749afc5d-d188-49cd-80a0-4bb12604ba22', 'seriousness', null, '2020-11-30 14:50:00', null, 'freetext', null, 'Seriousness', null),
    ('a9225222-7268-4131-b1c6-cd503e2fc7c0', 'sentencing_purpose', null, '2020-11-30 14:50:00', null, 'dropdown', 'fec095b3-cddf-48a4-8d1b-8d7fac24978a', 'Sentencing purpose', null),
    ('c9bc756f-495b-4ec4-a4b2-c989b9ce65f4', 'date_report_requested', null, '2020-11-30 14:50:00', null, 'date', null, 'Date report requested', null),
    ('5537abbc-63cd-40b2-915c-88aff9362cc9', 'date_report_required', null, '2020-11-30 14:50:00', null, 'date', null, 'Date report required', null),
    ('c5c0bb98-1fb1-4048-a2c2-2465f9b0d181', 'date_report_completed_and_signed', null, '2020-11-30 14:50:00', null, 'date', null, 'Date report completed and signed', null),
    ('9e902613-c503-4c59-b85d-d481c74604a9', 'offender_manager', null, '2020-11-30 14:50:00', null, 'freetext', null, 'Probation practitioner', null),
    ('18c65e2b-1052-4cdc-aee2-2ac073b157ae', 'psr_writers_name', null, '2020-11-30 14:50:00', null, 'freetext', null, 'Report author', null),
    ('07f9bcb4-9e0e-4127-ae86-b6ed2db60361', 'psr_writers_office_location', null, '2020-11-30 14:50:00', null, 'freetext', null, 'Office', null),
    ('8a182eba-986e-4c85-a91b-573342481e8e', 'main_offence', null, '2020-11-30 14:50:00', null, 'dropdown', 'eec0e290-9c38-49fe-96f1-04359d00c495', 'Main offence 
', null),
    ('9a4bc1b6-1dad-46b3-9750-0235e8a4ffe9', 'main_offence_date', null, '2020-11-30 14:50:00', null, 'date', null, 'Date', null),
    ('2b828c86-6f36-4e03-a8c6-500c0b9436bc', 'other_offences_and_dates_if_applicable', null, '2020-11-30 14:50:00', null, 'dropdown', 'eec0e290-9c38-49fe-96f1-04359d00c495', 'Additional offence
', null),
    ('45f9685f-28e0-4bee-bd96-e43f11f61ef3', 'other_offences_dates', null, '2020-11-30 14:50:00', null, 'date', null, 'Date', null),
    ('ab93947e-0fec-433d-8ea4-f350b2029b18', 'offence_description', null, '2020-11-30 14:50:00', null, 'freetext', null, 'Additional offence description', null),
    ('7f397495-182b-4c91-8226-0801e6876caf', 'offence_category_type', null, '2020-11-30 14:50:00', null, 'freetext', null, 'Current offence category', null),
    ('9453061c-f69a-41cd-af73-ad70e0b1386a', 'date_of_current_conviction', null, '2020-11-30 14:50:00', null, 'date', null, 'Date of current conviction', null),
    ('8faf8e4e-4c43-4458-8e96-c1819b8fc7d6', 'date_of_sentence_or_discharge_if_sentenced_to_custody', null, '2020-11-30 14:50:00', null, 'date', null, 'Date of sentence, or discharge if sentenced to custody', null),
    ('fe83d2cc-b0ae-4b9b-a02f-de64882d9f24', 'offence_analysis', 'Section 2, question 2.1', '2020-11-30 14:50:00', null, 'freetext', null, 'Offence analysis', null),
    ('a80cce49-bf28-4d59-9dee-70822ed0d1bf', 'why_did_the_offence_occur', 'Section 2, question 2.8', '2020-11-30 14:50:00', null, 'freetext', null, 'Why did the offence occur?', null),
    ('d6b109d7-f004-4a65-89b1-79cf6e4c6bfd', 'offender_accepts_responsibility_for_the_current_offence', 'Section 2, question 2.11', '2020-11-30 14:50:00', null, 'radio', '6f07dcff-5680-4ee6-8f89-13117142592e', 'Does the individual accept responsibility for the current offence?', null),
    ('4541a186-3496-493d-81ca-2ed63b984e6e', 'give_details', null, '2020-11-30 14:50:00', null, 'freetext', null, 'Give details', null),
    ('26d1e896-9e59-40fb-b816-17606ffd0e17', 'offender_recognises_the_impact_and_consequences_of_offence_s_on_the_victim_community_wider_society', 'Section 2, question 2.6', '2020-11-30 14:50:00', null, 'radio', '6f07dcff-5680-4ee6-8f89-13117142592e', 'Does the individual recognise the impact and consequences of offence(s) on the victim or community or wider society?', null),
    ('17e7d762-f470-414b-92f9-b02fcd702d61', 'give_details', null, '2020-11-30 14:50:00', null, 'freetext', null, 'Give details', null),
    ('cdfba3a5-57f0-4767-b63b-4e843b05176e', 'current_offence_s_indicate_escalation_in_seriousness_from_earlier_offending', 'Section 2, question 2.13', '2020-11-30 14:50:00', null, 'radio', '6f07dcff-5680-4ee6-8f89-13117142592e', 'Do the current offence(s) indicate an escalation in seriousness from earlier offending?', null),
    ('b62cba5b-0345-4d18-b8b3-96dc40690b08', 'give_details', null, '2020-11-30 14:50:00', null, 'freetext', null, 'Give details', null),
    ('d366d549-44eb-4ea9-b121-6356d5a1efb0', 'patterns_of_offending_behaviour_if_applicable', 'Section 2, question 2.14', '2020-11-30 14:50:00', null, 'radio', '6f07dcff-5680-4ee6-8f89-13117142592e', 'Are current offence(s) part of an established pattern of offending?', null),
    ('375b4d8f-30a5-4d4b-ae09-4e985aebce65', 'details_of_patterns_of_offending_behaviour', null, '2020-11-30 14:50:00', null, 'freetext', null, 'Give details', null),
    ('25385c12-7735-4b90-952b-0c4b70ca63b9', 'does_the_offender_have_any_history_of_statutory_sexual_offences', null, '2020-11-30 14:50:00', null, 'radio', '6f07dcff-5680-4ee6-8f89-13117142592e', 'Does the individual have any history of statutory sexual offences?', null),
    ('70d211c3-e563-4197-a372-d75710b519f8', 'does_the_current_offence_have_a_sexual_element_or_motivation', null, '2020-11-30 14:50:00', null, 'radio', '6f07dcff-5680-4ee6-8f89-13117142592e', 'Does the current offence have a sexual element or motivation?', null),
    ('c81783ab-d30b-4827-a3cb-294d9709ec92', 'have_they_ever_committed_a_sexual_or_sexually_motivated_offence', null, '2020-11-30 14:50:00', null, 'radio', '6f07dcff-5680-4ee6-8f89-13117142592e', 'Have they ever committed a sexual or sexually motivated offence?', null),
    ('d6a8a8b4-07ab-41a3-b486-42e8ba124e71', 'does_the_current_sexual_offence_have_a_stranger_victim', null, '2020-11-30 14:50:00', null, 'radio', '6f07dcff-5680-4ee6-8f89-13117142592e', 'Have any of these involved actual or attempted contact against a victim who was a stranger?', null),
    ('3ed234e1-76f0-49c4-94f1-3ecc76c597a0', 'date_of_most_recent_sexual_offence', null, '2020-11-30 14:50:00', null, 'date', null, 'Date of most recent sanction involving a sexual or sexually motivated offence', null),
    ('0f1378ec-283a-4055-849a-c33f872a08f9', 'number_of_previous_current_sanctions_involving_contact_adult_sexual_offences', null, '2020-11-30 14:50:00', null, 'freetext', null, 'Number of previous or current sanctions involving contact adult sexual offences', null),
    ('4d2d1699-bc3c-4cb9-a2e4-f7b56f8d4419', 'number_of_previous_current_sanctions_involving_contact_child_sexual_offences', null, '2020-11-30 14:50:00', null, 'freetext', null, 'Number of previous or current sanctions involving contact child sexual offences', null),
    ('d0a52092-d5bb-4c1a-8e55-50c71dee7f22', 'number_of_previous_current_sanctions_involving_indecent_image_sexual_offences', null, '2020-11-30 14:50:00', null, 'freetext', null, 'Number of previous or current sanctions involving indecent image sexual offences', null),
    ('cc60a7b4-ab4e-4e17-b044-7ebba75720c4', 'number_of_previous_current_sanctions_involving_paraphilia_sexual_offences', null, '2020-11-30 14:50:00', null, 'freetext', null, 'Number of previous or current sanctions involving other non-contact sexual or sexually motivated offences', null),
    ('58673c6e-2cbb-4aae-8df4-72582d7e2138', 'have_you_completed_an_offender_interview_and_or_oa_sys', null, '2020-11-30 14:50:00', null, 'radio', '6f07dcff-5680-4ee6-8f89-13117142592e', 'Have you completed an interview and/or OASys?', null),
    ('f229ebd9-c3e7-4194-bf1a-d288642f57a2', 'does_the_offender_have_any_previous_convictions_for_the_following_offences', null, '2020-11-30 14:50:00', null, 'freetext', null, 'Does the individual have any previous convictions for the following:', null),
    ('951b5701-2202-4b13-a76e-770e040fc6da', 'murder_attempted_murder_threat_or_conspiracy_to_murder_manslaughter', null, '2020-11-30 14:50:00', null, 'freetext', null, 'Murder or attempted murder
or
threat or conspiracy to murder or manslaughter', null),
    ('2c3f941e-8ef9-4129-a212-d4c3c668936d', 'wounding_gbh_sections_18_20_offences_against_the_person_act_1861', null, '2020-11-30 14:50:00', null, 'freetext', null, 'Wounding or GBH (Sections 18/20 Offences Against the Person ACT 1861)', null),
    ('f4a35727-7e95-41cf-a2df-89ec540716b2', 'aggravated_burglary', null, '2020-11-30 14:50:00', null, 'freetext', null, 'Aggravated burglary', null),
    ('3b6b6183-05f3-4c4e-954a-d95d89a96893', 'arson', null, '2020-11-30 14:50:00', null, 'freetext', null, 'Arson', null),
    ('a75185ac-000a-4cab-b0f0-31d88f384678', 'criminal_damage_with_intent_to_endanger_life', null, '2020-11-30 14:50:00', null, 'freetext', null, 'Criminal damage with intent to endanger life', null),
    ('3de87dc8-0424-49f5-9157-2755c1fbf1dc', 'kidnapping_false_imprisonment', null, '2020-11-30 14:50:00', null, 'freetext', null, 'Kidnapping or false imprisonment', null),
    ('ea51d360-ce69-4185-8b0c-3daf76344d72', 'possession_of_a_firearm_with_intent_to_endanger_life_or_resist_arrest', null, '2020-11-30 14:50:00', null, 'freetext', null, 'Possession of a firearm with intent to endanger life or resist arrest', null),
    ('31226962-ec7e-4622-a121-f72ce008e577', 'robbery', null, '2020-11-30 14:50:00', null, 'freetext', null, 'Robbery', null),
    ('6065071f-df4a-48cc-9d39-b5fd591ab21f', 'any_other_offence_involving_possession_and_or_use_of_weapons', null, '2020-11-30 14:50:00', null, 'freetext', null, 'Any other offence involving possession and/or use of weapons', null),
    ('7ddd9452-699d-48c3-b0ef-2b1af59a61be', 'did_the_offence_involve_carrying_use_of_a_weapon', '2.2A', '2020-11-30 14:50:00', null, 'radio', '6f07dcff-5680-4ee6-8f89-13117142592e', 'Did the offence involve carrying or use of a weapon?', null),
    ('3cd50e4b-dcc2-4290-b1c3-b2e6b5844efc', 'date_of_first_sanction', null, '2020-11-30 14:50:00', null, 'date', null, 'Date of first sanction', null),
    ('f9f5e134-d275-4361-9a02-5bbccb19981a', 'previous_sanctions', null, '2020-11-30 14:50:00', null, 'freetext', null, 'Number of previous sanctions for all recordable offences', null),
    ('b416d09f-9d5b-4fcb-b678-1449f8ac5a27', 'number_of_previous_current_sanctions_for_violent_offences', null, '2020-11-30 14:50:00', null, 'freetext', null, 'Number of previous or current sanctions for violent offences', null),
    ('40024ee6-330a-4e5a-90d4-7fc0ea061593', 'order', null, '2020-11-30 14:50:00', null, 'freetext', null, 'Order', null),
    ('a8962125-3291-4621-bae0-8d5d013980c8', 'is_the_offender_living_in_suitable_accommodation', '3.4', '2020-11-30 14:50:00', null, 'radio', 'e2731080-5e4b-4283-81ed-a0fc16ca2f52', 'Suitability of accommodation.
', null),
    ('c2fadc8d-5b18-4007-9997-4f4fcdcf873c', 'give_details', null, '2020-11-30 14:50:00', null, 'freetext', null, 'Give details', null),
    ('65d1933c-9b0c-4123-8e80-d106e49f4344', 'accommodation', 'Section 3 last question field ref S3.11', '2020-11-30 14:50:00', null, 'radio', '6f07dcff-5680-4ee6-8f89-13117142592e', 'Are any current or previous accommodation issues linked to offending behaviour?', null),
    ('99516b69-0c46-4aab-a173-25c13f7e7a85', 'accommodation_type', null, '2020-11-30 14:50:00', null, 'dropdown', '0de7b2c4-f5d9-404e-8b04-1c90b8a696fa', 'Accommodation type', null),
    ('b5197f0a-ff37-4dbc-9daf-b821fdd8d7fc', 'give_details', null, '2020-11-30 14:50:00', null, 'freetext', null, 'Give details', null),
    ('cac2958b-3636-415e-93eb-e19c9c02d924', 'education_training_and_employability', 'Section 4 last question field ref S4.23', '2020-11-30 14:50:00', null, 'radio', '6f07dcff-5680-4ee6-8f89-13117142592e', 'Are education, training, employment and/or basic skills issues linked to offending behaviour?', null),
    ('cb1357cb-221f-40bd-a456-78ffd8c7067f', 'education_training_and_employability_status', '4.2', '2020-11-30 14:50:00', null, 'freetext', null, 'Education, training and employability status', null),
    ('044ebea8-92dc-44fe-969e-57784220a641', 'give_details', null, '2020-11-30 14:50:00', null, 'freetext', null, 'Give details', null),
    ('02228814-042a-4d48-bfb7-684e11ee8b61', 'hours_of_work_or_education_training_per_week', null, '2020-11-30 14:50:00', null, 'freetext', null, 'Hours of work or education / training per week', null),
    ('e43dfc5a-6733-49e6-9991-460c145c2867', 'skills_for_life_assessment_required', null, '2020-11-30 14:50:00', null, 'radio', '6f07dcff-5680-4ee6-8f89-13117142592e', 'Is a Skills for Life assessment required?', null),
    ('05667286-d0e5-46c7-b499-c72d7c3afdef', 'finance', 'Section 5 last question field ref S5.13', '2020-11-30 14:50:00', null, 'radio', '6f07dcff-5680-4ee6-8f89-13117142592e', 'Are financial issues linked to offending behaviour?', null),
    ('236fd500-5d6f-4eee-be35-22b165ef9387', 'give_details', null, '2020-11-30 14:50:00', null, 'freetext', null, 'Give details', null),
    ('8b6f8489-9099-435c-8822-eebd21bb8917', 'relationships', '6.4', '2020-11-30 14:50:00', null, 'radio', '081bd74f-6cfd-4705-90c2-c8a547040553', 'What is the person''s current relationship with their partner?', null),
    ('7fb70c8c-22ac-4892-9efd-81fb5937748d', 'is_there_evidence_that_the_offender_is_a_perpetrator_of_domestic_violence_partner_abuse', '6.7', '2020-11-30 14:50:00', null, 'radio', '6f07dcff-5680-4ee6-8f89-13117142592e', 'Is there evidence that the individual is a perpetrator of domestic violence or partner abuse?', null),
    ('94495b5c-b850-4470-b858-d0947976f3ae', 'give_details', null, '2020-11-30 14:50:00', null, 'freetext', null, 'Give details', null),
    ('915c13f6-755f-42d6-871d-915088a3968e', 'alcohol_misuse', 'Section 9 last question field ref S9.14', '2020-11-30 14:50:00', null, 'radio', 'e2731080-5e4b-4283-81ed-a0fc16ca2f52', 'Is the person''s current use of alcohol a problem?', null),
    ('e52af2bd-098a-4010-8bfa-4603c01c8108', 'give_details', null, '2020-11-30 14:50:00', null, 'freetext', null, 'Give details', null),
    ('4a34b1a9-d2fe-491c-8483-a9b8e21e2c89', 'is_there_evidence_of_binge_drinking_or_excessive_use_of_alcohol_in_the_last_6_months', '9.2', '2020-11-30 14:50:00', null, 'radio', 'e2731080-5e4b-4283-81ed-a0fc16ca2f52', 'Is there evidence of binge drinking or excessive use of alcohol in the last 6 months?', null),
    ('2958366b-e520-429b-a745-3038bfdef558', 'give_details', null, '2020-11-30 14:50:00', null, 'freetext', null, 'Give details', null),
    ('ed5d66b6-0416-4be0-8c45-c6fe0c8528ee', 'does_the_initial_screening_show_a_need_for_a_specialist_assessment', null, '2020-11-30 14:50:00', null, 'radio', '6f07dcff-5680-4ee6-8f89-13117142592e', 'Is there a need for a specialist assessment?', null),
    ('de743c74-56fb-4a65-993e-cd91d56b8563', 'give_details', null, '2020-11-30 14:50:00', null, 'freetext', null, 'Give details', null),
    ('560d6e64-d0a5-4bad-aea2-11b95a47997c', 'substance_misuse', 'Section 8 last question field ref S8.19', '2020-11-30 14:50:00', null, 'radio', '6f07dcff-5680-4ee6-8f89-13117142592e', 'Is drug misuse linked to offending behaviour?', null),
    ('ce47690c-a0eb-4f43-b80b-d6e12b06aaaa', 'give_details', null, '2020-11-30 14:50:00', null, 'freetext', null, 'Give details', null),
    ('295b7fd9-bb95-4083-9c14-7b340ed14203', 'is_there_current_recent_drug_misuse_on_a_daily_or_weekly_basis', 'Section 8 fields S8.2', '2020-11-30 14:50:00', null, 'radio', '6f07dcff-5680-4ee6-8f89-13117142592e', 'Is there current or recent drug misuse on a daily or weekly basis?', null),
    ('34fd7a9a-3dd8-4698-9983-0152996d77bd', 'give_details', null, '2020-11-30 14:50:00', null, 'freetext', null, 'Give details', null),
    ('2ccb2e2d-4e95-4970-bb5f-ccfa75360e0f', 'is_the_offender_motivated_to_tackle_drugs_misuse', 'Section 8 question 8.8', '2020-11-30 14:50:00', null, 'freetext', null, 'Is the individual motivated to tackle drugs misuse?', null),
    ('71baf160-71f4-42db-a09e-ff866d211019', 'give_details', null, '2020-11-30 14:50:00', null, 'freetext', null, 'Give details', null),
    ('3fe56bc6-beaf-4e70-a867-2ebf9b42ba6c', 'physical_and_mental_health', 'Section 10 last question field ref S10.17', '2020-11-30 14:50:00', null, 'radio', '6f07dcff-5680-4ee6-8f89-13117142592e', 'Is mental health linked to offending behaviour?', null),
    ('4d866837-eb1a-4e8d-a973-7610319013ec', 'give_details', null, '2020-11-30 14:50:00', null, 'freetext', null, 'Give details', null),
    ('34a5d526-eb90-4a16-8703-3442d095fc9f', 'does_the_offender_have_a_history_of_mental_health_issues', null, '2020-11-30 14:50:00', null, 'radio', '6f07dcff-5680-4ee6-8f89-13117142592e', 'Does the individual have current mental health issues or a history of such issues?', null),
    ('955df936-90e4-404a-b7c7-cb62628dc41a', 'give_details', null, '2020-11-30 14:50:00', null, 'freetext', null, 'Give details', null),
    ('87d6f447-de33-4746-ad9d-ec1e561a42d9', 'self_harm_attempted_suicide_suicidal_thoughts_or_feelings', null, '2020-11-30 14:50:00', null, 'freetext', null, 'Is there evidence of self-harm, attempted suicide, suicidal thoughts or feelings?', null),
    ('a2623d29-68df-497b-9555-8777c14acf1b', 'give_details', null, '2020-11-30 14:50:00', null, 'freetext', null, null, null),
    ('c0e535f0-b2f6-4fdf-b587-5fd00af435d1', 'coping_in_custody_hostel_setting', 'R8.2.1 field FA.39', '2020-11-30 14:50:00', null, 'radio', '6f07dcff-5680-4ee6-8f89-13117142592e', 'Can the individual cope in custody / hostel setting?', null),
    ('1cfe24e6-fa23-49c7-8c5a-529c1d648f76', 'give_details', null, '2020-11-30 14:50:00', null, 'freetext', null, 'Give details', null),
    ('311e61d3-a5a3-43ed-b036-9090a6967263', 'are_there_particular_social_and_emotional_consequences_of_imprisonment', null, '2020-11-30 14:50:00', null, 'radio', '6f07dcff-5680-4ee6-8f89-13117142592e', 'Are there particular social and emotional consequences of imprisonment?', null),
    ('69957ac9-6682-4ef5-bfc5-856a143d8d1f', 'give_details', null, '2020-11-30 14:50:00', null, 'freetext', null, 'Give details', null),
    ('30289726-7539-4da8-bf8e-98628a98c0db', 'is_a_specialist_report_required', 'Section 10 question 10.8 field ref S10.14', '2020-11-30 14:50:00', null, 'radio', '6f07dcff-5680-4ee6-8f89-13117142592e', 'Is a specialist mental health report required?', null),
    ('fc2d5f57-4c2d-43fd-a25f-5d4cd37782e9', 'give_details', null, '2020-11-30 14:50:00', null, 'freetext', null, 'Give details', null),
    ('e24d41b6-029b-4e6c-a316-bfe4bd4d16b0', 'thinking_and_behaviour', null, '2020-11-30 14:50:00', null, 'radio', '6f07dcff-5680-4ee6-8f89-13117142592e', 'Are thinking and behaviour a relevant factor?', null),
    ('f8081555-883f-40a3-80c3-9df4b8d8e717', 'is_impulsivity_a_problem_for_the_offender', '11.2', '2020-11-30 14:50:00', null, 'radio', 'e2731080-5e4b-4283-81ed-a0fc16ca2f52', 'Is impulsivity a problem for the individual?', null),
    ('aba7ee97-4e51-4df4-a7d3-b43b56366858', 'give_details', null, '2020-11-30 14:50:00', null, 'freetext', null, 'Give details', null),
    ('cef52da3-8d0f-4020-8dd0-4c2e25326b6e', 'is_temper_control_a_problem_for_the_offender', '11.4', '2020-11-30 14:50:00', null, 'radio', 'e2731080-5e4b-4283-81ed-a0fc16ca2f52', 'Is temper control a problem for the individual?', null),
    ('53988215-704e-4ec5-a9ba-3b50f0c946ec', 'does_the_offender_have_pro_criminal_attitudes', '12.1', '2020-11-30 14:50:00', null, 'radio', 'e2731080-5e4b-4283-81ed-a0fc16ca2f52', 'Does the individual have pro-criminal attitudes?', null),
    ('9d338d5e-f2ff-40f7-9763-a37463c0d53d', 'is_there_evidence_that_the_offender_demonstrates_inadequate_social_interpersonal_skills', 'Section 11 question 11.1', '2020-11-30 14:50:00', null, 'radio', '6f07dcff-5680-4ee6-8f89-13117142592e', 'Is there evidence that the individual demonstrates inadequate social or interpersonal skills?', null),
    ('128e716a-1176-4703-beda-53ccedf5019a', 'give_details', null, '2020-11-30 14:50:00', null, 'freetext', null, 'Give details', null),
    ('97bd8f6f-f548-42d9-bd13-65f788ac885b', 'is_there_evidence_that_the_offender_uses_inappropriate_problem_solving_strategies', 'Section 11 question 11.6', '2020-11-30 14:50:00', null, 'radio', '6f07dcff-5680-4ee6-8f89-13117142592e', 'Is there evidence that the individual uses inappropriate problem solving strategies?', null),
    ('76b562a5-03b8-4e76-a3a8-407be72beb38', 'give_details', null, '2020-11-30 14:50:00', null, 'freetext', null, 'Give details', null),
    ('30448c10-d6d7-462d-adc6-f45a6e5aa525', 'is_there_evidence_that_the_offender_has_difficulty_understanding_other_peoples_points_of_view', 'Section 11 question 11.9', '2020-11-30 14:50:00', null, 'radio', '6f07dcff-5680-4ee6-8f89-13117142592e', 'Is there evidence that the individual has difficulty understanding other people’s points of view?', null),
    ('e658e435-8dad-4f34-b2a9-bfd7496e0b69', 'give_details', null, '2020-11-30 14:50:00', null, 'freetext', null, 'Give details', null),
    ('ab49d6f7-adc3-4da8-855f-509e0bdcdef6', 'anti_social_discriminatory_attitudes_behaviour_associated_with_offending', null, '2020-11-30 14:50:00', null, 'freetext', null, 'Are anti-social or discriminatory attitudes or behaviour associated with offending?', null),
    ('6dbdc0eb-0c91-4ea8-a05d-45b0a6b6033a', 'give_details', null, '2020-11-30 14:50:00', null, 'freetext', null, 'Give details', null),
    ('61cf7182-99ba-4909-9d63-044f2e75672e', 'other_needs', null, '2020-11-30 14:50:00', null, 'freetext', null, 'Additional information about the individual relevant to their offence(s) and the management of the offender', null),
    ('a6ae9857-fb95-44eb-8407-6fabdda1f031', 'is_there_evidence_of_the_offender_experiencing_trauma', null, '2020-11-30 14:50:00', null, 'radio', '6f07dcff-5680-4ee6-8f89-13117142592e', 'Is there evidence of the individual experiencing trauma?', null),
    ('ea65d1d0-7ddb-4fcc-8252-d884c188e533', 'does_the_offender_have_caring_responsibilities_for_children_or_adults_or_have_they_ever_had_caring_responsibilities_for_children_or_adults', null, '2020-11-30 14:50:00', null, 'radio', '6f07dcff-5680-4ee6-8f89-13117142592e', 'Does the individual have caring responsibilities for children or adults, or have they ever had caring responsibilities for children or adults?', null),
    ('9e390616-9986-4cd4-84e1-8726bb294741', 'likelihood_of_further_offending', 'S1.46', '2020-11-30 14:50:00', null, 'dropdown', '829f950b-5068-4a49-bc59-77786f8f5083', 'Likelihood of further offending', null),
    ('a1b3dea4-b235-48c0-9340-8ae68269cc59', 'do_you_assess_risk_of_serious_harm_to_be_imminent', null, '2020-11-30 14:50:00', null, 'radio', '6f07dcff-5680-4ee6-8f89-13117142592e', 'Do you assess risk of serious harm to be imminent?', null),
    ('5ae16617-f3e2-4cdf-9e43-a2c660193261', 'give_details', null, '2020-11-30 14:50:00', null, 'freetext', null, 'Give details', null),
    ('2a1fe7e2-ae2c-4df2-8b5b-7e7f64cc52a8', 'the_risk_of_serious_harm_screening_indicates_the_need_for_a_full_risk_of_serious_harm_analysis', null, '2020-11-30 14:50:00', null, 'radio', '6f07dcff-5680-4ee6-8f89-13117142592e', 'Does the Risk of Serious Harm Screening indicate a need for a full Risk of Serious Harm Analysis?', null),
    ('d16dfd52-4601-4d47-9701-374925c87148', 'risk_of_serious_harm_assessment', null, '2020-11-30 14:50:00', null, 'dropdown', 'fdf1015d-2b97-46cf-a929-77c8deb11a39', 'Risk of serious harm', null),
    ('bdac4f9f-5661-46ef-96cc-013d42670249', 'response_to_previous_supervision', null, '2020-11-30 14:50:00', null, 'dropdown', 'f2e0e224-5297-49d0-b33c-19da949d1aff', 'Response to previous supervision', null),
    ('759a8d94-0a9a-42ed-87c8-07474829c4c3', 'give_details', null, '2020-11-30 14:50:00', null, 'freetext', null, 'Give details', null),
    ('468954a7-7859-4c1b-b766-7140ac0549fc', 'protective_factors', null, '2020-11-30 14:50:00', null, 'freetext', null, 'What are the individual''s protective factors?', null),
    ('e15ddd3e-41e1-4a27-b381-abee38da62e9', 'proposed_sentence', null, '2020-11-30 14:50:00', null, 'dropdown', 'a07adb43-714b-4dab-87ea-73c087ee5ff2', 'Proposed sentence', null),
    ('950d60f9-d7d8-4b17-a2ec-d1eb22bad298', 'give_details', null, '2020-11-30 14:50:00', null, 'freetext', null, 'Give details', null),
    ('815a58d0-799a-421f-9218-89df3da5cea5', 'reasons_for_proposal', null, '2020-11-30 14:50:00', null, 'freetext', null, 'Reasons for proposal', null),
    ('98136d03-3a99-47a5-af12-de80539b3c36', 'sentence_length', null, '2020-11-30 14:50:00', null, 'freetext', null, 'Sentence length', null),
    ('f475af67-28c1-4913-b864-714fd9e9be80', 'offenders_attitude_to_proposed_sentence', null, '2020-11-30 14:50:00', null, 'freetext', null, 'Individual''s attitude to proposed sentence', null),
    ('91f37781-6b04-4e23-bcd2-655507ffb65d', 'source', null, '2020-11-30 14:50:00', null, 'dropdown', 'ce4abaf5-00c0-47ce-b791-ed7cf02850bd', 'Information sources', null);


INSERT INTO question_group (question_group_uuid, content_uuid, content_type, group_uuid, display_order, mandatory, validation)
VALUES ('7c5b0805-aa23-42fc-a6b2-667956e4d0c8', '4a1e085a-50d8-4634-acfe-893570b2a304', 'group', 'bf136a2d-b9d6-44b5-b1af-d7729206e45b', 1, true, null),
    ('dcc9e8fa-4cc6-4354-88fb-d71ac853e5fd', '1238987d-bf00-4580-a288-d7687310ba60', 'question', '4a1e085a-50d8-4634-acfe-893570b2a304', 1, true, null),
    ('28e958fc-7033-4dbb-92bb-77072318a0dd', '23ff176e-c9cd-4796-a215-07492d2b05b4', 'question', '4a1e085a-50d8-4634-acfe-893570b2a304', 2, true, null),
    ('61fcf2bc-2d94-4276-9048-9c77c8dbb21d', 'c14b4c08-ccdc-4ea6-87eb-6fa4c2b12c27', 'question', '4a1e085a-50d8-4634-acfe-893570b2a304', 3, true, null),
    ('e50617f0-e906-40c6-a5a3-d252e17cc4d0', '865a4a50-e78e-42a8-acd4-6c82fea10160', 'question', '4a1e085a-50d8-4634-acfe-893570b2a304', 4, true, null),
    ('b1d649bb-13ac-4b9e-a5d9-5375351dbe3a', '5c3ff85c-299a-495a-bfea-249cb79350a8', 'question', '4a1e085a-50d8-4634-acfe-893570b2a304', 5, true, null),
    ('8815d297-8cfc-4826-a50d-783ca6051348', 'e2306e39-56c8-4e4e-a6b3-ae2f4cab127a', 'question', '4a1e085a-50d8-4634-acfe-893570b2a304', 6, true, null),
    ('6be446a8-90d7-4001-b31c-d0249b76e2eb', 'de264d7e-a499-44ff-8358-ee9358f2ecad', 'question', '4a1e085a-50d8-4634-acfe-893570b2a304', 7, true, null),
    ('405512ff-585f-44bd-bdfe-a680784fbee7', '24c2859a-ce67-4676-a5ee-22040af04106', 'question', '4a1e085a-50d8-4634-acfe-893570b2a304', 8, true, null),
    ('c68c08f8-d60e-427c-9f36-78bc91387bff', '6c435a2b-9442-4646-8d82-6fbc75298323', 'question', '4a1e085a-50d8-4634-acfe-893570b2a304', 9, true, null),
    ('2725823e-c800-4848-8c3d-e703a91a706e', 'fff70dd5-323e-40db-8f9c-df3746b16935', 'question', '4a1e085a-50d8-4634-acfe-893570b2a304', 10, true, null),
    ('e7f1d5c6-53b1-4028-90ba-e6c844e17980', '87b4f8f7-bad3-4ba5-92c4-46b6aa862355', 'group', 'bf136a2d-b9d6-44b5-b1af-d7729206e45b', 2, true, null),
    ('73c94b6f-0a77-488d-835d-168bf249fb6c', '79e523aa-5445-47a5-aa02-0525e49d031e', 'question', '87b4f8f7-bad3-4ba5-92c4-46b6aa862355', 1, true, null),
    ('ac5b6204-01d3-4167-84b0-1f99cbc68ef0', '27cbf404-435c-4b3e-8838-abcd29fda4fc', 'question', '87b4f8f7-bad3-4ba5-92c4-46b6aa862355', 2, true, null),
    ('094e951f-f0b3-48d4-8bdb-64df0e48a4d6', 'd8649336-0f94-4057-b132-2191a67ad70e', 'question', '87b4f8f7-bad3-4ba5-92c4-46b6aa862355', 3, true, null),
    ('45deb267-0c40-45a0-9cb6-bc4bc87e37b0', 'e0af9f17-2dc2-4e3c-800c-afb1a2bb0349', 'question', '87b4f8f7-bad3-4ba5-92c4-46b6aa862355', 4, true, null),
    ('e4d2fcaa-269b-4437-a9cf-14fa63227784', '749afc5d-d188-49cd-80a0-4bb12604ba22', 'question', '87b4f8f7-bad3-4ba5-92c4-46b6aa862355', 5, true, null),
    ('486d4fd6-c302-48c8-8bca-ce7ad8798e9d', '3a81994d-3031-4b24-80fd-d208f1f51864', 'group', 'bf136a2d-b9d6-44b5-b1af-d7729206e45b', 3, true, null),
    ('16714e9d-3082-440e-862b-f9a9d55baa26', 'a9225222-7268-4131-b1c6-cd503e2fc7c0', 'question', '3a81994d-3031-4b24-80fd-d208f1f51864', 1, true, null),
    ('c465785e-47c4-4b9b-aae4-3cd6c035c2e4', 'c9bc756f-495b-4ec4-a4b2-c989b9ce65f4', 'question', '3a81994d-3031-4b24-80fd-d208f1f51864', 2, true, null),
    ('95459be6-63d7-4d1e-9ae0-8c40b1f227c8', '5537abbc-63cd-40b2-915c-88aff9362cc9', 'question', '3a81994d-3031-4b24-80fd-d208f1f51864', 3, true, null),
    ('5c8ba989-e540-40fe-b4cb-1c89f9dd29ce', 'c5c0bb98-1fb1-4048-a2c2-2465f9b0d181', 'question', '3a81994d-3031-4b24-80fd-d208f1f51864', 4, true, null),
    ('28564c83-f212-41f8-b029-66bcd3a6aa66', '7aae3f80-824e-4d3f-9154-d71f09e55fa4', 'group', 'bf136a2d-b9d6-44b5-b1af-d7729206e45b', 4, true, null),
    ('7e525941-d5d7-45af-a896-11db0758fb7a', '9e902613-c503-4c59-b85d-d481c74604a9', 'question', '7aae3f80-824e-4d3f-9154-d71f09e55fa4', 1, true, null),
    ('5bc14459-d81d-4c64-90af-b19ed6b64684', '18c65e2b-1052-4cdc-aee2-2ac073b157ae', 'question', '7aae3f80-824e-4d3f-9154-d71f09e55fa4', 2, true, null),
    ('d67c024a-8bfd-44e5-9ffd-8f3a3d96346c', '07f9bcb4-9e0e-4127-ae86-b6ed2db60361', 'question', '7aae3f80-824e-4d3f-9154-d71f09e55fa4', 3, true, null),
    ('7a1175fe-a41d-4c6c-a327-805da0bba4ac', 'cfda955f-ea55-4712-87bb-64ed29db3c0c', 'group', 'bf136a2d-b9d6-44b5-b1af-d7729206e45b', 5, true, null),
    ('220c9139-662c-402e-b688-25928ea41894', '8a182eba-986e-4c85-a91b-573342481e8e', 'question', 'cfda955f-ea55-4712-87bb-64ed29db3c0c', 1, true, null),
    ('7804632d-0ebd-4c7c-900d-4c094c0a30d1', '9a4bc1b6-1dad-46b3-9750-0235e8a4ffe9', 'question', 'cfda955f-ea55-4712-87bb-64ed29db3c0c', 2, true, null),
    ('91ed4fa4-b32c-4c7f-99c5-48aacfef9070', '2b828c86-6f36-4e03-a8c6-500c0b9436bc', 'question', 'cfda955f-ea55-4712-87bb-64ed29db3c0c', 3, true, null),
    ('1e9e4cfb-a59f-4f4b-ad3c-a1af8043f072', '45f9685f-28e0-4bee-bd96-e43f11f61ef3', 'question', 'cfda955f-ea55-4712-87bb-64ed29db3c0c', 4, true, null),
    ('4d2519b2-01f6-4c3c-8c49-0ecd94e0df1a', 'ab93947e-0fec-433d-8ea4-f350b2029b18', 'question', 'cfda955f-ea55-4712-87bb-64ed29db3c0c', 5, true, null),
    ('7277df9a-3e16-42d0-a97c-7e2b998c8b00', '7f397495-182b-4c91-8226-0801e6876caf', 'question', 'cfda955f-ea55-4712-87bb-64ed29db3c0c', 6, true, null),
    ('223fde9f-0049-4ce7-be44-5eb92a49032f', '9453061c-f69a-41cd-af73-ad70e0b1386a', 'question', 'cfda955f-ea55-4712-87bb-64ed29db3c0c', 7, true, null),
    ('e2b1117d-94a3-4b8a-987b-766a13bfe67c', '8faf8e4e-4c43-4458-8e96-c1819b8fc7d6', 'question', 'cfda955f-ea55-4712-87bb-64ed29db3c0c', 8, true, null),
    ('ab187a38-b5e5-4ef2-9817-6bd3c5520130', '7dba4fa5-3201-49e4-9942-df06630e6537', 'group', 'bf136a2d-b9d6-44b5-b1af-d7729206e45b', 6, true, null),
    ('716297eb-9319-4cd0-91e2-b1183234dfa2', 'fe83d2cc-b0ae-4b9b-a02f-de64882d9f24', 'question', '7dba4fa5-3201-49e4-9942-df06630e6537', 1, true, null),
    ('07f278af-0287-49df-8a16-e64bf61bdbf0', 'a80cce49-bf28-4d59-9dee-70822ed0d1bf', 'question', '7dba4fa5-3201-49e4-9942-df06630e6537', 2, true, null),
    ('6ce23640-2804-4c8e-965d-91309e203dbe', 'd6b109d7-f004-4a65-89b1-79cf6e4c6bfd', 'question', '7dba4fa5-3201-49e4-9942-df06630e6537', 3, true, null),
    ('2ef5c6ef-4443-488e-a3dc-a1cb04dac336', '4541a186-3496-493d-81ca-2ed63b984e6e', 'question', '7dba4fa5-3201-49e4-9942-df06630e6537', 4, true, null),
    ('687adcce-23e6-4392-8365-40e478b916de', '26d1e896-9e59-40fb-b816-17606ffd0e17', 'question', '7dba4fa5-3201-49e4-9942-df06630e6537', 5, true, null),
    ('c54076ef-c64f-4295-a4f9-03d549073ffe', '17e7d762-f470-414b-92f9-b02fcd702d61', 'question', '7dba4fa5-3201-49e4-9942-df06630e6537', 6, true, null),
    ('5b29995f-1b83-444b-b4f5-b67e2ad7c5d7', 'cdfba3a5-57f0-4767-b63b-4e843b05176e', 'question', '7dba4fa5-3201-49e4-9942-df06630e6537', 7, true, null),
    ('324cb8ad-2067-4d96-a5a4-59ddfe0ee95b', 'b62cba5b-0345-4d18-b8b3-96dc40690b08', 'question', '7dba4fa5-3201-49e4-9942-df06630e6537', 8, true, null),
    ('acd66270-f330-4fa0-bcba-f114932b76bb', 'd366d549-44eb-4ea9-b121-6356d5a1efb0', 'question', '7dba4fa5-3201-49e4-9942-df06630e6537', 9, true, null),
    ('ba4c1f3d-46e1-42f3-81c2-16518f92517c', '375b4d8f-30a5-4d4b-ae09-4e985aebce65', 'question', '7dba4fa5-3201-49e4-9942-df06630e6537', 10, true, null),
    ('ae9ef52b-8a6f-4bc4-9713-88bdf0ac2a3e', '25385c12-7735-4b90-952b-0c4b70ca63b9', 'question', '7dba4fa5-3201-49e4-9942-df06630e6537', 11, true, null),
    ('f50516cd-6831-4a33-b5ee-5de9e808af01', '70d211c3-e563-4197-a372-d75710b519f8', 'question', '7dba4fa5-3201-49e4-9942-df06630e6537', 12, true, null),
    ('2f82cc8c-9e0d-4f15-8ff8-8b853254e02b', 'c81783ab-d30b-4827-a3cb-294d9709ec92', 'question', '7dba4fa5-3201-49e4-9942-df06630e6537', 13, true, null),
    ('37fed01d-fddd-485b-a464-0b14970e2c59', 'd6a8a8b4-07ab-41a3-b486-42e8ba124e71', 'question', '7dba4fa5-3201-49e4-9942-df06630e6537', 14, true, null),
    ('90350340-a212-4d6d-8e81-e8f9d3f7c746', '3ed234e1-76f0-49c4-94f1-3ecc76c597a0', 'question', '7dba4fa5-3201-49e4-9942-df06630e6537', 15, true, null),
    ('04e7ed88-b3e0-4765-8112-eb7483b96239', '0f1378ec-283a-4055-849a-c33f872a08f9', 'question', '7dba4fa5-3201-49e4-9942-df06630e6537', 16, true, null),
    ('ec98d874-cb5a-4bf1-bcb6-000dddfb951f', '4d2d1699-bc3c-4cb9-a2e4-f7b56f8d4419', 'question', '7dba4fa5-3201-49e4-9942-df06630e6537', 17, true, null),
    ('3a9d53e3-ba6c-4a23-87a9-b4fbadc1b357', 'd0a52092-d5bb-4c1a-8e55-50c71dee7f22', 'question', '7dba4fa5-3201-49e4-9942-df06630e6537', 18, true, null),
    ('cd2901ae-2eea-4334-9d57-73c3febf9fd1', 'cc60a7b4-ab4e-4e17-b044-7ebba75720c4', 'question', '7dba4fa5-3201-49e4-9942-df06630e6537', 19, true, null),
    ('8d324750-d3f0-4a1d-94c9-018d8a40602b', '58673c6e-2cbb-4aae-8df4-72582d7e2138', 'question', '7dba4fa5-3201-49e4-9942-df06630e6537', 20, true, null),
    ('65cc667f-c6db-4821-a8d2-ce2c1a61708e', 'f229ebd9-c3e7-4194-bf1a-d288642f57a2', 'question', '7dba4fa5-3201-49e4-9942-df06630e6537', 21, true, null),
    ('98a6b61f-ce65-48c2-a3e9-d759e01def70', '951b5701-2202-4b13-a76e-770e040fc6da', 'question', '7dba4fa5-3201-49e4-9942-df06630e6537', 22, true, null),
    ('e621bc36-4691-4fb3-bf55-604532b6dd61', '2c3f941e-8ef9-4129-a212-d4c3c668936d', 'question', '7dba4fa5-3201-49e4-9942-df06630e6537', 23, true, null),
    ('55b9a9ce-220a-46d6-930d-51d519863e04', 'f4a35727-7e95-41cf-a2df-89ec540716b2', 'question', '7dba4fa5-3201-49e4-9942-df06630e6537', 24, true, null),
    ('acf227c0-3b7c-4ef8-8eba-f1f438479819', '3b6b6183-05f3-4c4e-954a-d95d89a96893', 'question', '7dba4fa5-3201-49e4-9942-df06630e6537', 25, true, null),
    ('29feef88-5473-4b83-be76-b1d21331a3da', 'a75185ac-000a-4cab-b0f0-31d88f384678', 'question', '7dba4fa5-3201-49e4-9942-df06630e6537', 26, true, null),
    ('b16f11c7-198b-4149-b215-f9a880bf5dce', '3de87dc8-0424-49f5-9157-2755c1fbf1dc', 'question', '7dba4fa5-3201-49e4-9942-df06630e6537', 27, true, null),
    ('56a58d61-aa0a-47c0-a821-cd35b7f80f26', 'ea51d360-ce69-4185-8b0c-3daf76344d72', 'question', '7dba4fa5-3201-49e4-9942-df06630e6537', 28, true, null),
    ('b4c97635-bf6a-45a1-ac9e-a05ca9e6bd5a', '31226962-ec7e-4622-a121-f72ce008e577', 'question', '7dba4fa5-3201-49e4-9942-df06630e6537', 29, true, null),
    ('be2cc078-ffe4-4525-9f3a-72ff4be5761d', '6065071f-df4a-48cc-9d39-b5fd591ab21f', 'question', '7dba4fa5-3201-49e4-9942-df06630e6537', 30, true, null),
    ('4ded92c8-2d0f-4a88-82f7-c3171cd334ff', '7ddd9452-699d-48c3-b0ef-2b1af59a61be', 'question', '7dba4fa5-3201-49e4-9942-df06630e6537', 31, true, null),
    ('ed60bb0b-cce0-4a8e-bcbb-be05fd89f9ca', 'dc492818-be10-407c-87cb-3167ccbd77d4', 'group', 'bf136a2d-b9d6-44b5-b1af-d7729206e45b', 7, true, null),
    ('7129e018-ce37-44d2-9b21-402232f43f47', '3cd50e4b-dcc2-4290-b1c3-b2e6b5844efc', 'question', 'dc492818-be10-407c-87cb-3167ccbd77d4', 1, true, null),
    ('40e5808d-130b-49e8-b859-80d02c5a41c8', 'f9f5e134-d275-4361-9a02-5bbccb19981a', 'question', 'dc492818-be10-407c-87cb-3167ccbd77d4', 2, true, null),
    ('a8499773-2479-4a1e-a3a4-b30c256050cd', 'b416d09f-9d5b-4fcb-b678-1449f8ac5a27', 'question', 'dc492818-be10-407c-87cb-3167ccbd77d4', 3, true, null),
    ('4d42ee86-fc8e-4366-93e4-f5dbab46ac02', 'e7390b44-c5d1-4255-b9f2-8fd927569461', 'group', 'bf136a2d-b9d6-44b5-b1af-d7729206e45b', 8, true, null),
    ('ee3e1011-8eda-47b7-9f02-f5e80220ff16', '40024ee6-330a-4e5a-90d4-7fc0ea061593', 'question', 'e7390b44-c5d1-4255-b9f2-8fd927569461', 1, true, null),
    ('ef7fa8e9-a6c8-4b4f-8986-0c5b881b8a4f', 'e271d0fa-983c-4879-816a-f4b346627925', 'group', 'bf136a2d-b9d6-44b5-b1af-d7729206e45b', 9, true, null),
    ('a7c384c1-6ebd-43f4-91a6-d171f9c9340b', 'a8962125-3291-4621-bae0-8d5d013980c8', 'question', 'e271d0fa-983c-4879-816a-f4b346627925', 1, true, null),
    ('5846738b-d924-4958-abb1-93e0a1794ad7', 'c2fadc8d-5b18-4007-9997-4f4fcdcf873c', 'question', 'e271d0fa-983c-4879-816a-f4b346627925', 2, true, null),
    ('844788d3-73f1-4d22-8ee7-2e6b6ca6cb8a', '65d1933c-9b0c-4123-8e80-d106e49f4344', 'question', 'e271d0fa-983c-4879-816a-f4b346627925', 3, true, null),
    ('bf58c28f-e0a3-434e-8d01-e549b6cee5d4', '99516b69-0c46-4aab-a173-25c13f7e7a85', 'question', 'e271d0fa-983c-4879-816a-f4b346627925', 4, true, null),
    ('4249df22-2259-4010-9c58-949c64651e9b', 'b5197f0a-ff37-4dbc-9daf-b821fdd8d7fc', 'question', 'e271d0fa-983c-4879-816a-f4b346627925', 5, true, null),
    ('bee41b85-8f8d-43d4-8400-13980298deec', 'cac2958b-3636-415e-93eb-e19c9c02d924', 'question', 'e271d0fa-983c-4879-816a-f4b346627925', 6, true, null),
    ('c4631a43-b527-4700-894b-a9cdcf842695', 'cb1357cb-221f-40bd-a456-78ffd8c7067f', 'question', 'e271d0fa-983c-4879-816a-f4b346627925', 7, true, null),
    ('cb2b97cd-1c55-485f-bb07-3be562f77d25', '044ebea8-92dc-44fe-969e-57784220a641', 'question', 'e271d0fa-983c-4879-816a-f4b346627925', 8, true, null),
    ('8cebc658-2507-4535-89f1-f011a645eec5', '02228814-042a-4d48-bfb7-684e11ee8b61', 'question', 'e271d0fa-983c-4879-816a-f4b346627925', 9, true, null),
    ('d0f318ae-f5c3-4383-8b86-cb7e8cc19eed', 'e43dfc5a-6733-49e6-9991-460c145c2867', 'question', 'e271d0fa-983c-4879-816a-f4b346627925', 10, true, null),
    ('3e136238-2f21-4b05-bbbf-f4962a8256aa', '05667286-d0e5-46c7-b499-c72d7c3afdef', 'question', 'e271d0fa-983c-4879-816a-f4b346627925', 11, true, null),
    ('197007df-9883-46b8-8ff4-81f90871f1b7', '236fd500-5d6f-4eee-be35-22b165ef9387', 'question', 'e271d0fa-983c-4879-816a-f4b346627925', 12, true, null),
    ('18254a84-82df-4209-8807-5d9c08028000', '8b6f8489-9099-435c-8822-eebd21bb8917', 'question', 'e271d0fa-983c-4879-816a-f4b346627925', 13, true, null),
    ('e6140751-1b88-423c-870d-b97934fd1c10', '7fb70c8c-22ac-4892-9efd-81fb5937748d', 'question', 'e271d0fa-983c-4879-816a-f4b346627925', 14, true, null),
    ('6dde7b3a-2339-4858-b0c0-92a0e25f89fa', '94495b5c-b850-4470-b858-d0947976f3ae', 'question', 'e271d0fa-983c-4879-816a-f4b346627925', 15, true, null),
    ('c89d7fba-6cce-4e38-9271-809119d9020e', '915c13f6-755f-42d6-871d-915088a3968e', 'question', 'e271d0fa-983c-4879-816a-f4b346627925', 16, true, null),
    ('3a83e2cc-0796-420b-b5cb-7f57bba3859c', 'e52af2bd-098a-4010-8bfa-4603c01c8108', 'question', 'e271d0fa-983c-4879-816a-f4b346627925', 17, true, null),
    ('867c23c3-1882-47bb-ace4-8d3679640401', '4a34b1a9-d2fe-491c-8483-a9b8e21e2c89', 'question', 'e271d0fa-983c-4879-816a-f4b346627925', 18, true, null),
    ('2c86685d-a7c3-4ba3-8b94-0e9972c4c932', '2958366b-e520-429b-a745-3038bfdef558', 'question', 'e271d0fa-983c-4879-816a-f4b346627925', 19, true, null),
    ('6fad32fb-478b-4f4c-a243-0237e7d82716', 'ed5d66b6-0416-4be0-8c45-c6fe0c8528ee', 'question', 'e271d0fa-983c-4879-816a-f4b346627925', 20, true, null),
    ('66ccc4ca-b5c9-425a-8f0d-313924a3e980', 'de743c74-56fb-4a65-993e-cd91d56b8563', 'question', 'e271d0fa-983c-4879-816a-f4b346627925', 21, true, null),
    ('084c9c33-69ab-4058-bed0-dce95372a0c2', '560d6e64-d0a5-4bad-aea2-11b95a47997c', 'question', 'e271d0fa-983c-4879-816a-f4b346627925', 22, true, null),
    ('81f853fd-54ca-468d-8376-b7d832e17036', 'ce47690c-a0eb-4f43-b80b-d6e12b06aaaa', 'question', 'e271d0fa-983c-4879-816a-f4b346627925', 23, true, null),
    ('6e5719fb-0a58-4730-bf88-00d1908cb739', '295b7fd9-bb95-4083-9c14-7b340ed14203', 'question', 'e271d0fa-983c-4879-816a-f4b346627925', 24, true, null),
    ('15c1eb3f-3216-4cdc-b4b1-30bf7f4dc851', '34fd7a9a-3dd8-4698-9983-0152996d77bd', 'question', 'e271d0fa-983c-4879-816a-f4b346627925', 25, true, null),
    ('ebf7be3b-a602-47b5-9abb-f45b0e6f3f50', '2ccb2e2d-4e95-4970-bb5f-ccfa75360e0f', 'question', 'e271d0fa-983c-4879-816a-f4b346627925', 26, true, null),
    ('64037083-a77c-4296-a3b1-686cd76a3872', '71baf160-71f4-42db-a09e-ff866d211019', 'question', 'e271d0fa-983c-4879-816a-f4b346627925', 27, true, null),
    ('ab9b5c31-9249-4594-8c21-1a3f96d518c7', '3fe56bc6-beaf-4e70-a867-2ebf9b42ba6c', 'question', 'e271d0fa-983c-4879-816a-f4b346627925', 28, true, null),
    ('b7b17928-e0d1-4e59-956a-7f2ae4eb10a5', '4d866837-eb1a-4e8d-a973-7610319013ec', 'question', 'e271d0fa-983c-4879-816a-f4b346627925', 29, true, null),
    ('39e54ae6-b8d9-447c-830c-f3ca0abc91d4', '34a5d526-eb90-4a16-8703-3442d095fc9f', 'question', 'e271d0fa-983c-4879-816a-f4b346627925', 30, true, null),
    ('b3a8dd8b-6ece-4ba0-82eb-787f1e81b6ad', '955df936-90e4-404a-b7c7-cb62628dc41a', 'question', 'e271d0fa-983c-4879-816a-f4b346627925', 31, true, null),
    ('3ae6e684-cf36-4cf7-9824-758252ed6a63', '87d6f447-de33-4746-ad9d-ec1e561a42d9', 'question', 'e271d0fa-983c-4879-816a-f4b346627925', 32, true, null),
    ('95b25c22-281a-4656-8773-15754f50bda2', 'a2623d29-68df-497b-9555-8777c14acf1b', 'question', 'e271d0fa-983c-4879-816a-f4b346627925', 33, true, null),
    ('d8415db6-2df9-4254-aa46-ad45af38c10e', 'c0e535f0-b2f6-4fdf-b587-5fd00af435d1', 'question', 'e271d0fa-983c-4879-816a-f4b346627925', 34, true, null),
    ('260bc6a4-2694-49ba-b47e-548ab7d38e7d', '1cfe24e6-fa23-49c7-8c5a-529c1d648f76', 'question', 'e271d0fa-983c-4879-816a-f4b346627925', 35, true, null),
    ('ae359f90-c658-4e2c-9fe2-4c612d2e18fe', '311e61d3-a5a3-43ed-b036-9090a6967263', 'question', 'e271d0fa-983c-4879-816a-f4b346627925', 36, true, null),
    ('8ed9d4d2-dac6-4ccb-8b55-9be1da150a3f', '69957ac9-6682-4ef5-bfc5-856a143d8d1f', 'question', 'e271d0fa-983c-4879-816a-f4b346627925', 37, true, null),
    ('a606b0fa-4dc1-4d91-a1e0-3ff00be9d7bf', '30289726-7539-4da8-bf8e-98628a98c0db', 'question', 'e271d0fa-983c-4879-816a-f4b346627925', 38, true, null),
    ('777d9611-038f-4041-864c-bf6ebdf2c98c', 'fc2d5f57-4c2d-43fd-a25f-5d4cd37782e9', 'question', 'e271d0fa-983c-4879-816a-f4b346627925', 39, true, null),
    ('44ba6492-bfff-4ecf-a52d-f4f8458cb37f', 'e24d41b6-029b-4e6c-a316-bfe4bd4d16b0', 'question', 'e271d0fa-983c-4879-816a-f4b346627925', 40, true, null),
    ('b82157ed-0f1c-4134-8e74-34b818222c27', 'f8081555-883f-40a3-80c3-9df4b8d8e717', 'question', 'e271d0fa-983c-4879-816a-f4b346627925', 41, true, null),
    ('f4f5185d-2901-41cf-a180-83c8e9aac9fd', 'aba7ee97-4e51-4df4-a7d3-b43b56366858', 'question', 'e271d0fa-983c-4879-816a-f4b346627925', 42, true, null),
    ('0386f1be-c2c0-4681-8ea2-9e74f6631c11', 'cef52da3-8d0f-4020-8dd0-4c2e25326b6e', 'question', 'e271d0fa-983c-4879-816a-f4b346627925', 43, true, null),
    ('b265fdcc-854c-4e66-bf42-cc68aa25bdb3', '53988215-704e-4ec5-a9ba-3b50f0c946ec', 'question', 'e271d0fa-983c-4879-816a-f4b346627925', 44, true, null),
    ('526108d2-617d-4ccb-988e-d8ca712a263b', '9d338d5e-f2ff-40f7-9763-a37463c0d53d', 'question', 'e271d0fa-983c-4879-816a-f4b346627925', 45, true, null),
    ('c457a684-cccc-40d9-a4ed-8533570763ec', '128e716a-1176-4703-beda-53ccedf5019a', 'question', 'e271d0fa-983c-4879-816a-f4b346627925', 46, true, null),
    ('05feea84-5853-4d41-8c38-ad6df5c923d8', '97bd8f6f-f548-42d9-bd13-65f788ac885b', 'question', 'e271d0fa-983c-4879-816a-f4b346627925', 47, true, null),
    ('df8325a3-feae-455c-a15d-d9575b8fa921', '76b562a5-03b8-4e76-a3a8-407be72beb38', 'question', 'e271d0fa-983c-4879-816a-f4b346627925', 48, true, null),
    ('6aaf7fa4-dd7f-4439-8e89-2c5ff217d982', '30448c10-d6d7-462d-adc6-f45a6e5aa525', 'question', 'e271d0fa-983c-4879-816a-f4b346627925', 49, true, null),
    ('0b87505d-a8bf-4f26-a411-9552539072ae', 'e658e435-8dad-4f34-b2a9-bfd7496e0b69', 'question', 'e271d0fa-983c-4879-816a-f4b346627925', 50, true, null),
    ('3b1d6225-3ba3-404c-87fb-2ce1f8de0ce3', 'ab49d6f7-adc3-4da8-855f-509e0bdcdef6', 'question', 'e271d0fa-983c-4879-816a-f4b346627925', 51, true, null),
    ('f6d58a30-9d7f-4bcb-bdcf-4a7f1520d6c8', '6dbdc0eb-0c91-4ea8-a05d-45b0a6b6033a', 'question', 'e271d0fa-983c-4879-816a-f4b346627925', 52, true, null),
    ('e60368b1-cf55-44e3-b9f8-27c8415c90cf', '61cf7182-99ba-4909-9d63-044f2e75672e', 'question', 'e271d0fa-983c-4879-816a-f4b346627925', 53, true, null),
    ('a94f5b38-c3ac-4364-9c5e-4a47cc06be59', 'a6ae9857-fb95-44eb-8407-6fabdda1f031', 'question', 'e271d0fa-983c-4879-816a-f4b346627925', 54, true, null),
    ('b3b7efa2-c916-46fe-a139-e1ad1eb4fbda', 'ea65d1d0-7ddb-4fcc-8252-d884c188e533', 'question', 'e271d0fa-983c-4879-816a-f4b346627925', 55, true, null),
    ('357e1d5f-c8d4-4fe5-9a28-f65cb351e5c7', 'beef9720-c17b-4292-8752-710b0eb4ca55', 'group', 'bf136a2d-b9d6-44b5-b1af-d7729206e45b', 10, true, null),
    ('06c5a607-efb0-4e46-b9d6-ce844520ac29', '9e390616-9986-4cd4-84e1-8726bb294741', 'question', 'beef9720-c17b-4292-8752-710b0eb4ca55', 1, true, null),
    ('95bdd9a1-805e-487c-ae58-a6d39d98695e', 'a1b3dea4-b235-48c0-9340-8ae68269cc59', 'question', 'beef9720-c17b-4292-8752-710b0eb4ca55', 2, true, null),
    ('be67d278-f82f-47f4-a616-022901c0290d', '5ae16617-f3e2-4cdf-9e43-a2c660193261', 'question', 'beef9720-c17b-4292-8752-710b0eb4ca55', 3, true, null),
    ('b72d39c3-3920-4d80-9573-ad4aab66d876', '2a1fe7e2-ae2c-4df2-8b5b-7e7f64cc52a8', 'question', 'beef9720-c17b-4292-8752-710b0eb4ca55', 4, true, null),
    ('b2d27a03-1b38-446e-99e6-21a0e46b3b32', 'd16dfd52-4601-4d47-9701-374925c87148', 'question', 'beef9720-c17b-4292-8752-710b0eb4ca55', 5, true, null),
    ('0ad82833-9c35-4abd-adb7-bf13335252eb', 'bdac4f9f-5661-46ef-96cc-013d42670249', 'question', 'beef9720-c17b-4292-8752-710b0eb4ca55', 6, true, null),
    ('bf023cdf-dca5-4a9c-a439-5b2c454cb21e', '759a8d94-0a9a-42ed-87c8-07474829c4c3', 'question', 'beef9720-c17b-4292-8752-710b0eb4ca55', 7, true, null),
    ('497388a8-9c03-43ba-b210-e23ecc5b5c46', '468954a7-7859-4c1b-b766-7140ac0549fc', 'question', 'beef9720-c17b-4292-8752-710b0eb4ca55', 8, true, null),
    ('853a22ff-d73f-4c56-beba-b421c1fe3853', 'ca620cd0-cc1b-46bc-8c37-fcdbecdbec2d', 'group', 'bf136a2d-b9d6-44b5-b1af-d7729206e45b', 11, true, null),
    ('9ff51590-662f-4fce-b9c0-17dddd8796bb', 'e15ddd3e-41e1-4a27-b381-abee38da62e9', 'question', 'ca620cd0-cc1b-46bc-8c37-fcdbecdbec2d', 1, true, null),
    ('858345a4-5633-4f5a-8f35-3a67dbbe020f', '950d60f9-d7d8-4b17-a2ec-d1eb22bad298', 'question', 'ca620cd0-cc1b-46bc-8c37-fcdbecdbec2d', 2, true, null),
    ('e75d941c-a323-4a8b-90c8-e3c95951bce1', '815a58d0-799a-421f-9218-89df3da5cea5', 'question', 'ca620cd0-cc1b-46bc-8c37-fcdbecdbec2d', 3, true, null),
    ('15c98d34-a0ee-452e-a13b-9832bf8554d4', '98136d03-3a99-47a5-af12-de80539b3c36', 'question', 'ca620cd0-cc1b-46bc-8c37-fcdbecdbec2d', 4, true, null),
    ('a4011174-a19f-44ce-ae82-cdad5683227c', 'f475af67-28c1-4913-b864-714fd9e9be80', 'question', 'ca620cd0-cc1b-46bc-8c37-fcdbecdbec2d', 5, true, null),
    ('be8c1a0c-bdf8-414f-a2b7-2ab2a360392d', '59f25eb9-835b-4921-8043-6fe5b7a4cc51', 'group', 'bf136a2d-b9d6-44b5-b1af-d7729206e45b', 12, true, null),
    ('3f512270-1730-4433-8a78-1234ec4896ae', '91f37781-6b04-4e23-bcd2-655507ffb65d', 'question', '59f25eb9-835b-4921-8043-6fe5b7a4cc51', 1, true, null),
    ('bc0b4268-4042-4a39-be48-3c3f828e5127', '03dff507-034f-4400-b50f-c8327af819b9', 'group', 'bf136a2d-b9d6-44b5-b1af-d7729206e45b', 13, true, null),
    ('18280422-73f0-41f7-b7d7-d1f07137dc97', 'a4fa4a46-4e25-4411-9d9f-15b09c525149', 'group', 'bf136a2d-b9d6-44b5-b1af-d7729206e45b', 14, true, null),
    ('3521cf5a-0bd8-44a2-913b-0a0b37af7d34', '3118799e-7232-4485-ad6c-d186bd887ec8', 'group', 'bf136a2d-b9d6-44b5-b1af-d7729206e45b', 15, true, null),
    ('07268f94-a363-429a-9926-4712ae224c09', '644277f7-f636-497e-b8d3-111d1f6a3cce', 'group', 'bf136a2d-b9d6-44b5-b1af-d7729206e45b', 16, true, null),
    ('b2b07859-442a-4da2-97dd-27a45fa6571b', '6470f63b-059e-4ecf-8088-616355a52713', 'group', 'bf136a2d-b9d6-44b5-b1af-d7729206e45b', 17, true, null),
    ('b6b4c65b-563f-4f31-813e-441b668da22e', '1b2d9a4d-ffab-4071-8e03-b8a3ddf6f030', 'group', 'bf136a2d-b9d6-44b5-b1af-d7729206e45b', 18, true, null),
    ('f2f10fe2-2989-4f58-a72d-910a543f9ee4', '9be33dde-85c8-4f63-a2c8-e2517a56f672', 'group', 'bf136a2d-b9d6-44b5-b1af-d7729206e45b', 19, true, null),
    ('3e578fd2-61ce-45bd-b8e8-373b7bdadc23', 'd0154d9f-dc94-43ca-9d66-e55ee53457a9', 'group', 'bf136a2d-b9d6-44b5-b1af-d7729206e45b', 20, true, null);


