INSERT INTO answer_schema_group (answer_schema_group_uuid, answer_schema_group_code, group_start, group_end)
VALUES ('887f4528-06d1-4247-8bc3-5e679222baa6', 'yes-no', '2020-11-30 14:50:00', null),
    ('701e4016-3447-40d2-a9fb-cc5e7490fe70', 'selectananswer-tbc', '2020-11-30 14:50:00', null),
    ('0f410dec-1e31-4a1d-aa49-22c7dc279bc8', 'selectananswer-bailinormationrecord-basiccustodyscreening-communitypayback-hostel-interview-judgescomments-localauthority-medical-oasyssaq-police-post-trialreport-pre-sentencereport-previousconvictions-previousoasys-prisonrecords-prosecutorinccps-psychiatric-psychology-requestforinformation-victimstatement-other', '2020-11-30 14:50:00', null),
    ('bc11e79e-cc23-446a-979a-88c29dceb894', 'carryingorusingaweapon-anyviolenceorthreatofviolence-excessiveuseofviolence-arson-physicaldamagetoproperty-sexualelement', '2020-11-30 14:50:00', null),
    ('5999791f-9192-488f-9e02-9f08fdcf6d0b', '0-noproblems-1-someproblems-2-significantproblems-missing', '2020-11-30 14:50:00', null),
    ('ab71238a-45b1-49b7-afea-aa086d165e50', '0-no-0-notavailableforwork-2-yes-missing', '2020-11-30 14:50:00', null),
    ('f01257fa-c05b-40fc-a134-1fcf6809e9f9', 'victim-perpetrator', '2020-11-30 14:50:00', null),
    ('8d19d1a4-7d3e-43c7-be38-094adaf5a9f2', '0-noproblems-1-someproblems-2-significantproblems', '2020-11-30 14:50:00', null),
    ('d4d0aab2-9ef1-4613-b658-9f588525b739', 'yes', '2020-11-30 14:50:00', null),
    ('5eb0380b-f928-481a-a8c4-255821dc69b2', 'yes-no-dontknow', '2020-11-30 14:50:00', null),
    ('16a910e5-e06f-4b56-937a-65ec8bf492ce', 'yes-no-n', '2020-11-30 14:50:00', null),
    ('f8a83fb6-b49f-48c8-9044-2d234bcedb62', 'low-medium-high-veryhigh', '2020-11-30 14:50:00', null),
    ('796a6f30-44c5-4cfb-a2a4-07c9ef2a11df', 'selectananswer-veryhigh-high-medium-low', '2020-11-30 14:50:00', null);


INSERT INTO answer_schema (answer_schema_uuid, answer_schema_code, answer_schema_group_uuid, answer_start, answer_end, value, text)
VALUES ('0d4682ab-7b24-4527-b0b3-b4d520e7c2d8', 'yes', '887f4528-06d1-4247-8bc3-5e679222baa6', '2020-11-30 14:50:00', null, 'YES', 'Yes'),
    ('2a6011b2-4973-4249-99fd-9f84dbb2c88e', 'no', '887f4528-06d1-4247-8bc3-5e679222baa6', '2020-11-30 14:50:00', null, 'NO', 'No'),
    ('117b0002-0e4b-48f6-9658-bce2b9fe222a', 'select_an_answer', '701e4016-3447-40d2-a9fb-cc5e7490fe70', '2020-11-30 14:50:00', null, null, 'Select an answer'),
    ('e7b824da-8bb5-44cb-9c27-467070529be2', 'tbc', '701e4016-3447-40d2-a9fb-cc5e7490fe70', '2020-11-30 14:50:00', null, 'tbc', 'TBC'),
    ('5929629b-036b-4132-958b-1a4110967087', 'select_an_answer', '0f410dec-1e31-4a1d-aa49-22c7dc279bc8', '2020-11-30 14:50:00', null, null, 'Select an answer'),
    ('299b024c-baf1-4662-b59c-cd7225b995ab', 'bail_inormation_record', '0f410dec-1e31-4a1d-aa49-22c7dc279bc8', '2020-11-30 14:50:00', null, 'bail inormation record', 'Bail inormation record'),
    ('6009d533-8d04-4968-bc21-82fa16d350a5', 'basic_custody_screening', '0f410dec-1e31-4a1d-aa49-22c7dc279bc8', '2020-11-30 14:50:00', null, 'basic custody screening', 'Basic custody screening'),
    ('74400057-7562-4735-8b86-83174c725273', 'community_payback', '0f410dec-1e31-4a1d-aa49-22c7dc279bc8', '2020-11-30 14:50:00', null, 'community payback', 'Community payback'),
    ('c60eeea4-4bcf-49cc-b6df-907defa11e58', 'hostel', '0f410dec-1e31-4a1d-aa49-22c7dc279bc8', '2020-11-30 14:50:00', null, 'hostel', 'Hostel'),
    ('e7475633-ceb5-43a8-8060-04c6d5378903', 'interview', '0f410dec-1e31-4a1d-aa49-22c7dc279bc8', '2020-11-30 14:50:00', null, 'interview', 'Interview'),
    ('2489a31e-8018-4635-bd36-b9c16094229e', 'judge_s_comments', '0f410dec-1e31-4a1d-aa49-22c7dc279bc8', '2020-11-30 14:50:00', null, 'judge''s comments', 'Judge''s comments'),
    ('8154d8fc-ddb9-42c9-b827-3053eb0cfca9', 'local_authority', '0f410dec-1e31-4a1d-aa49-22c7dc279bc8', '2020-11-30 14:50:00', null, 'local authority', 'Local authority'),
    ('afcd9d37-771b-4622-b354-29d385d88e34', 'medical', '0f410dec-1e31-4a1d-aa49-22c7dc279bc8', '2020-11-30 14:50:00', null, 'medical', 'Medical'),
    ('ca4a7d9e-88d4-423f-8a87-56f1cd5f5c66', 'oasys_saq', '0f410dec-1e31-4a1d-aa49-22c7dc279bc8', '2020-11-30 14:50:00', null, 'oasys saq', 'OASys SAQ'),
    ('b46e9738-e132-4503-a3e2-2439aa89b518', 'police', '0f410dec-1e31-4a1d-aa49-22c7dc279bc8', '2020-11-30 14:50:00', null, 'police', 'Police'),
    ('a34e32e9-e03a-4e17-90f1-29f826640c69', 'post-trial_report', '0f410dec-1e31-4a1d-aa49-22c7dc279bc8', '2020-11-30 14:50:00', null, 'post-trial report', 'Post-trial report'),
    ('53b7ecc6-ac95-46ed-bbc0-7d0dde9fb8f1', 'pre-sentence_report', '0f410dec-1e31-4a1d-aa49-22c7dc279bc8', '2020-11-30 14:50:00', null, 'pre-sentence report', 'Pre-sentence report'),
    ('e72b7bcb-ee4f-4b27-9ca4-293c4e6c944a', 'previous_convictions', '0f410dec-1e31-4a1d-aa49-22c7dc279bc8', '2020-11-30 14:50:00', null, 'previous convictions', 'Previous convictions'),
    ('50721651-9c7e-4a90-93d4-5228094462ca', 'previous_oasys', '0f410dec-1e31-4a1d-aa49-22c7dc279bc8', '2020-11-30 14:50:00', null, 'previous oasys', 'Previous OASys'),
    ('f72ac87d-731b-4e6f-a145-ccede871c803', 'prison_records', '0f410dec-1e31-4a1d-aa49-22c7dc279bc8', '2020-11-30 14:50:00', null, 'prison records', 'Prison records'),
    ('d666b549-be62-4fec-8c4f-dc57d651ea37', 'prosecutor_inc_cps_', '0f410dec-1e31-4a1d-aa49-22c7dc279bc8', '2020-11-30 14:50:00', null, 'prosecutor (inc cps)', 'Prosecutor (inc CPS)'),
    ('0b8e91d8-9183-433e-b537-4f45047d35e7', 'psychiatric', '0f410dec-1e31-4a1d-aa49-22c7dc279bc8', '2020-11-30 14:50:00', null, 'psychiatric', 'Psychiatric'),
    ('779ccb23-246b-423c-8ee9-e7ecb8642cdc', 'psychology', '0f410dec-1e31-4a1d-aa49-22c7dc279bc8', '2020-11-30 14:50:00', null, 'psychology', 'Psychology'),
    ('493d9293-6819-48c2-8dd9-d93c319d405a', 'request_for_information', '0f410dec-1e31-4a1d-aa49-22c7dc279bc8', '2020-11-30 14:50:00', null, 'request for information', 'Request for information'),
    ('f86ca56b-1997-4e1b-87ce-7606ca1070de', 'victim_statement', '0f410dec-1e31-4a1d-aa49-22c7dc279bc8', '2020-11-30 14:50:00', null, 'victim statement', 'Victim statement'),
    ('c1d23255-e5f8-45e9-904f-6be709411c18', 'other', '0f410dec-1e31-4a1d-aa49-22c7dc279bc8', '2020-11-30 14:50:00', null, 'other', 'Other'),
    ('9fad0ae4-7c7d-4eb0-a923-fe8dce394924', 'carrying_or_using_a_weapon', 'bc11e79e-cc23-446a-979a-88c29dceb894', '2020-11-30 14:50:00', null, 'WEAPON', 'Carrying or using a weapon'),
    ('d745c63d-8b87-457c-8ca3-85eac2696036', 'any_violence_or_threat_of_violence_', 'bc11e79e-cc23-446a-979a-88c29dceb894', '2020-11-30 14:50:00', null, ' coercion', 'Any violence or threat of violence '),
    ('0f23b76a-7a9a-4b96-958c-fde61ac52b88', 'excessive_use_of_violence_', 'bc11e79e-cc23-446a-979a-88c29dceb894', '2020-11-30 14:50:00', null, ' sadistic violence', 'Excessive use of violence '),
    ('2aeb4cca-e022-46ba-997f-b6e15ed60c14', 'arson', 'bc11e79e-cc23-446a-979a-88c29dceb894', '2020-11-30 14:50:00', null, 'ARSON', 'Arson'),
    ('63023419-8fdb-4ee8-98c6-f6a044b7e7ea', 'physical_damage_to_property', 'bc11e79e-cc23-446a-979a-88c29dceb894', '2020-11-30 14:50:00', null, 'PHYSICALDAM', 'Physical damage to property'),
    ('f29f9e00-502b-4999-b55a-2a5738780717', 'sexual_element', 'bc11e79e-cc23-446a-979a-88c29dceb894', '2020-11-30 14:50:00', null, 'SEXUAL', 'Sexual element'),
    ('ab24a2b6-8442-4883-810a-7effdebb4b24', '0-no_problems', '5999791f-9192-488f-9e02-9f08fdcf6d0b', '2020-11-30 14:50:00', null, '0', '0-No problems'),
    ('96294bad-6ff1-4dd2-b888-f07b83fdc382', '1-some_problems', '5999791f-9192-488f-9e02-9f08fdcf6d0b', '2020-11-30 14:50:00', null, '1', '1-Some problems'),
    ('e4ec0526-1564-431b-bbb5-0818cbfb76a6', '2-significant_problems', '5999791f-9192-488f-9e02-9f08fdcf6d0b', '2020-11-30 14:50:00', null, '2', '2-Significant problems'),
    ('e80f5abc-5e0c-435b-9024-4acd048a6edd', 'missing', '5999791f-9192-488f-9e02-9f08fdcf6d0b', '2020-11-30 14:50:00', null, 'M', 'Missing'),
    ('c6eebf27-41f8-4aca-bbbc-c7be6762e5e0', '0_-_no', 'ab71238a-45b1-49b7-afea-aa086d165e50', '2020-11-30 14:50:00', null, 'NO', '0 - No'),
    ('115e96bb-de4d-4c21-8725-d98cac71dff5', '0_-_not_available_for_work', 'ab71238a-45b1-49b7-afea-aa086d165e50', '2020-11-30 14:50:00', null, 'NA', '0 - Not Available for work'),
    ('c51cb40f-5ea4-40a7-8069-4929f2c5bb0c', '2_-_yes', 'ab71238a-45b1-49b7-afea-aa086d165e50', '2020-11-30 14:50:00', null, 'YES', '2 - Yes'),
    ('b6d297ea-f27b-44b2-b90b-f5701b40d3f0', 'missing', 'ab71238a-45b1-49b7-afea-aa086d165e50', '2020-11-30 14:50:00', null, 'M', 'Missing'),
    ('4b6d2415-b152-4ba0-b030-1d203b5b31dc', 'victim', 'f01257fa-c05b-40fc-a134-1fcf6809e9f9', '2020-11-30 14:50:00', null, 'VICTIM', 'Victim'),
    ('9a52b4dd-5648-41d3-8d0d-171228d98474', 'perpetrator', 'f01257fa-c05b-40fc-a134-1fcf6809e9f9', '2020-11-30 14:50:00', null, 'PERPETRATOR', 'Perpetrator'),
    ('e014a124-e291-418f-a525-a9e9cfae27f8', '0-no_problems', '8d19d1a4-7d3e-43c7-be38-094adaf5a9f2', '2020-11-30 14:50:00', null, '0', '0-No problems'),
    ('71fed64b-8bcb-475c-92b8-22c061ccd957', '1-some_problems', '8d19d1a4-7d3e-43c7-be38-094adaf5a9f2', '2020-11-30 14:50:00', null, '1', '1-Some problems'),
    ('1169a598-650d-4348-83c1-08cc320b9964', '2-significant_problems', '8d19d1a4-7d3e-43c7-be38-094adaf5a9f2', '2020-11-30 14:50:00', null, '2', '2-Significant problems'),
    ('3098b13e-5f55-4bfe-bc15-d598e9f03d61', 'yes', 'd4d0aab2-9ef1-4613-b658-9f588525b739', '2020-11-30 14:50:00', null, 'YES', 'Yes'),
    ('9541bbcd-dc4f-4d38-8a7c-0ddda92e82d4', 'yes', '5eb0380b-f928-481a-a8c4-255821dc69b2', '2020-11-30 14:50:00', null, 'YES', 'Yes'),
    ('2b45f6bc-0fa0-4713-a25b-a14e96e8007b', 'no', '5eb0380b-f928-481a-a8c4-255821dc69b2', '2020-11-30 14:50:00', null, 'NO', 'No'),
    ('199de7bd-6191-41b5-bb3c-5e1f888b3755', 'don_t_know', '5eb0380b-f928-481a-a8c4-255821dc69b2', '2020-11-30 14:50:00', null, 'DK', 'Don''t Know'),
    ('784f9f50-9029-4a83-a8bf-8784559b26b4', 'yes', '16a910e5-e06f-4b56-937a-65ec8bf492ce', '2020-11-30 14:50:00', null, 'YES', 'Yes'),
    ('fedbba4d-f8f7-44d4-bb43-543d0dff8c3a', 'no', '16a910e5-e06f-4b56-937a-65ec8bf492ce', '2020-11-30 14:50:00', null, 'NO', 'No'),
    ('301e1aae-c3e7-48c2-b88d-8989b1bba1d8', 'n', '16a910e5-e06f-4b56-937a-65ec8bf492ce', '2020-11-30 14:50:00', null, 'A', 'N'),
    ('a151763e-4046-4d30-85ef-919cee3c08a4', 'low', 'f8a83fb6-b49f-48c8-9044-2d234bcedb62', '2020-11-30 14:50:00', null, 'L', 'Low'),
    ('65b63f4b-c0c4-406d-be2d-49c0ed925459', 'medium', 'f8a83fb6-b49f-48c8-9044-2d234bcedb62', '2020-11-30 14:50:00', null, 'M', 'Medium'),
    ('8df7b711-ddd9-4c57-9f62-53e953633043', 'high', 'f8a83fb6-b49f-48c8-9044-2d234bcedb62', '2020-11-30 14:50:00', null, 'H', 'High'),
    ('3909a928-74d4-4661-9756-8c1e4b5fc343', 'very_high', 'f8a83fb6-b49f-48c8-9044-2d234bcedb62', '2020-11-30 14:50:00', null, 'V', 'Very High'),
    ('916df125-9b91-4158-bc0f-f6eacef72302', 'select_an_answer', '796a6f30-44c5-4cfb-a2a4-07c9ef2a11df', '2020-11-30 14:50:00', null, null, 'Select an answer'),
    ('48cfea00-6368-4238-8838-a6ccb077605a', 'very_high', '796a6f30-44c5-4cfb-a2a4-07c9ef2a11df', '2020-11-30 14:50:00', null, 'very high', 'Very high'),
    ('293813d3-0e1b-42c5-b1d6-20d3c83af125', 'high', '796a6f30-44c5-4cfb-a2a4-07c9ef2a11df', '2020-11-30 14:50:00', null, 'high', 'High'),
    ('c569bda2-98f5-45e0-9c1f-395f5523d702', 'medium', '796a6f30-44c5-4cfb-a2a4-07c9ef2a11df', '2020-11-30 14:50:00', null, 'medium', 'Medium'),
    ('e6922445-9c6f-43cb-81b5-c48ba44151b0', 'low', '796a6f30-44c5-4cfb-a2a4-07c9ef2a11df', '2020-11-30 14:50:00', null, 'low', 'Low');


INSERT INTO grouping (group_uuid, group_code, heading, subheading, help_text, group_start, group_end)
VALUES ('65a3924c-4130-4140-b7f4-cc39a52603bb', 'pre_sentence_assessment', 'Pre-Sentence Assessment', null, null, '2020-11-30 14:50:00', null),
    ('8e1b0ecf-9ac1-4233-aad9-a768b9899dd2', 'the_individual', 'The individual', null, null, '2020-11-30 14:50:00', null),
    ('1d1b8343-ccbe-49ad-bf63-7370d2abbbb5', 'psr_metadata', 'PSR metadata', null, null, '2020-11-30 14:50:00', null),
    ('e98de578-f851-48da-ae54-f864af7eb4d4', 'information_sources', 'Information sources', null, null, '2020-11-30 14:50:00', null),
    ('8df81bd9-29e7-484b-b301-557dd8885b8e', 'the_offences', 'The offences', null, null, '2020-11-30 14:50:00', null),
    ('5d2bbfc7-ab0f-4d0b-a1aa-c209ea2571ea', 'court_information', 'Court information', null, null, '2020-11-30 14:50:00', null),
    ('5a49af40-d87b-4f8e-bafd-ac78c7a1e917', 'offence_analysis', 'Offence analysis', null, null, '2020-11-30 14:50:00', null),
    ('36b8a37a-ac1b-4b74-9527-f15e436d1612', 'criminal_history', 'Criminal history', null, null, '2020-11-30 14:50:00', null),
    ('f7da1843-6446-4105-a60f-18dff2fe1d26', 'order', 'Order', null, null, '2020-11-30 14:50:00', null),
    ('ebf96a74-c140-47d8-b37f-62cff68f41c0', 'needs', 'Needs', null, null, '2020-11-30 14:50:00', null),
    ('75e71232-90cf-4bba-8616-8e4f76f04a0e', 'risk_of_serious_harm_screening', 'Risk of serious harm screening', null, null, '2020-11-30 14:50:00', null),
    ('18241334-da0e-4388-947d-1fd3efd1cb95', 'risk_to_the_individual_screening', 'Risk to the individual screening', null, null, '2020-11-30 14:50:00', null),
    ('3aefd016-34b6-4ca6-b238-efe2a24bd346', 'other_risks_screening', 'Other risks screening', null, null, '2020-11-30 14:50:00', null),
    ('0895c08b-c82f-4733-9bf0-159b0354533b', 'risk_of_serious_harm_to_others_full_analysis_current_behaviour_', 'Risk of serious harm to others. Full analysis. Current behaviour.', null, null, '2020-11-30 14:50:00', null),
    ('e15d1405-0f37-4533-b449-62d4838aae15', 'risk_of_serious_harm_to_others_full_analysis_previous_behaviour_', 'Risk of serious harm to others. Full analysis. Previous behaviour.', null, null, '2020-11-30 14:50:00', null),
    ('a14e358f-949e-4cb9-a1d0-f03ab8fa4696', 'risk_of_serious_harm_to_children_whse_identity_is_known_full_analysis_', 'Risk of serious harm to children whse identity is known. Full analysis. ', null, null, '2020-11-30 14:50:00', null),
    ('02445b70-00a4-4513-868c-7653e8e041cf', 'details_of_children_at_risk_of_serious_harm_', 'Details of children at risk of serious harm.', null, null, '2020-11-30 14:50:00', null),
    ('682bf8a6-6401-4a0e-a18f-c39c1e25c9c8', 'risk_of_serious_harm_full_analysis_suicide_and_self_harm_', 'Risk of serious harm. Full analysis. Suicide and self-harm.', null, null, '2020-11-30 14:50:00', null),
    ('ce6170a9-1f7b-4963-a8e3-08574e4c83d0', 'coping_in_custody_or_a_hostel_setting_', 'Coping in custody or a hostel setting.', null, null, '2020-11-30 14:50:00', null),
    ('b5334e5f-b793-4400-8ea1-67c316b2d44f', 'vulnerability', 'Vulnerability', null, null, '2020-11-30 14:50:00', null),
    ('3c70d53a-08c5-4f30-a144-12e5c6e14205', 'escape_and_abscond', 'Escape and abscond', null, null, '2020-11-30 14:50:00', null),
    ('22be9048-33a7-4e56-a8f4-8c4e2a62524c', 'control_issues_or_disruptive_behaviour', 'Control issues or disruptive behaviour', null, null, '2020-11-30 14:50:00', null),
    ('e807624f-c59e-4b21-b749-2432b08f60f9', 'breach_of_trust', 'Breach of trust', null, null, '2020-11-30 14:50:00', null),
    ('121f7277-c0fc-4cdf-a02c-049f73993cbd', 'risk_summary', 'Risk summary', null, null, '2020-11-30 14:50:00', null),
    ('006d1e2b-78e8-405f-82e9-fbdb318396cd', 'risk_of_serious_recidivism_rsr_', 'Risk of Serious Recidivism (RSR)', null, null, '2020-11-30 14:50:00', null),
    ('df139cfe-12fc-431f-9c1a-c1d9cda1a9c7', 'risk_of_serious_harm_score', 'Risk of Serious Harm score', null, null, '2020-11-30 14:50:00', null),
    ('1d69e176-8459-4d30-8410-006828ff8c72', 'risk_management_issues', 'Risk management issues', null, null, '2020-11-30 14:50:00', null),
    ('51c803b3-7056-4f5e-9000-af5ba1341b31', 'psr_summary', 'PSR summary', null, null, '2020-11-30 14:50:00', null);


INSERT INTO question_schema (question_schema_uuid, question_code, oasys_question_code, question_start, question_end, answer_type, answer_schema_group_uuid, question_text, question_help_text, external_source)
VALUES ('33923c1e-e3ba-4c02-ba42-3b8d828f9e18', '3.1', 'oasys_set.family_name', '2020-11-30 14:50:00', null, 'freetext', null, 'Family name or names', null, 'COURT:name.surname'),
    ('81cbd5f5-f8ec-430e-b18a-c48fdf660216', '5.1', 'offender_alias_in_set.alias_family_name', '2020-11-30 14:50:00', null, 'freetext', null, 'Family name (aliases)', null, null),
    ('2d6f7515-dd03-4cfc-b365-6739e1251498', '2.1', 'oasys_set.forename_1', '2020-11-30 14:50:00', null, 'freetext', null, 'First name or names
', null, 'COURT:name.forename1'),
    ('6b04e69d-4ffd-46c6-869a-1f4005979848', '4.1', 'offender_alias_in_set.alias_forename_1', '2020-11-30 14:50:00', null, 'freetext', null, 'First name (aliases)', null, null),
    ('83612e87-a57c-4b20-ab6d-76148e61a37b', '6.1', null, '2020-11-30 14:50:00', null, 'date', null, 'Date of birth', null, 'COURT:defendantDob:date'),
    ('4333785d-2419-4b8e-b01d-20380ec14dfc', '7.1', null, '2020-11-30 14:50:00', null, 'freetext', null, 'Age', null, null),
    ('70348c31-66aa-4e10-b0a5-4644e7fb85ff', '8.1', 'oasys_set.gender_elm', '2020-11-30 14:50:00', null, 'dropdown', '701e4016-3447-40d2-a9fb-cc5e7490fe70', 'Gender', null, null),
    ('65f3d164-cb41-4c58-ab67-2284243b34a0', '9.1', null, '2020-11-30 14:50:00', null, 'dropdown', '701e4016-3447-40d2-a9fb-cc5e7490fe70', 'Sex', null, null),
    ('49ec3bae-2726-4a43-84de-0e63e9f98bb1', '11.1', 'oasys_set.pnc', '2020-11-30 14:50:00', null, 'freetext', null, 'PNC', null, 'COURT:pnc'),
    ('bbb91ec0-140a-4e2f-a28b-31cad3545c5b', '12.1', 'oasys_set.cro_number', '2020-11-30 14:50:00', null, 'freetext', null, 'Criminal Records Office (CRO) Number', null, null),
    ('a7ceb029-04d0-48f9-91de-8e2afbd5f47a', '13.1', 'oasys_set.cms_prob_number', '2020-11-30 14:50:00', null, 'freetext', null, 'Probation Case Reference Number', null, null),
    ('558c142a-b3d1-4a5c-a1e4-12917d8353e0', '10.1', null, '2020-11-30 14:50:00', null, 'freetext', null, 'CRN', null, 'COURT:crn'),
    ('f3e03d17-015c-46d7-bf33-52c5d8503c08', '14.1', 'address_line_1', '2020-11-30 14:50:00', null, 'freetext', null, 'Address', null, 'COURT:defendantAddress.line1'),
    ('deaf25bc-0677-4d3f-9d09-c7c44c7c34c7', '14.1.2', 'address_line_2', '2020-11-30 14:50:00', null, 'freetext', null, null, null, 'COURT:defendantAddress.line2'),
    ('1ef76cd5-2d77-4e2a-9fb6-8f9aa5d4b657', '14.1.3', 'address_line_3', '2020-11-30 14:50:00', null, 'freetext', null, null, null, 'COURT:defendantAddress.line3'),
    ('ee346f9f-2d49-4070-afc2-4f9dabc1efa7', '14.1.4', 'address_line_4', '2020-11-30 14:50:00', null, 'freetext', null, null, null, 'COURT:defendantAddress.line4'),
    ('3eff7d61-dd85-4ecf-a91d-92d8ffd4fec9', '14.1.5', 'address_line_5', '2020-11-30 14:50:00', null, 'freetext', null, null, null, 'COURT:defendantAddress.line5'),
    ('92f76d3e-23c2-4a6e-b213-4e9f98c460cb', '14.1.6', 'post_code', '2020-11-30 14:50:00', null, 'freetext', null, 'Post Code', null, 'COURT:defendantAddress.postcode:toUpper'),
    ('1eb2db19-6e1b-42e2-a758-38aa20d469ea', '20.1', 'oasys_set.purpose_assessment_elm', '2020-11-30 14:50:00', null, 'freetext', null, 'Purpose of assessment', null, null),
    ('01a6211b-591a-4099-b4cb-43135c98667a', '25.1', null, '2020-11-30 14:50:00', null, 'freetext', null, 'Probation practitioner', null, null),
    ('c5d01278-2059-48d3-9005-a4ffff64ed7d', '26.1', 'NOT HELD', '2020-11-30 14:50:00', null, 'freetext', null, 'Report author', null, null),
    ('f693bf6e-be3b-4f5c-8a06-aefeddea311b', '27.1', 'oasys_set.assessor_position', '2020-11-30 14:50:00', null, 'freetext', null, 'Probation practitioner''s position', null, null),
    ('1f7de807-3018-4830-bc69-b5b02266fa12', '28.1', 'oasys_set.assessor_phone_number', '2020-11-30 14:50:00', null, 'freetext', null, 'Telephone number', null, null),
    ('5af89c42-ffa2-4a29-8975-ab0eb8770a1c', '29.1', 'oasys_set.assessor_area_est_code', '2020-11-30 14:50:00', null, 'freetext', null, 'Probation provider/prison', null, null),
    ('ead7aa8a-e20d-4822-9b3b-aedf186333b1', '30.1', 'oasys_set.originating_division_code', '2020-11-30 14:50:00', null, 'freetext', null, 'LDU', null, null),
    ('a64dc082-980a-43e0-b443-cf196f35d571', '31.1', 'oasys_set.originating_team_code', '2020-11-30 14:50:00', null, 'freetext', null, 'Team', null, null),
    ('10c93cf5-cc0c-404b-b6e4-da176db45527', '32.1', 'oasys_set.countersigner_nam', '2020-11-30 14:50:00', null, 'freetext', null, 'NPS countersigner or HMPS supervisor', null, null),
    ('d9ca82ca-8684-49e4-b7eb-91fb0effed91', '33.1', 'oasys_signing table', '2020-11-30 14:50:00', null, 'freetext', null, 'Signing history', null, null),
    ('eef973e6-f493-4460-b094-2162fc8dc7e9', '24.1', 'NOT HELD', '2020-11-30 14:50:00', null, 'date', null, 'Date report completed and signed', null, null),
    ('bf62ab62-8f6b-4f3c-a1f1-0786517bbe23', '298.1', 'Each individual source held, sources_information_pivot.sources_information_ELM', '2020-11-30 14:50:00', null, 'dropdown', '0f410dec-1e31-4a1d-aa49-22c7dc279bc8', 'Sources of information', null, null),
    ('de5901d9-ee4a-4dae-b7ac-8c8d697f933f', '299.1', 'sources_info_other_ftxt', '2020-11-30 14:50:00', null, 'freetext', null, 'Give details', null, null),
    ('caef87b2-0ba1-44be-acab-24375446062e', '35.1', '1.1', '2020-11-30 14:50:00', null, 'freetext', null, 'PSR or Court considered offence (Primary or most serious offence as judged by assessor)', null, null),
    ('9e5ca815-1731-441b-9f86-a04b20acd897', '18.1', null, '2020-11-30 14:50:00', null, 'date', null, 'Date of assessment', null, null),
    ('d84cef29-893b-4e92-bc98-12a2b4fe75b6', '43.1', '1.5', '2020-11-30 14:50:00', null, 'freetext', null, 'Number of court appearances at which convicted, or received a conditional or absolute discharge aged under 18 years', null, null),
    ('feb7ffe9-1e59-4516-9cb8-a1a41f37078f', '44.1', '1.6', '2020-11-30 14:50:00', null, 'freetext', null, 'Number of court appearances at which convicted, or received a conditional or absolute discharge aged 18 years and over. Do not include current appearances.', null, null),
    ('48bdcea3-55a6-4916-9040-2ea3770a0331', '45.1', '1.7', '2020-11-30 14:50:00', null, 'freetext', null, 'Age at first conviction, conditional or absolute discharge (record in years)', null, null),
    ('6cc878a7-299d-439b-9c73-53af55cbce2f', '46.1', '1.24', '2020-11-30 14:50:00', null, 'freetext', null, 'Number of previous formal cautions, reprimands and final warnings', null, null),
    ('d3c32fb8-8194-4bd9-8562-21fa2d752b26', '47.1', '1.26', '2020-11-30 14:50:00', null, 'freetext', null, 'How many of the sum of previous convictions, conditional or absolute discharges, cautions, reprimands or final warnings included any violent offences?', null, null),
    ('f5d1dd7c-1774-4c76-89c2-a47240ad98ba', '48.1', '1.29', '2020-11-30 14:50:00', null, 'date', null, 'Date of current conviction', null, null),
    ('1b6e7367-b7d0-48dc-8ca7-8a26e07e5f9d', '50.1', 'Section 2, question 2.8', '2020-11-30 14:50:00', null, 'freetext', null, 'Why did the offence occur?', null, null),
    ('3844f487-2e8e-4a2c-aac5-4ca79ef7d618', '53.1', 'Section 2, question 2.6', '2020-11-30 14:50:00', null, 'radio', '887f4528-06d1-4247-8bc3-5e679222baa6', 'Does the individual recognise the impact and consequences of their offence(s) on the victim, the community, and wider society?', null, null),
    ('4c838c2b-c8fe-454f-84d1-2d2b814a2205', '51.1', 'Section 2, question 2.11', '2020-11-30 14:50:00', null, 'radio', '887f4528-06d1-4247-8bc3-5e679222baa6', 'Does the individual accept responsibility for the current offence?', null, null),
    ('1ca1d5ae-3274-4705-a195-742aef989577', '55.1', 'Section 2, question 2.13', '2020-11-30 14:50:00', null, 'radio', '887f4528-06d1-4247-8bc3-5e679222baa6', 'Do the current offence(s) indicate an escalation in seriousness from earlier offending?', null, null),
    ('b213953a-aa79-4617-89dc-6ea20d374561', '57.1', 'Section 2, question 2.14', '2020-11-30 14:50:00', null, 'radio', '887f4528-06d1-4247-8bc3-5e679222baa6', 'Are current offence(s) part of an established pattern of offending?', null, null),
    ('58d3efd1-65a1-439b-952f-b2826ffa5e71', '59.1', '1.30', '2020-11-30 14:50:00', null, 'radio', '887f4528-06d1-4247-8bc3-5e679222baa6', 'Have they ever committed a sexual or sexually motivated offence?', null, null),
    ('5cd344d4-acf3-45a9-9493-5dda5aa9dfa8', '60.1', '1.38', '2020-11-30 14:50:00', null, 'date', null, 'Date of commencement of community sentence or earliest possible release from custody', null, null),
    ('86ee742c-4bfb-4e29-afca-04ad35a3abda', '61.1', '1.31', '2020-11-30 14:50:00', null, 'radio', '887f4528-06d1-4247-8bc3-5e679222baa6', 'Does the current sexual offence have a stranger victim?', null, null),
    ('a00223d0-1c20-43b5-8076-8a292ca25773', '62.1', '1.33', '2020-11-30 14:50:00', null, 'date', null, 'Date of most recent sanction involving a sexual or sexually motivated offence', null, null),
    ('466d3da9-2d4b-4f8c-a958-90d188c956b4', '63.1', '1.34', '2020-11-30 14:50:00', null, 'freetext', null, 'Number of previous or current sanctions involving contact adult sexual or sexually motivated offences', null, null),
    ('bb7f891c-557a-4bfb-972c-f6d8c291ecc3', '64.1', '1.35', '2020-11-30 14:50:00', null, 'freetext', null, 'Number of previous or current sanctions involving contact child sexual or sexually motivated offences', null, null),
    ('758c1ba6-f62c-4e73-8423-079db2d451e6', '65.1', '1.36', '2020-11-30 14:50:00', null, 'freetext', null, 'Number of previous or current sanctions involving indecent child image sexual or sexually motivted offences', null, null),
    ('46154597-8bc1-45a1-be0b-eba578bd7a3a', '66.1', '1.37', '2020-11-30 14:50:00', null, 'freetext', null, 'Number of previous or current sanctions involving other non-contact sexual or sexually motivated offences', null, null),
    ('420c2ffe-8f2c-49b3-a523-674af3197b9e', '67.1', '1.39', '2020-11-30 14:50:00', null, 'radio', '887f4528-06d1-4247-8bc3-5e679222baa6', 'Have you completed an interview?', null, null),
    ('5c8b7184-42c5-4ecb-8f6e-a938ab32f6ff', '68.1', null, '2020-11-30 14:50:00', null, 'radio', '887f4528-06d1-4247-8bc3-5e679222baa6', 'Does the individual have any previous convictions?', null, null),
    ('bd629547-eab9-46d5-910d-2416b431950f', '69.1', '2.2', '2020-11-30 14:50:00', null, 'radio', '887f4528-06d1-4247-8bc3-5e679222baa6', 'Did the offence involve carrying or use of a weapon?', null, null),
    ('ce1d25c4-cd11-46c4-8c4d-9de8d5ec71c5', '70.1', '2.2', '2020-11-30 14:50:00', null, 'checkbox', 'bc11e79e-cc23-446a-979a-88c29dceb894', 'Specify which weapon', null, null),
    ('f8c946c0-3976-4309-a428-90e80e8435fd', '71.1', null, '2020-11-30 14:50:00', null, 'date', null, 'Date of first sanction', null, null),
    ('5f1c0658-31f1-4314-ba2f-e75674a04212', '72.1', null, '2020-11-30 14:50:00', null, 'freetext', null, 'Number of previous sanctions for all recordable offences', null, null),
    ('bc52b533-b939-4893-bd15-1b883a4ff4e3', '74.1', null, '2020-11-30 14:50:00', null, 'freetext', null, 'Order', null, null),
    ('ed0e988a-38a4-4f9f-9691-08fb695cbed9', '75.1', '3.4', '2020-11-30 14:50:00', null, 'radio', '5999791f-9192-488f-9e02-9f08fdcf6d0b', 'Is the individual living in suitable accommodation?', null, null),
    ('dcfd3dd2-2168-41ac-9e7d-3ac7959eab4b', '77.1', 'Section 3 last question field ref S3.11', '2020-11-30 14:50:00', null, 'radio', '887f4528-06d1-4247-8bc3-5e679222baa6', 'Are any current or previous accommodation issues linked to offending behaviour?', null, null),
    ('3211a668-8878-4e88-8457-8250bfe65aea', '80.1', 'Section 4 last question field ref S4.23', '2020-11-30 14:50:00', null, 'radio', '887f4528-06d1-4247-8bc3-5e679222baa6', 'Are education, training, employment and/or basic skills issues linked to offending behaviour?', null, null),
    ('adc43d86-a8ac-4c07-b445-63a0ace17972', '80.2', '4.2', '2020-11-30 14:50:00', null, 'radio', '887f4528-06d1-4247-8bc3-5e679222baa6', 'Is the person unemployed or will be unemployed upon release?', null, null),
    ('f67f1555-c314-4d0a-9c7f-abc355fe1bff', '81.1', '4.2', '2020-11-30 14:50:00', null, 'radios', 'ab71238a-45b1-49b7-afea-aa086d165e50', 'Education, training and employability status', null, null),
    ('5419fbff-a1cc-4571-9c29-147617af25a0', '84.1', 'Section 5 last question field ref S5.13', '2020-11-30 14:50:00', null, 'radio', '887f4528-06d1-4247-8bc3-5e679222baa6', 'Are financial issues linked to offending behaviour?', null, null),
    ('1970ba5e-91cb-4ad3-9f04-64d5b5b7157b', '86.1', '6.4', '2020-11-30 14:50:00', null, 'radio', '5999791f-9192-488f-9e02-9f08fdcf6d0b', 'What is the person''s current relationship with their partner?', null, null),
    ('f04dd882-0a0d-49f5-9736-91eeadbff9e7', '87.1', '6.7', '2020-11-30 14:50:00', null, 'radio', '887f4528-06d1-4247-8bc3-5e679222baa6', 'Is there evidence that the individual is a perpetrator of domestic violence or partner abuse?', null, null),
    ('fb98f8b1-58ed-4aac-85b1-404f84270b95', '88.1', '6.7.1', '2020-11-30 14:50:00', null, 'radio', 'f01257fa-c05b-40fc-a134-1fcf6809e9f9', 'Victim or perpetrator', null, null),
    ('0d46cc3c-08ed-47f7-8623-0ae5955d23c6', '96.1', 'Section 8 last question field ref S8.19', '2020-11-30 14:50:00', null, 'radio', '887f4528-06d1-4247-8bc3-5e679222baa6', 'Is drug misuse linked to offending behaviour?', null, null),
    ('881bc39f-552c-4d62-b9ec-0fa0e705432e', '98.1', 'Section 8 fields S8.2', '2020-11-30 14:50:00', null, 'radio', '887f4528-06d1-4247-8bc3-5e679222baa6', 'Is there current or recent drug misuse on a daily or weekly basis?', null, null),
    ('12b03497-eeeb-4023-bb03-dfbd5d32b32a', '100.1', 'Section 8 question 8.8', '2020-11-30 14:50:00', null, 'freetext', null, 'Is the individual motivated to tackle drugs misuse?', null, null),
    ('f0416e89-3a71-46d1-8fa2-aebd886dcb34', '90.1', '9.1', '2020-11-30 14:50:00', null, 'radio', '5999791f-9192-488f-9e02-9f08fdcf6d0b', 'Is the person''s current use of alcohol a problem?', null, null),
    ('574618c3-27f4-4dd2-94bb-6de74126ff22', '92.1', '9.2', '2020-11-30 14:50:00', null, 'radio', '5999791f-9192-488f-9e02-9f08fdcf6d0b', 'Is there evidence of binge drinking or excessive use of alcohol in the last 6 months?', null, null),
    ('5a90a38d-ee0a-4775-994c-addf3397b817', '113.1', '11.2', '2020-11-30 14:50:00', null, 'radio', '8d19d1a4-7d3e-43c7-be38-094adaf5a9f2', 'Is impulsivity a problem for the individual?', null, null),
    ('d0619e6b-cc90-4031-90c6-ab15e06cc779', '115.1', '11.4', '2020-11-30 14:50:00', null, 'radio', '8d19d1a4-7d3e-43c7-be38-094adaf5a9f2', 'Is temper control a problem for the individual?', null, null),
    ('2f1b543b-1e69-4f7e-a61c-6d21ff967432', '116.1', '12.1', '2020-11-30 14:50:00', null, 'radio', '8d19d1a4-7d3e-43c7-be38-094adaf5a9f2', 'Does the individual have pro-criminal attitudes?', null, null),
    ('2d6a1356-d59e-4b41-a995-60c41e2cf197', '117.1', 'Section 11 question 11.1', '2020-11-30 14:50:00', null, 'radio', '887f4528-06d1-4247-8bc3-5e679222baa6', 'Is there evidence that the individual demonstrates inadequate social or interpersonal skills?', null, null),
    ('6f650958-4437-49dc-98ab-5672b89053a8', '118.1', null, '2020-11-30 14:50:00', null, 'freetext', null, 'Give details', null, null),
    ('b6db75b3-c3e4-4234-8876-ab185301cea8', '119.1', 'Section 11 question 11.6', '2020-11-30 14:50:00', null, 'radio', '887f4528-06d1-4247-8bc3-5e679222baa6', 'Is there evidence that the individual uses inappropriate problem solving strategies?', null, null),
    ('21a2b7a4-ca19-4749-a3de-afe2e3fb3bec', '120.1', null, '2020-11-30 14:50:00', null, 'freetext', null, 'Give details', null, null),
    ('3f00a7f7-b4e7-4fdc-ba22-88b66864bd4c', '121.1', 'Section 11 question 11.9', '2020-11-30 14:50:00', null, 'radio', '887f4528-06d1-4247-8bc3-5e679222baa6', 'Is there evidence that the individual has difficulty understanding other people’s points of view?', null, null),
    ('eef7d5ce-43c4-4ea5-af46-c01d92506d7b', '102.1', 'Section 10 last question field ref S10.17', '2020-11-30 14:50:00', null, 'radio', '887f4528-06d1-4247-8bc3-5e679222baa6', 'Is mental health linked to offending behaviour?', null, null),
    ('09e3f983-1a26-46ba-8aab-befab6c23524', '108.1', 'R8.2.1 field FA.39', '2020-11-30 14:50:00', null, 'radio', '887f4528-06d1-4247-8bc3-5e679222baa6', 'Can the individual cope in custody / hostel setting?', null, null),
    ('2afb918d-635a-4f1a-9d83-c8b6d2ee9dd4', '110.1', 'Section 10 question 10.8 field ref S10.14', '2020-11-30 14:50:00', null, 'radio', '887f4528-06d1-4247-8bc3-5e679222baa6', 'Is a specialist mental health report required?', null, null),
    ('4dab51be-e9f8-4ca1-8765-b58e07e137ba', '128.1', null, '2020-11-30 14:50:00', null, 'radio', '887f4528-06d1-4247-8bc3-5e679222baa6', 'Are you completing a risk assessment?', null, null),
    ('c2a60b0e-2019-4108-ade3-6df3f23dde5a', '129.1', 'HEADING', '2020-11-30 14:50:00', null, 'freetext', null, 'Has the individual been convicted of any of the following?', null, null),
    ('87531e74-2c67-4c86-9a34-2e5a08be6580', '130.1', 'R1.2.1.2', '2020-11-30 14:50:00', null, 'checkbox', 'd4d0aab2-9ef1-4613-b658-9f588525b739', 'Murder, attempted murder, threat or conspiracy to murder, or manslaughter', null, null),
    ('e9bbea38-d1d8-4358-aa6a-5f79d44d8461', '131.1', 'R1.2.2.2', '2020-11-30 14:50:00', null, 'checkbox', 'd4d0aab2-9ef1-4613-b658-9f588525b739', 'Wounding or GBH ', null, null),
    ('10bcb346-42a9-4501-9469-c924fbf875f3', '132.1', 'R1.2.3.2', '2020-11-30 14:50:00', null, 'checkbox', 'd4d0aab2-9ef1-4613-b658-9f588525b739', 'Any sexual offence against a child', null, null),
    ('cb02474c-e1d8-4a24-917b-88d0611dabf8', '133.1', 'R1.2.4.2', '2020-11-30 14:50:00', null, 'checkbox', 'd4d0aab2-9ef1-4613-b658-9f588525b739', 'Rape or serious sexual offence against an adult', null, null),
    ('7de9e887-9dc4-40f3-b888-c49cb3e6dce0', '134.1', 'R1.2.5.2', '2020-11-30 14:50:00', null, 'checkbox', 'd4d0aab2-9ef1-4613-b658-9f588525b739', 'Any other offence against a child ', null, null),
    ('e5d603cf-4a27-4c23-8e8c-47df797fdd0b', '135.1', 'R1.2.6.2', '2020-11-30 14:50:00', null, 'checkbox', 'd4d0aab2-9ef1-4613-b658-9f588525b739', 'Aggravated burglary', null, null),
    ('abe98154-9a39-4415-9e7d-fa21ead1af89', '136.1', 'R1.2.7.2', '2020-11-30 14:50:00', null, 'checkbox', 'd4d0aab2-9ef1-4613-b658-9f588525b739', 'Arson', null, null),
    ('892ecb86-517a-4485-9f0b-5772df8455de', '137.1', 'R1.2.8.2', '2020-11-30 14:50:00', null, 'checkbox', 'd4d0aab2-9ef1-4613-b658-9f588525b739', 'Criminal damage with intent to endanger life', null, null),
    ('02c167fb-2011-4a88-95cf-e8ae7c3de5a2', '138.1', 'R1.2.9.2', '2020-11-30 14:50:00', null, 'checkbox', 'd4d0aab2-9ef1-4613-b658-9f588525b739', 'Kidnapping or false imprisonment', null, null),
    ('823c8fca-a594-424d-90da-7a8b6813a44a', '139.1', 'R1.2.10.2', '2020-11-30 14:50:00', null, 'checkbox', 'd4d0aab2-9ef1-4613-b658-9f588525b739', 'Possession of a firearm with intent to endanger life or resist arrest', null, null),
    ('7e09cbd3-de1d-4d56-919e-208d3221fb58', '140.1', 'R1.2.11.2', '2020-11-30 14:50:00', null, 'checkbox', 'd4d0aab2-9ef1-4613-b658-9f588525b739', 'A racially motivated or racially aggravated offence', null, null),
    ('fccfc5c2-b212-4336-b4dc-085ee34fd652', '141.1', 'R1.2.12.2', '2020-11-30 14:50:00', null, 'checkbox', 'd4d0aab2-9ef1-4613-b658-9f588525b739', 'Robbery', null, null),
    ('404ebe65-35c0-4769-938b-95afbc03f049', '142.1', 'R1.2.13.2', '2020-11-30 14:50:00', null, 'checkbox', 'd4d0aab2-9ef1-4613-b658-9f588525b739', 'Any other offence involving possession and/or use of weapons', null, null),
    ('9fe2a213-9c11-454c-818e-88509cb44fac', '143.1', 'R1.2.14.2', '2020-11-30 14:50:00', null, 'checkbox', 'd4d0aab2-9ef1-4613-b658-9f588525b739', 'Any other offence which is as serious, eg blackmail, harassment, stalking, child pornography, child neglect, abduction etc.  Indicate offence below', null, null),
    ('9ae5176a-3e90-4876-8e98-c629a198df24', '144.1', 'R1.2.14.t', '2020-11-30 14:50:00', null, 'freetext', null, 'Give details', null, null),
    ('160ae8a9-ec7d-442e-b326-378a04a38fa4', '145.1', 'R1.2.15.2', '2020-11-30 14:50:00', null, 'checkbox', 'd4d0aab2-9ef1-4613-b658-9f588525b739', 'None of the above apply', null, null),
    ('295db7d3-337d-4060-af83-3658e0fef059', '146.1', 'HEADING', '2020-11-30 14:50:00', null, 'freetext', null, 'On the information available to you has the individual', null, null),
    ('14ab8b61-8811-4d47-b6f2-8881619f0aa3', '147.1', 'R1.3.1.2', '2020-11-30 14:50:00', null, 'checkbox', 'd4d0aab2-9ef1-4613-b658-9f588525b739', 'Assaulted or threatened staff', null, null),
    ('c7e8cc27-b805-4a4b-bb8d-3689c6206d46', '148.1', 'R1.3.2.2', '2020-11-30 14:50:00', null, 'checkbox', 'd4d0aab2-9ef1-4613-b658-9f588525b739', 'Assaulted or  threatened others', null, null),
    ('8d1d257c-8618-45ac-adba-01bc4a0d67af', '149.1', 'R1.3.3.2', '2020-11-30 14:50:00', null, 'checkbox', 'd4d0aab2-9ef1-4613-b658-9f588525b739', 'Been violent towards partner or other member of their family', null, null),
    ('b2184cac-a2a0-46a1-88b9-19ae4b64cabd', '150.1', 'R1.3.4.2', '2020-11-30 14:50:00', null, 'checkbox', 'd4d0aab2-9ef1-4613-b658-9f588525b739', 'Committed a serious offence whilst not complying with medication', null, null),
    ('af20af57-388e-4ee1-824d-0a516623dbf9', '152.1', 'R1.3.6.2', '2020-11-30 14:50:00', null, 'checkbox', 'd4d0aab2-9ef1-4613-b658-9f588525b739', 'Been involved in any hate-based behaviour', null, null),
    ('f2b7c14a-ee13-4cbc-b9d4-0ba5594b6c8b', '153.1', 'R1.3.7.2', '2020-11-30 14:50:00', null, 'checkbox', 'd4d0aab2-9ef1-4613-b658-9f588525b739', 'Been assessed as high risk of serious harm on a previous occasion', null, null),
    ('ca4b265c-7be9-4c7a-ab6e-b947bdf375af', '156.1', 'R1.3.10.2', '2020-11-30 14:50:00', null, 'checkbox', 'd4d0aab2-9ef1-4613-b658-9f588525b739', 'Been a conditionally discharged patient subject to a restriction order under Section 41 MHA 1983', null, null),
    ('66cb63ce-4cf8-43b3-95cb-0da1ee953717', '158.1', 'R1.3.12.2', '2020-11-30 14:50:00', null, 'checkbox', 'd4d0aab2-9ef1-4613-b658-9f588525b739', 'Been a stalker', null, null),
    ('3aa0b6d0-886b-4682-936d-9c23aabf090e', '159.1', 'R1.3.13.2', '2020-11-30 14:50:00', null, 'checkbox', 'd4d0aab2-9ef1-4613-b658-9f588525b739', 'Displayed obsessive behaviour linked to offending', null, null),
    ('29e76b3e-3ee6-4387-ac10-50aca26ffa2a', '160.1', 'R1.3.14.2', '2020-11-30 14:50:00', null, 'checkbox', 'd4d0aab2-9ef1-4613-b658-9f588525b739', 'Been involved in bizarre or ritualistic aspects linked to offending', null, null),
    ('1c82ab38-b8d9-4e10-b783-407297d6f292', '161.1', 'R1.3.15.2', '2020-11-30 14:50:00', null, 'checkbox', 'd4d0aab2-9ef1-4613-b658-9f588525b739', 'Displayed any offence-related behaviour observed in a custodial setting', null, null),
    ('be1fb2dc-2237-4cf6-91d6-33505e8e1676', '162.1', 'R1.3.16.2', '2020-11-30 14:50:00', null, 'checkbox', 'd4d0aab2-9ef1-4613-b658-9f588525b739', 'Displayed any inappropriate behaviour towards members of staff, visitors or prisoners', null, null),
    ('d97b7227-515b-41f6-ba37-ca243ecf9f65', '163.1', 'R1.3.17.2', '2020-11-30 14:50:00', null, 'checkbox', 'd4d0aab2-9ef1-4613-b658-9f588525b739', 'Established links or associations, whilst in custody, which increase risk of serious harm', null, null),
    ('bb6ebcbf-cffd-4675-9228-5711e63a7d0f', '163.2', 'R1.3.18.2', '2020-11-30 14:50:00', null, 'checkbox', 'd4d0aab2-9ef1-4613-b658-9f588525b739', 'Committed an offence involving excessive use of violence or sadistic violence', null, null),
    ('95e79ec5-f020-45bc-985a-9beb8a9f060d', '164.1', 'R1.3.19.2', '2020-11-30 14:50:00', null, 'checkbox', 'd4d0aab2-9ef1-4613-b658-9f588525b739', 'None of the above apply', null, null),
    ('24584de0-fae2-4821-9d9b-bbf6b874eb8b', '165.1', 'R2.1', '2020-11-30 14:50:00', null, 'radios', '5eb0380b-f928-481a-a8c4-255821dc69b2', 'Is the individual, now or on release, likely to live with, or have frequent contact with, any child who is on the child protection register or is being looked after by the local authority.', null, null),
    ('241e1b42-ccc3-4b37-917b-40db31da234e', '166.1', 'R2.2', '2020-11-30 14:50:00', null, 'radios', '5eb0380b-f928-481a-a8c4-255821dc69b2', 'Are there any concerns in relation to children?', null, null),
    ('b82889ff-16cb-4a22-b4fe-7c341c2987de', '167.1', 'R2.2.1', '2020-11-30 14:50:00', null, 'radios', '887f4528-06d1-4247-8bc3-5e679222baa6', 'Should contact be made with social services?', null, null),
    ('f2de0ecb-b004-47c9-98c4-71ad81f84d70', '168.1', 'HEADING', '2020-11-30 14:50:00', null, 'freetext', null, 'From what you know about this individual have there been or are there currently any concerns in relation to', null, null),
    ('7ec5fcc8-624a-439d-b237-ccb70102fc42', '169.1', 'R3.1', '2020-11-30 14:50:00', null, 'radios', '5eb0380b-f928-481a-a8c4-255821dc69b2', 'Risk of suicide', null, null),
    ('c4f83773-f18f-41ee-95e1-30af0cfbd2e7', '170.1', 'R3.2', '2020-11-30 14:50:00', null, 'radios', '5eb0380b-f928-481a-a8c4-255821dc69b2', 'Risk of self-harm', null, null),
    ('9d230033-03b6-4e4d-b616-5f89d6362249', '171.1', 'R3.3', '2020-11-30 14:50:00', null, 'radios', '5eb0380b-f928-481a-a8c4-255821dc69b2', 'Coping in custody or a hostel setting', null, null),
    ('0fd27452-567d-4414-8003-0cd8ec7cd2c9', '172.1', 'R3.4', '2020-11-30 14:50:00', null, 'radios', '5eb0380b-f928-481a-a8c4-255821dc69b2', 'Vulnerability', null, null),
    ('cb045896-9854-4418-a32a-6046c1a59929', '173.1', 'HEADING', '2020-11-30 14:50:00', null, 'freetext', null, 'From what you know about this individual have there been or are there currently any concerns in relation to', null, null),
    ('f775bb4d-c7be-4e0c-a735-685112fe9b6d', '174.1', 'R4.1', '2020-11-30 14:50:00', null, 'radios', '5eb0380b-f928-481a-a8c4-255821dc69b2', 'Escape or abscond', null, null),
    ('80f5bed4-9fd5-4103-b3cc-4050d1a7cb87', '175.1', 'R4.2', '2020-11-30 14:50:00', null, 'radios', '5eb0380b-f928-481a-a8c4-255821dc69b2', 'Control issues or disruptive behaviour', null, null),
    ('016c7243-39eb-454a-8e10-17619b1654b1', '176.1', 'R4.3', '2020-11-30 14:50:00', null, 'radios', '5eb0380b-f928-481a-a8c4-255821dc69b2', 'Concerns in respect of breach of trust', null, null),
    ('4dc7a258-3e7b-45fb-a3c9-1ef4be9253d7', '177.1', 'R4.4', '2020-11-30 14:50:00', null, 'radios', '5eb0380b-f928-481a-a8c4-255821dc69b2', 'Risks to other prisoners', null, null),
    ('be6ebe75-da14-44a8-8db8-a9c71bec743c', '178.1', 'R5.1', '2020-11-30 14:50:00', null, 'radios', '887f4528-06d1-4247-8bc3-5e679222baa6', 'Is there anything else about the individual that leads you to consider that a full analysis should be completed?', null, null),
    ('f21a22f7-6f6b-4c2a-b27f-d4c3b9123322', '179.1', 'R5.1.t', '2020-11-30 14:50:00', null, 'freetext', null, 'Give details', null, null),
    ('1b277bcd-6dd4-4a8a-bb83-cbf72bc38033', '180.1', 'R5.2 , R5.2a', '2020-11-30 14:50:00', null, 'radio', '887f4528-06d1-4247-8bc3-5e679222baa6', 'In your professional opinion, is it appropriate to not do a full risk of harm analysis?', null, null),
    ('40f3ce03-9ba5-4539-9fed-1816b731bd12', '181.1', 'HEADING', '2020-11-30 14:50:00', null, 'freetext', null, 'Most recent behaviour or offence indicative of risk of serious harm', null, null),
    ('5974af31-268a-4413-be23-6285cfe61346', '182.1', 'FA1.1', '2020-11-30 14:50:00', null, 'freetext', null, 'Offence details ', null, null),
    ('e3da3b38-2c6e-49fd-91d9-938105098136', '183.1', 'FA2', '2020-11-30 14:50:00', null, 'freetext', null, 'Where and when did they do it?', null, null),
    ('31a47ad0-6d66-4478-94c8-65ef70091dee', '184.1', 'FA3', '2020-11-30 14:50:00', null, 'freetext', null, 'How did they do it? ', null, null),
    ('90d93a85-d0d6-4b79-9320-c1054f0c00df', '185.1', 'FA4', '2020-11-30 14:50:00', null, 'freetext', null, 'Who were the victims? ', null, null),
    ('c3bf9231-5b7d-43d7-bbee-952c78ee7788', '186.1', 'FA5', '2020-11-30 14:50:00', null, 'freetext', null, 'Was anyone else present or involved?', null, null),
    ('8d5404d8-a633-4789-aa03-68061e3bf373', '187.1', 'FA6', '2020-11-30 14:50:00', null, 'freetext', null, 'Why did they do it? ', null, null),
    ('d4d40a81-3a9b-48fa-8380-ee7a35444b86', '188.1', 'FA7', '2020-11-30 14:50:00', null, 'freetext', null, 'Sources of information', null, null),
    ('65373dba-95aa-4b6e-b2d8-fafa1abd5ae4', '189.1', 'HEADING', '2020-11-30 14:50:00', null, 'freetext', null, 'Previous behaviour or offence indicative of risk of serious harm', null, null),
    ('2b0d4124-a1f6-4d4b-89e5-4cb3abfc38fe', '190.1', 'FA8', '2020-11-30 14:50:00', null, 'freetext', null, 'What exactly did they do?', null, null),
    ('52a9bc59-c243-4e54-8d2c-005fb266f632', '191.1', 'FA9', '2020-11-30 14:50:00', null, 'freetext', null, 'Where and when did they do it?', null, null),
    ('0ba2c568-8625-47a3-a911-6066188d7e94', '192.1', 'FA10', '2020-11-30 14:50:00', null, 'freetext', null, 'How did they do it? ', null, null),
    ('627f694d-efb1-4556-bbea-a7d93179cf3f', '193.1', 'FA11', '2020-11-30 14:50:00', null, 'freetext', null, 'Who were the victims? ', null, null),
    ('48866fe6-50e2-4347-901b-95317679a249', '194.1', 'FA12', '2020-11-30 14:50:00', null, 'freetext', null, 'Was anyone else present or involved?', null, null),
    ('cf9a187c-18f1-4ccd-a3ff-fcc1f128496a', '195.1', 'FA13', '2020-11-30 14:50:00', null, 'freetext', null, 'Why did they do it? ', null, null),
    ('dc3a8ff2-2a6c-4582-9fbe-84a57bfac28d', '196.1', 'FA14', '2020-11-30 14:50:00', null, 'freetext', null, 'Sources of information', null, null),
    ('c22bebc9-003c-4fa1-971c-d62074f4ea2c', '196.2', 'HEADING', '2020-11-30 14:50:00', null, 'freetext', null, null, null, null),
    ('a2f4a30f-1448-4281-9c09-96d66db07601', '197.1', 'HEADING', '2020-11-30 14:50:00', null, 'freetext', null, 'Is this section being completed because the individual: ', null, null),
    ('7714eddc-a028-484e-8505-b132364ca648', '198.1', 'FA15', '2020-11-30 14:50:00', null, 'radio', '887f4528-06d1-4247-8bc3-5e679222baa6', 'Presents a risk to identifiable children', null, null),
    ('aaa9c721-4eca-42e4-9b07-539b1ded71e0', '199.1', 'FA16', '2020-11-30 14:50:00', null, 'radios', '887f4528-06d1-4247-8bc3-5e679222baa6', 'Give details of relevant factors and situations, if not covered previously', null, null),
    ('ea039639-7f05-496d-8bcf-12e5f2f96a27', '200.1', 'FA17', '2020-11-30 14:50:00', null, 'radio', '887f4528-06d1-4247-8bc3-5e679222baa6', 'Is involved in a situation where there are identifiable children who are considered to be at risk from others', null, null),
    ('5824adec-fe20-4504-8c15-2d8d5053b47e', '201.1', 'FA17', '2020-11-30 14:50:00', null, 'freetext', null, 'Explain the individual''s involvement in the family. Say how, when and from whom any children are believed to be at risk. Specify the nature of the concern.', null, null),
    ('59b77990-875e-47ef-8b39-607fb48b254c', '202.1', 'HEADING', '2020-11-30 14:50:00', null, 'freetext', null, 'Grey text: Consider carefully whether this information can be recorded safely.', null, null),
    ('b46893d5-b69f-4743-addd-57bc2a5651c7', '203.1', 'child_at_risk_pivot.name_of_child', '2020-11-30 14:50:00', null, 'freetext', null, 'Name', null, null),
    ('a1a44650-d22a-45e3-88c6-8c4a9075938c', '204.1', 'child_at_risk_pivot.age_of_child', '2020-11-30 14:50:00', null, 'freetext', null, 'Age ', null, null),
    ('af8444f9-9e71-49e0-b171-8a88006a589e', '205.1', 'child_at_risk_pivot.date_of_birth', '2020-11-30 14:50:00', null, 'date', null, 'Date of Birth', null, null),
    ('a840a988-ca2e-45bc-9b5e-c4382d2eefed', '206.1', 'child_at_risk_pivot.gender_ELM', '2020-11-30 14:50:00', null, 'freetext', null, 'Gender', null, null),
    ('ac9308db-2dea-4b20-8b23-b0badfc992aa', '207.1', 'child_at_risk_pivot.address_of_child', '2020-11-30 14:50:00', null, 'freetext', null, 'Address (if disclosable)', null, null),
    ('43cddd02-3f2f-472f-8211-ebc5b109ec7a', '208.1', 'child_at_risk_pivot.curreg_sclsrvs_ind', '2020-11-30 14:50:00', null, 'radio', '887f4528-06d1-4247-8bc3-5e679222baa6', 'Currently Registered with Social Services', null, null),
    ('362b2ae7-7eae-42e8-9725-d7a76cb241ae', '209.1', 'child_at_risk_pivot.evr_prv_social_srv_ind', '2020-11-30 14:50:00', null, 'radio', '887f4528-06d1-4247-8bc3-5e679222baa6', 'Previously Registered with Social Services', null, null),
    ('6d429e85-3b54-4d57-bc5a-e26b3dac7f7f', '210.1', 'child_at_risk_reg_pivot_pivot.catg_cpr_ELM for current_previous_ELM = ‘Current’', '2020-11-30 14:50:00', null, 'freetext', null, 'Current category of child protection registration ', null, null),
    ('2d2258d7-7521-45b3-a6a5-9d9c3c1c23c4', '211.1', 'child_at_risk_reg_pivot_pivot.catg_cpr_ELM for current_previous_ELM = ‘Current’', '2020-11-30 14:50:00', null, 'freetext', null, 'Previous category of child protection registration ', null, null),
    ('c6f64275-692d-4e7d-a291-4ad6124f3a62', '212.1', 'FA26', '2020-11-30 14:50:00', null, 'radios', '5eb0380b-f928-481a-a8c4-255821dc69b2', 'Have there been any child protection conferences or ‘looked after children’ reviews?', null, null),
    ('04a8eea7-18a4-4a5b-bbbb-9fe04e322abe', '213.1', 'FA26.t', '2020-11-30 14:50:00', null, 'freetext', null, 'Give details of child protection conferences, child protection decisions and looked after children review dates, if applicable', null, null),
    ('e474f386-d90e-41ca-b17f-ee45c724dbc4', '214.1', 'FA27', '2020-11-30 14:50:00', null, 'freetext', null, 'Local Authority Children’s Services  key worker name, address and telephone number, if applicable', null, null),
    ('e68d9e2b-5a67-449a-85dc-a941504cdd0c', '215.1', 'FA28', '2020-11-30 14:50:00', null, 'freetext', null, 'Other agencies and personnel involved, if applicable', null, null),
    ('0a4914e4-2a46-4e0d-945c-86764f20f55f', '216.1', 'FA29', '2020-11-30 14:50:00', null, 'freetext', null, 'Additional information', null, null),
    ('196c4afb-3dbd-4f2f-a051-6244d8ba15c0', '217.1', 'FA30', '2020-11-30 14:50:00', null, 'date', null, 'Date that child protection issues came to assessor’s attention', null, null),
    ('0ac64ae9-eb3a-4d38-ab7d-5e03f3040917', '218.1', 'FA31', '2020-11-30 14:50:00', null, 'radios', '5eb0380b-f928-481a-a8c4-255821dc69b2', 'Are there any current concerns about suicide?', null, null),
    ('b8ed774b-25ab-4bbb-ad10-f2eb79fc8382', '219.1', 'FA32', '2020-11-30 14:50:00', null, 'radios', '5eb0380b-f928-481a-a8c4-255821dc69b2', 'Are there any current concerns about self-harm?', null, null),
    ('fdbddfc6-6aa4-45e9-a24a-42d61215dd0c', '220.1', 'FA36', '2020-11-30 14:50:00', null, 'radios', '5eb0380b-f928-481a-a8c4-255821dc69b2', 'Have there been any concerns about suicide in the past', null, null),
    ('f0120481-a1cd-4100-b65a-c93b5e21d689', '221.1', 'FA37', '2020-11-30 14:50:00', null, 'radio', '887f4528-06d1-4247-8bc3-5e679222baa6', 'Have there been any concerns about self-harm in the past?', null, null),
    ('e84ca6d6-0939-427f-b2ed-3cf63a6165de', '222.1', 'FA39', '2020-11-30 14:50:00', null, 'radios', '16a910e5-e06f-4b56-937a-65ec8bf492ce', 'Are there any current concerns about coping in custody?', null, null),
    ('b55c2001-dfd4-49d7-ab68-44f745b29d29', '223.1', 'FA40', '2020-11-30 14:50:00', null, 'radios', '16a910e5-e06f-4b56-937a-65ec8bf492ce', 'Are there any current concerns about coping in hostel settings?', null, null),
    ('65d9368d-67a5-4412-a2ce-f416def28b1a', '224.1', 'FA41', '2020-11-30 14:50:00', null, 'freetext', null, 'Describe circumstances, issues and needs', null, null),
    ('b8eebaf3-436e-4f12-8ff8-bb7554654f9d', '225.1', 'FA42', '2020-11-30 14:50:00', null, 'radios', '5eb0380b-f928-481a-a8c4-255821dc69b2', 'Are there any previous concerns about coping in custody?', null, null),
    ('042fa616-eb7d-4c63-ac36-69c116de5c72', '226.1', 'FA43', '2020-11-30 14:50:00', null, 'radios', '5eb0380b-f928-481a-a8c4-255821dc69b2', 'Are there any previous concerns about coping in hostel settings?', null, null),
    ('f81a610b-665e-4f75-b9ca-a92734431416', '227.1', 'FA44', '2020-11-30 14:50:00', null, 'freetext', null, 'Describe circumstances, issues and needs', null, null),
    ('31eb26f4-667f-45cb-bf58-4e7c249cd8b9', '228.1', 'FA45', '2020-11-30 14:50:00', null, 'radio', '887f4528-06d1-4247-8bc3-5e679222baa6', 'Are there any current concerns about vulnerability? ', null, null),
    ('0a871fb8-8583-4e91-bc03-50918a5c8972', '229.1', 'FA45.t', '2020-11-30 14:50:00', null, 'freetext', null, 'Describe circumstances, relevant issues and needs', null, null),
    ('b2c213f5-b4d6-4bd3-8b4d-58a38a89e578', '230.1', 'FA47', '2020-11-30 14:50:00', null, 'radios', '5eb0380b-f928-481a-a8c4-255821dc69b2', 'Have there been any previous concerns about vulnerability?', null, null),
    ('9f3d250d-bf0c-4a7c-8072-04b9d10f8268', '231.1', 'FA47.t', '2020-11-30 14:50:00', null, 'freetext', null, 'Describe circumstances, relevant issues and needs', null, null),
    ('1801ecdd-953e-4565-8063-c83bd19b4866', '232.1', 'FA49', '2020-11-30 14:50:00', null, 'radio', '887f4528-06d1-4247-8bc3-5e679222baa6', 'Do any of the questions in sections 16, 17 or 18 indicate a risk of serious harm to others? ', null, null),
    ('eef1b29b-15d6-41b1-b2d9-f307da40e3d3', '233.1', 'FA49.t', '2020-11-30 14:50:00', null, 'freetext', null, 'Describe circumstances, relevant issues and needs', null, null),
    ('10cd0e95-7af7-4f55-9a96-2bd60d56c21e', '234.1', 'FA51', '2020-11-30 14:50:00', null, 'radio', '887f4528-06d1-4247-8bc3-5e679222baa6', 'Are there any current concerns about escape and abscond?', null, null),
    ('ae3fcd52-ccae-4555-95e1-2aa6c541e4b5', '235.1', 'FA51.t', '2020-11-30 14:50:00', null, 'freetext', null, 'Describe circumstances, relevant issues and needs', null, null),
    ('08787e43-0e02-436d-afea-a189388c251f', '236.1', 'FA53', '2020-11-30 14:50:00', null, 'radios', '5eb0380b-f928-481a-a8c4-255821dc69b2', 'Are there any previous concerns about escape and abscond?', null, null),
    ('aa01b40f-e0cc-41f0-a751-0a04d1016a6c', '237.1', 'FA53.t', '2020-11-30 14:50:00', null, 'freetext', null, 'Describe circumstances, relevant issues and needs', null, null),
    ('569dcb48-7d70-4d52-adce-a80f00b8dc91', '238.1', 'FA55', '2020-11-30 14:50:00', null, 'radio', '887f4528-06d1-4247-8bc3-5e679222baa6', 'Are there any current concerns about control and disruptive behaviour?', null, null),
    ('8040cc23-0ffd-4425-b0fb-1b5ee34834a4', '239.1', 'FA55.t', '2020-11-30 14:50:00', null, 'freetext', null, 'Describe circumstances, relevant issues and needs', null, null),
    ('71e51dc0-4ab3-43f0-9d65-d24c044b365f', '240.1', 'FA56', '2020-11-30 14:50:00', null, 'radios', '5eb0380b-f928-481a-a8c4-255821dc69b2', 'Are there any previous concerns about control and disruptive behaviour?', null, null),
    ('ad6cdfee-6ed6-43a0-9dae-d108b62e4ae6', '241.1', 'FA56.t', '2020-11-30 14:50:00', null, 'freetext', null, 'Describe circumstances, relevant issues and needs', null, null),
    ('1ff5bd0f-c500-47d5-8f13-0d29d46e7c56', '242.1', 'FA58', '2020-11-30 14:50:00', null, 'radio', '887f4528-06d1-4247-8bc3-5e679222baa6', 'Are there any current concerns about breach of trust?', null, null),
    ('ebc8e739-627f-48de-b864-3ba001fe09d9', '243.1', 'FA58.t', '2020-11-30 14:50:00', null, 'freetext', null, 'Describe circumstances, relevant issues and needs', null, null),
    ('2f2ee672-92f3-4a14-b112-f1ae7ae708ff', '244.1', 'FA60', '2020-11-30 14:50:00', null, 'radios', '5eb0380b-f928-481a-a8c4-255821dc69b2', 'Are there any previous concerns about breach of trust?', null, null),
    ('00c3001c-a5fe-434a-9d83-629cc097ea07', '245.1', 'FA60.1', '2020-11-30 14:50:00', null, 'freetext', null, 'Describe circumstances, relevant issues and needs', null, null),
    ('65db97f0-b928-45f5-ae63-1744b810d958', '246.1', 'SUM1', '2020-11-30 14:50:00', null, 'freetext', null, 'Who is at risk?', null, null),
    ('a1be8ea7-817c-4eff-9534-3a503be9ecbd', '247.1', 'SUM2', '2020-11-30 14:50:00', null, 'freetext', null, 'What is the nature of the risk?', null, null),
    ('4f2b86b8-0b1c-4e76-93c3-9df2e61dc568', '248.1', 'oasys_set.rsr_total_score', '2020-11-30 14:50:00', null, 'freetext', null, 'Risk of reoffending over the next 2 years', null, null),
    ('944b9da0-9e44-42c2-96e2-75906945729e', '249.1', 'SUM3', '2020-11-30 14:50:00', null, 'freetext', null, 'When is the risk likely to be greatest?

', null, null),
    ('82b58db0-7a55-4f0c-b335-f5803052c584', '250.1', 'SUM4', '2020-11-30 14:50:00', null, 'freetext', null, 'What circumstances are likely to increase risk?
', null, null),
    ('3798896c-2308-4b98-b1dc-8c0b45dc2a95', '251.1', 'SUM5', '2020-11-30 14:50:00', null, 'freetext', null, 'What factors are likely to reduce the risk?
', null, null),
    ('0a397207-c6ec-4177-ae2f-abf611de762b', '252.1', 'HEADING', '2020-11-30 14:50:00', null, 'freetext', null, null, null, null),
    ('9775e1a6-b83f-4d26-bdef-bcf9d97fe079', '253.1', 'SUM6.1.1', '2020-11-30 14:50:00', null, 'radio', 'f8a83fb6-b49f-48c8-9044-2d234bcedb62', 'Children', null, null),
    ('4521c123-debd-41e0-a25f-01b616d47c8d', '254.1', 'SUM6.2.1', '2020-11-30 14:50:00', null, 'radio', 'f8a83fb6-b49f-48c8-9044-2d234bcedb62', 'Public', null, null),
    ('3058326c-ea48-4023-afac-ee1f4e8a8218', '255.1', 'SUM6.3.1', '2020-11-30 14:50:00', null, 'radio', 'f8a83fb6-b49f-48c8-9044-2d234bcedb62', 'Known adult', null, null),
    ('e55a4488-d80f-45e3-afef-30ceb640f423', '256.1', 'SUM6.4.1', '2020-11-30 14:50:00', null, 'radio', 'f8a83fb6-b49f-48c8-9044-2d234bcedb62', 'Staff', null, null),
    ('f89650c5-ed90-4b5e-b228-a8a7745eae67', '258.1', 'HEADING', '2020-11-30 14:50:00', null, 'freetext', null, null, null, null),
    ('60324ce2-3701-4a4e-80cc-808a9afcf276', '259.1', 'SUM6.1.2', '2020-11-30 14:50:00', null, 'radio', 'f8a83fb6-b49f-48c8-9044-2d234bcedb62', 'Children', null, null),
    ('050396e4-99e1-4bfe-a328-7af774d4a375', '260.1', 'SUM6.2.2', '2020-11-30 14:50:00', null, 'radio', 'f8a83fb6-b49f-48c8-9044-2d234bcedb62', 'Public', null, null),
    ('395f4155-c579-49f2-adba-a962a76d423b', '261.1', 'SUM6.3.2', '2020-11-30 14:50:00', null, 'radio', 'f8a83fb6-b49f-48c8-9044-2d234bcedb62', 'Known adult', null, null),
    ('7d981fa1-f2bd-4f52-bf95-bcbe48d8fdc5', '262.1', 'SUM6.4.2', '2020-11-30 14:50:00', null, 'radio', 'f8a83fb6-b49f-48c8-9044-2d234bcedb62', 'Staff', null, null),
    ('172d70dc-e650-41d0-8d00-58f2657d339a', '263.1', 'SUM6.5.2', '2020-11-30 14:50:00', null, 'radio', 'f8a83fb6-b49f-48c8-9044-2d234bcedb62', 'Prisoners', null, null),
    ('4ee1c044-3bf5-472c-8a5f-430a6e7cd325', '264.1', 'SUM8', '2020-11-30 14:50:00', null, 'freetext', null, 'If necessary, record the details of any key documents or reports used in this analysis', null, null),
    ('2a8bfa03-1367-4259-8f52-98ed5828cc71', '265.1', 'HEADING', '2020-11-30 14:50:00', null, 'freetext', null, 'Has this case been referred to multi-agency public protection management?', null, null),
    ('7bfd985e-ba11-4517-8235-5454f4910b47', '266.1', 'RM1', '2020-11-30 14:50:00', null, 'radio', '887f4528-06d1-4247-8bc3-5e679222baa6', 'Level 2: local multi-agency risk management', null, null),
    ('4981293a-d22d-49f4-9aa1-d997fa6fe5b8', '267.1', 'RM2', '2020-11-30 14:50:00', null, 'radio', '887f4528-06d1-4247-8bc3-5e679222baa6', 'Level 3: Multi-agency Public Protection Panel (MAPP)', null, null),
    ('2a50a680-dcd9-4abd-ba65-5ad5983f679a', '268.1', 'HEADING', '2020-11-30 14:50:00', null, 'freetext', null, 'If not, should this case be referred to multi-agency public protection management?', null, null),
    ('5479cd3f-7828-4f5d-963b-26f4888bc03c', '269.1', 'RM3', '2020-11-30 14:50:00', null, 'radio', '887f4528-06d1-4247-8bc3-5e679222baa6', 'Level 2: Local multi-agency risk management', null, null),
    ('448f9fee-d199-41c9-906f-c7973fdd4dbc', '270.1', 'RM4', '2020-11-30 14:50:00', null, 'radio', '887f4528-06d1-4247-8bc3-5e679222baa6', 'Level 3: Multi-agency Public Protection Panel (MAPP)', null, null),
    ('2c1fc504-90ae-48e5-94bf-99bba3f434dd', '271.1', 'RM5', '2020-11-30 14:50:00', null, 'radio', '887f4528-06d1-4247-8bc3-5e679222baa6', 'Has this case been referred as a Critical Public Protection case? (Refer to the Public Protection manual)', null, null),
    ('153abaa1-5381-44b5-a4b9-58979158e3a3', '272.1', 'RM6', '2020-11-30 14:50:00', null, 'radio', '887f4528-06d1-4247-8bc3-5e679222baa6', 'If not, should this case be referred now?', null, null),
    ('e0012fb9-8050-49e3-aa5c-f47b41c59a04', '273.1', 'RM7', '2020-11-30 14:50:00', null, 'radio', '887f4528-06d1-4247-8bc3-5e679222baa6', 'If not, should this case be referred pre-release?', null, null),
    ('a0ae05d3-c6a5-40ca-97ba-442f73407b66', '274.1', 'RM8', '2020-11-30 14:50:00', null, 'radios', '887f4528-06d1-4247-8bc3-5e679222baa6', 'Is the individual required to register under the Sex Offender Act 1997?', null, null),
    ('0495bc20-2211-4c9b-b8f9-549a169549ad', '275.1', 'RM9', '2020-11-30 14:50:00', null, 'radio', '887f4528-06d1-4247-8bc3-5e679222baa6', 'If yes, have they registered?', null, null),
    ('c076395e-0e40-46d8-b665-ee0b74f8370c', '276.1', 'RM10', '2020-11-30 14:50:00', null, 'radio', '887f4528-06d1-4247-8bc3-5e679222baa6', 'Is the individual disquaified from working with children as set out in Section 35 (4) of the Criminal Justice & Court Services Act 2000? ', null, null),
    ('7697e7cb-7da6-4137-8084-1610e6b91af9', '277.1', 'RM11', '2020-11-30 14:50:00', null, 'radio', '887f4528-06d1-4247-8bc3-5e679222baa6', 'Does the individual have a present or previous conviction against a child?', null, null),
    ('0d910a5a-c964-41a4-ae44-583bcf355e9d', '278.1', 'RM12', '2020-11-30 14:50:00', null, 'radio', '887f4528-06d1-4247-8bc3-5e679222baa6', 'Does the individual present an ongoing risk to children?', null, null),
    ('7954e117-966a-470f-b577-f7dc36ae269e', '279.1', 'RM13', '2020-11-30 14:50:00', null, 'radio', '887f4528-06d1-4247-8bc3-5e679222baa6', 'Do the Police, Local Authority and Offender Manager need to be notified prior to the release of the individual from custody? ', null, null),
    ('106e8722-04b3-4f55-b661-1eb250e1d5f6', '280.1', 'RM14', '2020-11-30 14:50:00', null, 'radio', '887f4528-06d1-4247-8bc3-5e679222baa6', 'Is the individual subject to Prison Service Order 4400 Prisoner Communications?', null, null),
    ('0a7bc16c-5213-4a1a-8cd2-f29162eab17d', '281.1', 'RM15', '2020-11-30 14:50:00', null, 'radio', '887f4528-06d1-4247-8bc3-5e679222baa6', 'Is the individual a conditionally discharged patient under Section 41 of the Mental Health Act 1983? ', null, null),
    ('b06ab9df-16b9-4dd2-8a91-1f45aeaa4f2c', '282.1', 'RM16', '2020-11-30 14:50:00', null, 'radio', '887f4528-06d1-4247-8bc3-5e679222baa6', 'Is the individual on life licence following a sentence of imprisonment or detention for public protection? (Section 230, schedule 18)  ', null, null),
    ('9a8d6d8e-ac11-4ff5-b4e6-9553fd462851', '283.1', 'RM17', '2020-11-30 14:50:00', null, 'radio', '887f4528-06d1-4247-8bc3-5e679222baa6', 'Has the individual received an extended sentence?', null, null),
    ('bbcfc02b-ab1a-416c-bd4a-c8036fbdb745', '288.1', 'S1.46', '2020-11-30 14:50:00', null, 'dropdown', '796a6f30-44c5-4cfb-a2a4-07c9ef2a11df', 'Likelihood of further offending', null, null);


INSERT INTO question_group (question_group_uuid, content_uuid, content_type, group_uuid, display_order, mandatory, validation)
VALUES ('9873bd06-0b85-4ad4-8393-6ab689295697', '8e1b0ecf-9ac1-4233-aad9-a768b9899dd2', 'group', '65a3924c-4130-4140-b7f4-cc39a52603bb', 1, true, null),
    ('2c1825f2-71e4-401d-bd57-3fd90abf8507', '33923c1e-e3ba-4c02-ba42-3b8d828f9e18', 'question', '8e1b0ecf-9ac1-4233-aad9-a768b9899dd2', 1, true, null),
    ('0714fb76-1820-4810-aea0-3fcf2c02526d', '81cbd5f5-f8ec-430e-b18a-c48fdf660216', 'question', '8e1b0ecf-9ac1-4233-aad9-a768b9899dd2', 2, true, null),
    ('cf3a5522-9ee8-4d66-8a05-4e3d2874a95f', '2d6f7515-dd03-4cfc-b365-6739e1251498', 'question', '8e1b0ecf-9ac1-4233-aad9-a768b9899dd2', 3, true, null),
    ('7ff74c6d-adf3-444b-b50b-c83e35705dff', '6b04e69d-4ffd-46c6-869a-1f4005979848', 'question', '8e1b0ecf-9ac1-4233-aad9-a768b9899dd2', 4, true, null),
    ('951ccd34-7e51-4210-b837-116272f66cf6', '83612e87-a57c-4b20-ab6d-76148e61a37b', 'question', '8e1b0ecf-9ac1-4233-aad9-a768b9899dd2', 5, true, null),
    ('d5957749-eb9e-4273-bf77-07451d15b7dd', '4333785d-2419-4b8e-b01d-20380ec14dfc', 'question', '8e1b0ecf-9ac1-4233-aad9-a768b9899dd2', 6, true, null),
    ('6733623a-7a56-4f9a-be61-fbe9030ad851', '70348c31-66aa-4e10-b0a5-4644e7fb85ff', 'question', '8e1b0ecf-9ac1-4233-aad9-a768b9899dd2', 7, true, null),
    ('54af7e89-f540-42ad-9ef0-5b8804e41360', '65f3d164-cb41-4c58-ab67-2284243b34a0', 'question', '8e1b0ecf-9ac1-4233-aad9-a768b9899dd2', 8, true, null),
    ('7caf51d6-1d1b-4e9a-90f2-dab65cad9602', '49ec3bae-2726-4a43-84de-0e63e9f98bb1', 'question', '8e1b0ecf-9ac1-4233-aad9-a768b9899dd2', 9, true, null),
    ('43bb1192-a720-4c5d-b51e-0066993c53a2', 'bbb91ec0-140a-4e2f-a28b-31cad3545c5b', 'question', '8e1b0ecf-9ac1-4233-aad9-a768b9899dd2', 10, true, null),
    ('3d0419e6-0de5-47be-a636-63d6b40fda5a', 'a7ceb029-04d0-48f9-91de-8e2afbd5f47a', 'question', '8e1b0ecf-9ac1-4233-aad9-a768b9899dd2', 11, true, null),
    ('e0906f29-b352-41a3-9797-e9d0f53750c9', '558c142a-b3d1-4a5c-a1e4-12917d8353e0', 'question', '8e1b0ecf-9ac1-4233-aad9-a768b9899dd2', 12, true, null),
    ('dd6afc3e-9a8b-4892-8891-59f29ecb3821', 'f3e03d17-015c-46d7-bf33-52c5d8503c08', 'question', '8e1b0ecf-9ac1-4233-aad9-a768b9899dd2', 13, true, null),
    ('742d5672-1ed0-4ec4-89a1-7c9b4f8da1c1', 'deaf25bc-0677-4d3f-9d09-c7c44c7c34c7', 'question', '8e1b0ecf-9ac1-4233-aad9-a768b9899dd2', 14, true, null),
    ('0077a17f-1040-4d7f-bc86-1ac31db2730f', '1ef76cd5-2d77-4e2a-9fb6-8f9aa5d4b657', 'question', '8e1b0ecf-9ac1-4233-aad9-a768b9899dd2', 15, true, null),
    ('821dfb32-5fe0-4ed9-852c-c9c47a11bebc', 'ee346f9f-2d49-4070-afc2-4f9dabc1efa7', 'question', '8e1b0ecf-9ac1-4233-aad9-a768b9899dd2', 16, true, null),
    ('e1239553-390c-4a4f-a50c-988ef4699f49', '3eff7d61-dd85-4ecf-a91d-92d8ffd4fec9', 'question', '8e1b0ecf-9ac1-4233-aad9-a768b9899dd2', 17, true, null),
    ('5c406155-1851-4a5c-9da8-d1f6294c8282', '92f76d3e-23c2-4a6e-b213-4e9f98c460cb', 'question', '8e1b0ecf-9ac1-4233-aad9-a768b9899dd2', 18, true, null),
    ('010eeee2-06d5-4da5-88af-a64484c7fa55', '1d1b8343-ccbe-49ad-bf63-7370d2abbbb5', 'group', '65a3924c-4130-4140-b7f4-cc39a52603bb', 2, true, null),
    ('2a4f415c-355a-4f0d-aec6-527cfe7d2938', '1eb2db19-6e1b-42e2-a758-38aa20d469ea', 'question', '1d1b8343-ccbe-49ad-bf63-7370d2abbbb5', 1, true, null),
    ('d8b76e30-efd0-4ecc-8685-79e3d468a7c5', '01a6211b-591a-4099-b4cb-43135c98667a', 'question', '1d1b8343-ccbe-49ad-bf63-7370d2abbbb5', 2, true, null),
    ('4f524e75-97d2-4d18-b4dd-934685a8f809', 'c5d01278-2059-48d3-9005-a4ffff64ed7d', 'question', '1d1b8343-ccbe-49ad-bf63-7370d2abbbb5', 3, true, null),
    ('52b79e1a-068c-4f0f-ab2f-1b772f396eab', 'f693bf6e-be3b-4f5c-8a06-aefeddea311b', 'question', '1d1b8343-ccbe-49ad-bf63-7370d2abbbb5', 4, true, null),
    ('db832730-4039-43ca-b7a0-521e19ca6029', '1f7de807-3018-4830-bc69-b5b02266fa12', 'question', '1d1b8343-ccbe-49ad-bf63-7370d2abbbb5', 5, true, '{"mandatory":{"errorMessage":"Enter a telephone number","errorSummary":"Enter a telephone number"}}'),
    ('6f48e050-a125-4f8c-9fb9-d826e4e16ef9', '5af89c42-ffa2-4a29-8975-ab0eb8770a1c', 'question', '1d1b8343-ccbe-49ad-bf63-7370d2abbbb5', 6, true, null),
    ('beb5a438-6856-49ee-8346-7878666db725', 'ead7aa8a-e20d-4822-9b3b-aedf186333b1', 'question', '1d1b8343-ccbe-49ad-bf63-7370d2abbbb5', 7, true, '{"mandatory":{"errorMessage":"select a LDU","errorSummary":"Select a LDU"}}'),
    ('63b1d4c7-8802-4d21-a1db-6bd0bab01f9b', 'a64dc082-980a-43e0-b443-cf196f35d571', 'question', '1d1b8343-ccbe-49ad-bf63-7370d2abbbb5', 8, true, '{"mandatory":{"errorMessage":"Select a team","errorSummary":"Select a team"}}'),
    ('08724c71-8a20-4e64-a8e6-494c02483c47', '10c93cf5-cc0c-404b-b6e4-da176db45527', 'question', '1d1b8343-ccbe-49ad-bf63-7370d2abbbb5', 9, true, null),
    ('9c084cc3-9fe3-4e0e-b85f-b0b888e14fc8', 'd9ca82ca-8684-49e4-b7eb-91fb0effed91', 'question', '1d1b8343-ccbe-49ad-bf63-7370d2abbbb5', 10, true, null),
    ('545904f7-72a1-4d11-b0f8-348b73cf65c1', 'eef973e6-f493-4460-b094-2162fc8dc7e9', 'question', '1d1b8343-ccbe-49ad-bf63-7370d2abbbb5', 11, true, null),
    ('6829e474-df97-4675-90c6-2ca479972bd9', 'e98de578-f851-48da-ae54-f864af7eb4d4', 'group', '65a3924c-4130-4140-b7f4-cc39a52603bb', 3, true, null),
    ('d1d10a73-aa2d-4cbe-9382-960865e80ad9', 'bf62ab62-8f6b-4f3c-a1f1-0786517bbe23', 'question', 'e98de578-f851-48da-ae54-f864af7eb4d4', 1, true, '{"mandatory":{"errorMessage":"Select sources of information","errorSummary":"Select sources of information"}}'),
    ('68e51388-60ac-4907-8486-87e7c4f6d02e', 'de5901d9-ee4a-4dae-b7ac-8c8d697f933f', 'question', 'e98de578-f851-48da-ae54-f864af7eb4d4', 2, true, '{"mandatory":{"errorMessage":"Enter details","errorSummary":"Enter details"}}'),
    ('e0867a9a-4f9b-4293-92bf-e937efd1f117', '8df81bd9-29e7-484b-b301-557dd8885b8e', 'group', '65a3924c-4130-4140-b7f4-cc39a52603bb', 5, true, null),
    ('cc5d5835-8668-41fb-a275-80e965cda4cd', 'caef87b2-0ba1-44be-acab-24375446062e', 'question', '8df81bd9-29e7-484b-b301-557dd8885b8e', 1, true, null),
    ('ce12e973-244a-48cf-986c-367a0a1f5763', '5d2bbfc7-ab0f-4d0b-a1aa-c209ea2571ea', 'group', '65a3924c-4130-4140-b7f4-cc39a52603bb', 6, true, null),
    ('25e5ea60-cdfc-4af2-b1ac-725aeb78d3e3', '9e5ca815-1731-441b-9f86-a04b20acd897', 'question', '5d2bbfc7-ab0f-4d0b-a1aa-c209ea2571ea', 1, true, null),
    ('f4071f05-6034-453c-9ed9-07338631daf2', 'd84cef29-893b-4e92-bc98-12a2b4fe75b6', 'question', '5d2bbfc7-ab0f-4d0b-a1aa-c209ea2571ea', 2, true, '{"mandatory":{"errorMessage":"Enter the number of court appearances at which convicted, or received a conditional or absolute discharge aged under 18 years","errorSummary":"Enter the number of court appearances at which convicted, or received a conditional or absolute discharge aged under 18 years"}}'),
    ('b363d930-68ae-4607-8961-1c0801f499dc', 'feb7ffe9-1e59-4516-9cb8-a1a41f37078f', 'question', '5d2bbfc7-ab0f-4d0b-a1aa-c209ea2571ea', 3, true, '{"mandatory":{"errorMessage":"Enter the number of court appearances at which convicted, or received a conditional or absolute discharge aged 18 years and over. Do not include current appearances.","errorSummary":"Enter the number of court appearances at which convicted, or received a conditional or absolute discharge aged 18 years and over. Do not include current appearances."}}'),
    ('c9773820-1c8e-42b1-b90f-5200036e660c', '48bdcea3-55a6-4916-9040-2ea3770a0331', 'question', '5d2bbfc7-ab0f-4d0b-a1aa-c209ea2571ea', 4, true, '{"mandatory":{"errorMessage":"Enter age","errorSummary":"Enter age"}}'),
    ('ef356c0c-a7b5-4214-95c4-f5cefb3db7c8', '6cc878a7-299d-439b-9c73-53af55cbce2f', 'question', '5d2bbfc7-ab0f-4d0b-a1aa-c209ea2571ea', 5, true, '{"mandatory":{"errorMessage":"Enter the number of previous formal cautions, reprimands and final warnings","errorSummary":"Enter the number of previous formal cautions, reprimands and final warnings"}}'),
    ('fcf15e32-198c-4fe2-8702-9a8425b5e864', 'd3c32fb8-8194-4bd9-8562-21fa2d752b26', 'question', '5d2bbfc7-ab0f-4d0b-a1aa-c209ea2571ea', 6, true, '{"mandatory":{"errorMessage":"Enter the sum of previous convictions, conditional or absolute discharges, cautions, reprimands or final warnings included any violent offences","errorSummary":"Enter the sum of previous convictions, conditional or absolute discharges, cautions, reprimands or final warnings included any violent offences"}}'),
    ('b32718a6-2c7c-477d-8fb4-0cffc4312bfb', 'f5d1dd7c-1774-4c76-89c2-a47240ad98ba', 'question', '5d2bbfc7-ab0f-4d0b-a1aa-c209ea2571ea', 7, true, '{"mandatory":{"errorMessage":"Add date of current conviction","errorSummary":"Add date of current conviction"}}'),
    ('6e244c22-2aaf-4807-a889-f04dec956b04', '5a49af40-d87b-4f8e-bafd-ac78c7a1e917', 'group', '65a3924c-4130-4140-b7f4-cc39a52603bb', 7, true, null),
    ('a62138fe-1d8e-4214-9163-1d48fbacdf67', '1b6e7367-b7d0-48dc-8ca7-8a26e07e5f9d', 'question', '5a49af40-d87b-4f8e-bafd-ac78c7a1e917', 1, true, '{"mandatory":{"errorMessage":"Explain why the offence occured","errorSummary":"Explain why the offence occured"}}'),
    ('0392164e-f227-4d4c-8762-5d87a9eb9b02', '3844f487-2e8e-4a2c-aac5-4ca79ef7d618', 'question', '5a49af40-d87b-4f8e-bafd-ac78c7a1e917', 2, true, '{"mandatory":{"errorMessage":"Select yes or no","errorSummary":" Select yes or no (recognising impact and consequences)"}}'),
    ('744fe3ed-6e0c-421c-8940-a13d4952c0d9', '4c838c2b-c8fe-454f-84d1-2d2b814a2205', 'question', '5a49af40-d87b-4f8e-bafd-ac78c7a1e917', 3, true, '{"mandatory":{"errorMessage":"Select yes or no","errorSummary":"Select yes or no (accepting responsibility)"}}'),
    ('071c6cee-9ca5-46b9-ba8e-240a4cf12eaa', '1ca1d5ae-3274-4705-a195-742aef989577', 'question', '5a49af40-d87b-4f8e-bafd-ac78c7a1e917', 4, true, '{"mandatory":{"errorMessage":"Select yes or no","errorSummary":"Select yes or no (offences indicate an escalation in seriousness)"}}'),
    ('0dffc2ca-057a-4030-a947-96a75b8fa661', 'b213953a-aa79-4617-89dc-6ea20d374561', 'question', '5a49af40-d87b-4f8e-bafd-ac78c7a1e917', 5, true, '{"mandatory":{"errorMessage":"Select yes or no","errorSummary":"Select yes or no (pattern of offending)"}}'),
    ('613f0959-c8a8-4db4-94dd-b0074b47218d', '58d3efd1-65a1-439b-952f-b2826ffa5e71', 'question', '5a49af40-d87b-4f8e-bafd-ac78c7a1e917', 6, true, '{"mandatory":{"errorMessage":"Select yes or no","errorSummary":"Select yes or no (sexual or sexually-motivated offence)"}}'),
    ('c33c5f46-b797-494c-a770-920e1c3d352b', '5cd344d4-acf3-45a9-9493-5dda5aa9dfa8', 'question', '5a49af40-d87b-4f8e-bafd-ac78c7a1e917', 7, true, '{"mandatory":{"errorMessage":"Enter a date","errorSummary":"Enter a date"}}'),
    ('a72f5505-a017-4ba3-b3fa-fc376ee2196a', '86ee742c-4bfb-4e29-afca-04ad35a3abda', 'question', '5a49af40-d87b-4f8e-bafd-ac78c7a1e917', 8, true, '{"mandatory":{"errorMessage":"Select yes or no","errorSummary":"Select yes or no (contact against a stranger victim)"}}'),
    ('01c47539-0f0c-422e-b954-8e1da9a7bb4f', 'a00223d0-1c20-43b5-8076-8a292ca25773', 'question', '5a49af40-d87b-4f8e-bafd-ac78c7a1e917', 9, true, '{"mandatory":{"errorMessage":"Enter the date of the most recent sanction involving a sexual or sexually motivated offence","errorSummary":"Enter the date of the most recent sanction involving a sexual or sexually motivated offence"}}'),
    ('22087c97-11eb-4624-8780-75c387ae41b1', '466d3da9-2d4b-4f8c-a958-90d188c956b4', 'question', '5a49af40-d87b-4f8e-bafd-ac78c7a1e917', 10, true, '{"mandatory":{"errorMessage":"Enter the number of previous or current sanctions involving contact adult sexual or sexually motivated offences","errorSummary":"Enter the number of previous or current sanctions involving contact adult sexual or sexually motivated offences"}}'),
    ('44bb86bf-a9eb-4bab-b023-ae2032d8879c', 'bb7f891c-557a-4bfb-972c-f6d8c291ecc3', 'question', '5a49af40-d87b-4f8e-bafd-ac78c7a1e917', 11, true, '{"mandatory":{"errorMessage":"Enter the number of previous or current sanctions involving contact child sexual or sexually offences","errorSummary":"Enter the number of previous or current sanctions involving contact child sexual or sexually motivated offences"}}'),
    ('215ebcb8-1535-4ae3-b015-b7da3c70ef0d', '758c1ba6-f62c-4e73-8423-079db2d451e6', 'question', '5a49af40-d87b-4f8e-bafd-ac78c7a1e917', 12, true, '{"mandatory":{"errorMessage":"Enter the number of previous or current sanctions involving indecent child image sexual or sexually motivated offences","errorSummary":"Enter the number of previous or current sanctions involving indecent child image sexual or sexually motivated offences"}}'),
    ('4c535879-dbc4-4de3-9f79-acc069877412', '46154597-8bc1-45a1-be0b-eba578bd7a3a', 'question', '5a49af40-d87b-4f8e-bafd-ac78c7a1e917', 13, true, '{"mandatory":{"errorMessage":"Number of previous or current sanctions involving other non-contact sexual or sexually motivated offences","errorSummary":"Number of previous or current sanctions involving other non-contact sexual or sexually motivated offences"}}'),
    ('3f6385bd-8de8-4a61-bce9-29dca69af5e4', '420c2ffe-8f2c-49b3-a523-674af3197b9e', 'question', '5a49af40-d87b-4f8e-bafd-ac78c7a1e917', 14, true, '{"mandatory":{"errorMessage":"Select yes or no","errorSummary":"Select yes or no (interview completion)"}}'),
    ('10e51d5b-7f8a-4a88-9440-56311cebba42', '5c8b7184-42c5-4ecb-8f6e-a938ab32f6ff', 'question', '5a49af40-d87b-4f8e-bafd-ac78c7a1e917', 15, true, '{"mandatory":{"errorMessage":"Select yes or no","errorSummary":"Select yes or no (previous convictions)"}}'),
    ('9789740c-99e4-4fdb-adc7-c87727a9e232', 'bd629547-eab9-46d5-910d-2416b431950f', 'question', '5a49af40-d87b-4f8e-bafd-ac78c7a1e917', 16, true, '{"mandatory":{"errorMessage":"Select yes or no","errorSummary":"Select yes or no (carrying or using weapon)"}}'),
    ('483a0163-e48c-41fa-88a5-db1a784489b0', 'ce1d25c4-cd11-46c4-8c4d-9de8d5ec71c5', 'question', '5a49af40-d87b-4f8e-bafd-ac78c7a1e917', 17, true, '{"mandatory":{"errorMessage":"","errorSummary":""}}'),
    ('5b1fe2d4-7fd1-4c0a-89aa-c18c8c491ce5', '36b8a37a-ac1b-4b74-9527-f15e436d1612', 'group', '65a3924c-4130-4140-b7f4-cc39a52603bb', 8, true, null),
    ('37b162f7-12dd-4f1f-a530-5b30df0f39f6', 'f8c946c0-3976-4309-a428-90e80e8435fd', 'question', '36b8a37a-ac1b-4b74-9527-f15e436d1612', 1, true, null),
    ('3999214b-3ea6-48b5-b4a1-819bde1a518e', '5f1c0658-31f1-4314-ba2f-e75674a04212', 'question', '36b8a37a-ac1b-4b74-9527-f15e436d1612', 2, true, null),
    ('fa4cca5e-2803-4626-9eb7-cf04323f07c9', 'f7da1843-6446-4105-a60f-18dff2fe1d26', 'group', '65a3924c-4130-4140-b7f4-cc39a52603bb', 9, true, null),
    ('25bc90c2-f5fb-4d93-ba38-d8dee2491403', 'bc52b533-b939-4893-bd15-1b883a4ff4e3', 'question', 'f7da1843-6446-4105-a60f-18dff2fe1d26', 1, true, null),
    ('5d6427b4-82ab-4ffd-991e-b724685a78af', 'ebf96a74-c140-47d8-b37f-62cff68f41c0', 'group', '65a3924c-4130-4140-b7f4-cc39a52603bb', 10, true, null),
    ('7c4127c8-7557-4268-b625-8b381a66393c', 'ed0e988a-38a4-4f9f-9691-08fb695cbed9', 'question', 'ebf96a74-c140-47d8-b37f-62cff68f41c0', 1, true, '{"mandatory":{"errorMessage":"Select the degree to which this is an issue","errorSummary":"Select the degree to which this is an issue (suitability of accommodation)"}}'),
    ('a1db62dc-962f-45da-992e-5aa8958adafc', 'dcfd3dd2-2168-41ac-9e7d-3ac7959eab4b', 'question', 'ebf96a74-c140-47d8-b37f-62cff68f41c0', 2, true, '{"mandatory":{"errorMessage":"Select yes or no","errorSummary":"Select yes or no (accommodation issues linked to offending behaviour)"}}'),
    ('dff21b6d-c400-4dda-9867-f059938cfe6c', '3211a668-8878-4e88-8457-8250bfe65aea', 'question', 'ebf96a74-c140-47d8-b37f-62cff68f41c0', 3, true, '{"mandatory":{"errorMessage":"Select yes or no","errorSummary":"Select yes or no (ETE or skills linked to offending behaviour)"}}'),
    ('2aedc7af-3466-4441-84e9-5b228ffea0d3', 'adc43d86-a8ac-4c07-b445-63a0ace17972', 'question', 'ebf96a74-c140-47d8-b37f-62cff68f41c0', 4, true, '{"mandatory":{"errorMessage":"","errorSummary":"Enter yes or no (unemployed now or on release)"}}'),
    ('64e42da9-3ca3-40de-aef2-27a846859228', 'f67f1555-c314-4d0a-9c7f-abc355fe1bff', 'question', 'ebf96a74-c140-47d8-b37f-62cff68f41c0', 5, true, '{"mandatory":{"errorMessage":"Select the education, training and employability status","errorSummary":"Select the education, training and employability status\n"}}'),
    ('a5ebe49b-7d11-4b60-bd22-b49d1931028a', '5419fbff-a1cc-4571-9c29-147617af25a0', 'question', 'ebf96a74-c140-47d8-b37f-62cff68f41c0', 6, true, '{"mandatory":{"errorMessage":"Select yes or no","errorSummary":"Select yes or no (financial issues linked to offending behaviour)"}}'),
    ('114f0c30-b9df-40b0-a80f-ca66bb218bf4', '1970ba5e-91cb-4ad3-9f04-64d5b5b7157b', 'question', 'ebf96a74-c140-47d8-b37f-62cff68f41c0', 7, true, '{"mandatory":{"errorMessage":"Select the degree to which this is an issue","errorSummary":"Select the degree to which this is an issue (current relationship with partner)"}}'),
    ('ceb8013b-5c2e-4a9c-954c-55381528e2b2', 'f04dd882-0a0d-49f5-9736-91eeadbff9e7', 'question', 'ebf96a74-c140-47d8-b37f-62cff68f41c0', 8, true, '{"mandatory":{"errorMessage":"Select yes or no","errorSummary":"Select yes or no (perpetrator of domestic violence or partner abuse?)"}}'),
    ('80ee7052-e65a-4a14-a898-46ebe07acd1a', 'fb98f8b1-58ed-4aac-85b1-404f84270b95', 'question', 'ebf96a74-c140-47d8-b37f-62cff68f41c0', 9, true, '{"mandatory":{"errorMessage":"Select victim or perpetrator","errorSummary":"Select victim or perpetrator"}}'),
    ('a3fbf06b-de11-4919-a827-96914acb10ed', '0d46cc3c-08ed-47f7-8623-0ae5955d23c6', 'question', 'ebf96a74-c140-47d8-b37f-62cff68f41c0', 10, true, '{"mandatory":{"errorMessage":"Select yes or no","errorSummary":"Select yes or no (drug misuse linked to offending behaviour)"}}'),
    ('6b04c9d1-aab8-4ea1-bb46-97b16c677200', '881bc39f-552c-4d62-b9ec-0fa0e705432e', 'question', 'ebf96a74-c140-47d8-b37f-62cff68f41c0', 11, true, '{"mandatory":{"errorMessage":"Select yes or no","errorSummary":"Select yes or no (frequency of current ot recent drug misuse)"}}'),
    ('66467a40-9db6-4cd1-8d75-b6bf0a66f628', '12b03497-eeeb-4023-bb03-dfbd5d32b32a', 'question', 'ebf96a74-c140-47d8-b37f-62cff68f41c0', 12, true, '{"mandatory":{"errorMessage":"Select yes, no or in part","errorSummary":"Select yes, no or in part (motivation to tackle drug misuse)"}}'),
    ('9969804d-b4d9-46e7-a48b-42d6d70fcf37', 'f0416e89-3a71-46d1-8fa2-aebd886dcb34', 'question', 'ebf96a74-c140-47d8-b37f-62cff68f41c0', 13, true, '{"mandatory":{"errorMessage":"Select the degree to which this is an issue","errorSummary":"Select the degree to which this is an issue (current use of alcohol)"}}'),
    ('a4590696-d25a-4417-ab5e-145e883e5f65', '574618c3-27f4-4dd2-94bb-6de74126ff22', 'question', 'ebf96a74-c140-47d8-b37f-62cff68f41c0', 14, true, '{"mandatory":{"errorMessage":"Select the degree to which this is an issue","errorSummary":"Select the degree to which this is an issue (evidence of binge drinking or excessive alcohol use)"}}'),
    ('b4545251-5c2b-4910-9d58-0715186e5c65', '5a90a38d-ee0a-4775-994c-addf3397b817', 'question', 'ebf96a74-c140-47d8-b37f-62cff68f41c0', 15, true, '{"mandatory":{"errorMessage":"Select the degree to which this is an issue","errorSummary":"Select the degree to which this is an issue (impulsivity)"}}'),
    ('9d080b7d-47fb-44a1-9373-c594026f7f0a', 'd0619e6b-cc90-4031-90c6-ab15e06cc779', 'question', 'ebf96a74-c140-47d8-b37f-62cff68f41c0', 16, true, '{"mandatory":{"errorMessage":"Select the degree to which this is an issue","errorSummary":"Select the degree to which this is an issue (temper control)"}}'),
    ('2e72e832-3e84-47bb-8c85-6d141475b70e', '2f1b543b-1e69-4f7e-a61c-6d21ff967432', 'question', 'ebf96a74-c140-47d8-b37f-62cff68f41c0', 17, true, '{"mandatory":{"errorMessage":"Select the degree to which this is an issue","errorSummary":"Select the degree to which this is an issue (pro-criminal attitudes)"}}'),
    ('caed8f18-c493-4e87-982c-6a808b68f28c', '2d6a1356-d59e-4b41-a995-60c41e2cf197', 'question', 'ebf96a74-c140-47d8-b37f-62cff68f41c0', 18, true, '{"mandatory":{"errorMessage":"Select yes or no","errorSummary":"Select yes or no (inadequate social or interpersonal skills)"}}'),
    ('87a86d61-6f90-4c31-865b-d8f68aa877c1', '6f650958-4437-49dc-98ab-5672b89053a8', 'question', 'ebf96a74-c140-47d8-b37f-62cff68f41c0', 19, true, '{"mandatory":{"errorMessage":"Enter details","errorSummary":"Enter details"}}'),
    ('74fc7b0e-db6f-477c-af61-7610d0b3afba', 'b6db75b3-c3e4-4234-8876-ab185301cea8', 'question', 'ebf96a74-c140-47d8-b37f-62cff68f41c0', 20, true, '{"mandatory":{"errorMessage":"Select yes or no","errorSummary":"Select yes or no (inappropriate problem-solving strategies)"}}'),
    ('01ff3523-dab4-4066-9ba6-eb4c4a70cca0', '21a2b7a4-ca19-4749-a3de-afe2e3fb3bec', 'question', 'ebf96a74-c140-47d8-b37f-62cff68f41c0', 21, true, '{"mandatory":{"errorMessage":"Enter details","errorSummary":"Enter details"}}'),
    ('7157bf74-7b3e-4e9e-9430-aa2a3b1d7ec2', '3f00a7f7-b4e7-4fdc-ba22-88b66864bd4c', 'question', 'ebf96a74-c140-47d8-b37f-62cff68f41c0', 22, true, '{"mandatory":{"errorMessage":"Select yes or no","errorSummary":"Select yes or no (difficulty understanding others'' point of view)"}}'),
    ('088536e5-04e3-4d87-b586-6a8db5d5a31e', 'eef7d5ce-43c4-4ea5-af46-c01d92506d7b', 'question', 'ebf96a74-c140-47d8-b37f-62cff68f41c0', 23, true, '{"mandatory":{"errorMessage":"Select yes or no","errorSummary":"Select yes or no (mental health linked to offending behaviour)"}}'),
    ('88830f7b-149a-4b4b-a8e1-5f1f1c09b234', '09e3f983-1a26-46ba-8aab-befab6c23524', 'question', 'ebf96a74-c140-47d8-b37f-62cff68f41c0', 24, true, '{"mandatory":{"errorMessage":"Select yes or no","errorSummary":"Select yes or no (coping in custody or hostel setting)"}}'),
    ('b785ea91-98a4-406d-987a-71eee18db3d7', '2afb918d-635a-4f1a-9d83-c8b6d2ee9dd4', 'question', 'ebf96a74-c140-47d8-b37f-62cff68f41c0', 25, true, '{"mandatory":{"errorMessage":"Select yes or no","errorSummary":"Select yes or no (specialist mental health report)"}}'),
    ('cf105b71-1341-4e1c-859e-36e25c51c5bb', '4dab51be-e9f8-4ca1-8765-b58e07e137ba', 'question', 'ebf96a74-c140-47d8-b37f-62cff68f41c0', 26, true, '{"mandatory":{"errorMessage":"Select yes or no","errorSummary":"Select yes or no (risk assessment)"}}'),
    ('9cccf664-129e-4618-97dc-bd6563217f1e', '75e71232-90cf-4bba-8616-8e4f76f04a0e', 'group', '65a3924c-4130-4140-b7f4-cc39a52603bb', 11, true, null),
    ('1725d187-37e5-4edd-adeb-ed036e866f9b', 'c2a60b0e-2019-4108-ade3-6df3f23dde5a', 'question', '75e71232-90cf-4bba-8616-8e4f76f04a0e', 1, true, '{"mandatory":{"errorMessage":"Select any previous convictions","errorSummary":"Select any previous convictions"}}'),
    ('96cefe22-7fdf-43c1-987c-3656714779a5', '87531e74-2c67-4c86-9a34-2e5a08be6580', 'question', '75e71232-90cf-4bba-8616-8e4f76f04a0e', 2, true, null),
    ('da962991-9541-4d6b-817b-86dffbf96b69', 'e9bbea38-d1d8-4358-aa6a-5f79d44d8461', 'question', '75e71232-90cf-4bba-8616-8e4f76f04a0e', 3, true, null),
    ('adc422e1-fc6f-4f01-8784-4aeb0717ff1a', '10bcb346-42a9-4501-9469-c924fbf875f3', 'question', '75e71232-90cf-4bba-8616-8e4f76f04a0e', 4, true, null),
    ('cbea2936-4c88-476f-9dc6-28633724079c', 'cb02474c-e1d8-4a24-917b-88d0611dabf8', 'question', '75e71232-90cf-4bba-8616-8e4f76f04a0e', 5, true, null),
    ('07c2d05e-1f89-4576-b1a2-4efe8297b8c5', '7de9e887-9dc4-40f3-b888-c49cb3e6dce0', 'question', '75e71232-90cf-4bba-8616-8e4f76f04a0e', 6, true, null),
    ('bae76069-8186-4c71-94fd-6ff43b1d5331', 'e5d603cf-4a27-4c23-8e8c-47df797fdd0b', 'question', '75e71232-90cf-4bba-8616-8e4f76f04a0e', 7, true, null),
    ('5def88e1-51e3-4a94-b549-fee65ba341e3', 'abe98154-9a39-4415-9e7d-fa21ead1af89', 'question', '75e71232-90cf-4bba-8616-8e4f76f04a0e', 8, true, null),
    ('2bbdce7a-3775-4201-a361-f6a891dd5fff', '892ecb86-517a-4485-9f0b-5772df8455de', 'question', '75e71232-90cf-4bba-8616-8e4f76f04a0e', 9, true, null),
    ('f228b4ca-7b2f-47eb-a935-47086980c3d7', '02c167fb-2011-4a88-95cf-e8ae7c3de5a2', 'question', '75e71232-90cf-4bba-8616-8e4f76f04a0e', 10, true, null),
    ('2128b361-3c05-45db-b654-3144ed299933', '823c8fca-a594-424d-90da-7a8b6813a44a', 'question', '75e71232-90cf-4bba-8616-8e4f76f04a0e', 11, true, null),
    ('41b0dde6-42cd-4b73-92a4-c0376dca6352', '7e09cbd3-de1d-4d56-919e-208d3221fb58', 'question', '75e71232-90cf-4bba-8616-8e4f76f04a0e', 12, true, null),
    ('978f0d42-d283-4e98-befb-c5c78a55b864', 'fccfc5c2-b212-4336-b4dc-085ee34fd652', 'question', '75e71232-90cf-4bba-8616-8e4f76f04a0e', 13, true, null),
    ('15f0715e-cc84-4e87-b7d8-446316e23c80', '404ebe65-35c0-4769-938b-95afbc03f049', 'question', '75e71232-90cf-4bba-8616-8e4f76f04a0e', 14, true, null),
    ('7d8dd778-eb22-428a-9d9c-c935126f9f8f', '9fe2a213-9c11-454c-818e-88509cb44fac', 'question', '75e71232-90cf-4bba-8616-8e4f76f04a0e', 15, true, null),
    ('5756fb6c-7b7a-4409-b47f-03a04a6fd2f6', '9ae5176a-3e90-4876-8e98-c629a198df24', 'question', '75e71232-90cf-4bba-8616-8e4f76f04a0e', 16, true, null),
    ('ee72afd1-befc-4894-b45b-1cbd57a984d2', '160ae8a9-ec7d-442e-b326-378a04a38fa4', 'question', '75e71232-90cf-4bba-8616-8e4f76f04a0e', 17, true, null),
    ('71782154-1616-4d85-a065-d3a9fd26c963', '295db7d3-337d-4060-af83-3658e0fef059', 'question', '75e71232-90cf-4bba-8616-8e4f76f04a0e', 18, true, '{"mandatory":{"errorMessage":"","errorSummary":""}}'),
    ('509cbba7-0e38-4555-b9fc-ff100f5430a0', '14ab8b61-8811-4d47-b6f2-8881619f0aa3', 'question', '75e71232-90cf-4bba-8616-8e4f76f04a0e', 19, true, null),
    ('5579da7e-08f4-4e2d-a994-d755e4af0abf', 'c7e8cc27-b805-4a4b-bb8d-3689c6206d46', 'question', '75e71232-90cf-4bba-8616-8e4f76f04a0e', 20, true, null),
    ('1dcb1507-cf22-40ae-837b-9a6c7782a95b', '8d1d257c-8618-45ac-adba-01bc4a0d67af', 'question', '75e71232-90cf-4bba-8616-8e4f76f04a0e', 21, true, null),
    ('cc0a3df6-abbf-43da-8d45-f5ee2de96534', 'b2184cac-a2a0-46a1-88b9-19ae4b64cabd', 'question', '75e71232-90cf-4bba-8616-8e4f76f04a0e', 22, true, null),
    ('a7b0b2ed-4278-4732-8d1a-077f3a032032', 'af20af57-388e-4ee1-824d-0a516623dbf9', 'question', '75e71232-90cf-4bba-8616-8e4f76f04a0e', 23, true, null),
    ('f4edb6c9-4664-4c51-94e9-ef6013ee1e9d', 'f2b7c14a-ee13-4cbc-b9d4-0ba5594b6c8b', 'question', '75e71232-90cf-4bba-8616-8e4f76f04a0e', 24, true, null),
    ('9602f925-7874-43f6-9981-194548524cb3', 'ca4b265c-7be9-4c7a-ab6e-b947bdf375af', 'question', '75e71232-90cf-4bba-8616-8e4f76f04a0e', 25, true, null),
    ('319c8933-e1e1-4522-b0b4-f9f25a69dde6', '66cb63ce-4cf8-43b3-95cb-0da1ee953717', 'question', '75e71232-90cf-4bba-8616-8e4f76f04a0e', 26, true, null),
    ('e1fbc613-ddde-4e49-9271-6f101de826e0', '3aa0b6d0-886b-4682-936d-9c23aabf090e', 'question', '75e71232-90cf-4bba-8616-8e4f76f04a0e', 27, true, null),
    ('e1c2feb1-6030-40ce-9d2e-25a82a81bbaf', '29e76b3e-3ee6-4387-ac10-50aca26ffa2a', 'question', '75e71232-90cf-4bba-8616-8e4f76f04a0e', 28, true, null),
    ('baea43aa-e2dd-40e6-9e96-3be9356a109d', '1c82ab38-b8d9-4e10-b783-407297d6f292', 'question', '75e71232-90cf-4bba-8616-8e4f76f04a0e', 29, true, null),
    ('b4cdb3c5-155f-43c1-a096-89b201415716', 'be1fb2dc-2237-4cf6-91d6-33505e8e1676', 'question', '75e71232-90cf-4bba-8616-8e4f76f04a0e', 30, true, null),
    ('4be94dc4-8351-4b5a-bbf5-e3c8d9cc03fc', 'd97b7227-515b-41f6-ba37-ca243ecf9f65', 'question', '75e71232-90cf-4bba-8616-8e4f76f04a0e', 31, true, null),
    ('e8ea07a8-afc3-4b80-a84b-520560504242', 'bb6ebcbf-cffd-4675-9228-5711e63a7d0f', 'question', '75e71232-90cf-4bba-8616-8e4f76f04a0e', 32, true, null),
    ('31086ec8-4ce6-4a90-8e6a-be950b58ba7c', '95e79ec5-f020-45bc-985a-9beb8a9f060d', 'question', '75e71232-90cf-4bba-8616-8e4f76f04a0e', 33, true, null),
    ('6497fac8-fb16-417f-988b-fd18ad7b1182', '24584de0-fae2-4821-9d9b-bbf6b874eb8b', 'question', '75e71232-90cf-4bba-8616-8e4f76f04a0e', 34, true, '{"mandatory":{"errorMessage":"Select yes, no or don''t know","errorSummary":"Select yes, no or don''t know"}}'),
    ('547d4dda-add6-4496-aa27-fbb906ccc4fd', '241e1b42-ccc3-4b37-917b-40db31da234e', 'question', '75e71232-90cf-4bba-8616-8e4f76f04a0e', 35, true, '{"mandatory":{"errorMessage":"Select yes, no or don''t know","errorSummary":"Select yes, no or don''t know (concerns in relation to children)"}}'),
    ('92e18413-a9bb-46bf-baac-8f92fe7a8069', 'b82889ff-16cb-4a22-b4fe-7c341c2987de', 'question', '75e71232-90cf-4bba-8616-8e4f76f04a0e', 36, true, '{"mandatory":{"errorMessage":"Select yes, no or don''t know","errorSummary":"Select yes, no or don''t know (contacting social services)"}}'),
    ('22592e0c-2fac-44e6-9db5-cf487fb3f2b1', '18241334-da0e-4388-947d-1fd3efd1cb95', 'group', '65a3924c-4130-4140-b7f4-cc39a52603bb', 12, true, null),
    ('5c28d8ac-c145-4162-a433-6038ecbdef0b', 'f2de0ecb-b004-47c9-98c4-71ad81f84d70', 'question', '18241334-da0e-4388-947d-1fd3efd1cb95', 1, true, '{"mandatory":{"errorMessage":"","errorSummary":""}}'),
    ('45a71d50-8add-4292-aee0-fb103f472cf0', '7ec5fcc8-624a-439d-b237-ccb70102fc42', 'question', '18241334-da0e-4388-947d-1fd3efd1cb95', 2, true, '{"mandatory":{"errorMessage":"Select yes, no or don''t know","errorSummary":"Select yes, no or don''t know (risk of suicide)"}}'),
    ('9cd6b429-7a87-40f1-8952-39958cc6d23c', 'c4f83773-f18f-41ee-95e1-30af0cfbd2e7', 'question', '18241334-da0e-4388-947d-1fd3efd1cb95', 3, true, '{"mandatory":{"errorMessage":"Select yes, no or don''t know","errorSummary":"Select yes, no or don''t know (risk of self-harm)"}}'),
    ('bd383505-9d88-4054-ac74-415c0678c40b', '9d230033-03b6-4e4d-b616-5f89d6362249', 'question', '18241334-da0e-4388-947d-1fd3efd1cb95', 4, true, '{"mandatory":{"errorMessage":"Select yes, no or don''t know","errorSummary":"Select yes, no or don''t know (coping in custody or a hostel setting)"}}'),
    ('ca968db2-5d97-4fca-8bba-08fa90f6df61', '0fd27452-567d-4414-8003-0cd8ec7cd2c9', 'question', '18241334-da0e-4388-947d-1fd3efd1cb95', 5, true, '{"mandatory":{"errorMessage":"Select yes, no or don''t know","errorSummary":"Select yes, no or don''t know (vulnerability)"}}'),
    ('5205a86a-0324-4be3-b48d-b54f6b3386fd', '3aefd016-34b6-4ca6-b238-efe2a24bd346', 'group', '65a3924c-4130-4140-b7f4-cc39a52603bb', 13, true, null),
    ('e3bda1bf-7be0-4e0d-b70f-3037e3f7cbde', 'cb045896-9854-4418-a32a-6046c1a59929', 'question', '3aefd016-34b6-4ca6-b238-efe2a24bd346', 1, true, '{"mandatory":{"errorMessage":"","errorSummary":""}}'),
    ('df7e9741-4168-4939-a8fd-eab58f51c6d3', 'f775bb4d-c7be-4e0c-a735-685112fe9b6d', 'question', '3aefd016-34b6-4ca6-b238-efe2a24bd346', 2, true, '{"mandatory":{"errorMessage":"Select yes, no or don''t know","errorSummary":"Select yes, no or don''t know (escape or abscond)"}}'),
    ('f74dd071-44a1-4f9f-81d2-84d7e27d143b', '80f5bed4-9fd5-4103-b3cc-4050d1a7cb87', 'question', '3aefd016-34b6-4ca6-b238-efe2a24bd346', 3, true, '{"mandatory":{"errorMessage":"Select yes, no or don''t know","errorSummary":"Select yes, no or don''t know (control issues or disruptive behaviour)"}}'),
    ('154dc817-4774-4dd2-9018-161528b625c4', '016c7243-39eb-454a-8e10-17619b1654b1', 'question', '3aefd016-34b6-4ca6-b238-efe2a24bd346', 4, true, '{"mandatory":{"errorMessage":"Select yes, no or don''t know","errorSummary":"Select yes, no or don''t know (concerns in respect of breach of trust)"}}'),
    ('4f40eca6-80cf-4ce2-907a-1a162f0f6eac', '4dc7a258-3e7b-45fb-a3c9-1ef4be9253d7', 'question', '3aefd016-34b6-4ca6-b238-efe2a24bd346', 5, true, '{"mandatory":{"errorMessage":"Select yes, no or don''t know","errorSummary":"Select yes, no or don''t know (risks to other prisoners)"}}'),
    ('e032287b-26a0-4edc-8a37-8d1019eba09d', 'be6ebe75-da14-44a8-8db8-a9c71bec743c', 'question', '3aefd016-34b6-4ca6-b238-efe2a24bd346', 6, true, '{"mandatory":{"errorMessage":"Select yes, no or don''t know","errorSummary":"Select yes, no or don''t know (other things to consider regarding whether a full analysis is required)"}}'),
    ('ecf438c0-07d8-443d-b67c-0b8451ada929', 'f21a22f7-6f6b-4c2a-b27f-d4c3b9123322', 'question', '3aefd016-34b6-4ca6-b238-efe2a24bd346', 7, true, '{"mandatory":{"errorMessage":"Enter details","errorSummary":"Enter details"}}'),
    ('ac4ef07e-bafb-41c8-8c0b-48a051cc60a1', '1b277bcd-6dd4-4a8a-bb83-cbf72bc38033', 'question', '3aefd016-34b6-4ca6-b238-efe2a24bd346', 8, true, '{"mandatory":{"errorMessage":"Select yes or no","errorSummary":"Select yes or no (full risk of harm analysis)"}}'),
    ('5a63f13d-b51f-42b8-8bad-7927f5f6cae3', '0895c08b-c82f-4733-9bf0-159b0354533b', 'group', '65a3924c-4130-4140-b7f4-cc39a52603bb', 14, true, null),
    ('ad9ab59b-3594-4ace-bd30-ff2445ca0e50', '40f3ce03-9ba5-4539-9fed-1816b731bd12', 'question', '0895c08b-c82f-4733-9bf0-159b0354533b', 1, true, '{"mandatory":{"errorMessage":"","errorSummary":""}}'),
    ('e5d9e404-8e06-47ca-8c40-85c92dd0c711', '5974af31-268a-4413-be23-6285cfe61346', 'question', '0895c08b-c82f-4733-9bf0-159b0354533b', 2, true, '{"mandatory":{"errorMessage":"Enter offence details","errorSummary":"Enter offence details"}}'),
    ('fd4349c2-8316-473f-bba2-60d7db518e53', 'e3da3b38-2c6e-49fd-91d9-938105098136', 'question', '0895c08b-c82f-4733-9bf0-159b0354533b', 3, true, '{"mandatory":{"errorMessage":"Say where and when they did it","errorSummary":"Say where and when they did it"}}'),
    ('a7b6c7e5-0ba6-435e-b53a-0f1913a141bf', '31a47ad0-6d66-4478-94c8-65ef70091dee', 'question', '0895c08b-c82f-4733-9bf0-159b0354533b', 4, true, '{"mandatory":{"errorMessage":"Say how they did it","errorSummary":"Say how they did it"}}'),
    ('82e267ae-dcca-4e7e-ad14-c2b284b29e7f', '90d93a85-d0d6-4b79-9320-c1054f0c00df', 'question', '0895c08b-c82f-4733-9bf0-159b0354533b', 5, true, '{"mandatory":{"errorMessage":"Enter the victims","errorSummary":"Enter the victims"}}'),
    ('4336309c-feb7-4fa2-9dcb-f1d4bc220228', 'c3bf9231-5b7d-43d7-bbee-952c78ee7788', 'question', '0895c08b-c82f-4733-9bf0-159b0354533b', 6, true, '{"mandatory":{"errorMessage":"Say if anyone else was present or involved","errorSummary":"Say if anyone else was present or involved"}}'),
    ('90a86029-d002-4d99-ae8e-7f8cdd343318', '8d5404d8-a633-4789-aa03-68061e3bf373', 'question', '0895c08b-c82f-4733-9bf0-159b0354533b', 7, true, '{"mandatory":{"errorMessage":"Say why they did it","errorSummary":"Say why they did it"}}'),
    ('06d86239-fe8c-4f95-807a-71c4be79da1c', 'd4d40a81-3a9b-48fa-8380-ee7a35444b86', 'question', '0895c08b-c82f-4733-9bf0-159b0354533b', 8, true, '{"mandatory":{"errorMessage":"Enter sources of information","errorSummary":"Enter sources of information"}}'),
    ('1eebb5e4-58b7-45c3-b500-cf0013d27350', 'e15d1405-0f37-4533-b449-62d4838aae15', 'group', '65a3924c-4130-4140-b7f4-cc39a52603bb', 15, true, null),
    ('2f7e7373-bf28-4f27-8a09-e27085c3f08b', '65373dba-95aa-4b6e-b2d8-fafa1abd5ae4', 'question', 'e15d1405-0f37-4533-b449-62d4838aae15', 1, true, '{"mandatory":{"errorMessage":"","errorSummary":""}}'),
    ('c881aef3-e69a-4f91-baab-77ed44c6c684', '2b0d4124-a1f6-4d4b-89e5-4cb3abfc38fe', 'question', 'e15d1405-0f37-4533-b449-62d4838aae15', 2, true, '{"mandatory":{"errorMessage":"Say exactly what they did","errorSummary":"Say exactly what they did"}}'),
    ('a2a330ac-c68d-4679-aea7-1570d7175692', '52a9bc59-c243-4e54-8d2c-005fb266f632', 'question', 'e15d1405-0f37-4533-b449-62d4838aae15', 3, true, '{"mandatory":{"errorMessage":"Say where and when they did it","errorSummary":"Say where and when they did it"}}'),
    ('8c99d2d1-3da9-4b87-aab5-d7912229c7cf', '0ba2c568-8625-47a3-a911-6066188d7e94', 'question', 'e15d1405-0f37-4533-b449-62d4838aae15', 4, true, '{"mandatory":{"errorMessage":"Say how they did it","errorSummary":"Say how they did it"}}'),
    ('12114877-118a-44bf-b1c4-56df77955981', '627f694d-efb1-4556-bbea-a7d93179cf3f', 'question', 'e15d1405-0f37-4533-b449-62d4838aae15', 5, true, '{"mandatory":{"errorMessage":"Enter the victims","errorSummary":"Enter the victims"}}'),
    ('116abe76-f5dc-4658-ac61-8ad37efe4479', '48866fe6-50e2-4347-901b-95317679a249', 'question', 'e15d1405-0f37-4533-b449-62d4838aae15', 6, true, '{"mandatory":{"errorMessage":"Say if anyone else was present or involved","errorSummary":"Say if anyone else was present or involved"}}'),
    ('8f027f4a-e9d4-4e2f-83e0-37aac74d6bd7', 'cf9a187c-18f1-4ccd-a3ff-fcc1f128496a', 'question', 'e15d1405-0f37-4533-b449-62d4838aae15', 7, true, '{"mandatory":{"errorMessage":"Say why they dd it","errorSummary":"Say why they dd it"}}'),
    ('5ac55e33-d899-4640-817a-aa6ee882be85', 'dc3a8ff2-2a6c-4582-9fbe-84a57bfac28d', 'question', 'e15d1405-0f37-4533-b449-62d4838aae15', 8, true, '{"mandatory":{"errorMessage":"Enter sources of information","errorSummary":"Enter sources of information"}}'),
    ('4e07d31a-f834-4b07-9b16-1117bd607d37', 'a14e358f-949e-4cb9-a1d0-f03ab8fa4696', 'group', '65a3924c-4130-4140-b7f4-cc39a52603bb', 16, true, null),
    ('17eeb31f-25fb-4385-968d-a21e657c8408', 'c22bebc9-003c-4fa1-971c-d62074f4ea2c', 'question', 'a14e358f-949e-4cb9-a1d0-f03ab8fa4696', 1, true, '{"mandatory":{"errorMessage":"","errorSummary":""}}'),
    ('e3a32a87-3b8c-45ff-8762-0175ad997db6', 'a2f4a30f-1448-4281-9c09-96d66db07601', 'question', 'a14e358f-949e-4cb9-a1d0-f03ab8fa4696', 2, true, '{"mandatory":{"errorMessage":"","errorSummary":""}}'),
    ('f789608a-e218-4842-94e2-78a9c7d7c528', '7714eddc-a028-484e-8505-b132364ca648', 'question', 'a14e358f-949e-4cb9-a1d0-f03ab8fa4696', 3, true, '{"mandatory":{"errorMessage":"Select yes or no","errorSummary":"Select yes or no (risk to identifiable children)"}}'),
    ('9f3eea9c-e5f0-4903-8ab1-eb4caeabaf2c', 'aaa9c721-4eca-42e4-9b07-539b1ded71e0', 'question', 'a14e358f-949e-4cb9-a1d0-f03ab8fa4696', 4, true, '{"mandatory":{"errorMessage":"Enter details of relevant factors and situations","errorSummary":"Enter details of relevant factors and situations"}}'),
    ('58053c51-155f-4780-81b5-83a5431a5312', 'ea039639-7f05-496d-8bcf-12e5f2f96a27', 'question', 'a14e358f-949e-4cb9-a1d0-f03ab8fa4696', 5, true, '{"mandatory":{"errorMessage":"Select yes or no","errorSummary":"Select yes or no (identifiable children at risk from others)"}}'),
    ('0978cad7-3240-4abb-905f-816743cf23f6', '5824adec-fe20-4504-8c15-2d8d5053b47e', 'question', 'a14e358f-949e-4cb9-a1d0-f03ab8fa4696', 6, true, '{"mandatory":{"errorMessage":"Explain the individual''s involvement in the family","errorSummary":"Explain the individual''s involvement in the family"}}'),
    ('91b314bf-32a0-4ab9-9e6a-b16c3a028e75', '02445b70-00a4-4513-868c-7653e8e041cf', 'group', '65a3924c-4130-4140-b7f4-cc39a52603bb', 17, true, null),
    ('6795ad6d-1aa5-45a2-a622-64e180f93a97', '59b77990-875e-47ef-8b39-607fb48b254c', 'question', '02445b70-00a4-4513-868c-7653e8e041cf', 1, true, '{"mandatory":{"errorMessage":"","errorSummary":""}}'),
    ('efa68a14-74d4-478f-8c81-9a1d87abbe9d', 'b46893d5-b69f-4743-addd-57bc2a5651c7', 'question', '02445b70-00a4-4513-868c-7653e8e041cf', 2, true, '{"mandatory":{"errorMessage":"Enter name","errorSummary":"Enter name"}}'),
    ('d4e7c1b0-25c7-499b-bf74-9987d61dd08d', 'a1a44650-d22a-45e3-88c6-8c4a9075938c', 'question', '02445b70-00a4-4513-868c-7653e8e041cf', 3, true, '{"mandatory":{"errorMessage":"Enter age","errorSummary":"Enter age"}}'),
    ('088ed6ee-2f87-48ba-b85c-21da5a5f9dea', 'af8444f9-9e71-49e0-b171-8a88006a589e', 'question', '02445b70-00a4-4513-868c-7653e8e041cf', 4, true, '{"mandatory":{"errorMessage":"Enter date of birth","errorSummary":"Enter date of birth"}}'),
    ('30b58bf0-37e2-427b-9ce9-1b2878521358', 'a840a988-ca2e-45bc-9b5e-c4382d2eefed', 'question', '02445b70-00a4-4513-868c-7653e8e041cf', 5, true, '{"mandatory":{"errorMessage":"Select gender","errorSummary":"Select gender"}}'),
    ('b7b30c41-115b-467c-9fed-40c956efefc2', 'ac9308db-2dea-4b20-8b23-b0badfc992aa', 'question', '02445b70-00a4-4513-868c-7653e8e041cf', 6, true, '{"mandatory":{"errorMessage":"Enter address","errorSummary":"Enter address"}}'),
    ('f5735675-3e51-4526-9b22-7980b9a972fa', '43cddd02-3f2f-472f-8211-ebc5b109ec7a', 'question', '02445b70-00a4-4513-868c-7653e8e041cf', 7, true, '{"mandatory":{"errorMessage":"Select yes or no","errorSummary":"Select yes or no"}}'),
    ('fa3d15ac-c947-4696-b513-c794a0e2d8c0', '362b2ae7-7eae-42e8-9725-d7a76cb241ae', 'question', '02445b70-00a4-4513-868c-7653e8e041cf', 8, true, '{"mandatory":{"errorMessage":"Select yes or no","errorSummary":"Select yes or no"}}'),
    ('734c9bbb-b0d8-4d82-9b18-7435d56aba39', '6d429e85-3b54-4d57-bc5a-e26b3dac7f7f', 'question', '02445b70-00a4-4513-868c-7653e8e041cf', 9, true, '{"mandatory":{"errorMessage":"Select a currentcategory of child protection registration","errorSummary":"Select a current category of child protection registration"}}'),
    ('4670d5e1-11c6-47b4-9717-56422e4c67b6', '2d2258d7-7521-45b3-a6a5-9d9c3c1c23c4', 'question', '02445b70-00a4-4513-868c-7653e8e041cf', 10, true, '{"mandatory":{"errorMessage":"Select a previous category of child protection registration","errorSummary":"Select a previous category of child protection registration"}}'),
    ('71b11b64-46d2-48f8-bc88-ec3e49a00a60', 'c6f64275-692d-4e7d-a291-4ad6124f3a62', 'question', '02445b70-00a4-4513-868c-7653e8e041cf', 11, true, '{"mandatory":{"errorMessage":"Selecy yes or no","errorSummary":"Select yes or no (child protection conferences or reviews)"}}'),
    ('096d6246-af1d-4bd4-85d6-9a0be686ad19', '04a8eea7-18a4-4a5b-bbbb-9fe04e322abe', 'question', '02445b70-00a4-4513-868c-7653e8e041cf', 12, true, '{"mandatory":{"errorMessage":"Enter details of child protection conferences, child protection decisions and looked after children review dates","errorSummary":"Enter details of child protection conferences, child protection decisions and looked after children review dates"}}'),
    ('7e99138a-3680-4c86-8b19-b7ceac6a8a27', 'e474f386-d90e-41ca-b17f-ee45c724dbc4', 'question', '02445b70-00a4-4513-868c-7653e8e041cf', 13, true, '{"mandatory":{"errorMessage":"Enter Local Authority Children’s Services  key worker name, address and telephone number,","errorSummary":"Enter Local Authority Children’s Services  key worker name, address and telephone number,"}}'),
    ('4cfd4d03-7fce-44a0-bd13-7d2642da1371', 'e68d9e2b-5a67-449a-85dc-a941504cdd0c', 'question', '02445b70-00a4-4513-868c-7653e8e041cf', 14, true, '{"mandatory":{"errorMessage":"Enter other agencies and personnel involved","errorSummary":"Enter other agencies and personnel involved"}}'),
    ('a433be9c-0196-4abb-b0d4-0bf5cbd8f512', '0a4914e4-2a46-4e0d-945c-86764f20f55f', 'question', '02445b70-00a4-4513-868c-7653e8e041cf', 15, true, '{"mandatory":{"errorMessage":"Enter additional information","errorSummary":"Enter additional information"}}'),
    ('982a3a01-bf05-4e6c-a66d-82b74e79f5a5', '196c4afb-3dbd-4f2f-a051-6244d8ba15c0', 'question', '02445b70-00a4-4513-868c-7653e8e041cf', 16, true, '{"mandatory":{"errorMessage":"Enter date that child protection issues came to assessor’s attention","errorSummary":"Enter date that child protection issues came to assessor’s attention"}}'),
    ('dd050a80-c252-4c55-8245-54b969f49d74', '682bf8a6-6401-4a0e-a18f-c39c1e25c9c8', 'group', '65a3924c-4130-4140-b7f4-cc39a52603bb', 18, true, null),
    ('c97f2326-559f-416f-8a0e-4ac118a7790e', '0ac64ae9-eb3a-4d38-ab7d-5e03f3040917', 'question', '682bf8a6-6401-4a0e-a18f-c39c1e25c9c8', 1, true, '{"mandatory":{"errorMessage":"Select yes, no or don''t know","errorSummary":"Select yes, no or don''t know (current concerns about suicide)"}}'),
    ('aef79522-bde4-4c3b-b959-84c3285536ce', 'b8ed774b-25ab-4bbb-ad10-f2eb79fc8382', 'question', '682bf8a6-6401-4a0e-a18f-c39c1e25c9c8', 2, true, '{"mandatory":{"errorMessage":"Select yes, no or don''t know","errorSummary":"Select yes, no or don''t know (current concerns about self-harm)"}}'),
    ('51b0d535-4f30-4fd1-9b25-bf58c75921ab', 'fdbddfc6-6aa4-45e9-a24a-42d61215dd0c', 'question', '682bf8a6-6401-4a0e-a18f-c39c1e25c9c8', 3, true, '{"mandatory":{"errorMessage":"Enter any past concerns about suicide","errorSummary":"Enter any past concerns about suicide"}}'),
    ('e41c6537-af59-408d-a151-b924a87c5444', 'f0120481-a1cd-4100-b65a-c93b5e21d689', 'question', '682bf8a6-6401-4a0e-a18f-c39c1e25c9c8', 4, true, '{"mandatory":{"errorMessage":"Enter any past concerns about self-harm","errorSummary":"Enter any past concerns about self-harm"}}'),
    ('f082f81c-373a-453f-8396-c510da5c7bf5', 'ce6170a9-1f7b-4963-a8e3-08574e4c83d0', 'group', '65a3924c-4130-4140-b7f4-cc39a52603bb', 19, true, null),
    ('38aa2a38-2e1a-41fc-8efc-8a1bb60b465d', 'e84ca6d6-0939-427f-b2ed-3cf63a6165de', 'question', 'ce6170a9-1f7b-4963-a8e3-08574e4c83d0', 1, true, '{"mandatory":{"errorMessage":"Select yes, no or N/A","errorSummary":"Select yes, no or N/A (current concerns about coping in custody)"}}'),
    ('3b835628-d394-43dc-8f94-194cf43c50cb', 'b55c2001-dfd4-49d7-ab68-44f745b29d29', 'question', 'ce6170a9-1f7b-4963-a8e3-08574e4c83d0', 2, true, '{"mandatory":{"errorMessage":"Select yes, no or N/A","errorSummary":"Select yes, no or N/A (current concerns about coping in a hostel setting)"}}'),
    ('49d005d7-7b86-4048-a37f-49e100785dbb', '65d9368d-67a5-4412-a2ce-f416def28b1a', 'question', 'ce6170a9-1f7b-4963-a8e3-08574e4c83d0', 3, true, '{"mandatory":{"errorMessage":"Describe circumstances, issues and needs","errorSummary":"Describe circumstances, issues and needs"}}'),
    ('955f9208-f86c-4e90-a8fe-67cf29f5d5b2', 'b8eebaf3-436e-4f12-8ff8-bb7554654f9d', 'question', 'ce6170a9-1f7b-4963-a8e3-08574e4c83d0', 4, true, '{"mandatory":{"errorMessage":"Select yes, no or N/A","errorSummary":"Select yes, no or N/A (previous concerns about coping in custody)"}}'),
    ('1cacaa3d-fe1a-4031-8d0d-8b54c33d6099', '042fa616-eb7d-4c63-ac36-69c116de5c72', 'question', 'ce6170a9-1f7b-4963-a8e3-08574e4c83d0', 5, true, '{"mandatory":{"errorMessage":"Select yes, no or don''t know","errorSummary":"Select yes, no or don''t know (previous concerns about coping in a hostel setting)"}}'),
    ('1b350c37-f188-477d-9e7f-cdde672f4b10', 'f81a610b-665e-4f75-b9ca-a92734431416', 'question', 'ce6170a9-1f7b-4963-a8e3-08574e4c83d0', 6, true, '{"mandatory":{"errorMessage":"Describe circumstances, issues and needs","errorSummary":"Describe circumstances, issues and needs"}}'),
    ('51e62446-3712-4730-b85c-536531de0cd7', 'b5334e5f-b793-4400-8ea1-67c316b2d44f', 'group', '65a3924c-4130-4140-b7f4-cc39a52603bb', 20, true, null),
    ('5a1ef335-5bb7-4df6-8c7e-84d87f7a7f54', '31eb26f4-667f-45cb-bf58-4e7c249cd8b9', 'question', 'b5334e5f-b793-4400-8ea1-67c316b2d44f', 1, true, '{"mandatory":{"errorMessage":"Select yes or no","errorSummary":"Select yes or no (current concerns about vulnerability)"}}'),
    ('b19d2f80-8d07-4ee3-9467-836fa6d3c4eb', '0a871fb8-8583-4e91-bc03-50918a5c8972', 'question', 'b5334e5f-b793-4400-8ea1-67c316b2d44f', 2, true, '{"mandatory":{"errorMessage":"Describe circumstances, relevant issues and needs","errorSummary":"Describe circumstances, relevant issues and needs"}}'),
    ('ef431d75-ad8d-4ed0-9c56-77ec8de3d795', 'b2c213f5-b4d6-4bd3-8b4d-58a38a89e578', 'question', 'b5334e5f-b793-4400-8ea1-67c316b2d44f', 3, true, '{"mandatory":{"errorMessage":"Select yes, no or don''t know","errorSummary":"Select yes, no or don''t know (previous concerns about vulnerability)"}}'),
    ('bbb18e94-cb9b-4442-864f-167fea692eb4', '9f3d250d-bf0c-4a7c-8072-04b9d10f8268', 'question', 'b5334e5f-b793-4400-8ea1-67c316b2d44f', 4, true, '{"mandatory":{"errorMessage":"Describe circumstances, relevant issues and needs","errorSummary":"Describe circumstances, relevant issues and needs"}}'),
    ('cc47a038-ab66-4498-9806-79c7a586b8e6', '1801ecdd-953e-4565-8063-c83bd19b4866', 'question', 'b5334e5f-b793-4400-8ea1-67c316b2d44f', 5, true, '{"mandatory":{"errorMessage":"Select yes or no","errorSummary":"Select yes or no (risk of serious harm to others)"}}'),
    ('58823b6f-ec22-41b7-a358-17b539d4f42b', 'eef1b29b-15d6-41b1-b2d9-f307da40e3d3', 'question', 'b5334e5f-b793-4400-8ea1-67c316b2d44f', 6, true, '{"mandatory":{"errorMessage":"Describe circumstances, relevant issues and needs","errorSummary":"Describe circumstances, relevant issues and needs"}}'),
    ('b291ee09-e840-4c2f-970f-56f37090d3db', '3c70d53a-08c5-4f30-a144-12e5c6e14205', 'group', '65a3924c-4130-4140-b7f4-cc39a52603bb', 21, true, null),
    ('b21c4f44-d40d-4704-b68e-393482c8cb46', '10cd0e95-7af7-4f55-9a96-2bd60d56c21e', 'question', '3c70d53a-08c5-4f30-a144-12e5c6e14205', 1, true, '{"mandatory":{"errorMessage":"Select yes or no","errorSummary":"Select yes or no (current concerns about escape or abscond)"}}'),
    ('b5d25a85-597e-4c37-be59-3350dd9b8ff8', 'ae3fcd52-ccae-4555-95e1-2aa6c541e4b5', 'question', '3c70d53a-08c5-4f30-a144-12e5c6e14205', 2, true, '{"mandatory":{"errorMessage":"Describe circumstances, relevant issues and needs","errorSummary":"Describe circumstances, relevant issues and needs"}}'),
    ('fe64176d-58f8-4523-ac6e-aeeae01be868', '08787e43-0e02-436d-afea-a189388c251f', 'question', '3c70d53a-08c5-4f30-a144-12e5c6e14205', 3, true, '{"mandatory":{"errorMessage":"Select yes, no or N/A","errorSummary":"Select yes, no or N/A (previous concerns about escape or abscond)"}}'),
    ('d0113a1d-344f-4a56-9723-98c852d86a3a', 'aa01b40f-e0cc-41f0-a751-0a04d1016a6c', 'question', '3c70d53a-08c5-4f30-a144-12e5c6e14205', 4, true, '{"mandatory":{"errorMessage":"Describe circumstances, relevant issues and needs","errorSummary":"Describe circumstances, relevant issues and needs"}}'),
    ('9e652539-674d-4f32-8278-d38d807518d4', '22be9048-33a7-4e56-a8f4-8c4e2a62524c', 'group', '65a3924c-4130-4140-b7f4-cc39a52603bb', 22, true, null),
    ('89a39ce3-1cc4-470a-9819-5266290c8078', '569dcb48-7d70-4d52-adce-a80f00b8dc91', 'question', '22be9048-33a7-4e56-a8f4-8c4e2a62524c', 1, true, '{"mandatory":{"errorMessage":"Select yes or no","errorSummary":"Select yes or no (current concerns about control and disruptive behaviour)"}}'),
    ('1c6dbde5-5ddf-4f64-9eed-947a73bbe636', '8040cc23-0ffd-4425-b0fb-1b5ee34834a4', 'question', '22be9048-33a7-4e56-a8f4-8c4e2a62524c', 2, true, '{"mandatory":{"errorMessage":"Describe circumstances, relevant issues and needs","errorSummary":"Describe circumstances, relevant issues and needs"}}'),
    ('09c9d7fc-5aa9-4bad-875b-996f3ff0d0c4', '71e51dc0-4ab3-43f0-9d65-d24c044b365f', 'question', '22be9048-33a7-4e56-a8f4-8c4e2a62524c', 3, true, '{"mandatory":{"errorMessage":"Select yes, no or don''t know","errorSummary":"Select yes, no or don''t know (previous concerns about control and disruptive behaviour)"}}'),
    ('090d8c01-2236-4a91-a80c-975715a93cca', 'ad6cdfee-6ed6-43a0-9dae-d108b62e4ae6', 'question', '22be9048-33a7-4e56-a8f4-8c4e2a62524c', 4, true, '{"mandatory":{"errorMessage":"Describe circumstances, relevant issues and needs","errorSummary":"Describe circumstances, relevant issues and needs"}}'),
    ('b769e087-03b0-4837-94e0-93619ea26f7e', 'e807624f-c59e-4b21-b749-2432b08f60f9', 'group', '65a3924c-4130-4140-b7f4-cc39a52603bb', 23, true, null),
    ('04d859c1-87a1-4481-9070-883fc4335b0f', '1ff5bd0f-c500-47d5-8f13-0d29d46e7c56', 'question', 'e807624f-c59e-4b21-b749-2432b08f60f9', 1, true, '{"mandatory":{"errorMessage":"Select yes or no","errorSummary":"Select yes or no (current concerns about breach of trust)"}}'),
    ('3e9ce3f0-ff59-48cb-ad4c-a7cb68eac2a0', 'ebc8e739-627f-48de-b864-3ba001fe09d9', 'question', 'e807624f-c59e-4b21-b749-2432b08f60f9', 2, true, '{"mandatory":{"errorMessage":"Describe circumstances, relevant issues and needs","errorSummary":"Describe circumstances, relevant issues and needs"}}'),
    ('144dc8a8-25f3-4c54-9a6c-e92ea28068a7', '2f2ee672-92f3-4a14-b112-f1ae7ae708ff', 'question', 'e807624f-c59e-4b21-b749-2432b08f60f9', 3, true, '{"mandatory":{"errorMessage":"Select yes, no or don''t know","errorSummary":"Select yes, no or don''t know (previous concerns about breach of trust)"}}'),
    ('d347072f-e116-46b1-ad73-6f9ee34c8b8d', '00c3001c-a5fe-434a-9d83-629cc097ea07', 'question', 'e807624f-c59e-4b21-b749-2432b08f60f9', 4, true, '{"mandatory":{"errorMessage":"Describe circumstances, relevant issues and needs","errorSummary":"Describe circumstances, relevant issues and needs"}}'),
    ('d042142a-7262-4a70-bb84-e103db84d9ce', '121f7277-c0fc-4cdf-a02c-049f73993cbd', 'group', '65a3924c-4130-4140-b7f4-cc39a52603bb', 24, true, null),
    ('742798b5-7ac4-4f32-b617-b3713d9eacc5', '65db97f0-b928-45f5-ae63-1744b810d958', 'question', '121f7277-c0fc-4cdf-a02c-049f73993cbd', 1, true, '{"mandatory":{"errorMessage":"Say who is at risk","errorSummary":"Say who is at risk"}}'),
    ('5d045cbe-d102-4efa-9486-eca3f0ae80e5', 'a1be8ea7-817c-4eff-9534-3a503be9ecbd', 'question', '121f7277-c0fc-4cdf-a02c-049f73993cbd', 2, true, '{"mandatory":{"errorMessage":"Say the nature of the risk","errorSummary":"Say the nature of the risk"}}'),
    ('0850326c-3aaf-4ed4-9eee-ae8ba18fcb64', '006d1e2b-78e8-405f-82e9-fbdb318396cd', 'group', '65a3924c-4130-4140-b7f4-cc39a52603bb', 25, true, null),
    ('c556cfb6-42b0-432f-9526-f51147fb02fa', '4f2b86b8-0b1c-4e76-93c3-9df2e61dc568', 'question', '006d1e2b-78e8-405f-82e9-fbdb318396cd', 1, true, '{"mandatory":{"errorMessage":"","errorSummary":""}}'),
    ('a941ab77-14e1-4f57-99da-9734b145eb7c', '944b9da0-9e44-42c2-96e2-75906945729e', 'question', '006d1e2b-78e8-405f-82e9-fbdb318396cd', 2, true, '{"mandatory":{"errorMessage":"Say when the risk is likely to be greatest","errorSummary":"Say when the risk is likely to be greatest"}}'),
    ('035b9a9d-ec40-4d45-8777-2d63e52a5e1f', '82b58db0-7a55-4f0c-b335-f5803052c584', 'question', '006d1e2b-78e8-405f-82e9-fbdb318396cd', 3, true, '{"mandatory":{"errorMessage":"Say what circumstances are likely to increase risk","errorSummary":"Say what circumstances are likely to increase risk"}}'),
    ('087b0e66-8c79-49d1-9521-58e00347fb31', '3798896c-2308-4b98-b1dc-8c0b45dc2a95', 'question', '006d1e2b-78e8-405f-82e9-fbdb318396cd', 4, true, '{"mandatory":{"errorMessage":"Say what factors are likely to reduce the risk","errorSummary":"Say what factors are likely to reduce the risk"}}'),
    ('67ac7e6e-5a17-49ea-ada3-a51f6edd9aa8', 'df139cfe-12fc-431f-9c1a-c1d9cda1a9c7', 'group', '65a3924c-4130-4140-b7f4-cc39a52603bb', 26, true, null),
    ('415df543-031a-47fb-b719-e67c5a05852a', '0a397207-c6ec-4177-ae2f-abf611de762b', 'question', 'df139cfe-12fc-431f-9c1a-c1d9cda1a9c7', 1, true, '{"mandatory":{"errorMessage":"","errorSummary":""}}'),
    ('e276ac67-9e8d-4184-a1df-c3f1cdf7d245', '9775e1a6-b83f-4d26-bdef-bcf9d97fe079', 'question', 'df139cfe-12fc-431f-9c1a-c1d9cda1a9c7', 2, true, '{"mandatory":{"errorMessage":"Select a level of risk in the community to children","errorSummary":"Select a level of risk in the community to children"}}'),
    ('2b402372-39de-492d-9252-af498b65f751', '4521c123-debd-41e0-a25f-01b616d47c8d', 'question', 'df139cfe-12fc-431f-9c1a-c1d9cda1a9c7', 3, true, '{"mandatory":{"errorMessage":"Select a level of risk in the community to the public","errorSummary":"Select a level of risk in the community to the public"}}'),
    ('bf1934ff-d382-43a0-88b4-bb9b2d43b5ab', '3058326c-ea48-4023-afac-ee1f4e8a8218', 'question', 'df139cfe-12fc-431f-9c1a-c1d9cda1a9c7', 4, true, '{"mandatory":{"errorMessage":"Select a level of risk in the community to known adults","errorSummary":"Select a level of risk in the community to known adults"}}'),
    ('30b65f3b-8000-4757-877f-ced8f60e5e3d', 'e55a4488-d80f-45e3-afef-30ceb640f423', 'question', 'df139cfe-12fc-431f-9c1a-c1d9cda1a9c7', 5, true, '{"mandatory":{"errorMessage":"Select a level of risk in the community to staff","errorSummary":"Select a level of risk in the community to staff"}}'),
    ('768c2acb-dad4-4517-b29b-4f56399f55e6', 'f89650c5-ed90-4b5e-b228-a8a7745eae67', 'question', 'df139cfe-12fc-431f-9c1a-c1d9cda1a9c7', 6, true, '{"mandatory":{"errorMessage":"","errorSummary":""}}'),
    ('47ab4e3d-c568-4c81-9e1d-f22d9e6ad6c4', '60324ce2-3701-4a4e-80cc-808a9afcf276', 'question', 'df139cfe-12fc-431f-9c1a-c1d9cda1a9c7', 7, true, '{"mandatory":{"errorMessage":"Select a level of risk in custody to children","errorSummary":"Select a level of risk in custody to children"}}'),
    ('a57d112a-7cc9-4c1a-bed3-f1fe47379c06', '050396e4-99e1-4bfe-a328-7af774d4a375', 'question', 'df139cfe-12fc-431f-9c1a-c1d9cda1a9c7', 8, true, '{"mandatory":{"errorMessage":"Select a level of risk in custody to the public","errorSummary":"Select a level of risk in custody to the public"}}'),
    ('a57b4dfe-c941-49a5-92a7-80d2d9bc72da', '395f4155-c579-49f2-adba-a962a76d423b', 'question', 'df139cfe-12fc-431f-9c1a-c1d9cda1a9c7', 9, true, '{"mandatory":{"errorMessage":"Select a level of risk in the community to known adults","errorSummary":"Select a level of risk in the community to known adults"}}'),
    ('522a3c28-68a4-4e5b-b1c4-bf2dcbf8d2d1', '7d981fa1-f2bd-4f52-bf95-bcbe48d8fdc5', 'question', 'df139cfe-12fc-431f-9c1a-c1d9cda1a9c7', 10, true, '{"mandatory":{"errorMessage":"Select a level of risk in custody to staff","errorSummary":"Select a level of risk in custody to staff"}}'),
    ('cc555a63-dc23-4569-8f5a-6e4d7658455f', '172d70dc-e650-41d0-8d00-58f2657d339a', 'question', 'df139cfe-12fc-431f-9c1a-c1d9cda1a9c7', 11, true, '{"mandatory":{"errorMessage":"Select a level of risk in custody to prisoners","errorSummary":"Select a level of risk in custody to prisoners"}}'),
    ('128b9879-c053-49d0-88c4-2faeb8481890', '4ee1c044-3bf5-472c-8a5f-430a6e7cd325', 'question', 'df139cfe-12fc-431f-9c1a-c1d9cda1a9c7', 12, true, '{"mandatory":{"errorMessage":"Enter the details of any key documents or reports used in this analysis","errorSummary":"Enter the details of any key documents or reports used in this analysis"}}'),
    ('b94dbcb5-4d27-4f03-8342-ae27099c5df9', '1d69e176-8459-4d30-8410-006828ff8c72', 'group', '65a3924c-4130-4140-b7f4-cc39a52603bb', 27, true, null),
    ('533e839e-fc62-461d-9f44-5870ab7f5cea', '2a8bfa03-1367-4259-8f52-98ed5828cc71', 'question', '1d69e176-8459-4d30-8410-006828ff8c72', 1, true, '{"mandatory":{"errorMessage":"","errorSummary":""}}'),
    ('3ee01a40-8c36-4e14-adf1-00bdc79cd9fd', '7bfd985e-ba11-4517-8235-5454f4910b47', 'question', '1d69e176-8459-4d30-8410-006828ff8c72', 2, true, '{"mandatory":{"errorMessage":"Select yes or no","errorSummary":"Select yes or no (L2 local multi-agency risk management)"}}'),
    ('57aeb25c-074a-4bc9-a3d4-4f9de9bc975c', '4981293a-d22d-49f4-9aa1-d997fa6fe5b8', 'question', '1d69e176-8459-4d30-8410-006828ff8c72', 3, true, '{"mandatory":{"errorMessage":"Select yes or no","errorSummary":"Select yes or no (L3 MAPP)"}}'),
    ('2cc10009-4e6d-47c6-b7fb-c46201b1366e', '2a50a680-dcd9-4abd-ba65-5ad5983f679a', 'question', '1d69e176-8459-4d30-8410-006828ff8c72', 4, true, '{"mandatory":{"errorMessage":"","errorSummary":""}}'),
    ('c899e9e9-eb30-45b6-b920-afa13dee6fd9', '5479cd3f-7828-4f5d-963b-26f4888bc03c', 'question', '1d69e176-8459-4d30-8410-006828ff8c72', 5, true, '{"mandatory":{"errorMessage":"Select yes or no","errorSummary":"Select yes or no (L2 local multi-agency risk management)"}}'),
    ('4f1267ef-8293-43b3-b849-55f578478705', '448f9fee-d199-41c9-906f-c7973fdd4dbc', 'question', '1d69e176-8459-4d30-8410-006828ff8c72', 6, true, '{"mandatory":{"errorMessage":"Select yes or no","errorSummary":"Select yes or no (L3 MAPP)"}}'),
    ('1cd32262-8539-4992-9a0d-4e722c60b3fa', '2c1fc504-90ae-48e5-94bf-99bba3f434dd', 'question', '1d69e176-8459-4d30-8410-006828ff8c72', 7, true, '{"mandatory":{"errorMessage":"Select yes or no","errorSummary":"Select yes or no (referred as critical public protection case?)"}}'),
    ('a36473a2-8bec-4b8e-a5d7-7861f9fcc748', '153abaa1-5381-44b5-a4b9-58979158e3a3', 'question', '1d69e176-8459-4d30-8410-006828ff8c72', 8, true, '{"mandatory":{"errorMessage":"Select yes or no","errorSummary":"Select yes or no (should case be referred now?)"}}'),
    ('b8ccf85e-be83-4108-aebd-5ba90d706fb4', 'e0012fb9-8050-49e3-aa5c-f47b41c59a04', 'question', '1d69e176-8459-4d30-8410-006828ff8c72', 9, true, '{"mandatory":{"errorMessage":"Select yes or no","errorSummary":"Select yes or no (should case be referred pre-release?)"}}'),
    ('b791deec-daa2-4a9c-b7ee-d4c8de2df3a8', 'a0ae05d3-c6a5-40ca-97ba-442f73407b66', 'question', '1d69e176-8459-4d30-8410-006828ff8c72', 10, true, '{"mandatory":{"errorMessage":"Select yes or no","errorSummary":"Select yes or no (required to register under Sex Offender Act?)"}}'),
    ('b5ff7252-7f7a-4604-9322-35dc10164e9e', '0495bc20-2211-4c9b-b8f9-549a169549ad', 'question', '1d69e176-8459-4d30-8410-006828ff8c72', 11, true, '{"mandatory":{"errorMessage":"Select yes or no","errorSummary":"Select yes or no (have they registered?)"}}'),
    ('6abe526b-e269-455e-b475-e6124fd0e9e1', 'c076395e-0e40-46d8-b665-ee0b74f8370c', 'question', '1d69e176-8459-4d30-8410-006828ff8c72', 12, true, '{"mandatory":{"errorMessage":"Select yes or no","errorSummary":"Select yes or no (are they disqualified from working with children?)"}}'),
    ('8cf97455-05b2-4f6f-8e24-aba467d05639', '7697e7cb-7da6-4137-8084-1610e6b91af9', 'question', '1d69e176-8459-4d30-8410-006828ff8c72', 13, true, '{"mandatory":{"errorMessage":"Select yes or no","errorSummary":"Select yes or no (have they  present or previous conviction against a child?)"}}'),
    ('3251de2c-fdab-4ee7-9ff4-11a4be6b06e2', '0d910a5a-c964-41a4-ae44-583bcf355e9d', 'question', '1d69e176-8459-4d30-8410-006828ff8c72', 14, true, '{"mandatory":{"errorMessage":"Select yes or no","errorSummary":"Select yes or no (are they an ongoing risk to children?)"}}'),
    ('58208fd1-952a-4581-9302-c005dd6271c3', '7954e117-966a-470f-b577-f7dc36ae269e', 'question', '1d69e176-8459-4d30-8410-006828ff8c72', 15, true, '{"mandatory":{"errorMessage":"Select yes or no","errorSummary":"Select yes or no (notification to authorities prior to release)"}}'),
    ('0c2628ef-85cd-48cb-bc42-adbc4f3ba985', '106e8722-04b3-4f55-b661-1eb250e1d5f6', 'question', '1d69e176-8459-4d30-8410-006828ff8c72', 16, true, '{"mandatory":{"errorMessage":"Select yes or no","errorSummary":"Select yes or no (subject to Prison Service Order 4400?)"}}'),
    ('12caf29f-ab05-47b6-b0a8-fa6f63261b4a', '0a7bc16c-5213-4a1a-8cd2-f29162eab17d', 'question', '1d69e176-8459-4d30-8410-006828ff8c72', 17, true, '{"mandatory":{"errorMessage":"Select yes or no","errorSummary":"Select yes or no (conditionally discharged under Mental Health Act?)"}}'),
    ('f75a098f-1a9b-4c8a-98bf-cf14588dae00', 'b06ab9df-16b9-4dd2-8a91-1f45aeaa4f2c', 'question', '1d69e176-8459-4d30-8410-006828ff8c72', 18, true, '{"mandatory":{"errorMessage":"Select yes or no","errorSummary":"Select yes or no (on life licence?)"}}'),
    ('05bdf1be-98f3-4014-a693-b75b85f4d0b5', '9a8d6d8e-ac11-4ff5-b4e6-9553fd462851', 'question', '1d69e176-8459-4d30-8410-006828ff8c72', 19, true, '{"mandatory":{"errorMessage":"Select yes or no","errorSummary":"Select yes or no (extended sentence?)"}}'),
    ('0642d38c-4d1e-4009-b392-8de02095ad58', '51c803b3-7056-4f5e-9000-af5ba1341b31', 'group', '65a3924c-4130-4140-b7f4-cc39a52603bb', 28, true, null),
    ('988744fa-3786-4151-9e4b-c06a8d24f966', 'bbcfc02b-ab1a-416c-bd4a-c8036fbdb745', 'question', '51c803b3-7056-4f5e-9000-af5ba1341b31', 1, true, '{"mandatory":{"errorMessage":"Select the likelihood of further offending","errorSummary":"Select the likelihood of further offending"}}');


INSERT INTO question_dependency (subject_question_uuid, trigger_question_uuid, trigger_answer_value, dependency_start, display_inline)
VALUES ('de5901d9-ee4a-4dae-b7ac-8c8d697f933f', 'bf62ab62-8f6b-4f3c-a1f1-0786517bbe23', 'other', '2020-11-30 14:50:00', true),
    ('ce1d25c4-cd11-46c4-8c4d-9de8d5ec71c5', 'bd629547-eab9-46d5-910d-2416b431950f', 'y', '2020-11-30 14:50:00', true),
    ('f67f1555-c314-4d0a-9c7f-abc355fe1bff', '3211a668-8878-4e88-8457-8250bfe65aea', 'y', '2020-11-30 14:50:00', true),
    ('6f650958-4437-49dc-98ab-5672b89053a8', '2d6a1356-d59e-4b41-a995-60c41e2cf197', 'y', '2020-11-30 14:50:00', true),
    ('21a2b7a4-ca19-4749-a3de-afe2e3fb3bec', 'b6db75b3-c3e4-4234-8876-ab185301cea8', 'y', '2020-11-30 14:50:00', true),
    ('9ae5176a-3e90-4876-8e98-c629a198df24', '9fe2a213-9c11-454c-818e-88509cb44fac', 'current offence', '2020-11-30 14:50:00', true),
    ('9ae5176a-3e90-4876-8e98-c629a198df24', '9fe2a213-9c11-454c-818e-88509cb44fac', 'previous offence', '2020-11-30 14:50:00', true),
    ('aaa9c721-4eca-42e4-9b07-539b1ded71e0', '7714eddc-a028-484e-8505-b132364ca648', 'y', '2020-11-30 14:50:00', true),
    ('5824adec-fe20-4504-8c15-2d8d5053b47e', 'ea039639-7f05-496d-8bcf-12e5f2f96a27', 'y', '2020-11-30 14:50:00', true),
    ('04a8eea7-18a4-4a5b-bbbb-9fe04e322abe', 'c6f64275-692d-4e7d-a291-4ad6124f3a62', 'y', '2020-11-30 14:50:00', true),
    ('65d9368d-67a5-4412-a2ce-f416def28b1a', 'e84ca6d6-0939-427f-b2ed-3cf63a6165de', 'y', '2020-11-30 14:50:00', true),
    ('65d9368d-67a5-4412-a2ce-f416def28b1a', 'b55c2001-dfd4-49d7-ab68-44f745b29d29', 'y', '2020-11-30 14:50:00', true),
    ('f81a610b-665e-4f75-b9ca-a92734431416', 'b8eebaf3-436e-4f12-8ff8-bb7554654f9d', 'y', '2020-11-30 14:50:00', true),
    ('f81a610b-665e-4f75-b9ca-a92734431416', '042fa616-eb7d-4c63-ac36-69c116de5c72', 'y', '2020-11-30 14:50:00', true),
    ('0a871fb8-8583-4e91-bc03-50918a5c8972', '31eb26f4-667f-45cb-bf58-4e7c249cd8b9', 'y', '2020-11-30 14:50:00', true),
    ('9f3d250d-bf0c-4a7c-8072-04b9d10f8268', 'b2c213f5-b4d6-4bd3-8b4d-58a38a89e578', 'y', '2020-11-30 14:50:00', true),
    ('eef1b29b-15d6-41b1-b2d9-f307da40e3d3', '1801ecdd-953e-4565-8063-c83bd19b4866', 'y', '2020-11-30 14:50:00', true),
    ('ae3fcd52-ccae-4555-95e1-2aa6c541e4b5', '10cd0e95-7af7-4f55-9a96-2bd60d56c21e', 'y', '2020-11-30 14:50:00', true),
    ('aa01b40f-e0cc-41f0-a751-0a04d1016a6c', '08787e43-0e02-436d-afea-a189388c251f', 'y', '2020-11-30 14:50:00', true),
    ('8040cc23-0ffd-4425-b0fb-1b5ee34834a4', '569dcb48-7d70-4d52-adce-a80f00b8dc91', 'y', '2020-11-30 14:50:00', true),
    ('ad6cdfee-6ed6-43a0-9dae-d108b62e4ae6', '71e51dc0-4ab3-43f0-9d65-d24c044b365f', 'y', '2020-11-30 14:50:00', true),
    ('ebc8e739-627f-48de-b864-3ba001fe09d9', '1ff5bd0f-c500-47d5-8f13-0d29d46e7c56', 'y', '2020-11-30 14:50:00', true),
    ('00c3001c-a5fe-434a-9d83-629cc097ea07', '2f2ee672-92f3-4a14-b112-f1ae7ae708ff', 'y', '2020-11-30 14:50:00', true);


INSERT INTO oasys_question_mapping (mapping_uuid, question_schema_uuid, ref_section_code, logical_page, ref_question_code)
VALUES ('9905a862-94a0-434a-b5ae-ff7b9a77c7c4', '33923c1e-e3ba-4c02-ba42-3b8d828f9e18', 'arn', null, 'oasys_set.family_name'),
    ('9c7b96a9-8d98-46bf-871e-dd510546eda4', '81cbd5f5-f8ec-430e-b18a-c48fdf660216', 'arn', null, 'offender_alias_in_set.alias_family_name'),
    ('bfa43ca9-5751-44b4-aebf-c48c3cec12f7', '2d6f7515-dd03-4cfc-b365-6739e1251498', 'arn', null, 'oasys_set.forename_1'),
    ('71f68709-5514-46d4-b958-202da8873f73', '6b04e69d-4ffd-46c6-869a-1f4005979848', 'arn', null, 'offender_alias_in_set.alias_forename_1'),
    ('89e97ba3-5d0d-4504-9f2f-e25afcd597b2', '70348c31-66aa-4e10-b0a5-4644e7fb85ff', 'arn', null, 'oasys_set.gender_elm'),
    ('df8588d9-b34f-4b94-a491-dc8d3a46de79', '49ec3bae-2726-4a43-84de-0e63e9f98bb1', 'arn', null, 'oasys_set.pnc'),
    ('ebcb464f-c9c9-4096-9590-7dd94a389282', 'bbb91ec0-140a-4e2f-a28b-31cad3545c5b', 'arn', null, 'oasys_set.cro_number'),
    ('d4c91dae-189e-4fd8-b65a-c839ae7e0661', 'a7ceb029-04d0-48f9-91de-8e2afbd5f47a', 'arn', null, 'oasys_set.cms_prob_number'),
    ('d14b52af-e18d-4637-8337-8b160e365bf6', 'f3e03d17-015c-46d7-bf33-52c5d8503c08', 'arn', null, 'address_line_1'),
    ('addab09e-4de4-4745-bfea-933c222a5a18', 'deaf25bc-0677-4d3f-9d09-c7c44c7c34c7', 'arn', null, 'address_line_2'),
    ('c470f222-fa68-46e3-b861-02363de395ff', '1ef76cd5-2d77-4e2a-9fb6-8f9aa5d4b657', 'arn', null, 'address_line_3'),
    ('ffa14441-8afc-410c-ab8e-ea6317fee2f0', 'ee346f9f-2d49-4070-afc2-4f9dabc1efa7', 'arn', null, 'address_line_4'),
    ('cc2cb300-279f-4898-aae1-fdc7bd3a7910', '3eff7d61-dd85-4ecf-a91d-92d8ffd4fec9', 'arn', null, 'address_line_5'),
    ('ee73f1f9-453e-458a-89e3-fc9ab53b45c5', '92f76d3e-23c2-4a6e-b213-4e9f98c460cb', 'arn', null, 'post_code'),
    ('ec67fc24-4a18-440c-beca-a0c9bb47bf60', '1eb2db19-6e1b-42e2-a758-38aa20d469ea', 'arn', null, 'oasys_set.purpose_assessment_elm'),
    ('d1773972-14b1-42d4-864c-45da418126bc', 'c5d01278-2059-48d3-9005-a4ffff64ed7d', 'arn', null, 'NOT_HELD'),
    ('097ce2c7-aee7-4ff3-8635-2de13434952d', 'f693bf6e-be3b-4f5c-8a06-aefeddea311b', 'arn', null, 'oasys_set.assessor_position'),
    ('c61b325b-7fa9-4c84-93b6-120c42b8254f', '1f7de807-3018-4830-bc69-b5b02266fa12', 'arn', null, 'oasys_set.assessor_phone_number'),
    ('560e1636-77f7-418e-a3ea-393d5a72afa6', '5af89c42-ffa2-4a29-8975-ab0eb8770a1c', 'arn', null, 'oasys_set.assessor_area_est_code'),
    ('43eff0b2-62f8-4711-9fef-d7a4f0f6b7ea', 'ead7aa8a-e20d-4822-9b3b-aedf186333b1', 'arn', null, 'oasys_set.originating_division_code'),
    ('2c637fb0-0a1b-4528-beeb-206e737e49f1', 'a64dc082-980a-43e0-b443-cf196f35d571', 'arn', null, 'oasys_set.originating_team_code'),
    ('dbabbfcf-4454-4a18-a8d4-b2dc35f72054', '10c93cf5-cc0c-404b-b6e4-da176db45527', 'arn', null, 'oasys_set.countersigner_nam'),
    ('10a78a57-82a3-4040-aa5b-52c9581e5e51', 'd9ca82ca-8684-49e4-b7eb-91fb0effed91', 'arn', null, 'oasys_signing_table'),
    ('bbf146fb-35a3-4ca7-b708-2906c75b430e', 'eef973e6-f493-4460-b094-2162fc8dc7e9', 'arn', null, 'NOT_HELD'),
    ('115e299d-8aba-4192-9399-95efe973cf5d', 'bf62ab62-8f6b-4f3c-a1f1-0786517bbe23', 'arn', null, 'Each_individual_source_held__sources_information_pivot.sources_information_ELM'),
    ('2f022fa2-43ec-40c6-9479-57ef2bf1ed53', 'de5901d9-ee4a-4dae-b7ac-8c8d697f933f', 'arn', null, 'sources_info_other_ftxt'),
    ('ce98aec3-f573-4d9f-9eba-240f713cc996', 'caef87b2-0ba1-44be-acab-24375446062e', 'arn', null, '1.1'),
    ('bba4fc28-8c4a-4334-aede-bdd41a7512ac', 'd84cef29-893b-4e92-bc98-12a2b4fe75b6', '1', null, '1.5'),
    ('e6d03dde-9ef4-49a3-9515-96acc0653500', 'feb7ffe9-1e59-4516-9cb8-a1a41f37078f', '1', null, '1.6'),
    ('3b4fa455-a171-4c4b-bdc4-ad859499bff3', '48bdcea3-55a6-4916-9040-2ea3770a0331', '1', null, '1.7'),
    ('33678ed5-80ed-4ec2-8675-b54b84a8407b', '6cc878a7-299d-439b-9c73-53af55cbce2f', '1', null, '1.24'),
    ('c68be942-08ba-48e5-98d9-d8fee94e272e', 'd3c32fb8-8194-4bd9-8562-21fa2d752b26', '1', null, '1.26'),
    ('1fed82fa-1d88-421e-a043-a7d8faef60bf', 'f5d1dd7c-1774-4c76-89c2-a47240ad98ba', '1', null, '1.29'),
    ('1d51ad27-7170-4022-bb15-eafd6fbdc334', '1b6e7367-b7d0-48dc-8ca7-8a26e07e5f9d', 'arn', null, 'Section_2__question_2.8'),
    ('906ca3c4-2a76-4294-8ba1-52fc76d9904e', '3844f487-2e8e-4a2c-aac5-4ca79ef7d618', 'arn', null, 'Section_2__question_2.6'),
    ('10f24ce8-8d7d-43c6-a512-f1894fbc1a01', '4c838c2b-c8fe-454f-84d1-2d2b814a2205', 'arn', null, 'Section_2__question_2.11'),
    ('04ed511e-8d5e-471d-a50f-c090545f4f93', '1ca1d5ae-3274-4705-a195-742aef989577', 'arn', null, 'Section_2__question_2.13'),
    ('72100e40-9f76-44c9-b6f6-40720b159cf5', 'b213953a-aa79-4617-89dc-6ea20d374561', 'arn', null, 'Section_2__question_2.14'),
    ('1f4179fa-cd57-4327-a515-f012adbc1ea6', '58d3efd1-65a1-439b-952f-b2826ffa5e71', '1', null, '1.30'),
    ('7c649075-d447-4943-9119-354df59e8a31', '5cd344d4-acf3-45a9-9493-5dda5aa9dfa8', '1', null, '1.38'),
    ('4e268e64-7f81-4e35-af3f-744ba937ff4f', '86ee742c-4bfb-4e29-afca-04ad35a3abda', '1', null, '1.31'),
    ('9e6cce74-ee14-473b-b15c-59e9b29749ff', 'a00223d0-1c20-43b5-8076-8a292ca25773', '1', null, '1.33'),
    ('ba1a0388-5382-4bca-a43b-d8df56da50f9', '466d3da9-2d4b-4f8c-a958-90d188c956b4', '1', null, '1.34'),
    ('9818ac03-ed81-4e4c-aca6-558542972fdb', 'bb7f891c-557a-4bfb-972c-f6d8c291ecc3', '1', null, '1.35'),
    ('7a0652c4-46fe-4500-8fb6-d0ded4a2089c', '758c1ba6-f62c-4e73-8423-079db2d451e6', '1', null, '1.36'),
    ('a1e4feaa-d1aa-4e4a-bd18-04eeb8c3581a', '46154597-8bc1-45a1-be0b-eba578bd7a3a', '1', null, '1.37'),
    ('fac51bb2-66e3-4d29-95e2-638f9f9763e5', '420c2ffe-8f2c-49b3-a523-674af3197b9e', 'RSR', null, '1.39'),
    ('3244c3c6-ef3d-42a3-8a26-0fee08d5042f', 'bd629547-eab9-46d5-910d-2416b431950f', '2', null, '2.2'),
    ('3cc127da-3300-4155-aa8d-7f864e0b5a5a', 'ce1d25c4-cd11-46c4-8c4d-9de8d5ec71c5', '2', null, '2.2'),
    ('21dbd9c3-1e04-49d6-83e3-0820b1037ab9', 'ed0e988a-38a4-4f9f-9691-08fb695cbed9', '3', null, '3.4'),
    ('8e1f5356-5d1c-4779-a17e-b60c1a52fdff', 'dcfd3dd2-2168-41ac-9e7d-3ac7959eab4b', 'arn', null, 'Section_3_last_question_field_ref_S3.11'),
    ('bc2c00f1-d16f-4bd5-81c1-87f451c56562', '3211a668-8878-4e88-8457-8250bfe65aea', 'arn', null, 'Section_4_last_question_field_ref_S4.23'),
    ('67985245-3427-464a-86d6-635b14077c7f', 'adc43d86-a8ac-4c07-b445-63a0ace17972', '4', null, '4.2'),
    ('02256cd9-d10c-4712-b62a-ba04da6dd560', 'f67f1555-c314-4d0a-9c7f-abc355fe1bff', '4', null, '4.2'),
    ('8e33be38-fd92-4319-a966-987459d495f6', '5419fbff-a1cc-4571-9c29-147617af25a0', 'arn', null, 'Section_5_last_question_field_ref_S5.13'),
    ('f4241c19-a73b-43cf-b0b7-f5faa9880906', '1970ba5e-91cb-4ad3-9f04-64d5b5b7157b', '6', null, '6.4'),
    ('bba91e4d-bcd3-44c5-8fbb-02c036ca2c20', 'f04dd882-0a0d-49f5-9736-91eeadbff9e7', '6', null, '6.7'),
    ('71474bcd-5ced-4521-aaff-4243e082c6a7', 'fb98f8b1-58ed-4aac-85b1-404f84270b95', '6', null, '6.7.1'),
    ('398ee1a0-0086-4f35-bfc9-a06bf5d76bec', '0d46cc3c-08ed-47f7-8623-0ae5955d23c6', 'arn', null, 'Section_8_last_question_field_ref_S8.19'),
    ('9d8d5745-ad2c-43c9-afab-a85c9fab4b96', '881bc39f-552c-4d62-b9ec-0fa0e705432e', 'arn', null, 'Section_8_fields_S8.2'),
    ('c72b4457-4d9c-4ad8-9670-368eef78ed3d', '12b03497-eeeb-4023-bb03-dfbd5d32b32a', 'arn', null, 'Section_8_question_8.8'),
    ('b9542678-5bcc-4f9b-9e56-4c21b355f0dd', 'f0416e89-3a71-46d1-8fa2-aebd886dcb34', '9', null, '9.1'),
    ('0cfc2e4b-6873-49c1-b90d-e331e4314f8a', '574618c3-27f4-4dd2-94bb-6de74126ff22', '9', null, '9.2'),
    ('8e122df3-6f0e-40ee-ac99-55e2b7f49734', '5a90a38d-ee0a-4775-994c-addf3397b817', '11', null, '11.2'),
    ('2b06b478-a8eb-48bf-a7ff-7aef65be3f34', 'd0619e6b-cc90-4031-90c6-ab15e06cc779', '11', null, '11.4'),
    ('97649b49-8cd0-420d-b209-12d779b9ce17', '2f1b543b-1e69-4f7e-a61c-6d21ff967432', '12', null, '12.1'),
    ('2381fc4c-baf0-4888-a513-d2172315fcef', '2d6a1356-d59e-4b41-a995-60c41e2cf197', 'arn', null, 'Section_11_question_11.1'),
    ('238b1271-8d53-426f-9cb4-1b4c96846bf5', 'b6db75b3-c3e4-4234-8876-ab185301cea8', 'arn', null, 'Section_11_question_11.6'),
    ('fb14277e-b537-4d53-8f2b-4dec690b62f3', '3f00a7f7-b4e7-4fdc-ba22-88b66864bd4c', 'arn', null, 'Section_11_question_11.9'),
    ('8fe3a5d7-604c-443d-8886-a28f8ce3f79e', 'eef7d5ce-43c4-4ea5-af46-c01d92506d7b', 'arn', null, 'Section_10_last_question_field_ref_S10.17'),
    ('0f19cfb0-ead2-4be8-b8fe-808332967ac7', '09e3f983-1a26-46ba-8aab-befab6c23524', 'arn', null, 'R8.2.1_field_FA.39'),
    ('b2acb71e-3736-450e-b367-cdec286badae', '2afb918d-635a-4f1a-9d83-c8b6d2ee9dd4', 'arn', null, 'Section_10_question_10.8_field_ref_S10.14'),
    ('8261c10e-df0b-4033-bc6b-30d2737f5d49', 'c2a60b0e-2019-4108-ade3-6df3f23dde5a', 'arn', null, 'HEADING'),
    ('4c83b96a-c2e9-4bfe-87c1-dc12a111be0e', '87531e74-2c67-4c86-9a34-2e5a08be6580', 'ROSH', null, 'R1.2.1.2'),
    ('d7691fe9-834b-41b2-a1db-34f5bab7c55e', 'e9bbea38-d1d8-4358-aa6a-5f79d44d8461', 'ROSH', null, 'R1.2.2.2'),
    ('8c756155-a20e-472e-85b6-e69147499555', '10bcb346-42a9-4501-9469-c924fbf875f3', 'ROSH', null, 'R1.2.3.2'),
    ('2842c61e-bb1d-44f8-b029-d0482278aa27', 'cb02474c-e1d8-4a24-917b-88d0611dabf8', 'ROSH', null, 'R1.2.4.2'),
    ('00faca84-cf59-48e4-8e56-26927d53eeb6', '7de9e887-9dc4-40f3-b888-c49cb3e6dce0', 'ROSH', null, 'R1.2.5.2'),
    ('891e5e8c-8e43-46d9-90df-9274066acd0c', 'e5d603cf-4a27-4c23-8e8c-47df797fdd0b', 'ROSH', null, 'R1.2.6.2'),
    ('46ce808b-dc00-45e5-8b48-4ee89476c80b', 'abe98154-9a39-4415-9e7d-fa21ead1af89', 'ROSH', null, 'R1.2.7.2'),
    ('508eb8c2-ab01-491c-b74a-d5b5fe0f8904', '892ecb86-517a-4485-9f0b-5772df8455de', 'ROSH', null, 'R1.2.8.2'),
    ('f004d315-f973-466a-8744-72758d72c1f1', '02c167fb-2011-4a88-95cf-e8ae7c3de5a2', 'ROSH', null, 'R1.2.9.2'),
    ('830718d3-20dc-4eb7-9d88-1e07c1a32a0f', '823c8fca-a594-424d-90da-7a8b6813a44a', 'ROSH', null, 'R1.2.10.2'),
    ('ad0a3a1a-8436-4984-8e08-c0f44f480b85', '7e09cbd3-de1d-4d56-919e-208d3221fb58', 'ROSH', null, 'R1.2.11.2'),
    ('3d18451d-d6b6-4674-920f-b11aafc6bb76', 'fccfc5c2-b212-4336-b4dc-085ee34fd652', 'ROSH', null, 'R1.2.12.2'),
    ('614d7e00-bdc3-48d7-90c4-33e6f609e964', '404ebe65-35c0-4769-938b-95afbc03f049', 'ROSH', null, 'R1.2.13.2'),
    ('46e66c98-980f-46b2-b7a7-909e658d8250', '9fe2a213-9c11-454c-818e-88509cb44fac', 'ROSH', null, 'R1.2.14.2'),
    ('6679680f-0cf2-4a0a-ab09-95dd6ce48e0e', '9ae5176a-3e90-4876-8e98-c629a198df24', 'ROSH', null, 'R1.2.14.t'),
    ('74b77e69-bf8d-4326-ae6f-0294bffb16b1', '160ae8a9-ec7d-442e-b326-378a04a38fa4', 'ROSH', null, 'R1.2.15.2'),
    ('e9f35c5a-0c50-48bb-a780-9ea6121c46d7', '295db7d3-337d-4060-af83-3658e0fef059', 'arn', null, 'HEADING'),
    ('405e203b-ce7b-4e7d-8159-9c4244269fc9', '14ab8b61-8811-4d47-b6f2-8881619f0aa3', 'ROSH', null, 'R1.3.1.2'),
    ('d44101ec-625d-4bb3-a169-deb5967e1cab', 'c7e8cc27-b805-4a4b-bb8d-3689c6206d46', 'ROSH', null, 'R1.3.2.2'),
    ('6bff3501-099c-47f1-b47c-6c406a5ead11', '8d1d257c-8618-45ac-adba-01bc4a0d67af', 'ROSH', null, 'R1.3.3.2'),
    ('c7f99213-47c9-417b-a060-1aa1b562725d', 'b2184cac-a2a0-46a1-88b9-19ae4b64cabd', 'ROSH', null, 'R1.3.4.2'),
    ('7f3abb9d-a41c-4df6-8e7e-a09ef3ecedb0', 'af20af57-388e-4ee1-824d-0a516623dbf9', 'ROSH', null, 'R1.3.6.2'),
    ('1a5a9b4f-8244-44a0-b7b4-c4d14fe7b294', 'f2b7c14a-ee13-4cbc-b9d4-0ba5594b6c8b', 'ROSH', null, 'R1.3.7.2'),
    ('f9e69ce3-88bd-432c-b4e2-de4580efcce9', 'ca4b265c-7be9-4c7a-ab6e-b947bdf375af', 'ROSH', null, 'R1.3.10.2'),
    ('bfa0a3d5-a2dc-4f6d-b511-52d61db78b36', '66cb63ce-4cf8-43b3-95cb-0da1ee953717', 'ROSH', null, 'R1.3.12.2'),
    ('dc352169-7ced-4c1b-ac4a-95ca8450bc4d', '3aa0b6d0-886b-4682-936d-9c23aabf090e', 'ROSH', null, 'R1.3.13.2'),
    ('864aa7f7-da01-4885-b932-9b986a19f375', '29e76b3e-3ee6-4387-ac10-50aca26ffa2a', 'ROSH', null, 'R1.3.14.2'),
    ('0166bc4f-b27a-44dd-bfac-790372d4e27b', '1c82ab38-b8d9-4e10-b783-407297d6f292', 'ROSH', null, 'R1.3.15.2'),
    ('c9562f6e-6a8d-474e-9f0f-1f55530d9704', 'be1fb2dc-2237-4cf6-91d6-33505e8e1676', 'ROSH', null, 'R1.3.16.2'),
    ('32f2977b-14fa-46f5-8fb3-135adc866f93', 'd97b7227-515b-41f6-ba37-ca243ecf9f65', 'ROSH', null, 'R1.3.17.2'),
    ('5340701a-517a-4d03-b721-5b6f75911111', 'bb6ebcbf-cffd-4675-9228-5711e63a7d0f', 'ROSH', null, 'R1.3.18.2'),
    ('7dc914ed-586e-44dd-b93b-3ae1f5bef282', '95e79ec5-f020-45bc-985a-9beb8a9f060d', 'ROSH', null, 'R1.3.19.2'),
    ('6823811d-ac84-474f-87e0-ecd8c7cb7edf', '24584de0-fae2-4821-9d9b-bbf6b874eb8b', 'ROSH', null, 'R2.1'),
    ('4d67f047-cf94-48cc-9ea4-280e4723d865', '241e1b42-ccc3-4b37-917b-40db31da234e', 'ROSH', null, 'R2.2'),
    ('b7e4fb83-01e3-4b37-a5be-53bad6c3b968', 'b82889ff-16cb-4a22-b4fe-7c341c2987de', 'ROSH', null, 'R2.2.1'),
    ('9cae4885-8232-4917-9339-c1b2e16b827a', 'f2de0ecb-b004-47c9-98c4-71ad81f84d70', 'arn', null, 'HEADING'),
    ('2e69340f-c7eb-45a3-83e0-06ffcd821c83', '7ec5fcc8-624a-439d-b237-ccb70102fc42', 'ROSH', null, 'R3.1'),
    ('e772c068-25f7-4b1a-a0be-1721759fca0a', 'c4f83773-f18f-41ee-95e1-30af0cfbd2e7', 'ROSH', null, 'R3.2'),
    ('309b6ebf-ff51-49ca-ac9e-28bd7caedede', '9d230033-03b6-4e4d-b616-5f89d6362249', 'ROSH', null, 'R3.3'),
    ('aba61267-7acc-450e-92b0-088622aefb1f', '0fd27452-567d-4414-8003-0cd8ec7cd2c9', 'ROSH', null, 'R3.4'),
    ('e00227c4-87db-429f-9c1a-3f630d7e33d4', 'cb045896-9854-4418-a32a-6046c1a59929', 'arn', null, 'HEADING'),
    ('57757c5e-86f2-4d65-9589-cdc2a1332011', 'f775bb4d-c7be-4e0c-a735-685112fe9b6d', 'ROSH', null, 'R4.1'),
    ('fa4c7f46-0457-4d5c-a9d6-f6425b93f24f', '80f5bed4-9fd5-4103-b3cc-4050d1a7cb87', 'ROSH', null, 'R4.2'),
    ('c8b2d50a-f523-4829-b2b9-c7da9d7f6f21', '016c7243-39eb-454a-8e10-17619b1654b1', 'ROSH', null, 'R4.3'),
    ('a9e31930-bff4-4f94-a1b7-cbc3a560de88', '4dc7a258-3e7b-45fb-a3c9-1ef4be9253d7', 'ROSH', null, 'R4.4'),
    ('b58cdbb7-9876-4621-905f-706350a623dc', 'be6ebe75-da14-44a8-8db8-a9c71bec743c', 'ROSH', null, 'R5.1'),
    ('70886f8b-788c-4c27-bf3a-a157d59d410a', 'f21a22f7-6f6b-4c2a-b27f-d4c3b9123322', 'ROSH', null, 'R5.1.t'),
    ('ea60947b-a336-4b88-a150-a92ab561cc27', '1b277bcd-6dd4-4a8a-bb83-cbf72bc38033', 'arn', null, 'R5.2___R5.2a'),
    ('101cf8a6-260e-4b85-bd77-1f5374378be2', '40f3ce03-9ba5-4539-9fed-1816b731bd12', 'arn', null, 'HEADING'),
    ('896f4fc0-a44e-4827-b403-5b21140d8f99', '5974af31-268a-4413-be23-6285cfe61346', 'ROSHFULL', null, 'FA1.1'),
    ('cf08c52a-929f-4605-9117-fb32f2dfe67b', 'e3da3b38-2c6e-49fd-91d9-938105098136', 'ROSHFULL', null, 'FA2'),
    ('29b278aa-2a28-463e-9d43-f62ba093c5ab', '31a47ad0-6d66-4478-94c8-65ef70091dee', 'ROSHFULL', null, 'FA3'),
    ('a9cd5e5f-6faf-4ddb-ac8c-8d8bf8683999', '90d93a85-d0d6-4b79-9320-c1054f0c00df', 'ROSHFULL', null, 'FA4'),
    ('b50efa13-82d0-4d43-a318-260315b2342a', 'c3bf9231-5b7d-43d7-bbee-952c78ee7788', 'ROSHFULL', null, 'FA5'),
    ('0acbc8fb-8e1b-415b-a72a-66cba6ee1314', '8d5404d8-a633-4789-aa03-68061e3bf373', 'ROSHFULL', null, 'FA6'),
    ('4d0def15-c7fd-4914-a390-3ae3af493d6b', 'd4d40a81-3a9b-48fa-8380-ee7a35444b86', 'ROSHFULL', null, 'FA7'),
    ('9932c454-87d5-4336-9ad7-556a03e74b12', '65373dba-95aa-4b6e-b2d8-fafa1abd5ae4', 'arn', null, 'HEADING'),
    ('85fcef30-912e-40d0-9d62-d826551965c0', '2b0d4124-a1f6-4d4b-89e5-4cb3abfc38fe', 'ROSHFULL', null, 'FA8'),
    ('37d267c9-1570-4571-8578-b209fc9c02f8', '52a9bc59-c243-4e54-8d2c-005fb266f632', 'ROSHFULL', null, 'FA9'),
    ('50536bdb-02b8-4f51-9443-431247e1a548', '0ba2c568-8625-47a3-a911-6066188d7e94', 'ROSHFULL', null, 'FA10'),
    ('654ffae0-3ca6-4083-a588-279a76163f14', '627f694d-efb1-4556-bbea-a7d93179cf3f', 'ROSHFULL', null, 'FA11'),
    ('38afbae0-190d-4655-b8c4-2aa3ff4f36d2', '48866fe6-50e2-4347-901b-95317679a249', 'ROSHFULL', null, 'FA12'),
    ('3128efee-839d-4f30-96f4-d5a359e7d39f', 'cf9a187c-18f1-4ccd-a3ff-fcc1f128496a', 'ROSHFULL', null, 'FA13'),
    ('0cf89e83-e936-4ae1-8d33-2f38ad7d4a50', 'dc3a8ff2-2a6c-4582-9fbe-84a57bfac28d', 'ROSHFULL', null, 'FA14'),
    ('af326195-3252-42a2-b2bb-b434dcf80f8f', 'c22bebc9-003c-4fa1-971c-d62074f4ea2c', 'arn', null, 'HEADING'),
    ('d596b022-1ea5-4999-b019-603c674891eb', 'a2f4a30f-1448-4281-9c09-96d66db07601', 'arn', null, 'HEADING'),
    ('78bdbdd9-dea5-4d91-b154-4705204211f9', '7714eddc-a028-484e-8505-b132364ca648', 'ROSHFULL', null, 'FA15'),
    ('13025f12-9f2c-4143-a25a-81fc0cc32895', 'aaa9c721-4eca-42e4-9b07-539b1ded71e0', 'ROSHFULL', null, 'FA16'),
    ('01f765b3-05fa-4a18-b11e-058750e5e8e0', 'ea039639-7f05-496d-8bcf-12e5f2f96a27', 'ROSHFULL', null, 'FA17'),
    ('e1ebd83e-314d-4b1b-a6c5-62b963a35165', '5824adec-fe20-4504-8c15-2d8d5053b47e', 'ROSHFULL', null, 'FA17'),
    ('8929e5df-586f-490d-b186-8a1531b1e660', '59b77990-875e-47ef-8b39-607fb48b254c', 'arn', null, 'HEADING'),
    ('ec6dc0bc-4b9a-4afb-9d7e-756e31b80be7', 'b46893d5-b69f-4743-addd-57bc2a5651c7', 'arn', null, 'child_at_risk_pivot.name_of_child'),
    ('776b05e3-24fc-4378-8b70-373ff774d0fb', 'a1a44650-d22a-45e3-88c6-8c4a9075938c', 'arn', null, 'child_at_risk_pivot.age_of_child'),
    ('ccab4986-8df8-46ac-b30d-065dac0557e5', 'af8444f9-9e71-49e0-b171-8a88006a589e', 'arn', null, 'child_at_risk_pivot.date_of_birth'),
    ('5471861f-95b6-4467-a2e0-178275bf64ef', 'a840a988-ca2e-45bc-9b5e-c4382d2eefed', 'arn', null, 'child_at_risk_pivot.gender_ELM'),
    ('f87015ac-f270-4796-8c7c-44ba341fabac', 'ac9308db-2dea-4b20-8b23-b0badfc992aa', 'arn', null, 'child_at_risk_pivot.address_of_child'),
    ('9433e0de-2ced-4695-9eff-684f8de9d2f4', '43cddd02-3f2f-472f-8211-ebc5b109ec7a', 'arn', null, 'child_at_risk_pivot.curreg_sclsrvs_ind'),
    ('5887b3d8-a999-408b-b85f-ed067f92d72d', '362b2ae7-7eae-42e8-9725-d7a76cb241ae', 'arn', null, 'child_at_risk_pivot.evr_prv_social_srv_ind'),
    ('73ade894-fdca-4e82-802f-0f6f2e9cb7cc', '6d429e85-3b54-4d57-bc5a-e26b3dac7f7f', 'arn', null, 'child_at_risk_reg_pivot_pivot.catg_cpr_ELM_for_current_previous_ELM_=_‘Current’'),
    ('f905f163-0149-4386-b30b-dda56163660c', '2d2258d7-7521-45b3-a6a5-9d9c3c1c23c4', 'arn', null, 'child_at_risk_reg_pivot_pivot.catg_cpr_ELM_for_current_previous_ELM_=_‘Current’'),
    ('5bf772fe-f860-4cb5-85be-aabee573b157', 'c6f64275-692d-4e7d-a291-4ad6124f3a62', 'ROSHFULL', null, 'FA26'),
    ('34ced3f2-8da8-4053-a9dc-2edba8b9bd3d', '04a8eea7-18a4-4a5b-bbbb-9fe04e322abe', 'ROSHFULL', null, 'FA26.t'),
    ('2bcbc43f-e864-4b2a-a8d9-e53397db88e6', 'e474f386-d90e-41ca-b17f-ee45c724dbc4', 'ROSHFULL', null, 'FA27'),
    ('80665179-624b-4451-8642-5f17de6ef2d9', 'e68d9e2b-5a67-449a-85dc-a941504cdd0c', 'ROSHFULL', null, 'FA28'),
    ('79472d56-ef49-4986-bdc7-ee2b444b7e20', '0a4914e4-2a46-4e0d-945c-86764f20f55f', 'ROSHFULL', null, 'FA29'),
    ('5a3c7a31-fadb-4a19-b0de-1815c333faba', '196c4afb-3dbd-4f2f-a051-6244d8ba15c0', 'ROSHFULL', null, 'FA30'),
    ('92c542c9-48f7-4d69-a1a3-95125ac182f4', '0ac64ae9-eb3a-4d38-ab7d-5e03f3040917', 'ROSHFULL', null, 'FA31'),
    ('e0b5eed0-6309-4f73-9952-88a379c4dd3d', 'b8ed774b-25ab-4bbb-ad10-f2eb79fc8382', 'ROSHFULL', null, 'FA32'),
    ('4acf1152-92c2-4381-a7aa-3626a966bbf3', 'fdbddfc6-6aa4-45e9-a24a-42d61215dd0c', 'ROSHFULL', null, 'FA36'),
    ('c1294d1a-2378-478d-b8d6-3a9147ef4755', 'f0120481-a1cd-4100-b65a-c93b5e21d689', 'ROSHFULL', null, 'FA37'),
    ('0359dcd2-e24a-4c09-8ee7-a5b0b4f2d256', 'e84ca6d6-0939-427f-b2ed-3cf63a6165de', 'ROSHFULL', null, 'FA39'),
    ('37e464e5-b826-4de9-bbe6-1e996c84cccd', 'b55c2001-dfd4-49d7-ab68-44f745b29d29', 'ROSHFULL', null, 'FA40'),
    ('8d070f85-0938-42a5-be63-b8c1e41c249d', '65d9368d-67a5-4412-a2ce-f416def28b1a', 'ROSHFULL', null, 'FA41'),
    ('fbf99d7a-37b4-4c1a-808f-4387e5964d07', 'b8eebaf3-436e-4f12-8ff8-bb7554654f9d', 'ROSHFULL', null, 'FA42'),
    ('c6a9a181-3551-48e7-8e0c-4cefca118623', '042fa616-eb7d-4c63-ac36-69c116de5c72', 'ROSHFULL', null, 'FA43'),
    ('b837cedc-8332-415a-a9a3-44968fda9028', 'f81a610b-665e-4f75-b9ca-a92734431416', 'ROSHFULL', null, 'FA44'),
    ('7eed79de-e551-4e90-b95b-7c14ab68984e', '31eb26f4-667f-45cb-bf58-4e7c249cd8b9', 'ROSHFULL', null, 'FA45'),
    ('fe46c898-832d-46fe-b18a-0a91765b2474', '0a871fb8-8583-4e91-bc03-50918a5c8972', 'ROSHFULL', null, 'FA45.t'),
    ('4661562d-6647-4944-b7ae-e29c58d15007', 'b2c213f5-b4d6-4bd3-8b4d-58a38a89e578', 'ROSHFULL', null, 'FA47'),
    ('651cfdae-0999-4025-86aa-deb8bf449fd5', '9f3d250d-bf0c-4a7c-8072-04b9d10f8268', 'ROSHFULL', null, 'FA47.t'),
    ('c37771e6-da97-4c94-8ea6-a1052e36abad', '1801ecdd-953e-4565-8063-c83bd19b4866', 'ROSHFULL', null, 'FA49'),
    ('53d4b320-3d09-4d4f-8551-a4334c5f0ae5', 'eef1b29b-15d6-41b1-b2d9-f307da40e3d3', 'ROSHFULL', null, 'FA49.t'),
    ('91142848-c593-42ed-a4fb-9e865eb370d5', '10cd0e95-7af7-4f55-9a96-2bd60d56c21e', 'ROSHFULL', null, 'FA51'),
    ('27b5a58f-b396-40f2-8385-124f1c2940d2', 'ae3fcd52-ccae-4555-95e1-2aa6c541e4b5', 'ROSHFULL', null, 'FA51.t'),
    ('dc168962-62cc-41a8-b051-3f3a7ba27968', '08787e43-0e02-436d-afea-a189388c251f', 'ROSHFULL', null, 'FA53'),
    ('445bf187-e693-401b-b42f-d44ee8da7b3d', 'aa01b40f-e0cc-41f0-a751-0a04d1016a6c', 'ROSHFULL', null, 'FA53.t'),
    ('a1b5411c-9fcd-448e-91ec-73b839f990a9', '569dcb48-7d70-4d52-adce-a80f00b8dc91', 'ROSHFULL', null, 'FA55'),
    ('18f9e2c8-d40e-48ba-ab0b-b35d1fc0881b', '8040cc23-0ffd-4425-b0fb-1b5ee34834a4', 'ROSHFULL', null, 'FA55.t'),
    ('ec7a9f9d-ec09-4607-8026-9fc2c77bec61', '71e51dc0-4ab3-43f0-9d65-d24c044b365f', 'ROSHFULL', null, 'FA56'),
    ('fb46814c-fe30-400d-881b-e06262515177', 'ad6cdfee-6ed6-43a0-9dae-d108b62e4ae6', 'ROSHFULL', null, 'FA56.t'),
    ('eb286e85-150c-48b5-a443-a4a1220c8f47', '1ff5bd0f-c500-47d5-8f13-0d29d46e7c56', 'ROSHFULL', null, 'FA58'),
    ('410c4a1e-3cd3-42e0-9a7f-125c34fb1bed', 'ebc8e739-627f-48de-b864-3ba001fe09d9', 'ROSHFULL', null, 'FA58.t'),
    ('8d285e78-5e6d-49b8-8788-3f2136d3e3e2', '2f2ee672-92f3-4a14-b112-f1ae7ae708ff', 'ROSHFULL', null, 'FA60'),
    ('c00d8a74-da79-4c6d-b6bc-15f9ad1a53b6', '00c3001c-a5fe-434a-9d83-629cc097ea07', 'arn', null, 'FA60.1'),
    ('22997e0a-6185-4519-802d-39bd75076d2a', '65db97f0-b928-45f5-ae63-1744b810d958', 'ROSHSUM', null, 'SUM1'),
    ('5c68e99e-9408-41bb-bc71-c9cd615f974e', 'a1be8ea7-817c-4eff-9534-3a503be9ecbd', 'ROSHSUM', null, 'SUM2'),
    ('0cb2d2ec-198d-4d55-b85d-159915cdd3b7', '4f2b86b8-0b1c-4e76-93c3-9df2e61dc568', 'arn', null, 'oasys_set.rsr_total_score'),
    ('d879d628-65a3-434b-b4ce-58682a0db43f', '944b9da0-9e44-42c2-96e2-75906945729e', 'ROSHSUM', null, 'SUM3'),
    ('7a97ea70-1333-4e38-bb93-747f13038f26', '0a397207-c6ec-4177-ae2f-abf611de762b', 'arn', null, 'HEADING'),
    ('66918315-91ee-480a-8649-ff07c6063eeb', '9775e1a6-b83f-4d26-bdef-bcf9d97fe079', 'ROSHSUM', null, 'SUM6.1.1'),
    ('54c29f60-02be-46ff-b03a-c4c59164eb64', '4521c123-debd-41e0-a25f-01b616d47c8d', 'ROSHSUM', null, 'SUM6.2.1'),
    ('7f8ed5d1-f6fb-401d-acd8-aea19859d1c2', '3058326c-ea48-4023-afac-ee1f4e8a8218', 'ROSHSUM', null, 'SUM6.3.1'),
    ('0ac80b54-a9a8-42e8-8196-fa4cf816ac21', 'e55a4488-d80f-45e3-afef-30ceb640f423', 'ROSHSUM', null, 'SUM6.4.1'),
    ('18249465-9919-47cc-b544-bd38a0feff4e', 'f89650c5-ed90-4b5e-b228-a8a7745eae67', 'arn', null, 'HEADING'),
    ('52c94e9b-eb6a-47d4-b776-51ace3f85dcd', '60324ce2-3701-4a4e-80cc-808a9afcf276', 'ROSHSUM', null, 'SUM6.1.2'),
    ('8df2987e-86be-404d-a119-324c8f579e70', '050396e4-99e1-4bfe-a328-7af774d4a375', 'ROSHSUM', null, 'SUM6.2.2'),
    ('0a001f4e-3c2a-41e9-907c-a983f74553a6', '395f4155-c579-49f2-adba-a962a76d423b', 'ROSHSUM', null, 'SUM6.3.2'),
    ('5fa14671-aba8-4492-96f6-3098abbb79e4', '7d981fa1-f2bd-4f52-bf95-bcbe48d8fdc5', 'ROSHSUM', null, 'SUM6.4.2'),
    ('0e096494-a3b6-417f-aa36-10968371fd42', '172d70dc-e650-41d0-8d00-58f2657d339a', 'ROSHSUM', null, 'SUM6.5.2'),
    ('efdbdf24-87f0-47e6-a99e-8fe5e943d789', '4ee1c044-3bf5-472c-8a5f-430a6e7cd325', 'ROSHSUM', null, 'SUM8'),
    ('0689c9ad-a85a-4a6c-ac44-341c686d0d66', '2a8bfa03-1367-4259-8f52-98ed5828cc71', 'arn', null, 'HEADING'),
    ('9ba43514-7d69-4890-9205-34adb9f2aa36', '7bfd985e-ba11-4517-8235-5454f4910b47', 'RMP', null, 'RM1'),
    ('8a031f84-b7b3-41ca-a899-a43094e491f3', '4981293a-d22d-49f4-9aa1-d997fa6fe5b8', 'RMP', null, 'RM2'),
    ('5e17673e-b32b-4628-bae6-6d1c4b48bb66', '2a50a680-dcd9-4abd-ba65-5ad5983f679a', 'arn', null, 'HEADING'),
    ('69bb0c00-3680-4380-a529-d41c1abe0e61', '5479cd3f-7828-4f5d-963b-26f4888bc03c', 'RMP', null, 'RM3'),
    ('759f30d5-046e-415b-828b-d735cfdb9d11', '448f9fee-d199-41c9-906f-c7973fdd4dbc', 'RMP', null, 'RM4'),
    ('17cc1695-6e5b-49a5-8249-a122b67a3ba1', '2c1fc504-90ae-48e5-94bf-99bba3f434dd', 'RMP', null, 'RM5'),
    ('7777c21b-a81d-4c64-848f-71426a482dd8', '153abaa1-5381-44b5-a4b9-58979158e3a3', 'RMP', null, 'RM6'),
    ('396bca05-8c84-4903-a832-8810b8bf67c8', 'e0012fb9-8050-49e3-aa5c-f47b41c59a04', 'RMP', null, 'RM7'),
    ('c1b8f8d7-912c-46e0-af88-8df6c6b58a9a', 'a0ae05d3-c6a5-40ca-97ba-442f73407b66', 'RMP', null, 'RM8'),
    ('73606232-a1f7-46cc-ab26-5703d721cc10', '0495bc20-2211-4c9b-b8f9-549a169549ad', 'RMP', null, 'RM9'),
    ('aff67203-b6af-4285-a355-e6b5ed50484d', 'c076395e-0e40-46d8-b665-ee0b74f8370c', 'RMP', null, 'RM10'),
    ('4dc94218-8c57-4d3a-a4d1-200c8802b262', '7697e7cb-7da6-4137-8084-1610e6b91af9', 'RMP', null, 'RM11'),
    ('43168d5a-d7cf-4b20-8ed2-c117f6e9d40e', '0d910a5a-c964-41a4-ae44-583bcf355e9d', 'RMP', null, 'RM12'),
    ('8f8e5629-e427-47a3-9502-292fd14aae30', '7954e117-966a-470f-b577-f7dc36ae269e', 'RMP', null, 'RM13'),
    ('38cc53ef-0f25-479a-b43e-536d552193db', '106e8722-04b3-4f55-b661-1eb250e1d5f6', 'RMP', null, 'RM14'),
    ('7b5abf35-77b8-4c69-8f35-98d3da15f7f2', '0a7bc16c-5213-4a1a-8cd2-f29162eab17d', 'RMP', null, 'RM15'),
    ('3605f7e3-f236-44fb-acd8-3d893f5256cc', 'b06ab9df-16b9-4dd2-8a91-1f45aeaa4f2c', 'RMP', null, 'RM16'),
    ('6aea7808-dccc-4ed9-971f-f9fc4c01602d', '9a8d6d8e-ac11-4ff5-b4e6-9553fd462851', 'RMP', null, 'RM17'),
    ('45c28934-7e19-42ee-a5ca-dca3792e2fff', 'bbcfc02b-ab1a-416c-bd4a-c8036fbdb745', 'arn', null, 'S1.46');


