INSERT INTO answer_schema_group (answer_schema_group_uuid, answer_schema_group_code, group_start, group_end)
VALUES ('0e8d012a-b300-4d9c-9812-eb1ef366bf91', 'yes-no', '2020-11-30 14:50:00', null),
       ('66b6b754-4b58-47a3-bd85-6f5eeb9be3d4', 'selectananswer-tbc', '2020-11-30 14:50:00', null),
       ('1f931d67-2fa4-404c-a82f-b38a052a608c', 'selectananswer-punishment-publicprotection-crimereduction-reparation-reformorrehabilitation', '2020-11-30 14:50:00', null),
       ('6a31743e-e943-4948-b7e0-368a58995c51', 'selectananswer-abscondingbail-acquisitiveviolence-burglarydomestic-burglaryother-criminaldamage-drinkdriving-drugimportexportproduction-drugpossessionsupply-drunkeness-fraudforgeryandmisrepresentation-handlingstolengoods-motoringnotdrinkdriving-publicorderharassment-sexualagainstchildren-sexualnotagainstchildren-theftnotvehicle-related-vehicle-relatedtheft-violenceagainsttheperson-welfarefraud-otheroffence', '2020-11-30 14:50:00', null),
       ('737f0588-af21-43bb-9fea-5d81093c34d2', '737f0588-af21-43bb-9fea-5d81093c34d2', '2020-11-30 14:50:00', null),
       ('4fa24c18-31e6-40fe-8e1f-57b4415e139e', 'noproblems-someproblems-significantproblems', '2020-11-30 14:50:00', null),
       ('4d24d49a-22cf-4a7a-8b39-7db0936be7a9', 'selectananswer-tenantowneroccupied-livingwithstable-livingwithunstable-b&bhotel-hostel-nofixedabode', '2020-11-30 14:50:00', null),
       ('33defe82-105e-489a-9af5-a9d8e8133b64', 'victim-perpetrator', '2020-11-30 14:50:00', null),
       ('2cd41a36-6bb0-4c62-9f86-b919160603e7', 'low-medium-high-veryhigh', '2020-11-30 14:50:00', null),
       ('1a043f0b-ac5c-4b70-b222-4239b5e64fc1', 'selectananswer-veryhigh-high-medium-low', '2020-11-30 14:50:00', null),
       ('2e62341a-fec0-41fa-bf6c-7bbea127bc82', 'selectananswer-veryhgh-high-medium-low', '2020-11-30 14:50:00', null),
       ('43c312d1-424f-49fa-813c-90561f59d2fa', 'selectananswer-good-satisfactory-poor', '2020-11-30 14:50:00', null),
       ('130eb8cf-8fcf-4d65-9a79-f5cfc5ba4793', 'selectananswer-interview-servicerecords-cpssummary-previousoasysassessments-previousconvictions-victimstatement-mentalhealthorpsychologyreports-safeguardingchecks-policeinformation-sentencingguidelines-domesticabusecall-outinformation-other', '2020-11-30 14:50:00', null),
       ('cad7082f-ecee-4e00-80c5-45f561e82704', 'selectananswer-asset-bailinormationrecord-basiccustodyscreening-communitypayback-hostel-interview-judgescomments-localauthority-medical-oasyssaq-police-post-trialreport-pre-sentencereport-previousconvictions-previousoasys-prisonrecords-prosecutorinccps-psychiatric-psychology-requestforinformation-victimstatement-other', '2020-11-30 14:50:00', null);


INSERT INTO answer_schema (answer_schema_uuid, answer_schema_code, answer_schema_group_uuid, answer_start, answer_end, value, text)
VALUES ('98dcf9ac-4112-4d05-8159-409fa3545139', 'yes', '0e8d012a-b300-4d9c-9812-eb1ef366bf91', '2020-11-30 14:50:00', null, 'y', 'Yes'),
       ('80d453da-1755-4740-9c72-dee00a3b5abc', 'no', '0e8d012a-b300-4d9c-9812-eb1ef366bf91', '2020-11-30 14:50:00', null, 'n', 'No'),
       ('d989bb0a-24d4-4173-a2c5-999d05148cc2', 'select_an_answer', '66b6b754-4b58-47a3-bd85-6f5eeb9be3d4', '2020-11-30 14:50:00', null, null, 'Select an answer'),
       ('b5cc2a67-f319-4388-bcb5-86abeec6618e', 'tbc', '66b6b754-4b58-47a3-bd85-6f5eeb9be3d4', '2020-11-30 14:50:00', null, 'tbc', 'TBC'),
       ('43493765-0ff6-4379-8d96-a50b451d67fb', 'select_an_answer', '1f931d67-2fa4-404c-a82f-b38a052a608c', '2020-11-30 14:50:00', null, null, 'Select an answer'),
       ('932d0137-30f0-40c8-8acd-234d7e3de79a', 'punishment', '1f931d67-2fa4-404c-a82f-b38a052a608c', '2020-11-30 14:50:00', null, 'punishment', 'Punishment'),
       ('872ae070-431a-4be5-92f1-28f25e0385ad', 'public_protection', '1f931d67-2fa4-404c-a82f-b38a052a608c', '2020-11-30 14:50:00', null, 'public protection', 'Public protection'),
       ('bf65a094-cb41-4755-9689-a80b78aae527', 'crime_reduction', '1f931d67-2fa4-404c-a82f-b38a052a608c', '2020-11-30 14:50:00', null, 'crime reduction', 'Crime reduction'),
       ('cd70c02d-7156-4593-bfea-9d2c8c5559cb', 'reparation', '1f931d67-2fa4-404c-a82f-b38a052a608c', '2020-11-30 14:50:00', null, 'reparation', 'Reparation'),
       ('65196d2a-1be2-41a9-97c9-fa3bcb73dd50', 'reform_or_rehabilitation', '1f931d67-2fa4-404c-a82f-b38a052a608c', '2020-11-30 14:50:00', null, 'reform or rehabilitation', 'Reform or rehabilitation'),
       ('589e9e5d-9ed0-4847-96cc-fd103fc8e3fd', 'select_an_answer', '6a31743e-e943-4948-b7e0-368a58995c51', '2020-11-30 14:50:00', null, null, 'Select an answer'),
       ('9e48560c-096d-4ee6-b9df-e868d80a85ee', 'absconding_bail', '6a31743e-e943-4948-b7e0-368a58995c51', '2020-11-30 14:50:00', null, 'absconding/bail', 'Absconding/bail'),
       ('1f094ac9-4d1c-4a29-a925-83e75f6e7966', 'acquisitive_violence', '6a31743e-e943-4948-b7e0-368a58995c51', '2020-11-30 14:50:00', null, 'acquisitive violence', 'Acquisitive violence'),
       ('e06b353d-e22a-4277-95d1-ece980cef62d', 'burglary_domestic_', '6a31743e-e943-4948-b7e0-368a58995c51', '2020-11-30 14:50:00', null, 'burglary (domestic)', 'Burglary (domestic)'),
       ('407ad449-33b8-4c66-a391-cc2e8b5168e9', 'burglary_other_', '6a31743e-e943-4948-b7e0-368a58995c51', '2020-11-30 14:50:00', null, 'burglary (other)', 'Burglary (other)'),
       ('07cba11d-2c3a-4c0a-97c4-83ae0485ce5e', 'criminal_damage', '6a31743e-e943-4948-b7e0-368a58995c51', '2020-11-30 14:50:00', null, 'criminal damage', 'Criminal damage'),
       ('0f453ad7-a5d1-4d88-a8c5-a0e41d947d72', 'drink_driving', '6a31743e-e943-4948-b7e0-368a58995c51', '2020-11-30 14:50:00', null, 'drink driving', 'Drink driving'),
       ('d91cecc5-6cd2-4920-96c2-4852e466cd59', 'drug_import_export_production', '6a31743e-e943-4948-b7e0-368a58995c51', '2020-11-30 14:50:00', null, 'drug import/export/production', 'Drug import/export/production'),
       ('972f5f40-25e2-4a0b-8489-6a21fbe8df2f', 'drug_possession_supply', '6a31743e-e943-4948-b7e0-368a58995c51', '2020-11-30 14:50:00', null, 'drug possession/supply', 'Drug possession/supply'),
       ('4534ad7b-fc99-4b8c-afc3-28d2024a9fd0', 'drunkeness', '6a31743e-e943-4948-b7e0-368a58995c51', '2020-11-30 14:50:00', null, 'drunkeness', 'Drunkeness'),
       ('d49d1e4e-052d-47a4-a1cc-2da91f438c39', 'fraud_forgery_and_misrepresentation', '6a31743e-e943-4948-b7e0-368a58995c51', '2020-11-30 14:50:00', null, 'fraud, forgery and misrepresentation', 'Fraud, forgery and misrepresentation'),
       ('ed8fdc35-f748-4690-8342-24ecb61995f1', 'handling_stolen_goods', '6a31743e-e943-4948-b7e0-368a58995c51', '2020-11-30 14:50:00', null, 'handling stolen goods', 'Handling stolen goods'),
       ('b1080823-816f-47dd-853b-13aa687c40bd', 'motoring_not_drink_driving_', '6a31743e-e943-4948-b7e0-368a58995c51', '2020-11-30 14:50:00', null, 'motoring (not drink driving)', 'Motoring (not drink driving)'),
       ('73410792-85ff-46d7-a4b1-b4bdf4720c03', 'public_order_harassment_', '6a31743e-e943-4948-b7e0-368a58995c51', '2020-11-30 14:50:00', null, 'public order (harassment)', 'Public order (harassment)'),
       ('36453fa4-7ad9-46cd-8d3f-be5be1204b34', 'sexual_against_children_', '6a31743e-e943-4948-b7e0-368a58995c51', '2020-11-30 14:50:00', null, 'sexual (against children)', 'Sexual (against children)'),
       ('983294fc-f452-4b22-8bc5-91283229c159', 'sexual_not_against_children_', '6a31743e-e943-4948-b7e0-368a58995c51', '2020-11-30 14:50:00', null, 'sexual (not against children)', 'Sexual (not against children)'),
       ('427e94ec-4431-4102-82e5-9dd746c36666', 'theft_not_vehicle-related_', '6a31743e-e943-4948-b7e0-368a58995c51', '2020-11-30 14:50:00', null, 'theft (not vehicle-related)', 'Theft (not vehicle-related)'),
       ('cd8241d9-3580-4e26-975a-daf39a93a7f6', 'vehicle-related_theft', '6a31743e-e943-4948-b7e0-368a58995c51', '2020-11-30 14:50:00', null, 'vehicle-related theft', 'Vehicle-related theft'),
       ('f7b587d9-75b9-4623-86b7-a7c131c6c55a', 'violence_against_the_person', '6a31743e-e943-4948-b7e0-368a58995c51', '2020-11-30 14:50:00', null, 'violence against the person', 'Violence against the person'),
       ('949005bb-3165-406a-8caf-b6db147ae83b', 'welfare_fraud', '6a31743e-e943-4948-b7e0-368a58995c51', '2020-11-30 14:50:00', null, 'welfare fraud', 'Welfare fraud'),
       ('8368bb60-1318-49c7-be56-30248ca12d0f', 'other_offence', '6a31743e-e943-4948-b7e0-368a58995c51', '2020-11-30 14:50:00', null, 'other offence', 'Other offence'),
       ('23bc39d6-d453-4cb3-a789-b177fb305854', 'no_problems', '4fa24c18-31e6-40fe-8e1f-57b4415e139e', '2020-11-30 14:50:00', null, 'no problems', 'No problems'),
       ('fda64d7d-e97a-469d-ae78-0f4256cba5d7', 'some_problems', '4fa24c18-31e6-40fe-8e1f-57b4415e139e', '2020-11-30 14:50:00', null, 'some problems', 'Some problems'),
       ('a755862b-6550-47e1-ba9f-6d0cfc42aabd', 'significant_problems', '4fa24c18-31e6-40fe-8e1f-57b4415e139e', '2020-11-30 14:50:00', null, 'significant problems', 'Significant problems'),
       ('302a1ad2-9c87-4d9c-bae2-3bf8ea48b53c', 'select_an_answer', '4d24d49a-22cf-4a7a-8b39-7db0936be7a9', '2020-11-30 14:50:00', null, null, 'Select an answer'),
       ('a26b1af8-d590-4a87-a347-a78347fa08c9', 'tenant_owner_occupied', '4d24d49a-22cf-4a7a-8b39-7db0936be7a9', '2020-11-30 14:50:00', null, 'tenant owner / occupied', 'Tenant owner / occupied'),
       ('34d227ab-437f-40b6-8a66-93a6486e9d6b', 'living_with_stable_', '4d24d49a-22cf-4a7a-8b39-7db0936be7a9', '2020-11-30 14:50:00', null, 'living with (stable)', 'Living with (stable)'),
       ('d976f515-bfbe-4646-9d68-f0575c10ee96', 'living_with_unstable_', '4d24d49a-22cf-4a7a-8b39-7db0936be7a9', '2020-11-30 14:50:00', null, 'living with (unstable)', 'Living with (unstable)'),
       ('0017e3e4-fd25-4190-8637-f89557dd9403', 'b&b_hotel', '4d24d49a-22cf-4a7a-8b39-7db0936be7a9', '2020-11-30 14:50:00', null, 'b&b / hotel', 'B&B / hotel'),
       ('71626e40-b15e-4d05-a60b-a2bd99b05c15', 'hostel', '4d24d49a-22cf-4a7a-8b39-7db0936be7a9', '2020-11-30 14:50:00', null, 'hostel', 'Hostel'),
       ('efad44e4-3a80-47fe-90ed-09f1920d62b6', 'no_fixed_abode', '4d24d49a-22cf-4a7a-8b39-7db0936be7a9', '2020-11-30 14:50:00', null, 'no fixed abode', 'No fixed abode'),
       ('30a3151a-0d38-40cd-a4b0-fadce81510a6', 'victim', '33defe82-105e-489a-9af5-a9d8e8133b64', '2020-11-30 14:50:00', null, 'victim', 'Victim'),
       ('3ff8c8b1-741c-40bd-8c19-e3e121435815', 'perpetrator', '33defe82-105e-489a-9af5-a9d8e8133b64', '2020-11-30 14:50:00', null, 'perpetrator', 'Perpetrator'),
       ('05cd02a4-0587-4764-8e2a-a7b3a57c3e08', 'low', '2cd41a36-6bb0-4c62-9f86-b919160603e7', '2020-11-30 14:50:00', null, 'low', 'Low'),
       ('b510b13e-0b5e-42c3-9cb4-bc594bd76bd2', 'medium', '2cd41a36-6bb0-4c62-9f86-b919160603e7', '2020-11-30 14:50:00', null, 'medium', 'Medium'),
       ('e86670cc-d745-4d93-b639-923666203f5c', 'high', '2cd41a36-6bb0-4c62-9f86-b919160603e7', '2020-11-30 14:50:00', null, 'high', 'High'),
       ('a1a325f3-c8a3-43dc-9948-0916d77c0fec', 'very_high', '2cd41a36-6bb0-4c62-9f86-b919160603e7', '2020-11-30 14:50:00', null, 'very high', 'Very high'),
       ('8b097566-90b4-4c4a-931f-4b074bad04ab', 'select_an_answer', '1a043f0b-ac5c-4b70-b222-4239b5e64fc1', '2020-11-30 14:50:00', null, null, 'Select an answer'),
       ('37bfa197-e17b-4a63-8d26-75f0e1b4af48', 'very_high', '1a043f0b-ac5c-4b70-b222-4239b5e64fc1', '2020-11-30 14:50:00', null, 'very high', 'Very high'),
       ('3623641e-21a7-47be-9c05-467ba5f4c7af', 'high', '1a043f0b-ac5c-4b70-b222-4239b5e64fc1', '2020-11-30 14:50:00', null, 'high', 'High'),
       ('37a7dde6-7e06-451c-bf82-6343123581e5', 'medium', '1a043f0b-ac5c-4b70-b222-4239b5e64fc1', '2020-11-30 14:50:00', null, 'medium', 'Medium'),
       ('6e8de89d-b78a-48d1-928e-15c2934ed493', 'low', '1a043f0b-ac5c-4b70-b222-4239b5e64fc1', '2020-11-30 14:50:00', null, 'low', 'Low'),
       ('a2d50704-4a3d-423f-8ebe-50b23083ca8f', 'select_an_answer', '2e62341a-fec0-41fa-bf6c-7bbea127bc82', '2020-11-30 14:50:00', null, null, 'Select an answer'),
       ('7f70b4ff-d717-41a1-8e90-f9b5095ae4a4', 'very_hgh', '2e62341a-fec0-41fa-bf6c-7bbea127bc82', '2020-11-30 14:50:00', null, 'very hgh', 'Very hgh'),
       ('c1b6d4cd-07d0-423c-b6af-dbf75593957e', 'high', '2e62341a-fec0-41fa-bf6c-7bbea127bc82', '2020-11-30 14:50:00', null, 'high', 'High'),
       ('5ccb0a5c-e0b0-4a88-923a-87a2c0fd58e4', 'medium', '2e62341a-fec0-41fa-bf6c-7bbea127bc82', '2020-11-30 14:50:00', null, 'medium', 'Medium'),
       ('dbeff9ad-d466-4278-9113-8d6d803b5600', 'low', '2e62341a-fec0-41fa-bf6c-7bbea127bc82', '2020-11-30 14:50:00', null, 'low', 'Low'),
       ('e2ef34df-43a0-45b5-97a3-6138a123dc05', 'select_an_answer', '43c312d1-424f-49fa-813c-90561f59d2fa', '2020-11-30 14:50:00', null, null, 'Select an answer'),
       ('31a46ccd-34f2-4959-aed7-4736b5f7d319', 'good', '43c312d1-424f-49fa-813c-90561f59d2fa', '2020-11-30 14:50:00', null, 'good', 'Good'),
       ('e551eff6-abe7-4830-bd03-0af4cf9e308f', 'satisfactory', '43c312d1-424f-49fa-813c-90561f59d2fa', '2020-11-30 14:50:00', null, 'satisfactory', 'Satisfactory'),
       ('58b2d803-fcc8-48d3-909c-11b3b33547d3', 'poor', '43c312d1-424f-49fa-813c-90561f59d2fa', '2020-11-30 14:50:00', null, 'poor', 'Poor'),
       ('2a444b73-ce3c-440e-8c1d-cf1b09d9581e', 'select_an_answer', '130eb8cf-8fcf-4d65-9a79-f5cfc5ba4793', '2020-11-30 14:50:00', null, null, 'Select an answer'),
       ('c1be4065-cd6e-443d-853b-c38bdca2cb6b', 'interview', '130eb8cf-8fcf-4d65-9a79-f5cfc5ba4793', '2020-11-30 14:50:00', null, 'interview', 'Interview'),
       ('a0e1c625-a2b0-44c5-8888-4e020bb177a2', 'service_records', '130eb8cf-8fcf-4d65-9a79-f5cfc5ba4793', '2020-11-30 14:50:00', null, 'service records', 'Service records'),
       ('b36e71ab-ca98-42fe-96e3-4506696daed0', 'cps_summary', '130eb8cf-8fcf-4d65-9a79-f5cfc5ba4793', '2020-11-30 14:50:00', null, 'cps summary', 'CPS summary'),
       ('106f5b6e-65e4-4b2d-ae2b-f90d6797c5e9', 'previous_oasys_assessments', '130eb8cf-8fcf-4d65-9a79-f5cfc5ba4793', '2020-11-30 14:50:00', null, 'previous oasys assessments', 'Previous OASys assessments'),
       ('4badbcf3-7775-41e3-92bc-abe9fbbb981d', 'previous_convictions', '130eb8cf-8fcf-4d65-9a79-f5cfc5ba4793', '2020-11-30 14:50:00', null, 'previous convictions', 'Previous convictions'),
       ('799a2099-5241-4b7e-9c8e-e91b8b783951', 'victim_statement', '130eb8cf-8fcf-4d65-9a79-f5cfc5ba4793', '2020-11-30 14:50:00', null, 'victim statement', 'Victim statement'),
       ('65ba46b0-dfdc-4daa-9555-f636b6bc6cd4', 'mental_health_or_psychology_reports', '130eb8cf-8fcf-4d65-9a79-f5cfc5ba4793', '2020-11-30 14:50:00', null, 'mental health or psychology reports', 'Mental health or psychology reports'),
       ('52b3bbc5-6dcc-4957-897d-b99ff3552224', 'safeguarding_checks', '130eb8cf-8fcf-4d65-9a79-f5cfc5ba4793', '2020-11-30 14:50:00', null, 'safeguarding checks', 'Safeguarding checks'),
       ('978688e7-325a-432c-b927-daab70062a34', 'police_information', '130eb8cf-8fcf-4d65-9a79-f5cfc5ba4793', '2020-11-30 14:50:00', null, 'police information', 'Police information'),
       ('be343302-f90b-4062-aaba-0052ef1e59a5', 'sentencing_guidelines', '130eb8cf-8fcf-4d65-9a79-f5cfc5ba4793', '2020-11-30 14:50:00', null, 'sentencing guidelines', 'Sentencing guidelines'),
       ('bf368efa-e901-4ff5-b65d-7add50b1912b', 'domestic_abuse_call-out_information', '130eb8cf-8fcf-4d65-9a79-f5cfc5ba4793', '2020-11-30 14:50:00', null, 'domestic abuse call-out information', 'Domestic abuse call-out information'),
       ('150c9d5e-4df8-4c6b-8c52-d388068c8bfe', 'other', '130eb8cf-8fcf-4d65-9a79-f5cfc5ba4793', '2020-11-30 14:50:00', null, 'other', 'Other'),
       ('05498200-06e0-4255-b330-c670edb6f9a2', 'select_an_answer', 'cad7082f-ecee-4e00-80c5-45f561e82704', '2020-11-30 14:50:00', null, null, 'Select an answer'),
       ('b701869c-d642-4c5f-821e-fe041d3e4657', 'asset', 'cad7082f-ecee-4e00-80c5-45f561e82704', '2020-11-30 14:50:00', null, 'asset', 'Asset'),
       ('c88eca3b-c1b4-47ab-9f9d-6b5a2cbbe53c', 'bail_inormation_record', 'cad7082f-ecee-4e00-80c5-45f561e82704', '2020-11-30 14:50:00', null, 'bail inormation record', 'Bail inormation record'),
       ('88b305c1-6f9b-4560-aefc-d302b1dc0f35', 'basic_custody_screening', 'cad7082f-ecee-4e00-80c5-45f561e82704', '2020-11-30 14:50:00', null, 'basic custody screening', 'Basic custody screening'),
       ('e51af1e8-4568-4980-8d4e-b082fad87460', 'community_payback', 'cad7082f-ecee-4e00-80c5-45f561e82704', '2020-11-30 14:50:00', null, 'community payback', 'Community payback'),
       ('b1da40a0-f43f-4de0-810d-aae9cfcbfea5', 'hostel', 'cad7082f-ecee-4e00-80c5-45f561e82704', '2020-11-30 14:50:00', null, 'hostel', 'Hostel'),
       ('ac0d9925-9a06-4035-a55e-574220594de6', 'interview', 'cad7082f-ecee-4e00-80c5-45f561e82704', '2020-11-30 14:50:00', null, 'interview', 'Interview'),
       ('37527244-b487-4f0e-86b3-ef74b3df132c', 'judge_s_comments', 'cad7082f-ecee-4e00-80c5-45f561e82704', '2020-11-30 14:50:00', null, 'judge''s comments', 'Judge''s comments'),
       ('83c4114c-41f2-4f36-b204-0952e43ca32a', 'local_authority', 'cad7082f-ecee-4e00-80c5-45f561e82704', '2020-11-30 14:50:00', null, 'local authority', 'Local authority'),
       ('d94875bc-25d2-403d-a01c-fba5270cd588', 'medical', 'cad7082f-ecee-4e00-80c5-45f561e82704', '2020-11-30 14:50:00', null, 'medical', 'Medical'),
       ('f16baa2a-f478-410c-a29d-ed704f0d0103', 'oasys_saq', 'cad7082f-ecee-4e00-80c5-45f561e82704', '2020-11-30 14:50:00', null, 'oasys saq', 'OASys SAQ'),
       ('7bd70a10-6826-45a5-a9a0-0f1a50401e47', 'police', 'cad7082f-ecee-4e00-80c5-45f561e82704', '2020-11-30 14:50:00', null, 'police', 'Police'),
       ('7dd8d781-ec42-4380-9f46-7a60b74a7135', 'post-trial_report', 'cad7082f-ecee-4e00-80c5-45f561e82704', '2020-11-30 14:50:00', null, 'post-trial report', 'Post-trial report'),
       ('c83cc5c4-18c1-47d4-a876-08fd8a4153df', 'pre-sentence_report', 'cad7082f-ecee-4e00-80c5-45f561e82704', '2020-11-30 14:50:00', null, 'pre-sentence report', 'Pre-sentence report'),
       ('15be1385-ee67-4739-a8bf-bceb3947371a', 'previous_convictions', 'cad7082f-ecee-4e00-80c5-45f561e82704', '2020-11-30 14:50:00', null, 'previous convictions', 'Previous convictions'),
       ('b6382882-63c8-439f-9eb9-7b5fa546884e', 'previous_oasys', 'cad7082f-ecee-4e00-80c5-45f561e82704', '2020-11-30 14:50:00', null, 'previous oasys', 'Previous OASys'),
       ('ff99eb5a-d03e-49ae-b95b-7a833fe87a4c', 'prison_records', 'cad7082f-ecee-4e00-80c5-45f561e82704', '2020-11-30 14:50:00', null, 'prison records', 'Prison records'),
       ('2850da1c-c535-4669-882e-d09a187300b5', 'prosecutor_inc_cps_', 'cad7082f-ecee-4e00-80c5-45f561e82704', '2020-11-30 14:50:00', null, 'prosecutor (inc cps)', 'Prosecutor (inc CPS)'),
       ('f1ff2d73-e92a-42bb-bfcd-685142a5fb5c', 'psychiatric', 'cad7082f-ecee-4e00-80c5-45f561e82704', '2020-11-30 14:50:00', null, 'psychiatric', 'Psychiatric'),
       ('3f5c6b54-faba-4476-b1b4-1f9ef94963d1', 'psychology', 'cad7082f-ecee-4e00-80c5-45f561e82704', '2020-11-30 14:50:00', null, 'psychology', 'Psychology'),
       ('da90604c-0fc7-4c90-a7ad-3cedd7ffa501', 'request_for_information', 'cad7082f-ecee-4e00-80c5-45f561e82704', '2020-11-30 14:50:00', null, 'request for information', 'Request for information'),
       ('95e7230b-08f6-4660-bf10-e2e099c79b1d', 'victim_statement', 'cad7082f-ecee-4e00-80c5-45f561e82704', '2020-11-30 14:50:00', null, 'victim statement', 'Victim statement'),
       ('ccfed23f-682b-4820-bb34-356d39b60ef5', 'other', 'cad7082f-ecee-4e00-80c5-45f561e82704', '2020-11-30 14:50:00', null, 'other', 'Other');


INSERT INTO grouping (group_uuid, group_code, heading, subheading, help_text, group_start, group_end)
VALUES ('7a6836c1-2caf-4a0d-8e5c-5d13482a868f', 'pre_sentence_assessment', 'Pre-Sentence Assessment', null, null, '2020-11-30 14:50:00', null),
       ('06a5b224-f1e9-4f81-a6a5-854de904d318', 'the_individual', 'The individual', null, null, '2020-11-30 14:50:00', null),
       ('c7d31b48-9a0a-4ec4-ade2-dcc2c8c62782', 'court_information', 'Court information', null, null, '2020-11-30 14:50:00', null),
       ('b4175f1b-8341-4f0f-bab3-198072601c29', 'psr_metadata', 'PSR metadata', null, null, '2020-11-30 14:50:00', null),
       ('3cf9c58b-da17-408e-a1c6-595b222c3bd8', 'probation_service_details', 'Probation service details', null, null, '2020-11-30 14:50:00', null),
       ('bf9cec3a-1a05-47c8-9b2f-7aec55230c46', 'the_offences', 'The offences', null, null, '2020-11-30 14:50:00', null),
       ('94ca1a58-34c3-4c3d-aafa-77be9db4f755', 'offence_analysis', 'Offence analysis', null, null, '2020-11-30 14:50:00', null),
       ('8dc2ee37-37fd-415b-bc61-d1db0c70055b', 'criminal_history', 'Criminal history', null, null, '2020-11-30 14:50:00', null),
       ('d857a037-55fc-4ef5-9c47-8eeea1a55cd8', 'order', 'Order', null, null, '2020-11-30 14:50:00', null),
       ('6eff3480-7904-421f-b41b-ef9800912b4d', 'needs', 'Needs', null, null, '2020-11-30 14:50:00', null),
       ('901621ac-ae9c-494e-b268-2e3890015c8b', 'risk_of_serious_harm_screening', 'Risk of serious harm screening', null, null, '2020-11-30 14:50:00', null),
       ('97101e19-a67b-4695-81a1-69ed7bbf6299', 'risk_to_the_individual_screening', 'Risk to the individual screening', null, null, '2020-11-30 14:50:00', null),
       ('b996422d-fd6d-4e84-903b-5173a62d33bd', 'other_risks_screening', 'Other risks screening', null, null, '2020-11-30 14:50:00', null),
       ('7e9e367c-2101-40ee-acc3-400221924d7b', 'risk_of_serious_harm_to_others_full_analysis_current_behaviour_', 'Risk of serious harm to others. Full analysis. Current behaviour.', null, null, '2020-11-30 14:50:00', null),
       ('2697f76d-a010-4ccd-b86d-052d82230f3b', 'risk_of_serious_harm_to_others_full_analysis_previous_behaviour_', 'Risk of serious harm to others. Full analysis. Previous behaviour.', null, null, '2020-11-30 14:50:00', null),
       ('57dfd07c-86a9-4092-acba-aa23a6545329', 'risk_of_serious_harm_to_children_whse_identity_is_known_full_analysis_', 'Risk of serious harm to children whse identity is known. Full analysis. ', null, null, '2020-11-30 14:50:00', null),
       ('06bc2f7d-8a6d-46c6-8124-d6f9c5396178', 'details_of_children_at_risk_of_serious_harm_', 'Details of children at risk of serious harm.', null, null, '2020-11-30 14:50:00', null),
       ('c568014e-a684-4e05-be33-3cf48409ed49', 'risk_of_serious_harm_full_analysis_suicide_and_self_harm_', 'Risk of serious harm. Full analysis. Suicide and self-harm.', null, null, '2020-11-30 14:50:00', null),
       ('35ed145c-536d-4ba9-b188-be79cca9db36', 'coping_in_custody_or_a_hostel_setting_', 'Coping in custody or a hostel setting.', null, null, '2020-11-30 14:50:00', null),
       ('86c388c8-67e7-45ed-b0bd-b25f9f67ef0e', 'vulnerability', 'Vulnerability', null, null, '2020-11-30 14:50:00', null),
       ('e57b7313-11bd-48fd-84bc-dafd7ea02e57', 'escape_and_abscond', 'Escape and abscond', null, null, '2020-11-30 14:50:00', null),
       ('07ffb33a-970a-4635-92cd-a76cef52f1eb', 'control_issues_or_disruptive_behaviour', 'Control issues or disruptive behaviour', null, null, '2020-11-30 14:50:00', null),
       ('3b44812b-1430-43ba-84b0-2944e95a2b22', 'breach_of_trust', 'Breach of trust', null, null, '2020-11-30 14:50:00', null),
       ('6251f47c-f3ca-46ee-b642-33e3a697fa3e', 'risk_summary', 'Risk summary', null, null, '2020-11-30 14:50:00', null),
       ('e30272f3-71cc-4cbf-a0ed-cad1854a11a4', 'risk_of_serious_recidivism_rsr_', 'Risk of Serious Recidivism (RSR)', null, null, '2020-11-30 14:50:00', null),
       ('28fb5509-41dd-4f95-bbad-a2b74d6d68e9', 'risk_of_serious_harm_score', 'Risk of Serious Harm score', null, null, '2020-11-30 14:50:00', null),
       ('a82ca392-f5ba-4135-ac2a-fdcc64b9f264', 'risk_management_issues', 'Risk management issues', null, null, '2020-11-30 14:50:00', null),
       ('526c5882-dd33-4b74-9ba1-03137a7e9e06', 'psr_summary', 'PSR summary', null, null, '2020-11-30 14:50:00', null),
       ('6ff1189b-e6d5-4628-acd3-e07961a2336b', 'proposal', 'Proposal', null, null, '2020-11-30 14:50:00', null),
       ('2a7a7ddb-38bd-4ec3-9119-524b59544bea', 'information_sources', 'Information sources', null, null, '2020-11-30 14:50:00', null);


INSERT INTO question_schema (question_schema_uuid, question_code, oasys_question_code, question_start, question_end, answer_type, answer_schema_group_uuid, question_text, question_help_text, external_source)
VALUES ('5ee5698e-4af1-4f4d-9f95-84ac6b401fcb', '1.1', null, '2020-11-30 14:50:00', null, 'freetext', null, 'Title', null, 'COURT:name.title'),
       ('6a00265f-0d99-4e52-9c5d-ffdb2d08a246', '2.1', null, '2020-11-30 14:50:00', null, 'freetext', null, 'First name or names
', null, 'COURT:name.forename1'),
       ('f269eef5-625a-46d7-b188-987098212c6e', '3.1', null, '2020-11-30 14:50:00', null, 'freetext', null, 'Family name or names', null, 'COURT:defendantDob:date'),
       ('c381464d-8aec-49d6-bd16-f3b021b2d5ea', '4.1', null, '2020-11-30 14:50:00', null, 'freetext', null, 'First name (aliases)', null, null),
       ('370efd25-78ca-47df-a5a4-fbe707fa1e62', '5.1', null, '2020-11-30 14:50:00', null, 'freetext', null, 'Family name (aliases)', null, null),
       ('d381f82f-b865-415f-b8ff-02c8cf85b854', '6.1', null, '2020-11-30 14:50:00', null, 'date', null, 'Date of birth', null, 'COURT:crn'),
       ('ca47dfe9-28a2-476b-be3e-2443de17f0d9', '7.1', null, '2020-11-30 14:50:00', null, 'freetext', null, 'Age', null, 'COURT:pnc'),
       ('2bc8730f-cb42-42cd-8bea-eec1c515e03e', '8.1', null, '2020-11-30 14:50:00', null, 'dropdown', '66b6b754-4b58-47a3-bd85-6f5eeb9be3d4', 'Gender', null, 'COURT:defendantAddress.line1'),
       ('02e4c80a-8ee5-4d56-be27-4b4b3b71b698', '9.1', null, '2020-11-30 14:50:00', null, 'dropdown', '66b6b754-4b58-47a3-bd85-6f5eeb9be3d4', 'Sex', null, null),
       ('036eb638-20c6-4b9a-bf2a-314ddaf4d7ce', '10.1', null, '2020-11-30 14:50:00', null, 'freetext', null, 'CRN', null, 'COURT:courtCode'),
       ('eeb48935-8c2b-4282-b835-3c095b71a301', '11.1', null, '2020-11-30 14:50:00', null, 'freetext', null, 'PNC', null, null),
       ('0d576039-9819-4288-a4ae-9ab9d7504cfd', '12.1', null, '2020-11-30 14:50:00', null, 'freetext', null, 'Criminal Records Office (CRO) Number', null, null),
       ('89c1f876-8f77-486e-bcf2-d96d1a426312', '13.1', null, '2020-11-30 14:50:00', null, 'freetext', null, 'Probation Case Reference Number', null, 'COURT:sessionStartTime'),
       ('e12665d7-adfd-444d-83db-f9e704d2af97', '14.1', null, '2020-11-30 14:50:00', null, 'freetext', null, 'Address', null, null),
       ('88d36b88-bbe8-486a-9ec5-667d1d19713d', '8.2', null, '2020-11-30 14:50:00', null, 'freetext', null, null, null, 'COURT:defendantAddress.line2'),
       ('dbcebe4d-d933-4c74-b22c-bdb567588e01', '8.3', null, '2020-11-30 14:50:00', null, 'freetext', null, null, null, 'COURT:defendantAddress.line3'),
       ('2b0a979b-cc22-48ff-8318-eb9899f4313e', '8.4', null, '2020-11-30 14:50:00', null, 'freetext', null, null, null, 'COURT:defendantAddress.line4'),
       ('cac987f0-35fe-40ce-8dc1-0402325aaf88', '8.5', null, '2020-11-30 14:50:00', null, 'freetext', null, null, null, 'COURT:defendantAddress.line5'),
       ('533e18fd-300b-4ac7-a63d-5662d7fc470e', '8.6', null, '2020-11-30 14:50:00', null, 'freetext', null, 'Post Code', null, 'COURT:defendantAddress.postcode:toUpper'),
       ('91c5c476-e4bd-4209-88a2-f14d34aef523', '15.1', null, '2020-11-30 14:50:00', null, 'freetext', null, 'Court', null, null),
       ('e292b19b-07e1-4c18-b5ff-9bf9b98eabe9', '16.1', null, '2020-11-30 14:50:00', null, 'freetext', null, 'Local justice area', null, null),
       ('ecaab4ed-1998-4135-9ae7-0b02f1c730c4', '17.1', null, '2020-11-30 14:50:00', null, 'date', null, 'Date of hearing', null, null),
       ('7653fd6e-7719-41b1-8bd4-2ae9fa449435', '18.1', null, '2020-11-30 14:50:00', null, 'date', null, 'Date of assessment', null, null),
       ('b0e5b256-9fbd-43e8-a1b1-fde5e21263c8', '19.1', null, '2020-11-30 14:50:00', null, 'freetext', null, 'Seriousness', null, null),
       ('180d61fc-3dd0-4742-afeb-768396d66cc9', '20.1', null, '2020-11-30 14:50:00', null, 'freetext', null, 'Purpose of assessment', null, null),
       ('8fc57a84-3014-492f-8424-d11c4cfa2ab9', '21.1', null, '2020-11-30 14:50:00', null, 'dropdown', '1f931d67-2fa4-404c-a82f-b38a052a608c', 'Sentencing purpose', null, null),
       ('8ae078b8-8ca8-4ea1-9c5b-6f7afeb60e46', '22.1', null, '2020-11-30 14:50:00', null, 'date', null, 'Date report requested', null, null),
       ('bd5216b9-34ce-442f-ba0d-01262f6064d8', '23.1', null, '2020-11-30 14:50:00', null, 'date', null, 'Date report required', null, null),
       ('2efcb1c8-9270-4678-bff8-0e8353294c30', '24.1', null, '2020-11-30 14:50:00', null, 'date', null, 'Date report completed and signed', null, null),
       ('312abab2-5cf2-4268-9f30-80c602767cd8', '25.1', null, '2020-11-30 14:50:00', null, 'freetext', null, 'Probation practitioner', null, null),
       ('2427d769-5d6f-432f-b173-0757cd40525a', '26.1', null, '2020-11-30 14:50:00', null, 'freetext', null, 'Report author', null, null),
       ('8b303723-143f-420e-92a0-e9c719b03f7a', '27.1', null, '2020-11-30 14:50:00', null, 'freetext', null, 'Probation practitioner''s position', null, null),
       ('3adcb022-8a57-4d6f-bf9c-b3393e2e10a1', '28.1', null, '2020-11-30 14:50:00', null, 'freetext', null, 'Telephone number', null, null),
       ('de52005f-ef0d-462d-b133-e1db53962f44', '29.1', null, '2020-11-30 14:50:00', null, 'freetext', null, 'Probation provider/prison', null, null),
       ('f4d610ff-ae10-48ba-b981-3a1eed8b3122', '30.1', null, '2020-11-30 14:50:00', null, 'freetext', null, 'LDU', null, null),
       ('3e8e66b4-8d76-4df3-aa60-7eaad4bf67fa', '31.1', null, '2020-11-30 14:50:00', null, 'freetext', null, 'Team', null, null),
       ('1ae396e9-5d22-4d04-963e-c0b95c7959cb', '32.1', null, '2020-11-30 14:50:00', null, 'freetext', null, 'NPS countersigner or HMPS supervisor', null, null),
       ('2daff17c-37a5-4cd8-90ce-f081fdf400c5', '33.1', null, '2020-11-30 14:50:00', null, 'freetext', null, 'Signing history', null, null),
       ('2b099fcd-1732-40d2-b151-21689944ad4f', '34.1', null, '2020-11-30 14:50:00', null, 'freetext', null, 'Office', null, null),
       ('16d6b1f4-da62-4d95-8219-c95ff0fab181', '35.1', null, '2020-11-30 14:50:00', null, 'freetext', null, 'PSR or Court considered offence (Primary or most serious offence as judged by assessor)', null, null),
       ('53806a1b-4313-49c6-9c5f-5b382e550cc3', '36.1', null, '2020-11-30 14:50:00', null, 'dropdown', '6a31743e-e943-4948-b7e0-368a58995c51', 'Main offence
', null, null),
       ('51518635-1c98-46ef-85c2-f61ba33cb3f6', '37.1', null, '2020-11-30 14:50:00', null, 'date', null, 'Date', null, null),
       ('60cb7940-532f-43e7-9bc8-3fcae577fba4', '38.1', null, '2020-11-30 14:50:00', null, 'freetext', null, 'Offence description', null, null),
       ('32d43adc-80dd-4ee8-8999-fda03cfdefbf', '39.1', null, '2020-11-30 14:50:00', null, 'dropdown', '737f0588-af21-43bb-9fea-5d81093c34d2', 'Additional offence
', null, null),
       ('7c2fcceb-97c6-4e7d-a72c-540cbb50dde3', '40.1', null, '2020-11-30 14:50:00', null, 'date', null, 'Date', null, null),
       ('ffea3fa4-f56e-4b42-8b99-0bd4bfebce7c', '41.1', null, '2020-11-30 14:50:00', null, 'freetext', null, 'Other offence description', null, null),
       ('8a426704-ff5a-47cd-8466-57a8adc85a02', '42.1', null, '2020-11-30 14:50:00', null, 'freetext', null, 'Current offence category', null, null),
       ('a4fcffba-06e9-41dc-bda3-5d87675f32c0', '43.1', null, '2020-11-30 14:50:00', null, 'freetext', null, 'Number of court appearances at which convicted, or received a conditional or absolute discharge aged under 18 years', null, null),
       ('cbdd7f91-c65a-4224-bb46-0160d01fc575', '44.1', null, '2020-11-30 14:50:00', null, 'freetext', null, 'Number of court appearances at which convicted, or received a conditional or absolute discharge aged 18 years and over. Do not include current appearances.', null, null),
       ('e750a338-5eb4-4c63-ad6a-3523478b4e60', '45.1', null, '2020-11-30 14:50:00', null, 'freetext', null, 'Age at first conviction, conditional or absolute discharge (record in years)', null, null),
       ('256d742c-ad6d-40d1-b0cb-7bfa70ca453e', '46.1', null, '2020-11-30 14:50:00', null, 'freetext', null, 'Number of previous formal cautions, reprimands and final warnings', null, null),
       ('ea173a3e-d027-4694-8268-5b18fc2c3db7', '47.1', null, '2020-11-30 14:50:00', null, 'freetext', null, 'How many of the sum of previous convictions, conditional or absolute discharges, cautions, reprimands or final warnings included any violent offences?', null, null),
       ('fb542f3d-f79f-43b0-8521-ce3be8cca98a', '48.1', null, '2020-11-30 14:50:00', null, 'date', null, 'Date of current conviction', null, null),
       ('d3abfe3f-dd10-4c85-b24e-ddb2fda1de05', '49.1', null, '2020-11-30 14:50:00', null, 'date', null, 'Date of sentence, or discharge if sentenced to custody', null, null),
       ('15f764d8-d675-42d7-bf5c-d7722042b41c', '50.1', null, '2020-11-30 14:50:00', null, 'freetext', null, 'Why did the offence occur?', null, null),
       ('255d446f-82e9-41d1-8a3c-6c44d2a125d4', '51.1', null, '2020-11-30 14:50:00', null, 'radio', '0e8d012a-b300-4d9c-9812-eb1ef366bf91', 'Does the individual accept responsibility for the current offence?', null, null),
       ('7f5af985-d520-4915-abb3-9d1e6b5ca2d1', '52.1', null, '2020-11-30 14:50:00', null, 'freetext', null, 'Give details', null, null),
       ('c5fb8bbd-9aae-43c8-93f5-c432e7011232', '53.1', null, '2020-11-30 14:50:00', null, 'radio', '0e8d012a-b300-4d9c-9812-eb1ef366bf91', 'Does the individual recognise the impact and consequences of their offence(s) on the victim, the community, and wider society?', null, null),
       ('1be1e111-1e86-4489-a6bc-a0f23bdfc59c', '54.1', null, '2020-11-30 14:50:00', null, 'freetext', null, 'Give details', null, null),
       ('e0e6c991-6bd3-4e26-837b-5a186fab83c5', '55.1', null, '2020-11-30 14:50:00', null, 'radio', '0e8d012a-b300-4d9c-9812-eb1ef366bf91', 'Do the current offence(s) indicate an escalation in seriousness from earlier offending?', null, null),
       ('5e5bbb70-b1c1-495d-98b6-d7cbfa1e2b22', '56.1', null, '2020-11-30 14:50:00', null, 'freetext', null, 'Give details', null, null),
       ('79bf77e3-4abe-490a-9bf5-e2276787c959', '57.1', null, '2020-11-30 14:50:00', null, 'radio', '0e8d012a-b300-4d9c-9812-eb1ef366bf91', 'Are current offence(s) part of an established pattern of offending?', null, null),
       ('614894b4-7c92-42a8-ab40-6cc93ad6dd2a', '58.1', null, '2020-11-30 14:50:00', null, 'freetext', null, 'Give details', null, null),
       ('429217c7-bd11-4826-bec6-095031fef2fc', '59.1', null, '2020-11-30 14:50:00', null, 'radio', '0e8d012a-b300-4d9c-9812-eb1ef366bf91', 'Have they ever committed a sexual or sexually motivated offence?', null, null),
       ('e18f4ebc-63bf-4ada-8b22-0a447921a45e', '60.1', null, '2020-11-30 14:50:00', null, 'date', null, 'Date of commencement of community sentence or earliest possible release from custody', null, null),
       ('f96359c6-44c4-479b-b13a-81ccfb337238', '61.1', null, '2020-11-30 14:50:00', null, 'radio', '0e8d012a-b300-4d9c-9812-eb1ef366bf91', 'Have any of these involved actual or attempted contact against a victim who was a stranger?', null, null),
       ('f2e881af-0056-480e-b929-3efbc78d6916', '62.1', null, '2020-11-30 14:50:00', null, 'date', null, 'Date of most recent sanction involving a sexual or sexually motivated offence', null, null),
       ('e80b12a7-77db-47f2-9515-53e98032fda6', '63.1', null, '2020-11-30 14:50:00', null, 'freetext', null, 'Number of previous or current sanctions involving contact adult sexual or sexually motivated offences', null, null),
       ('4c640081-63b6-4686-bbd9-949c5121ac4e', '64.1', null, '2020-11-30 14:50:00', null, 'freetext', null, 'Number of previous or current sanctions involving contact child sexual or sexually motivated offences', null, null),
       ('53408616-5714-4681-991c-acb84598e98b', '65.1', null, '2020-11-30 14:50:00', null, 'freetext', null, 'Number of previous or current sanctions involving indecent child image sexual or sexually motivted offences', null, null),
       ('70782364-46a1-4baa-989d-1a1979c5e8e6', '66.1', null, '2020-11-30 14:50:00', null, 'freetext', null, 'Number of previous or current sanctions involving other non-contact sexual or sexually motivated offences', null, null),
       ('f6488bd9-304f-4b68-89b5-b447cc82eae4', '67.1', null, '2020-11-30 14:50:00', null, 'radio', '0e8d012a-b300-4d9c-9812-eb1ef366bf91', 'Have you completed an interview?', null, null),
       ('b2f905df-a9f3-4cc1-8f4e-42ffa44c32eb', '68.1', null, '2020-11-30 14:50:00', null, 'radio', '0e8d012a-b300-4d9c-9812-eb1ef366bf91', 'Does the individual have any previous convictions?', null, null),
       ('886fa462-a83f-4fec-aeaf-2c8e24b1c527', '69.1', null, '2020-11-30 14:50:00', null, 'radio', '0e8d012a-b300-4d9c-9812-eb1ef366bf91', 'Did the offence involve carrying or use of a weapon?', null, null),
       ('41ce9ee5-e93c-48d4-9317-a9e28fe5ddcc', '70.1', null, '2020-11-30 14:50:00', null, 'freetext', null, 'Specify which weapon', null, null),
       ('cb2f1ca9-5cd0-4ca2-8b77-e38c5de1e1c3', '71.1', null, '2020-11-30 14:50:00', null, 'date', null, 'Date of first sanction', null, null),
       ('5d10ee30-1ac8-4e68-b277-5d58b9e91c45', '72.1', null, '2020-11-30 14:50:00', null, 'freetext', null, 'Number of previous sanctions for all recordable offences', null, null),
       ('d6e74ab2-3c79-42be-bf1e-79b78749237d', '73.1', null, '2020-11-30 14:50:00', null, 'freetext', null, 'Number of previous or current sanctions for violent offences', null, null),
       ('5374ff47-8fa4-4fc5-9f9c-710ce668b518', '74.1', null, '2020-11-30 14:50:00', null, 'freetext', null, 'Order', null, null),
       ('99fdeea4-84a0-465d-ab98-7e2b9fbfd869', '75.1', null, '2020-11-30 14:50:00', null, 'radio', '4fa24c18-31e6-40fe-8e1f-57b4415e139e', 'Suitability of accommodation.
', null, null),
       ('75fbf51f-b8f1-4761-ae94-3dd5baa9d26b', '76.1', null, '2020-11-30 14:50:00', null, 'freetext', null, 'Give details', null, null),
       ('80be82fd-d3c5-4ddd-bb7e-c5a88860b592', '77.1', null, '2020-11-30 14:50:00', null, 'radio', '0e8d012a-b300-4d9c-9812-eb1ef366bf91', 'Are any current or previous accommodation issues linked to offending behaviour?', null, null),
       ('8e4a2591-9876-4437-9c0e-0c0e07ff2138', '78.1', null, '2020-11-30 14:50:00', null, 'dropdown', '4d24d49a-22cf-4a7a-8b39-7db0936be7a9', 'Accommodation type', null, null),
       ('4d725ceb-2341-46e1-bf78-955965ca3c11', '79.1', null, '2020-11-30 14:50:00', null, 'freetext', null, 'Give details', null, null),
       ('e660edef-b77d-461d-980b-3b7c8c0dffea', '80.1', null, '2020-11-30 14:50:00', null, 'radio', '0e8d012a-b300-4d9c-9812-eb1ef366bf91', 'Are education, training, employment and/or basic skills issues linked to offending behaviour?', null, null),
       ('e7426008-d027-4b91-9869-fa8b3caf7856', '80.2', null, '2020-11-30 14:50:00', null, 'radio', '0e8d012a-b300-4d9c-9812-eb1ef366bf91', 'Is the person unemployed or will be unemployed upon release?', null, null),
       ('1d8f15da-1cc4-4ef1-8264-c3654a1d3251', '81.1', null, '2020-11-30 14:50:00', null, 'freetext', null, 'Education, training and employability status', null, null),
       ('97c0e370-7e79-4518-9c75-e8f2cdd0c232', '82.1', null, '2020-11-30 14:50:00', null, 'freetext', null, 'Give details', null, null),
       ('253381b7-7cbb-45b3-957f-bbc5c90e04ed', '83.1', null, '2020-11-30 14:50:00', null, 'freetext', null, 'Hours of work or education / training per week', null, null),
       ('319b009a-4430-4a94-bde7-1747a6ed7724', '84.1', null, '2020-11-30 14:50:00', null, 'radio', '0e8d012a-b300-4d9c-9812-eb1ef366bf91', 'Are financial issues linked to offending behaviour?', null, null),
       ('047b531b-085c-4199-8389-a18250bce2a9', '85.1', null, '2020-11-30 14:50:00', null, 'freetext', null, 'Give details', null, null),
       ('2216d30f-7e12-4b37-99de-bed277cddba1', '86.1', null, '2020-11-30 14:50:00', null, 'radio', '4fa24c18-31e6-40fe-8e1f-57b4415e139e', 'What is the person''s current relationship with their partner?', null, null),
       ('1f072466-a69b-44d0-8c21-8b55b6245c3c', '87.1', null, '2020-11-30 14:50:00', null, 'radio', '0e8d012a-b300-4d9c-9812-eb1ef366bf91', 'Is there evidence that the individual is a perpetrator of domestic violence or partner abuse?', null, null),
       ('94907086-bca9-433d-8340-e506bd7f528b', '88.1', null, '2020-11-30 14:50:00', null, 'radio', '33defe82-105e-489a-9af5-a9d8e8133b64', 'N/A', null, null),
       ('4837955c-15d5-4c25-8495-fe026ac40d28', '89.1', null, '2020-11-30 14:50:00', null, 'freetext', null, 'Give details', null, null),
       ('4a5b2bcd-a677-4535-a9f9-82f0d965f5dc', '90.1', null, '2020-11-30 14:50:00', null, 'radio', '4fa24c18-31e6-40fe-8e1f-57b4415e139e', 'Is the person''s current use of alcohol a problem?', null, null),
       ('4418674e-d0ad-408f-a8ef-d0fd4ba66129', '91.1', null, '2020-11-30 14:50:00', null, 'freetext', null, 'Give details', null, null),
       ('b7291ccb-72f2-483a-9b79-bf0ec85362fd', '92.1', null, '2020-11-30 14:50:00', null, 'radio', '4fa24c18-31e6-40fe-8e1f-57b4415e139e', 'Is there evidence of binge drinking or excessive use of alcohol in the last 6 months?', null, null),
       ('7071d19e-1a8c-4a50-9c88-6f40e3fd4387', '93.1', null, '2020-11-30 14:50:00', null, 'freetext', null, 'Give details', null, null),
       ('174570cf-da74-458f-aa5f-667978c1ba60', '94.1', null, '2020-11-30 14:50:00', null, 'radio', '0e8d012a-b300-4d9c-9812-eb1ef366bf91', 'Is there a need for a specialist assessment?', null, null),
       ('19936d8d-6f46-475d-b1c3-7e01de18d560', '95.1', null, '2020-11-30 14:50:00', null, 'freetext', null, 'Give details', null, null),
       ('4077c218-3a16-4b92-9f98-bdd33cee476b', '96.1', null, '2020-11-30 14:50:00', null, 'radio', '0e8d012a-b300-4d9c-9812-eb1ef366bf91', 'Is drug misuse linked to offending behaviour?', null, null),
       ('ef018645-b846-4022-b290-1e7d3d380b4d', '97.1', null, '2020-11-30 14:50:00', null, 'freetext', null, 'Give details', null, null),
       ('0419944f-ad54-4035-bef0-dca3bda4ff64', '98.1', null, '2020-11-30 14:50:00', null, 'radio', '0e8d012a-b300-4d9c-9812-eb1ef366bf91', 'Is there current or recent drug misuse on a daily or weekly basis?', null, null),
       ('36b63eb5-eb30-4f91-9b7f-91b0b70771ec', '99.1', null, '2020-11-30 14:50:00', null, 'freetext', null, 'Give details', null, null),
       ('db85cfb1-bf5e-4852-bfe8-137f44570cab', '100.1', null, '2020-11-30 14:50:00', null, 'freetext', null, 'Is the individual motivated to tackle drugs misuse?', null, null),
       ('c2286683-e3ce-471a-bdd1-208496c8b60f', '101.1', null, '2020-11-30 14:50:00', null, 'freetext', null, 'Give details', null, null),
       ('c82a8b62-25c6-4c65-bd21-a4755f2f917c', '102.1', null, '2020-11-30 14:50:00', null, 'radio', '0e8d012a-b300-4d9c-9812-eb1ef366bf91', 'Is mental health linked to offending behaviour?', null, null),
       ('6ee68b47-0ee5-4917-82cd-dff1e2a9c4a2', '103.1', null, '2020-11-30 14:50:00', null, 'freetext', null, 'Give details', null, null),
       ('7b1dd1c7-bfcf-4d8b-9bf5-a66e962345da', '104.1', null, '2020-11-30 14:50:00', null, 'radio', '0e8d012a-b300-4d9c-9812-eb1ef366bf91', 'Does the individual have current mental health issues or a history of such issues?', null, null),
       ('7c52e069-98bc-44ed-bf9a-d70f2e056ddc', '105.1', null, '2020-11-30 14:50:00', null, 'freetext', null, 'Give details', null, null),
       ('4900367d-7003-4366-b211-9812495b39ec', '106.1', null, '2020-11-30 14:50:00', null, 'freetext', null, 'Is there evidence of self-harm, attempted suicide, suicidal thoughts or feelings?', null, null),
       ('a79f377e-abcc-491d-87bb-cf52fcb8a5ca', '107.1', null, '2020-11-30 14:50:00', null, 'freetext', null, 'Give details', null, null),
       ('ef9fba87-e39b-4958-96fa-0da97df03d38', '108.1', null, '2020-11-30 14:50:00', null, 'radio', '0e8d012a-b300-4d9c-9812-eb1ef366bf91', 'Can the individual cope in custody / hostel setting?', null, null),
       ('91e82c31-1a74-4ef6-8409-ed7933a9c951', '109.1', null, '2020-11-30 14:50:00', null, 'freetext', null, 'Give details', null, null),
       ('988df7c9-df3b-402c-b1ad-ad79d72aa5cc', '110.1', null, '2020-11-30 14:50:00', null, 'radio', '0e8d012a-b300-4d9c-9812-eb1ef366bf91', 'Is a specialist mental health report required?', null, null),
       ('b8b9d461-0d3b-4da2-9898-1dbd525ad0b6', '111.1', null, '2020-11-30 14:50:00', null, 'freetext', null, 'Give details', null, null),
       ('8ec6ecc3-8213-4a23-bdaa-2901d6c4c3c4', '112.1', null, '2020-11-30 14:50:00', null, 'radio', '0e8d012a-b300-4d9c-9812-eb1ef366bf91', 'Are thinking and behaviour a relevant factor?', null, null),
       ('9156cbf9-a1a4-4924-8de5-16921648fa66', '113.1', null, '2020-11-30 14:50:00', null, 'radio', '4fa24c18-31e6-40fe-8e1f-57b4415e139e', 'Is impulsivity a problem for the individual?', null, null),
       ('710a8d8b-2761-42e6-996f-af8b8062e9a5', '114.1', null, '2020-11-30 14:50:00', null, 'freetext', null, 'Give details', null, null),
       ('7465ff4d-4400-4c23-8ce5-60aab3aaa133', '115.1', null, '2020-11-30 14:50:00', null, 'radio', '4fa24c18-31e6-40fe-8e1f-57b4415e139e', 'Is temper control a problem for the individual?', null, null),
       ('d7dcb1c0-a0cf-4ad3-ad7d-e0afb1e92a65', '116.1', null, '2020-11-30 14:50:00', null, 'radio', '4fa24c18-31e6-40fe-8e1f-57b4415e139e', 'Does the individual have pro-criminal attitudes?', null, null),
       ('5c997bbc-32ad-4839-b8f0-dee30b6f7ab0', '117.1', null, '2020-11-30 14:50:00', null, 'radio', '0e8d012a-b300-4d9c-9812-eb1ef366bf91', 'Is there evidence that the individual demonstrates inadequate social or interpersonal skills?', null, null),
       ('c05516de-2274-4019-b480-652bfe1c07a9', '118.1', null, '2020-11-30 14:50:00', null, 'freetext', null, 'Give details', null, null),
       ('871f122a-1619-4579-add1-b7f386b789df', '119.1', null, '2020-11-30 14:50:00', null, 'radio', '0e8d012a-b300-4d9c-9812-eb1ef366bf91', 'Is there evidence that the individual uses inappropriate problem solving strategies?', null, null),
       ('03a06b83-291e-4473-a281-3373c0852dea', '120.1', null, '2020-11-30 14:50:00', null, 'freetext', null, 'Give details', null, null),
       ('859a2244-c44c-4ef9-afa9-9b517ccb326d', '121.1', null, '2020-11-30 14:50:00', null, 'radio', '0e8d012a-b300-4d9c-9812-eb1ef366bf91', 'Is there evidence that the individual has difficulty understanding other people’s points of view?', null, null),
       ('9f2981bf-2162-4954-b339-1ba5e470c50a', '122.1', null, '2020-11-30 14:50:00', null, 'freetext', null, 'Give details', null, null),
       ('8d993a33-c42b-4173-aee1-ce5db834be4f', '123.1', null, '2020-11-30 14:50:00', null, 'freetext', null, 'Are anti-social or discriminatory attitudes or behaviour associated with offending?', null, null),
       ('f1caaff2-93fd-408e-9c78-28df0a9e16a2', '124.1', null, '2020-11-30 14:50:00', null, 'freetext', null, 'Give details', null, null),
       ('db46788b-1893-443a-82d7-dd1c7f7c5bd4', '125.1', null, '2020-11-30 14:50:00', null, 'freetext', null, 'Additional information about the individual relevant to their offence(s) and the management of the offender', null, null),
       ('6cc8445a-3a1e-4bdb-9c6f-0372fa4d7914', '126.1', null, '2020-11-30 14:50:00', null, 'radio', '0e8d012a-b300-4d9c-9812-eb1ef366bf91', 'Is there evidence of the individual experiencing trauma?', null, null),
       ('e3eb33fd-736d-42ad-9096-51d12b481667', '127.1', null, '2020-11-30 14:50:00', null, 'radio', '0e8d012a-b300-4d9c-9812-eb1ef366bf91', 'Does the individual have caring responsibilities for children or adults, or have they ever had caring responsibilities for children or adults?', null, null),
       ('8a301cf2-33f7-4184-9bdd-a163c79d6e49', '128.1', null, '2020-11-30 14:50:00', null, 'radio', '0e8d012a-b300-4d9c-9812-eb1ef366bf91', 'Are you completing a risk assessment?', null, null),
       ('63bb6e43-84df-403d-afa8-68c3e50bbc92', '129.1', null, '2020-11-30 14:50:00', null, 'freetext', null, 'Has the individual been convicted of any of the following?', null, null),
       ('36238cae-3c75-4bc5-8038-139be175550f', '130.1', null, '2020-11-30 14:50:00', null, 'freetext', null, 'Murder, attempted murder, threat or conspiracy to murder, or manslaughter', null, null),
       ('a71fedbb-4d21-4863-975d-2d8b46aed79b', '131.1', null, '2020-11-30 14:50:00', null, 'freetext', null, 'Wounding or GBH ', null, null),
       ('04374d0d-cadb-4b44-8372-b4cf7fa5a659', '132.1', null, '2020-11-30 14:50:00', null, 'freetext', null, 'Any sexual offence against a child', null, null),
       ('0edb9e81-8358-4fca-86a6-14dde9d96720', '133.1', null, '2020-11-30 14:50:00', null, 'freetext', null, 'Rape or serious sexual offence against an adult', null, null),
       ('18ac0ca0-a223-4a15-875b-8979d4046c51', '134.1', null, '2020-11-30 14:50:00', null, 'freetext', null, 'Any other offence against a child ', null, null),
       ('78f226ff-6e15-46a4-997b-da96a84b0860', '135.1', null, '2020-11-30 14:50:00', null, 'freetext', null, 'Aggravated burglary', null, null),
       ('7c0d75e3-f874-48a0-9b0f-b03a12107485', '136.1', null, '2020-11-30 14:50:00', null, 'freetext', null, 'Arson', null, null),
       ('4e3b705e-a7bc-4798-9723-309819c5651d', '137.1', null, '2020-11-30 14:50:00', null, 'freetext', null, 'Criminal damage with intent to endanger life', null, null),
       ('ba549703-6b01-49d6-a951-f8df6b324531', '138.1', null, '2020-11-30 14:50:00', null, 'freetext', null, 'Kidnapping or false imprisonment', null, null),
       ('b4cf635f-5916-4c3c-8d89-c5c0ba7addb0', '139.1', null, '2020-11-30 14:50:00', null, 'freetext', null, 'Possession of a firearm with intent to endanger life or resist arrest', null, null),
       ('a8c7eca9-3584-4ed6-af1f-c14cff2edf57', '140.1', null, '2020-11-30 14:50:00', null, 'freetext', null, 'A racially motivated or racially aggravated offence', null, null),
       ('cf92c3fb-c6a3-4221-9fbd-963ac23e82b2', '141.1', null, '2020-11-30 14:50:00', null, 'freetext', null, 'Robbery', null, null),
       ('0cec8293-fe12-4551-9813-b6ebfcb99dcf', '142.1', null, '2020-11-30 14:50:00', null, 'freetext', null, 'Any other offence involving possession and/or use of weapons', null, null),
       ('3b61d2a3-93fa-4520-a400-e35e025b32dd', '143.1', null, '2020-11-30 14:50:00', null, 'freetext', null, 'Any other offence which is as serious, eg blackmail, harassment, stalking, child pornography, child neglect, abduction etc.  Indicate offence below', null, null),
       ('ae38181c-6808-4baf-8aee-5ce4c2d951d1', '144.1', null, '2020-11-30 14:50:00', null, 'freetext', null, 'Give details', null, null),
       ('dcc34f7a-66db-4bb0-b58b-e2abae09b8f1', '145.1', null, '2020-11-30 14:50:00', null, 'freetext', null, 'None of the above apply', null, null),
       ('26c0144a-e612-491f-bcd1-f3b0d2c9123a', '146.1', null, '2020-11-30 14:50:00', null, 'freetext', null, 'On the information available to you has the individual', null, null),
       ('87ce38b4-0c07-4b27-969e-5965b0ea1bc4', '147.1', null, '2020-11-30 14:50:00', null, 'freetext', null, 'Assaulted or threatened staff', null, null),
       ('685473d7-1c5c-4872-882d-ef50f756425d', '148.1', null, '2020-11-30 14:50:00', null, 'freetext', null, 'Assaulted or  threatened others', null, null),
       ('e454b10c-96c2-4fcf-9fa2-6e50255ae9dc', '149.1', null, '2020-11-30 14:50:00', null, 'freetext', null, 'Been violent towards partner or other member of their family', null, null),
       ('73bbe239-314f-4787-a20c-497ef3bfdc7c', '150.1', null, '2020-11-30 14:50:00', null, 'freetext', null, 'Committed a serious offence whilst not complying with medication', null, null),
       ('2b60ea11-c0c8-44d1-a219-bc72db4bb588', '152.1', null, '2020-11-30 14:50:00', null, 'freetext', null, 'Been involved in any hate-based behaviour', null, null),
       ('a41bf612-400e-4fa0-a802-582c6ea922d8', '153.1', null, '2020-11-30 14:50:00', null, 'freetext', null, 'Been assessed as high risk of serious harm on a previous occasion', null, null),
       ('98c230ac-f524-4422-b266-8d13fba024b9', '156.1', null, '2020-11-30 14:50:00', null, 'freetext', null, 'Been a conditionally discharged patient subject to a restriction order under Section 41 MHA 1983', null, null),
       ('24e9a6d3-376d-413a-aa9c-c2240912e5e7', '158.1', null, '2020-11-30 14:50:00', null, 'freetext', null, 'Been a stalker', null, null),
       ('9fc11922-f584-4eee-854f-02d377f6862c', '159.1', null, '2020-11-30 14:50:00', null, 'freetext', null, 'Displayed obsessive behaviour linked to offending', null, null),
       ('2866af01-de44-4d8b-8753-3a51b485937a', '160.1', null, '2020-11-30 14:50:00', null, 'freetext', null, 'Been involved in bizarre or ritualistic aspects linked to offending', null, null),
       ('124e8c11-0d13-49c6-a8e3-0558e63ad580', '161.1', null, '2020-11-30 14:50:00', null, 'freetext', null, 'Displayed any offence-related behaviour observed in a custodial setting', null, null),
       ('b0f6ce9a-53e4-445d-b57e-0404ca7743b3', '162.1', null, '2020-11-30 14:50:00', null, 'freetext', null, 'Displayed any inappropriate behaviour towards members of staff, visitors or prisoners', null, null),
       ('af50ceec-2686-4d4d-bdf3-17297cf9166f', '163.1', null, '2020-11-30 14:50:00', null, 'freetext', null, 'Established links or associations, whilst in custody, which increase risk of serious harm', null, null),
       ('51a13ecc-0f94-454b-94ba-40de3dfb6950', '164.1', null, '2020-11-30 14:50:00', null, 'freetext', null, 'None of the above apply', null, null),
       ('0bc30c2e-f7ca-43a0-9360-a733792c7a45', '165.1', null, '2020-11-30 14:50:00', null, 'freetext', null, 'Is the individual, now or on release, likely to live with, or have frequent contact with, any child who is on the child protection register or is being looked after by the local authority.', null, null),
       ('b2304db8-1bd5-4221-a47f-ec52bf8711c7', '166.1', null, '2020-11-30 14:50:00', null, 'freetext', null, 'Are there any concerns in relation to children?', null, null),
       ('f34e81f3-ba7b-4ca9-b1b6-a6d9348da474', '167.1', null, '2020-11-30 14:50:00', null, 'freetext', null, 'Should contact be made with social services?', null, null),
       ('e730f3df-3de0-4d27-a6ac-0d8d1782c340', '168.1', null, '2020-11-30 14:50:00', null, 'freetext', null, 'From what you know about this individual have there been or are there currently any concerns in relation to', null, null),
       ('73a623b6-77ab-42ef-b2eb-afe57a795839', '169.1', null, '2020-11-30 14:50:00', null, 'freetext', null, 'Risk of suicide', null, null),
       ('b173d64c-66bf-4dd3-bd0e-6db7c8744e33', '170.1', null, '2020-11-30 14:50:00', null, 'freetext', null, 'Risk of self-harm', null, null),
       ('f3d57b93-b25a-4bb4-8fc8-30f43c10bc38', '171.1', null, '2020-11-30 14:50:00', null, 'freetext', null, 'Coping in custody or a hostel setting', null, null),
       ('cec959d7-1ee5-4146-836d-34020b70a8a4', '172.1', null, '2020-11-30 14:50:00', null, 'freetext', null, 'Vulnerability', null, null),
       ('ad8a5614-36b3-4da7-8241-4346032d2927', '173.1', null, '2020-11-30 14:50:00', null, 'freetext', null, 'From what you know about this individual have there been or are there currently any concerns in relation to', null, null),
       ('0c580215-7908-44a2-b021-e4d696be1db3', '174.1', null, '2020-11-30 14:50:00', null, 'freetext', null, 'Escape or abscond', null, null),
       ('f6bf9bb1-c17b-4e14-8b29-1581ee325518', '175.1', null, '2020-11-30 14:50:00', null, 'freetext', null, 'Control issues or disruptive behaviour', null, null),
       ('1537113e-8212-4a66-9d19-1b96b21e68e2', '176.1', null, '2020-11-30 14:50:00', null, 'freetext', null, 'Concerns in respect of breach of trust', null, null),
       ('245eb137-93be-480a-9ee7-d400caf951a1', '177.1', null, '2020-11-30 14:50:00', null, 'freetext', null, 'Risks to other prisoners', null, null),
       ('bd1a7297-d48b-4273-abe6-1b60c8695e2c', '178.1', null, '2020-11-30 14:50:00', null, 'freetext', null, 'Is there anything else about the individual that leads you to consider that a full analysis should be completed?', null, null),
       ('f5b3db3f-3166-4684-8c58-1322002de6da', '179.1', null, '2020-11-30 14:50:00', null, 'freetext', null, 'Give details', null, null),
       ('49565372-b5b9-4021-a9ed-77800054c642', '180.1', null, '2020-11-30 14:50:00', null, 'radio', '0e8d012a-b300-4d9c-9812-eb1ef366bf91', 'In your professional opinion, is it appropriate to not do a full risk of harm analysis?', null, null),
       ('5f530fdc-0e46-4c5f-8762-ba671ee98628', '181.1', null, '2020-11-30 14:50:00', null, 'freetext', null, 'Most recent behaviour or offence indicative of risk of serious harm', null, null),
       ('3a3d0b8d-8d88-4a19-ac53-1fd4a8eae8d9', '182.1', null, '2020-11-30 14:50:00', null, 'freetext', null, 'Offence details ', null, null),
       ('55c0da41-e19e-4344-ab94-9d7463349167', '183.1', null, '2020-11-30 14:50:00', null, 'freetext', null, 'Where and when did they do it?', null, null),
       ('98ab7f67-083c-41b0-9669-ea1b31679aa4', '184.1', null, '2020-11-30 14:50:00', null, 'freetext', null, 'How did they do it? ', null, null),
       ('78ce9321-16b1-4d8d-bbf4-d2d541a62790', '185.1', null, '2020-11-30 14:50:00', null, 'freetext', null, 'Who were the victims? ', null, null),
       ('868bcb0c-b83e-487c-b26e-7cfe8a8a91aa', '186.1', null, '2020-11-30 14:50:00', null, 'freetext', null, 'Was anyone else present or involved?', null, null),
       ('532a1751-4293-4489-aeec-f56a2cae68c2', '187.1', null, '2020-11-30 14:50:00', null, 'freetext', null, 'Why did they do it? ', null, null),
       ('3ed830ec-c80c-4e63-817a-9e3ab1f13115', '188.1', null, '2020-11-30 14:50:00', null, 'freetext', null, 'Sources of information', null, null),
       ('618b9693-f0b3-46ba-9181-690362cb691a', '189.1', null, '2020-11-30 14:50:00', null, 'freetext', null, 'Previous behaviour or offence indicative of risk of serious harm', null, null),
       ('87389a12-2045-4d52-a8ba-043931d23f9a', '190.1', null, '2020-11-30 14:50:00', null, 'freetext', null, 'What exactly did they do?', null, null),
       ('fe4390fe-7555-4bf4-a441-2a1233668168', '191.1', null, '2020-11-30 14:50:00', null, 'freetext', null, 'Where and when did they do it?', null, null),
       ('3dff5fea-d6a4-4cbe-a6a0-54b86478191b', '192.1', null, '2020-11-30 14:50:00', null, 'freetext', null, 'How did they do it? ', null, null),
       ('9418f971-537b-4710-bdc5-79a4d7f1f24d', '193.1', null, '2020-11-30 14:50:00', null, 'freetext', null, 'Who were the victims? ', null, null),
       ('0b924b75-0646-438d-a62e-5ae6591c879a', '194.1', null, '2020-11-30 14:50:00', null, 'freetext', null, 'Was anyone else present or involved?', null, null),
       ('60eff348-a181-451e-a44c-1b03fe314138', '195.1', null, '2020-11-30 14:50:00', null, 'freetext', null, 'Why did they do it? ', null, null),
       ('a550fb4e-0697-4644-a7cd-ff95ae7f62cc', '196.1', null, '2020-11-30 14:50:00', null, 'freetext', null, 'Sources of information', null, null),
       ('e3368883-91a3-41ff-81da-bd1673ad8b52', '197.1', null, '2020-11-30 14:50:00', null, 'freetext', null, 'Is this section being completed because the individual: ', null, null),
       ('cf197b7c-bca4-4dc3-b5aa-b3065a2e1c10', '198.1', null, '2020-11-30 14:50:00', null, 'radio', '0e8d012a-b300-4d9c-9812-eb1ef366bf91', 'Presents a risk to identifiable children', null, null),
       ('53baa1e0-39ac-4362-a730-c9b9b537ec3a', '199.1', null, '2020-11-30 14:50:00', null, 'freetext', null, 'Give details of relevant factors and situations, if not covered previously', null, null),
       ('36d32adc-2ec7-4a5b-9a88-41ab2dfa62c1', '200.1', null, '2020-11-30 14:50:00', null, 'radio', '0e8d012a-b300-4d9c-9812-eb1ef366bf91', 'Is involved in a situation where there are identifiable children who are considered to be at risk from others', null, null),
       ('66742dd4-6da2-4aaf-84f3-409be4175659', '201.1', null, '2020-11-30 14:50:00', null, 'freetext', null, 'Explain the individual''s involvement in the family. Say how, when and from whom any children are believed to be at risk. Specify the nature of the concern.', null, null),
       ('3faf9d23-5cc0-479a-9de1-275d55767f01', '202.1', null, '2020-11-30 14:50:00', null, 'freetext', null, 'Grey text: Consider carefully whether this information can be recorded safely.', null, null),
       ('9986df0e-757a-4a5c-8161-be18eab9fa0e', '203.1', null, '2020-11-30 14:50:00', null, 'freetext', null, 'Name', null, null),
       ('d946d405-c108-453e-b17c-8ea3d557c109', '204.1', null, '2020-11-30 14:50:00', null, 'freetext', null, 'Age ', null, null),
       ('f4a290f7-1379-4311-b961-8620f79b935e', '205.1', null, '2020-11-30 14:50:00', null, 'date', null, 'Date of Birth', null, null),
       ('29e3e112-3891-45c1-a475-1c845ae3f947', '206.1', null, '2020-11-30 14:50:00', null, 'freetext', null, 'Gender', null, null),
       ('95ea27af-fe7a-45b1-a5ca-e121af39ec85', '207.1', null, '2020-11-30 14:50:00', null, 'freetext', null, 'Address (if disclosable)', null, null),
       ('50233257-d66f-4b94-836f-e96df973b928', '208.1', null, '2020-11-30 14:50:00', null, 'radio', '0e8d012a-b300-4d9c-9812-eb1ef366bf91', 'Currently Registered with Social Services', null, null),
       ('2abc9c4e-f505-4fff-ad43-878b29fc3f11', '209.1', null, '2020-11-30 14:50:00', null, 'radio', '0e8d012a-b300-4d9c-9812-eb1ef366bf91', 'Previously Registered with Social Services', null, null),
       ('ce00ecb4-1143-49c4-a7f8-6988948bfe37', '210.1', null, '2020-11-30 14:50:00', null, 'freetext', null, 'Current category of child protection registration ', null, null),
       ('563d00ba-9779-4ec3-be71-ccc39e01cf5b', '211.1', null, '2020-11-30 14:50:00', null, 'freetext', null, 'Previous category of child protection registration ', null, null),
       ('3fbb5ed5-a8c4-4f62-bcbc-8cfecf195ff1', '212.1', null, '2020-11-30 14:50:00', null, 'freetext', null, 'Have there been any child protection conferences or ‘looked after children’ reviews?', null, null),
       ('059520dc-3513-4e9e-b86a-e54af2b5ae05', '213.1', null, '2020-11-30 14:50:00', null, 'freetext', null, 'Give details of child protection conferences, child protection decisions and looked after children review dates, if applicable', null, null),
       ('a2a91f03-7c30-4568-977e-fad78c92cfe7', '214.1', null, '2020-11-30 14:50:00', null, 'freetext', null, 'Local Authority Children’s Services  key worker name, address and telephone number, if applicable', null, null),
       ('08405182-0612-416f-9397-f66962c6887e', '215.1', null, '2020-11-30 14:50:00', null, 'freetext', null, 'Other agencies and personnel involved, if applicable', null, null),
       ('4d39f162-c583-44f5-b8bd-97219bd36443', '216.1', null, '2020-11-30 14:50:00', null, 'freetext', null, 'Additional information', null, null),
       ('022b9e82-c7a2-4c37-b59a-cd6c7053236c', '217.1', null, '2020-11-30 14:50:00', null, 'date', null, 'Date that child protection issues came to assessor’s attention', null, null),
       ('ce1fb394-4e39-4f92-bad9-989e69437ee2', '218.1', null, '2020-11-30 14:50:00', null, 'freetext', null, 'Are there any current concerns about suicide?', null, null),
       ('28bdf205-3a6a-4ced-8f45-d14d3fc7d075', '219.1', null, '2020-11-30 14:50:00', null, 'freetext', null, 'Are there any current concerns about self-harm?', null, null),
       ('3b2d4f1b-cc66-4922-8f31-329c8d0d08c6', '220.1', null, '2020-11-30 14:50:00', null, 'freetext', null, 'Have there been any concerns about suicide in the past', null, null),
       ('bc87b96d-d959-4bba-b08b-5d75e6001f1b', '221.1', null, '2020-11-30 14:50:00', null, 'radio', '0e8d012a-b300-4d9c-9812-eb1ef366bf91', 'Have there been any concerns about self-harm in the past?', null, null),
       ('0411ed8c-2f93-422f-b1d4-26ac1de027ca', '222.1', null, '2020-11-30 14:50:00', null, 'freetext', null, 'Are there any current concerns about coping in custody?', null, null),
       ('1096893e-1c4d-448e-ba75-1b2a92731a11', '223.1', null, '2020-11-30 14:50:00', null, 'freetext', null, 'Are there any current concerns about coping in hostel settings?', null, null),
       ('0da1ef6a-61cb-4c6d-bdaf-375a4a2a9876', '224.1', null, '2020-11-30 14:50:00', null, 'freetext', null, 'Describe circumstances, issues and needs', null, null),
       ('4407b7ee-e9e5-46f9-a063-2792ef0fd73a', '225.1', null, '2020-11-30 14:50:00', null, 'freetext', null, 'Are there any previous concerns about coping in custody?', null, null),
       ('e9ece2f0-3119-45a4-8d5d-9c63a432ed0b', '226.1', null, '2020-11-30 14:50:00', null, 'freetext', null, 'Are there any previous concerns about coping in hostel settings?', null, null),
       ('604be91e-1f50-4e9f-8645-f1eb824c144e', '227.1', null, '2020-11-30 14:50:00', null, 'freetext', null, 'Describe circumstances, issues and needs', null, null),
       ('ae2d6fb3-f058-4abf-b45c-4f190831500b', '228.1', null, '2020-11-30 14:50:00', null, 'radio', '0e8d012a-b300-4d9c-9812-eb1ef366bf91', 'Are there any current concerns about vulnerability? ', null, null),
       ('fd4cb388-aaf4-4eae-9dce-3eff0548211b', '229.1', null, '2020-11-30 14:50:00', null, 'freetext', null, 'Describe circumstances, relevant issues and needs', null, null),
       ('249ad914-db81-47d0-8409-5f16a1d56fab', '230.1', null, '2020-11-30 14:50:00', null, 'freetext', null, 'Have there been any previous concerns about vulnerability?', null, null),
       ('18196271-32f9-4aea-99dc-7280ab2d971a', '231.1', null, '2020-11-30 14:50:00', null, 'freetext', null, 'Describe circumstances, relevant issues and needs', null, null),
       ('e866bfe4-2a52-435e-9491-6840b0df63e1', '232.1', null, '2020-11-30 14:50:00', null, 'radio', '0e8d012a-b300-4d9c-9812-eb1ef366bf91', 'Do any of the questions in sections 16, 17 or 18 indicate a risk of serious harm to others? ', null, null),
       ('8573bb50-71cd-46f9-8476-d03fa8e8f9bd', '233.1', null, '2020-11-30 14:50:00', null, 'freetext', null, 'Describe circumstances, relevant issues and needs', null, null),
       ('c14a83ff-f17b-4558-a05a-65f1737196dd', '234.1', null, '2020-11-30 14:50:00', null, 'radio', '0e8d012a-b300-4d9c-9812-eb1ef366bf91', 'Are there any current concerns about escape and abscond?', null, null),
       ('f89c4774-a6b0-4b04-a98a-be7d6be5c349', '235.1', null, '2020-11-30 14:50:00', null, 'freetext', null, 'Describe circumstances, relevant issues and needs', null, null),
       ('56cf890c-5525-454d-b67c-f47df9b746ec', '236.1', null, '2020-11-30 14:50:00', null, 'freetext', null, 'Are there any previous concerns about escape and abscond?', null, null),
       ('dae72359-c18d-4a9b-8b61-47d86ce34355', '237.1', null, '2020-11-30 14:50:00', null, 'freetext', null, 'Describe circumstances, relevant issues and needs', null, null),
       ('0011875b-fde2-4b82-8a6f-708c0193cd23', '238.1', null, '2020-11-30 14:50:00', null, 'radio', '0e8d012a-b300-4d9c-9812-eb1ef366bf91', 'Are there any current concerns about control and disruptive behaviour?', null, null),
       ('cab62e15-558b-4c23-a22c-c68678fe5f16', '239.1', null, '2020-11-30 14:50:00', null, 'freetext', null, 'Describe circumstances, relevant issues and needs', null, null),
       ('238a6d00-0e8c-43ee-9910-a8e5c85c59f6', '240.1', null, '2020-11-30 14:50:00', null, 'freetext', null, 'Are there any previous concerns about control and disruptive behaviour?', null, null),
       ('ad8e24f6-c84b-4a35-823a-0db5641d96b9', '241.1', null, '2020-11-30 14:50:00', null, 'freetext', null, 'Describe circumstances, relevant issues and needs', null, null),
       ('9c3fe435-9b65-4d93-ac63-8e8f9e7d824f', '242.1', null, '2020-11-30 14:50:00', null, 'radio', '0e8d012a-b300-4d9c-9812-eb1ef366bf91', 'Are there any current concerns about breach of trust?', null, null),
       ('92feaea2-83b6-47c0-9ea6-e728de0b5901', '243.1', null, '2020-11-30 14:50:00', null, 'freetext', null, 'Describe circumstances, relevant issues and needs', null, null),
       ('389c01d6-d54e-4834-94d9-2923ec399c54', '244.1', null, '2020-11-30 14:50:00', null, 'freetext', null, 'Are there any previous concerns about breach of trust?', null, null),
       ('86e08754-7cc4-493f-aafc-ae0216576237', '245.1', null, '2020-11-30 14:50:00', null, 'freetext', null, 'Describe circumstances, relevant issues and needs', null, null),
       ('c53ee76f-1570-4e55-b731-4d06433ef51d', '246.1', null, '2020-11-30 14:50:00', null, 'freetext', null, 'Who is at risk?', null, null),
       ('f052d73f-cea2-441e-97f5-7bae181f9c0b', '247.1', null, '2020-11-30 14:50:00', null, 'freetext', null, 'What is the nature of the risk?', null, null),
       ('b7cf6568-a3cf-482e-93a4-5deee43a625c', '248.1', null, '2020-11-30 14:50:00', null, 'freetext', null, 'Risk of reoffending over the next 2 years', null, null),
       ('e7b39388-693b-4a69-aafb-5c37fb111646', '249.1', null, '2020-11-30 14:50:00', null, 'freetext', null, 'When is the risk likely to be greatest?

', null, null),
       ('38eb8651-5149-4274-9e7d-150ea21e2f4c', '250.1', null, '2020-11-30 14:50:00', null, 'freetext', null, 'What circumstances are likely to increase risk?
', null, null),
       ('1825e94e-3391-457c-863b-f5524f0b57a7', '251.1', null, '2020-11-30 14:50:00', null, 'freetext', null, 'What factors are likely to reduce the risk?
', null, null),
       ('bb075dbe-3801-4ff0-8b0d-6bac5cff4cfb', '252.1', null, '2020-11-30 14:50:00', null, 'freetext', null, null, null, null),
       ('d6c2e7e4-7b8e-4e9a-b210-c937df6645d6', '253.1', null, '2020-11-30 14:50:00', null, 'radio', '2cd41a36-6bb0-4c62-9f86-b919160603e7', 'Children', null, null),
       ('463e2455-7556-4075-8eef-f405990663ed', '254.1', null, '2020-11-30 14:50:00', null, 'radio', '2cd41a36-6bb0-4c62-9f86-b919160603e7', 'Public', null, null),
       ('d1aad86c-980f-40c5-b4ed-f9a56eb5b300', '255.1', null, '2020-11-30 14:50:00', null, 'radio', '2cd41a36-6bb0-4c62-9f86-b919160603e7', 'Known adult', null, null),
       ('92d0ecd5-9f27-43b7-a52b-e7203f72c772', '256.1', null, '2020-11-30 14:50:00', null, 'radio', '2cd41a36-6bb0-4c62-9f86-b919160603e7', 'Staff', null, null),
       ('cc6b1609-fed3-4c14-a00a-6aae9fa09bec', '258.1', null, '2020-11-30 14:50:00', null, 'freetext', null, null, null, null),
       ('5ad15a6b-d5ce-4b51-8c17-6cf23a3c0b98', '259.1', null, '2020-11-30 14:50:00', null, 'radio', '2cd41a36-6bb0-4c62-9f86-b919160603e7', 'Children', null, null),
       ('905d56a9-27b2-41a8-86b4-22b4f08612a1', '260.1', null, '2020-11-30 14:50:00', null, 'radio', '2cd41a36-6bb0-4c62-9f86-b919160603e7', 'Public', null, null),
       ('0cb1c5e3-5182-412a-a602-4926c8c3ef38', '261.1', null, '2020-11-30 14:50:00', null, 'radio', '2cd41a36-6bb0-4c62-9f86-b919160603e7', 'Known adult', null, null),
       ('19de26f0-06a1-4bcb-ade3-e116cadf9bd7', '262.1', null, '2020-11-30 14:50:00', null, 'radio', '2cd41a36-6bb0-4c62-9f86-b919160603e7', 'Staff', null, null),
       ('05c090e4-2720-4e36-8253-f16eb7609b24', '263.1', null, '2020-11-30 14:50:00', null, 'radio', '2cd41a36-6bb0-4c62-9f86-b919160603e7', 'Prisoners', null, null),
       ('71a4e4d0-be87-404d-bdfe-ce945df81c91', '264.1', null, '2020-11-30 14:50:00', null, 'freetext', null, 'If necessary, record the details of any key documents or reports used in this analysis', null, null),
       ('0d362c69-d3e6-41b4-bc81-8fc047a0e5a7', '265.1', null, '2020-11-30 14:50:00', null, 'freetext', null, 'Has this case been referred to multi-agency public protection management?', null, null),
       ('c30829b6-54e6-4357-85c6-a83f904d660d', '266.1', null, '2020-11-30 14:50:00', null, 'radio', '0e8d012a-b300-4d9c-9812-eb1ef366bf91', 'Level 2: local multi-agency risk management', null, null),
       ('d1da3a72-5052-4777-922c-95292f650b49', '267.1', null, '2020-11-30 14:50:00', null, 'radio', '0e8d012a-b300-4d9c-9812-eb1ef366bf91', 'Level 3: Multi-agency Public Protection Panel (MAPP)', null, null),
       ('cf316f09-fde8-483d-9546-75165bd0052f', '268.1', null, '2020-11-30 14:50:00', null, 'freetext', null, 'If not, should this case be referred to multi-agency public protection management?', null, null),
       ('659a35f5-b1d2-4c74-b35d-3a585072ff9d', '269.1', null, '2020-11-30 14:50:00', null, 'radio', '0e8d012a-b300-4d9c-9812-eb1ef366bf91', 'Level 2: Local multi-agency risk management', null, null),
       ('3c72183b-0d8a-4df7-a028-d5473c370eab', '270.1', null, '2020-11-30 14:50:00', null, 'radio', '0e8d012a-b300-4d9c-9812-eb1ef366bf91', 'Level 3: Multi-agency Public Protection Panel (MAPP)', null, null),
       ('da565549-a9c5-4ff8-87ea-0eb3a3425b12', '271.1', null, '2020-11-30 14:50:00', null, 'radio', '0e8d012a-b300-4d9c-9812-eb1ef366bf91', 'Has this case been referred as a Critical Public Protection case? (Refer to the Public Protection manual)', null, null),
       ('4fb5f3ff-970b-403d-a043-ca35e028243f', '272.1', null, '2020-11-30 14:50:00', null, 'radio', '0e8d012a-b300-4d9c-9812-eb1ef366bf91', 'If not, should this case be referred now?', null, null),
       ('2458c451-ebc9-4e0b-8582-cca778e492eb', '273.1', null, '2020-11-30 14:50:00', null, 'radio', '0e8d012a-b300-4d9c-9812-eb1ef366bf91', 'If not, should this case be referred pre-release?', null, null),
       ('c1a0c062-c7d4-40ba-9e97-6c2afe917ade', '274.1', null, '2020-11-30 14:50:00', null, 'freetext', null, 'Is the individual required to register under the Sex Offender Act 1997?', null, null),
       ('b55b5e10-5dae-406e-940b-f2a3eb59c948', '275.1', null, '2020-11-30 14:50:00', null, 'radio', '0e8d012a-b300-4d9c-9812-eb1ef366bf91', 'If yes, have they registered?', null, null),
       ('c6315064-dbde-46fa-b83e-177ce2c78bb2', '276.1', null, '2020-11-30 14:50:00', null, 'radio', '0e8d012a-b300-4d9c-9812-eb1ef366bf91', 'Is the individual disquaified from working with children as set out in Section 35 (4) of the Criminal Justice & Court Services Act 2000? ', null, null),
       ('79664b3a-2ef0-4891-b23a-24ac13587175', '277.1', null, '2020-11-30 14:50:00', null, 'radio', '0e8d012a-b300-4d9c-9812-eb1ef366bf91', 'Does the individual have a present or previous conviction against a child?', null, null),
       ('4db66df5-1209-4040-bbfe-c1731d1f63bc', '278.1', null, '2020-11-30 14:50:00', null, 'radio', '0e8d012a-b300-4d9c-9812-eb1ef366bf91', 'Does the individual present an ongoing risk to children?', null, null),
       ('27857c3d-f260-4d58-bbff-ef9a772a9099', '279.1', null, '2020-11-30 14:50:00', null, 'radio', '0e8d012a-b300-4d9c-9812-eb1ef366bf91', 'Do the Police, Local Authority and Offender Manager need to be notified prior to the release of the individual from custody? ', null, null),
       ('d4c5adde-f0f5-4642-b8ef-7307cff034c6', '280.1', null, '2020-11-30 14:50:00', null, 'radio', '0e8d012a-b300-4d9c-9812-eb1ef366bf91', 'Is the individual subject to Prison Service Order 4400 Prisoner Communications?', null, null),
       ('7d26ad22-6b67-4a2d-9ebc-a95268fee2b1', '281.1', null, '2020-11-30 14:50:00', null, 'radio', '0e8d012a-b300-4d9c-9812-eb1ef366bf91', 'Is the individual a conditionally discharged patient under Section 41 of the Mental Health Act 1983? ', null, null),
       ('4a1bf4b9-b538-4d5e-a7be-59802376dc67', '282.1', null, '2020-11-30 14:50:00', null, 'radio', '0e8d012a-b300-4d9c-9812-eb1ef366bf91', 'Is the individual on life licence following a sentence of imprisonment or detention for public protection? (Section 230, schedule 18)  ', null, null),
       ('e99e2d74-803f-4a15-bf7f-97808ccabc93', '283.1', null, '2020-11-30 14:50:00', null, 'radio', '0e8d012a-b300-4d9c-9812-eb1ef366bf91', 'Has the individual received an extended sentence?', null, null),
       ('00750f94-cdcd-4786-b89f-723bcbb37af6', '284.1', null, '2020-11-30 14:50:00', null, 'freetext', null, 'What are the individual''s risk factors?', null, null),
       ('b3263e7e-f925-4978-a14a-3851a5a1ff0c', '285.1', null, '2020-11-30 14:50:00', null, 'freetext', null, 'What are the individual''s protective factors?', null, null),
       ('094a2086-b4c0-4fdf-8fb6-9c720192e553', '286.1', null, '2020-11-30 14:50:00', null, 'radio', '0e8d012a-b300-4d9c-9812-eb1ef366bf91', 'Do you assess risk of serious harm to be imminent?', null, null),
       ('66636fe7-8ef8-4577-a702-882595eb358a', '287.1', null, '2020-11-30 14:50:00', null, 'freetext', null, 'Give details', null, null),
       ('a1b7b3f3-80fd-4092-a5bf-504544215ea7', '288.1', null, '2020-11-30 14:50:00', null, 'dropdown', '1a043f0b-ac5c-4b70-b222-4239b5e64fc1', 'Likelihood of further offending', null, null),
       ('ad919918-787a-492e-bba4-5da8f050f925', '289.1', null, '2020-11-30 14:50:00', null, 'dropdown', '2e62341a-fec0-41fa-bf6c-7bbea127bc82', 'Risk of serious harm', null, null),
       ('34fa118f-032a-45df-8b03-53978d906f20', '290.1', null, '2020-11-30 14:50:00', null, 'radio', '0e8d012a-b300-4d9c-9812-eb1ef366bf91', 'Does the Risk of Serious Harm Screening indicate a need for a full Risk of Serious Harm Analysis?', null, null),
       ('ed17ae4d-7841-4382-8230-65ec3ca918e3', '291.1', null, '2020-11-30 14:50:00', null, 'dropdown', '43c312d1-424f-49fa-813c-90561f59d2fa', 'Response to previous supervision', null, null),
       ('0afe69c3-ee45-4e1e-a133-3be7c72fa4f9', '292.1', null, '2020-11-30 14:50:00', null, 'freetext', null, 'Give details', null, null),
       ('8d2bd633-7733-41a7-aac3-2f3757bd05be', '293.1', null, '2020-11-30 14:50:00', null, 'freetext', null, 'Risk of Serious Recidivism (RSR)', null, null),
       ('d5c16a6d-c3cd-4b97-9c0b-7175424cdd3a', '294.1', null, '2020-11-30 14:50:00', null, 'freetext', null, 'OGRS3 probability of proven reoffending', null, null),
       ('aeedb426-65d2-48ae-ab78-de264ec7e5d8', '295.1', null, '2020-11-30 14:50:00', null, 'freetext', null, 'Enter a proposed sentence', null, null),
       ('819732c0-e26f-42ea-8742-9cfade298983', '296.1', null, '2020-11-30 14:50:00', null, 'dropdown', '130eb8cf-8fcf-4d65-9a79-f5cfc5ba4793', 'Information sources', null, null),
       ('28d5d5e2-fd31-4eb9-967d-7b5bad71a83e', '297.1', null, '2020-11-30 14:50:00', null, 'freetext', null, null, null, null),
       ('3fda792a-7892-4a81-8eaf-b579009f5cb2', '298.1', null, '2020-11-30 14:50:00', null, 'dropdown', 'cad7082f-ecee-4e00-80c5-45f561e82704', 'Sources of information', null, null),
       ('ce315a2f-58c6-42f3-9cbe-d0a5f4fe1b63', '299.1', null, '2020-11-30 14:50:00', null, 'freetext', null, 'Give details', null, null);


INSERT INTO question_group (question_group_uuid, content_uuid, content_type, group_uuid, display_order, mandatory, validation)
VALUES ('f1ea2851-edfe-471a-a996-a9e9f7e778ec', '06a5b224-f1e9-4f81-a6a5-854de904d318', 'group', '7a6836c1-2caf-4a0d-8e5c-5d13482a868f', 1, true, null),
       ('7c829093-8d5d-44df-8ed5-6e0bac0e6d8e', '5ee5698e-4af1-4f4d-9f95-84ac6b401fcb', 'question', '06a5b224-f1e9-4f81-a6a5-854de904d318', 1, true, null),
       ('4f791a09-6eb7-4307-b0e9-da1b051dc1e0', '6a00265f-0d99-4e52-9c5d-ffdb2d08a246', 'question', '06a5b224-f1e9-4f81-a6a5-854de904d318', 2, true, null),
       ('46fd6c05-6383-41df-9ab6-680205da7520', 'f269eef5-625a-46d7-b188-987098212c6e', 'question', '06a5b224-f1e9-4f81-a6a5-854de904d318', 3, true, null),
       ('83b47cb3-08cd-44f2-b5be-7b41b09d005b', 'c381464d-8aec-49d6-bd16-f3b021b2d5ea', 'question', '06a5b224-f1e9-4f81-a6a5-854de904d318', 4, true, null),
       ('d3594507-91c4-4309-8b50-4b884f6a97b3', '370efd25-78ca-47df-a5a4-fbe707fa1e62', 'question', '06a5b224-f1e9-4f81-a6a5-854de904d318', 5, true, null),
       ('d69d1a70-3a3d-4d96-a890-6631bd341e82', 'd381f82f-b865-415f-b8ff-02c8cf85b854', 'question', '06a5b224-f1e9-4f81-a6a5-854de904d318', 6, true, null),
       ('66af2dff-327e-464d-afd6-2e0fd47dd726', 'ca47dfe9-28a2-476b-be3e-2443de17f0d9', 'question', '06a5b224-f1e9-4f81-a6a5-854de904d318', 7, true, null),
       ('43dc4bde-c6b2-414a-84f6-cc8dc6362ec3', '2bc8730f-cb42-42cd-8bea-eec1c515e03e', 'question', '06a5b224-f1e9-4f81-a6a5-854de904d318', 8, true, null),
       ('2b19ca83-3837-45dc-952c-072c6921c6fd', '02e4c80a-8ee5-4d56-be27-4b4b3b71b698', 'question', '06a5b224-f1e9-4f81-a6a5-854de904d318', 9, true, null),
       ('85f5ea63-1ded-4e0f-8d09-66fee690fff7', '036eb638-20c6-4b9a-bf2a-314ddaf4d7ce', 'question', '06a5b224-f1e9-4f81-a6a5-854de904d318', 10, true, null),
       ('a6e40278-6761-4693-9ec5-1dc0121dae15', 'eeb48935-8c2b-4282-b835-3c095b71a301', 'question', '06a5b224-f1e9-4f81-a6a5-854de904d318', 11, true, null),
       ('19066920-a237-4e26-b762-3c7dded557e8', '0d576039-9819-4288-a4ae-9ab9d7504cfd', 'question', '06a5b224-f1e9-4f81-a6a5-854de904d318', 12, true, null),
       ('e448e22d-1db1-4637-a749-21ad796d5af7', '89c1f876-8f77-486e-bcf2-d96d1a426312', 'question', '06a5b224-f1e9-4f81-a6a5-854de904d318', 13, true, null),
       ('493b05c7-dc16-470e-a403-8dbdc6d78964', 'e12665d7-adfd-444d-83db-f9e704d2af97', 'question', '06a5b224-f1e9-4f81-a6a5-854de904d318', 14, true, null),
       ('933ad3b3-c9d4-4fd0-8f6f-0a71138343c2', '88d36b88-bbe8-486a-9ec5-667d1d19713d', 'question', '06a5b224-f1e9-4f81-a6a5-854de904d318', 15, true, null),
       ('193b19f0-d1b6-497b-868f-658c1ff64bae', 'dbcebe4d-d933-4c74-b22c-bdb567588e01', 'question', '06a5b224-f1e9-4f81-a6a5-854de904d318', 16, true, null),
       ('5beff394-dbd2-49b4-a7fd-bd4469e6b70e', '2b0a979b-cc22-48ff-8318-eb9899f4313e', 'question', '06a5b224-f1e9-4f81-a6a5-854de904d318', 17, true, null),
       ('739a11da-1ce8-46c5-bbb7-72151e9ba141', 'cac987f0-35fe-40ce-8dc1-0402325aaf88', 'question', '06a5b224-f1e9-4f81-a6a5-854de904d318', 18, true, null),
       ('bbc495f9-94e0-4067-95e1-4765fbda4534', '533e18fd-300b-4ac7-a63d-5662d7fc470e', 'question', '06a5b224-f1e9-4f81-a6a5-854de904d318', 19, true, null),
       ('2c2709f3-3da5-4bf7-b777-3ef0ce5bc2f5', 'c7d31b48-9a0a-4ec4-ade2-dcc2c8c62782', 'group', '7a6836c1-2caf-4a0d-8e5c-5d13482a868f', 2, true, null),
       ('90a9b901-3cbd-4e17-a2f2-9b36850ea00f', '91c5c476-e4bd-4209-88a2-f14d34aef523', 'question', 'c7d31b48-9a0a-4ec4-ade2-dcc2c8c62782', 1, true, null),
       ('d6242b22-0960-40cc-8421-88f45fcc6b3f', 'e292b19b-07e1-4c18-b5ff-9bf9b98eabe9', 'question', 'c7d31b48-9a0a-4ec4-ade2-dcc2c8c62782', 2, true, null),
       ('228d31a9-79cc-4aac-b32c-cac5bf32a9c8', 'ecaab4ed-1998-4135-9ae7-0b02f1c730c4', 'question', 'c7d31b48-9a0a-4ec4-ade2-dcc2c8c62782', 3, true, null),
       ('48f351ea-cdb8-4993-8957-fed29bf63302', '7653fd6e-7719-41b1-8bd4-2ae9fa449435', 'question', 'c7d31b48-9a0a-4ec4-ade2-dcc2c8c62782', 4, true, null),
       ('7fc45243-1f12-4a27-a2b3-a0c1de74e3e4', 'b0e5b256-9fbd-43e8-a1b1-fde5e21263c8', 'question', 'c7d31b48-9a0a-4ec4-ade2-dcc2c8c62782', 5, true, null),
       ('8ed9ddec-bf04-47f7-9aa3-5d47b3c0d98e', 'b4175f1b-8341-4f0f-bab3-198072601c29', 'group', '7a6836c1-2caf-4a0d-8e5c-5d13482a868f', 3, true, null),
       ('bb545ff4-d47c-46e8-8077-91f0338078df', '180d61fc-3dd0-4742-afeb-768396d66cc9', 'question', 'b4175f1b-8341-4f0f-bab3-198072601c29', 1, true, null),
       ('831c8a5d-6606-49ab-aacc-57b5648aa775', '8fc57a84-3014-492f-8424-d11c4cfa2ab9', 'question', 'b4175f1b-8341-4f0f-bab3-198072601c29', 2, true, null),
       ('fc6df884-1513-4942-9bce-c2c6ff69838f', '8ae078b8-8ca8-4ea1-9c5b-6f7afeb60e46', 'question', 'b4175f1b-8341-4f0f-bab3-198072601c29', 3, true, null),
       ('97ebac56-44dd-4e8b-933d-de5c78df3d6c', 'bd5216b9-34ce-442f-ba0d-01262f6064d8', 'question', 'b4175f1b-8341-4f0f-bab3-198072601c29', 4, true, null),
       ('c849b9b1-67c5-4062-889c-db38484f17ab', '2efcb1c8-9270-4678-bff8-0e8353294c30', 'question', 'b4175f1b-8341-4f0f-bab3-198072601c29', 5, true, null),
       ('cf78fe65-5d70-4168-80b5-4da494a9426d', '3cf9c58b-da17-408e-a1c6-595b222c3bd8', 'group', '7a6836c1-2caf-4a0d-8e5c-5d13482a868f', 4, true, null),
       ('8260ad7f-81d2-499c-9f8c-7e67bda5ac52', '312abab2-5cf2-4268-9f30-80c602767cd8', 'question', '3cf9c58b-da17-408e-a1c6-595b222c3bd8', 1, true, null),
       ('2fda2f42-ec91-43cd-97fe-ecf281cea09d', '2427d769-5d6f-432f-b173-0757cd40525a', 'question', '3cf9c58b-da17-408e-a1c6-595b222c3bd8', 2, true, null),
       ('3deacf93-adc9-4320-ae23-f472f50dbbba', '8b303723-143f-420e-92a0-e9c719b03f7a', 'question', '3cf9c58b-da17-408e-a1c6-595b222c3bd8', 3, true, null),
       ('b6dce086-3bcf-440a-a435-06e9ce4dfddf', '3adcb022-8a57-4d6f-bf9c-b3393e2e10a1', 'question', '3cf9c58b-da17-408e-a1c6-595b222c3bd8', 4, true, '{"mandatory":{"errorMessage":"Enter a telephone number","errorSummary":"Enter a telephone number"}}'),
       ('fcb64177-3a73-4fdc-9d47-42265c67b28b', 'de52005f-ef0d-462d-b133-e1db53962f44', 'question', '3cf9c58b-da17-408e-a1c6-595b222c3bd8', 5, true, null),
       ('6ccc8eb6-2895-4f96-9c14-7fe29654176e', 'f4d610ff-ae10-48ba-b981-3a1eed8b3122', 'question', '3cf9c58b-da17-408e-a1c6-595b222c3bd8', 6, true, '{"mandatory":{"errorMessage":"select a LDU","errorSummary":"Select a LDU"}}'),
       ('38647a80-3567-4444-974b-fdb38f6a4547', '3e8e66b4-8d76-4df3-aa60-7eaad4bf67fa', 'question', '3cf9c58b-da17-408e-a1c6-595b222c3bd8', 7, true, '{"mandatory":{"errorMessage":"Select a team","errorSummary":"Select a team"}}'),
       ('3d1280e5-1848-47e6-b162-9d6bbb3a3b81', '1ae396e9-5d22-4d04-963e-c0b95c7959cb', 'question', '3cf9c58b-da17-408e-a1c6-595b222c3bd8', 8, true, null),
       ('221d60f4-c428-46c6-b830-51014bf75e6f', '2daff17c-37a5-4cd8-90ce-f081fdf400c5', 'question', '3cf9c58b-da17-408e-a1c6-595b222c3bd8', 9, true, null),
       ('4428bbc3-f421-48f0-9a95-e889b60a0ce7', '2b099fcd-1732-40d2-b151-21689944ad4f', 'question', '3cf9c58b-da17-408e-a1c6-595b222c3bd8', 10, true, null),
       ('c8064b46-5135-4ebd-9311-702995e24696', 'bf9cec3a-1a05-47c8-9b2f-7aec55230c46', 'group', '7a6836c1-2caf-4a0d-8e5c-5d13482a868f', 5, true, null),
       ('571b8d03-54f8-49de-a5da-4a2af3d6aa09', '16d6b1f4-da62-4d95-8219-c95ff0fab181', 'question', 'bf9cec3a-1a05-47c8-9b2f-7aec55230c46', 1, true, null),
       ('1bcc1390-8fbb-4d9e-a490-e0fe0da3a71d', '53806a1b-4313-49c6-9c5f-5b382e550cc3', 'question', 'bf9cec3a-1a05-47c8-9b2f-7aec55230c46', 2, true, null),
       ('2cc331dd-5572-4851-a23d-bc1584f1b08a', '51518635-1c98-46ef-85c2-f61ba33cb3f6', 'question', 'bf9cec3a-1a05-47c8-9b2f-7aec55230c46', 3, true, null),
       ('15fdcd0a-8400-4cb8-80a1-1f5ecf47b3fe', '60cb7940-532f-43e7-9bc8-3fcae577fba4', 'question', 'bf9cec3a-1a05-47c8-9b2f-7aec55230c46', 4, true, null),
       ('f40bfe38-93d7-4dc1-b1de-2fa2bd9d6f33', '32d43adc-80dd-4ee8-8999-fda03cfdefbf', 'question', 'bf9cec3a-1a05-47c8-9b2f-7aec55230c46', 5, true, null),
       ('bcca7f60-f9e6-42ea-8c0a-008919df3d2b', '7c2fcceb-97c6-4e7d-a72c-540cbb50dde3', 'question', 'bf9cec3a-1a05-47c8-9b2f-7aec55230c46', 6, true, null),
       ('bc6f087f-0735-416c-91f4-3d818a650972', 'ffea3fa4-f56e-4b42-8b99-0bd4bfebce7c', 'question', 'bf9cec3a-1a05-47c8-9b2f-7aec55230c46', 7, true, null),
       ('95d188d8-9eee-40e4-8c37-26b2f26b0cc5', '8a426704-ff5a-47cd-8466-57a8adc85a02', 'question', 'bf9cec3a-1a05-47c8-9b2f-7aec55230c46', 8, true, null),
       ('575cb607-7e31-4a48-998b-3216293f8510', 'a4fcffba-06e9-41dc-bda3-5d87675f32c0', 'question', 'bf9cec3a-1a05-47c8-9b2f-7aec55230c46', 9, true, '{"mandatory":{"errorMessage":"Enter the number of court appearances at which convicted, or received a conditional or absolute discharge aged under 18 years","errorSummary":"Enter the number of court appearances at which convicted, or received a conditional or absolute discharge aged under 18 years"}}'),
       ('2755cf70-79dd-4a73-b954-07844cc2bb77', 'cbdd7f91-c65a-4224-bb46-0160d01fc575', 'question', 'bf9cec3a-1a05-47c8-9b2f-7aec55230c46', 10, true, '{"mandatory":{"errorMessage":"Enter the number of court appearances at which convicted, or received a conditional or absolute discharge aged 18 years and over. Do not include current appearances.","errorSummary":"Enter the number of court appearances at which convicted, or received a conditional or absolute discharge aged 18 years and over. Do not include current appearances."}}'),
       ('42f95d53-e7ee-46b3-bc87-1cc8a57e3497', 'e750a338-5eb4-4c63-ad6a-3523478b4e60', 'question', 'bf9cec3a-1a05-47c8-9b2f-7aec55230c46', 11, true, '{"mandatory":{"errorMessage":"Enter age","errorSummary":"Enter age"}}'),
       ('44fcc389-8ed0-4eb2-97da-d18314df547a', '256d742c-ad6d-40d1-b0cb-7bfa70ca453e', 'question', 'bf9cec3a-1a05-47c8-9b2f-7aec55230c46', 12, true, '{"mandatory":{"errorMessage":"Enter the number of previous formal cautions, reprimands and final warnings","errorSummary":"Enter the number of previous formal cautions, reprimands and final warnings"}}'),
       ('9517670e-a999-402d-9b00-4d07878177f3', 'ea173a3e-d027-4694-8268-5b18fc2c3db7', 'question', 'bf9cec3a-1a05-47c8-9b2f-7aec55230c46', 13, true, '{"mandatory":{"errorMessage":"Enter the sum of previous convictions, conditional or absolute discharges, cautions, reprimands or final warnings included any violent offences","errorSummary":"Enter the sum of previous convictions, conditional or absolute discharges, cautions, reprimands or final warnings included any violent offences"}}'),
       ('d7b41171-4e9c-4ca6-977c-499224cb2f65', 'fb542f3d-f79f-43b0-8521-ce3be8cca98a', 'question', 'bf9cec3a-1a05-47c8-9b2f-7aec55230c46', 14, true, null),
       ('1e470b6a-1a89-42d2-8fde-01206a8d8d71', 'd3abfe3f-dd10-4c85-b24e-ddb2fda1de05', 'question', 'bf9cec3a-1a05-47c8-9b2f-7aec55230c46', 15, true, null),
       ('620b7c55-ccb7-4f6c-a577-23b3a73a6212', '94ca1a58-34c3-4c3d-aafa-77be9db4f755', 'group', '7a6836c1-2caf-4a0d-8e5c-5d13482a868f', 6, true, null),
       ('f606c0b8-2a8e-45c6-a149-61eee3e84ef5', '15f764d8-d675-42d7-bf5c-d7722042b41c', 'question', '94ca1a58-34c3-4c3d-aafa-77be9db4f755', 1, true, '{"mandatory":{"errorMessage":"Explain why the offence occured","errorSummary":"Explain why the offence occured"}}'),
       ('fdf3309b-98e6-41b8-b795-475824e13354', '255d446f-82e9-41d1-8a3c-6c44d2a125d4', 'question', '94ca1a58-34c3-4c3d-aafa-77be9db4f755', 2, true, '{"mandatory":{"errorMessage":"Select yes or no","errorSummary":"Select yes or no (accepting responsibility)"}}'),
       ('022fcaf6-e499-4c07-be83-b7e7f06f6e6e', '7f5af985-d520-4915-abb3-9d1e6b5ca2d1', 'question', '94ca1a58-34c3-4c3d-aafa-77be9db4f755', 3, true, '{"mandatory":{"errorMessage":"Enter details","errorSummary":"Enter details"}}'),
       ('6f3936d1-1906-4f3e-89e5-3b535bd70a27', 'c5fb8bbd-9aae-43c8-93f5-c432e7011232', 'question', '94ca1a58-34c3-4c3d-aafa-77be9db4f755', 4, true, '{"mandatory":{"errorMessage":"Select yes or no","errorSummary":" Select yes or no (recognising impact and consequences)"}}'),
       ('39638eff-071a-437f-9074-442654d26db1', '1be1e111-1e86-4489-a6bc-a0f23bdfc59c', 'question', '94ca1a58-34c3-4c3d-aafa-77be9db4f755', 5, true, '{"mandatory":{"errorMessage":"Enter details","errorSummary":"Enter details"}}'),
       ('f81087af-1a37-405d-b6e8-f8dd52367824', 'e0e6c991-6bd3-4e26-837b-5a186fab83c5', 'question', '94ca1a58-34c3-4c3d-aafa-77be9db4f755', 6, true, '{"mandatory":{"errorMessage":"Select yes or no","errorSummary":"Select yes or no (offences indicate an escalation in seriousness)"}}'),
       ('100dbf27-c755-4c19-a14f-4e4f5107d35d', '5e5bbb70-b1c1-495d-98b6-d7cbfa1e2b22', 'question', '94ca1a58-34c3-4c3d-aafa-77be9db4f755', 7, true, '{"mandatory":{"errorMessage":"Enter details","errorSummary":"Enter details"}}'),
       ('439155a9-e1e4-4371-a639-a7e9f53afa20', '79bf77e3-4abe-490a-9bf5-e2276787c959', 'question', '94ca1a58-34c3-4c3d-aafa-77be9db4f755', 8, true, '{"mandatory":{"errorMessage":"Select yes or no","errorSummary":"Select yes or no (pattern of offending)"}}'),
       ('2d458d96-e3eb-4e2a-8237-4f07d60b3eda', '614894b4-7c92-42a8-ab40-6cc93ad6dd2a', 'question', '94ca1a58-34c3-4c3d-aafa-77be9db4f755', 9, true, '{"mandatory":{"errorMessage":"Enter details","errorSummary":"Enter details"}}'),
       ('717d181b-f49b-410f-ace9-37fc83e1d067', '429217c7-bd11-4826-bec6-095031fef2fc', 'question', '94ca1a58-34c3-4c3d-aafa-77be9db4f755', 10, true, '{"mandatory":{"errorMessage":"Select yes or no","errorSummary":"Select yes or no (sexual or sexually-motivated offence)"}}'),
       ('29fdcdcc-2c57-45cf-8a99-12e105f2b47a', 'e18f4ebc-63bf-4ada-8b22-0a447921a45e', 'question', '94ca1a58-34c3-4c3d-aafa-77be9db4f755', 11, true, '{"mandatory":{"errorMessage":"Enter a date","errorSummary":"Enter a date"}}'),
       ('f8f3441c-1fdb-4983-9f93-826ca6e7dbc3', 'f96359c6-44c4-479b-b13a-81ccfb337238', 'question', '94ca1a58-34c3-4c3d-aafa-77be9db4f755', 12, true, '{"mandatory":{"errorMessage":"Select yes or no","errorSummary":"Select yes or no (contact against a stranger victim)"}}'),
       ('bb192577-2c13-458b-bce6-03aed2b1641e', 'f2e881af-0056-480e-b929-3efbc78d6916', 'question', '94ca1a58-34c3-4c3d-aafa-77be9db4f755', 13, true, '{"mandatory":{"errorMessage":"Enter the date of the most recent sanction involving a sexual or sexually motivated offence","errorSummary":"Enter the date of the most recent sanction involving a sexual or sexually motivated offence"}}'),
       ('fa972a07-0fed-4ee9-b0d6-a27085af4a4c', 'e80b12a7-77db-47f2-9515-53e98032fda6', 'question', '94ca1a58-34c3-4c3d-aafa-77be9db4f755', 14, true, '{"mandatory":{"errorMessage":"Enter the number of previous or current sanctions involving contact adult sexual or sexually motivated offences","errorSummary":"Enter the number of previous or current sanctions involving contact adult sexual or sexually motivated offences"}}'),
       ('4ca9ea23-9d4a-429d-b397-01dde70512f4', '4c640081-63b6-4686-bbd9-949c5121ac4e', 'question', '94ca1a58-34c3-4c3d-aafa-77be9db4f755', 15, true, '{"mandatory":{"errorMessage":"Enter the number of previous or current sanctions involving contact child sexual or sexually offences","errorSummary":"Enter the number of previous or current sanctions involving contact child sexual or sexually motivated offences"}}'),
       ('0c57e2a7-0741-40a9-ab10-3e19408a3cd5', '53408616-5714-4681-991c-acb84598e98b', 'question', '94ca1a58-34c3-4c3d-aafa-77be9db4f755', 16, true, '{"mandatory":{"errorMessage":"Enter the number of previous or current sanctions involving indecent child image sexual or sexually motivated offences","errorSummary":"Enter the number of previous or current sanctions involving indecent child image sexual or sexually motivated offences"}}'),
       ('58ae7e23-9abb-40c5-ba87-238cd4dd9d04', '70782364-46a1-4baa-989d-1a1979c5e8e6', 'question', '94ca1a58-34c3-4c3d-aafa-77be9db4f755', 17, true, '{"mandatory":{"errorMessage":"Number of previous or current sanctions involving other non-contact sexual or sexually motivated offences","errorSummary":"Number of previous or current sanctions involving other non-contact sexual or sexually motivated offences"}}'),
       ('fe5cbc4c-3679-4f78-9917-063a17e6adda', 'f6488bd9-304f-4b68-89b5-b447cc82eae4', 'question', '94ca1a58-34c3-4c3d-aafa-77be9db4f755', 18, true, '{"mandatory":{"errorMessage":"Select yes or no","errorSummary":"Select yes or no (interview completion)"}}'),
       ('380ec6c1-f64b-4401-b09e-7306555248e2', 'b2f905df-a9f3-4cc1-8f4e-42ffa44c32eb', 'question', '94ca1a58-34c3-4c3d-aafa-77be9db4f755', 19, true, '{"mandatory":{"errorMessage":"Select yes or no","errorSummary":"Select yes or no (previous convictions)"}}'),
       ('cd39f751-046d-4339-9420-adbb07a8e009', '886fa462-a83f-4fec-aeaf-2c8e24b1c527', 'question', '94ca1a58-34c3-4c3d-aafa-77be9db4f755', 20, true, '{"mandatory":{"errorMessage":"Select yes or no","errorSummary":"Select yes or no (carrying or using weapon)"}}'),
       ('5424169d-95bc-49cb-bef2-4f93ae3e26c1', '41ce9ee5-e93c-48d4-9317-a9e28fe5ddcc', 'question', '94ca1a58-34c3-4c3d-aafa-77be9db4f755', 21, true, '{"mandatory":{"errorMessage":"","errorSummary":""}}'),
       ('0f43096a-e868-4363-a728-e293bae90729', '8dc2ee37-37fd-415b-bc61-d1db0c70055b', 'group', '7a6836c1-2caf-4a0d-8e5c-5d13482a868f', 7, true, null),
       ('eb20e6a2-ffe3-4e07-88a1-dae22a188465', 'cb2f1ca9-5cd0-4ca2-8b77-e38c5de1e1c3', 'question', '8dc2ee37-37fd-415b-bc61-d1db0c70055b', 1, true, null),
       ('05501e1d-8941-4a24-8d8f-762dcd1341a5', '5d10ee30-1ac8-4e68-b277-5d58b9e91c45', 'question', '8dc2ee37-37fd-415b-bc61-d1db0c70055b', 2, true, null),
       ('7a8b5d8e-9d90-427e-93c3-a51a5a7abd96', 'd6e74ab2-3c79-42be-bf1e-79b78749237d', 'question', '8dc2ee37-37fd-415b-bc61-d1db0c70055b', 3, true, null),
       ('472ff5f5-f461-461b-a623-3f971028d6d9', 'd857a037-55fc-4ef5-9c47-8eeea1a55cd8', 'group', '7a6836c1-2caf-4a0d-8e5c-5d13482a868f', 8, true, null),
       ('1643e4b7-5fa8-4b97-85e4-b70b9274060b', '5374ff47-8fa4-4fc5-9f9c-710ce668b518', 'question', 'd857a037-55fc-4ef5-9c47-8eeea1a55cd8', 1, true, null),
       ('5677db39-23e2-4526-8a64-7282e43c0985', '6eff3480-7904-421f-b41b-ef9800912b4d', 'group', '7a6836c1-2caf-4a0d-8e5c-5d13482a868f', 9, true, null),
       ('60ce248d-1ee5-426c-b55e-9ec189763e34', '99fdeea4-84a0-465d-ab98-7e2b9fbfd869', 'question', '6eff3480-7904-421f-b41b-ef9800912b4d', 1, true, '{"mandatory":{"errorMessage":"Select the degree to which this is an issue","errorSummary":"Select the degree to which this is an issue (suitability of accommodation)"}}'),
       ('a0834b4f-7060-4376-acf8-2a755127caf3', '75fbf51f-b8f1-4761-ae94-3dd5baa9d26b', 'question', '6eff3480-7904-421f-b41b-ef9800912b4d', 2, true, '{"mandatory":{"errorMessage":"Enter details","errorSummary":"Enter details"}}'),
       ('6b03b391-4ea2-4a42-90be-9fd6687e214d', '80be82fd-d3c5-4ddd-bb7e-c5a88860b592', 'question', '6eff3480-7904-421f-b41b-ef9800912b4d', 3, true, '{"mandatory":{"errorMessage":"Select yes or no","errorSummary":"Select yes or no (accommodation issues linked to offending behaviour)"}}'),
       ('07f02fea-a24c-4aae-8dcc-8e8b37517748', '8e4a2591-9876-4437-9c0e-0c0e07ff2138', 'question', '6eff3480-7904-421f-b41b-ef9800912b4d', 4, true, '{"mandatory":{"errorMessage":"Select the accommodation type","errorSummary":"Select the accommodation type"}}'),
       ('df790b75-48e5-4996-9e24-4699362c0000', '4d725ceb-2341-46e1-bf78-955965ca3c11', 'question', '6eff3480-7904-421f-b41b-ef9800912b4d', 5, true, '{"mandatory":{"errorMessage":"Enter details","errorSummary":"Enter details"}}'),
       ('429efdd6-eccf-4a10-bd3c-7778a77ee64b', 'e660edef-b77d-461d-980b-3b7c8c0dffea', 'question', '6eff3480-7904-421f-b41b-ef9800912b4d', 6, true, '{"mandatory":{"errorMessage":"Select yes or no","errorSummary":"Select yes or no (ETE or skills linked to offending behaviour)"}}'),
       ('7ef66bcf-bc42-4ca4-8135-e7d3a2beb5a1', 'e7426008-d027-4b91-9869-fa8b3caf7856', 'question', '6eff3480-7904-421f-b41b-ef9800912b4d', 7, true, '{"mandatory":{"errorMessage":"","errorSummary":"Enter yes or no (unemployed now or on release)"}}'),
       ('2ddaa620-6abb-4d42-858d-a9312e4f4d55', '1d8f15da-1cc4-4ef1-8264-c3654a1d3251', 'question', '6eff3480-7904-421f-b41b-ef9800912b4d', 8, true, '{"mandatory":{"errorMessage":"Select the education, training and employability status","errorSummary":"Select the education, training and employability status\n"}}'),
       ('3124fcfd-10d8-4de8-8ca4-e05fcb322d17', '97c0e370-7e79-4518-9c75-e8f2cdd0c232', 'question', '6eff3480-7904-421f-b41b-ef9800912b4d', 9, true, '{"mandatory":{"errorMessage":"Enter details","errorSummary":"Enter details"}}'),
       ('cfaa82aa-5e04-4eb1-9516-390814a6c6fa', '253381b7-7cbb-45b3-957f-bbc5c90e04ed', 'question', '6eff3480-7904-421f-b41b-ef9800912b4d', 10, true, '{"mandatory":{"errorMessage":"Enter the hours of work or education / training per week","errorSummary":"Enter the hours of work or education / training per week"}}'),
       ('67d8aa81-06f6-42a6-b3a0-564403af2719', '319b009a-4430-4a94-bde7-1747a6ed7724', 'question', '6eff3480-7904-421f-b41b-ef9800912b4d', 11, true, '{"mandatory":{"errorMessage":"Select yes or no","errorSummary":"Select yes or no (financial issues linked to offending behaviour)"}}'),
       ('9e5e0fef-5462-47ce-842b-d39b7dec118f', '047b531b-085c-4199-8389-a18250bce2a9', 'question', '6eff3480-7904-421f-b41b-ef9800912b4d', 12, true, '{"mandatory":{"errorMessage":"Enter details","errorSummary":"Enter details"}}'),
       ('113fce4d-d7ac-4576-8e52-35dab43d509d', '2216d30f-7e12-4b37-99de-bed277cddba1', 'question', '6eff3480-7904-421f-b41b-ef9800912b4d', 13, true, '{"mandatory":{"errorMessage":"Select the degree to which this is an issue","errorSummary":"Select the degree to which this is an issue (current relationship with partner)"}}'),
       ('645726e3-3d46-4542-adf0-04a4853697f1', '1f072466-a69b-44d0-8c21-8b55b6245c3c', 'question', '6eff3480-7904-421f-b41b-ef9800912b4d', 14, true, '{"mandatory":{"errorMessage":"Select yes or no","errorSummary":"Select yes or no (perpetrator of domestic violence or partner abuse?)"}}'),
       ('7d58b115-2ab0-4446-85de-9ee783754801', '94907086-bca9-433d-8340-e506bd7f528b', 'question', '6eff3480-7904-421f-b41b-ef9800912b4d', 15, true, '{"mandatory":{"errorMessage":"Select victim or perpetrator","errorSummary":"Select victim or perpetrator"}}'),
       ('2a979891-2bea-45fc-bc76-0ca22b3d27a6', '4837955c-15d5-4c25-8495-fe026ac40d28', 'question', '6eff3480-7904-421f-b41b-ef9800912b4d', 16, true, '{"mandatory":{"errorMessage":"Enter details","errorSummary":"Enter details"}}'),
       ('1f5ad36a-0bab-4a25-824f-76a60deb8be2', '4a5b2bcd-a677-4535-a9f9-82f0d965f5dc', 'question', '6eff3480-7904-421f-b41b-ef9800912b4d', 17, true, '{"mandatory":{"errorMessage":"Select the degree to which this is an issue","errorSummary":"Select the degree to which this is an issue (current use of alcohol)"}}'),
       ('d78563f3-bae0-4fbc-9208-0ffefeb098f9', '4418674e-d0ad-408f-a8ef-d0fd4ba66129', 'question', '6eff3480-7904-421f-b41b-ef9800912b4d', 18, true, '{"mandatory":{"errorMessage":"Enter details","errorSummary":"Enter details"}}'),
       ('c9d0cfc2-44c1-4893-80ab-84fd205381b8', 'b7291ccb-72f2-483a-9b79-bf0ec85362fd', 'question', '6eff3480-7904-421f-b41b-ef9800912b4d', 19, true, '{"mandatory":{"errorMessage":"Select the degree to which this is an issue","errorSummary":"Select the degree to which this is an issue (evidence of binge drinking or excessive alcohol use)"}}'),
       ('21fd4aba-ceee-426e-97ef-64163d846db1', '7071d19e-1a8c-4a50-9c88-6f40e3fd4387', 'question', '6eff3480-7904-421f-b41b-ef9800912b4d', 20, true, '{"mandatory":{"errorMessage":"Enter details","errorSummary":"Enter details"}}'),
       ('6b8a0e0e-510d-4f6a-9086-50815cc43f3b', '174570cf-da74-458f-aa5f-667978c1ba60', 'question', '6eff3480-7904-421f-b41b-ef9800912b4d', 21, true, '{"mandatory":{"errorMessage":"Select yes or no","errorSummary":"Select yes or no (specialist assessment)"}}'),
       ('457c1110-dbf2-4ff3-a186-35b3bbcc3a65', '19936d8d-6f46-475d-b1c3-7e01de18d560', 'question', '6eff3480-7904-421f-b41b-ef9800912b4d', 22, true, '{"mandatory":{"errorMessage":"Enter details","errorSummary":"Enter details"}}'),
       ('a298d030-7f4e-47f3-a811-6098e004f972', '4077c218-3a16-4b92-9f98-bdd33cee476b', 'question', '6eff3480-7904-421f-b41b-ef9800912b4d', 23, true, '{"mandatory":{"errorMessage":"Select yes or no","errorSummary":"Select yes or no (drug misuse linked to offending behaviour)"}}'),
       ('661de715-b468-43f0-a9af-35cba387c063', 'ef018645-b846-4022-b290-1e7d3d380b4d', 'question', '6eff3480-7904-421f-b41b-ef9800912b4d', 24, true, '{"mandatory":{"errorMessage":"Enter details","errorSummary":"Enter details"}}'),
       ('0fda8207-9d65-4a42-ae55-a6744733665b', '0419944f-ad54-4035-bef0-dca3bda4ff64', 'question', '6eff3480-7904-421f-b41b-ef9800912b4d', 25, true, '{"mandatory":{"errorMessage":"Select yes or no","errorSummary":"Select yes or no (frequency of current ot recent drug misuse)"}}'),
       ('850fa2be-1b46-4eec-85f3-8785d020ac12', '36b63eb5-eb30-4f91-9b7f-91b0b70771ec', 'question', '6eff3480-7904-421f-b41b-ef9800912b4d', 26, true, '{"mandatory":{"errorMessage":"Enter details","errorSummary":"Enter details"}}'),
       ('1a784529-e80d-45bc-9fee-121f61027ca4', 'db85cfb1-bf5e-4852-bfe8-137f44570cab', 'question', '6eff3480-7904-421f-b41b-ef9800912b4d', 27, true, '{"mandatory":{"errorMessage":"Select yes, no or in part","errorSummary":"Select yes, no or in part (motivation to tackle drug misuse)"}}'),
       ('184b112e-24c2-4a78-9ed2-9e7676166626', 'c2286683-e3ce-471a-bdd1-208496c8b60f', 'question', '6eff3480-7904-421f-b41b-ef9800912b4d', 28, true, '{"mandatory":{"errorMessage":"Enter details","errorSummary":"Enter details"}}'),
       ('6cc1c59f-127d-4351-8ffe-4871856d8e5b', 'c82a8b62-25c6-4c65-bd21-a4755f2f917c', 'question', '6eff3480-7904-421f-b41b-ef9800912b4d', 29, true, '{"mandatory":{"errorMessage":"Select yes or no","errorSummary":"Select yes or no (mental health linked to offending behaviour)"}}'),
       ('38dbf862-0490-4c4e-a896-5f83165c1d41', '6ee68b47-0ee5-4917-82cd-dff1e2a9c4a2', 'question', '6eff3480-7904-421f-b41b-ef9800912b4d', 30, true, '{"mandatory":{"errorMessage":"Enter details","errorSummary":"Enter details"}}'),
       ('7a635397-7528-466b-9949-2c27aa3abce1', '7b1dd1c7-bfcf-4d8b-9bf5-a66e962345da', 'question', '6eff3480-7904-421f-b41b-ef9800912b4d', 31, true, '{"mandatory":{"errorMessage":"Select yes or no","errorSummary":"Select yes or no (mental health issues: current or history)"}}'),
       ('1de623f6-4d3c-4d09-8b22-2247f1c243d4', '7c52e069-98bc-44ed-bf9a-d70f2e056ddc', 'question', '6eff3480-7904-421f-b41b-ef9800912b4d', 32, true, '{"mandatory":{"errorMessage":"Enter details","errorSummary":"Enter details"}}'),
       ('6f6aa126-34c3-4c2b-b77c-1f1ad6811f74', '4900367d-7003-4366-b211-9812495b39ec', 'question', '6eff3480-7904-421f-b41b-ef9800912b4d', 33, true, '{"mandatory":{"errorMessage":"Select evidence","errorSummary":"Select evidence"}}'),
       ('db225be0-7e69-4ea7-b792-df32edd1cd6f', 'a79f377e-abcc-491d-87bb-cf52fcb8a5ca', 'question', '6eff3480-7904-421f-b41b-ef9800912b4d', 34, true, '{"mandatory":{"errorMessage":"Enter details","errorSummary":"Enter details"}}'),
       ('1b7da6ba-3961-426f-903f-d87e21d4a2c8', 'ef9fba87-e39b-4958-96fa-0da97df03d38', 'question', '6eff3480-7904-421f-b41b-ef9800912b4d', 35, true, '{"mandatory":{"errorMessage":"Select yes or no","errorSummary":"Select yes or no (coping in custody or hostel setting)"}}'),
       ('9e568f0c-1d01-4d60-abfe-84a7034eff25', '91e82c31-1a74-4ef6-8409-ed7933a9c951', 'question', '6eff3480-7904-421f-b41b-ef9800912b4d', 36, true, '{"mandatory":{"errorMessage":"Enter details","errorSummary":"Enter details"}}'),
       ('0f53be39-5e28-4306-9b40-2078c3a5c09e', '988df7c9-df3b-402c-b1ad-ad79d72aa5cc', 'question', '6eff3480-7904-421f-b41b-ef9800912b4d', 37, true, '{"mandatory":{"errorMessage":"Select yes or no","errorSummary":"Select yes or no (specialist mental health report)"}}'),
       ('701612be-8eb3-4613-987f-c93e0d80c842', 'b8b9d461-0d3b-4da2-9898-1dbd525ad0b6', 'question', '6eff3480-7904-421f-b41b-ef9800912b4d', 38, true, '{"mandatory":{"errorMessage":"Enter details","errorSummary":"Enter details"}}'),
       ('4dc966fe-b926-4f73-bfc9-363c94f50afa', '8ec6ecc3-8213-4a23-bdaa-2901d6c4c3c4', 'question', '6eff3480-7904-421f-b41b-ef9800912b4d', 39, true, '{"mandatory":{"errorMessage":"Select yes or no","errorSummary":"Select yes or no (are thinking and behaviour a relevant factor)"}}'),
       ('942db1ff-6ba8-4353-b931-69e6d9cdbdd3', '9156cbf9-a1a4-4924-8de5-16921648fa66', 'question', '6eff3480-7904-421f-b41b-ef9800912b4d', 40, true, '{"mandatory":{"errorMessage":"Select the degree to which this is an issue","errorSummary":"Select the degree to which this is an issue (impulsivity)"}}'),
       ('811999f3-a20d-4ef0-bedd-c51bd20062b4', '710a8d8b-2761-42e6-996f-af8b8062e9a5', 'question', '6eff3480-7904-421f-b41b-ef9800912b4d', 41, true, '{"mandatory":{"errorMessage":"Enter details","errorSummary":"Enter details"}}'),
       ('58cb1a5e-4ef3-4e93-a462-6038843eba42', '7465ff4d-4400-4c23-8ce5-60aab3aaa133', 'question', '6eff3480-7904-421f-b41b-ef9800912b4d', 42, true, '{"mandatory":{"errorMessage":"Select the degree to which this is an issue","errorSummary":"Select the degree to which this is an issue (temper control)"}}'),
       ('3f1655d6-e1be-4f8b-b7a5-d995fdbc8e40', 'd7dcb1c0-a0cf-4ad3-ad7d-e0afb1e92a65', 'question', '6eff3480-7904-421f-b41b-ef9800912b4d', 43, true, '{"mandatory":{"errorMessage":"Select the degree to which this is an issue","errorSummary":"Select the degree to which this is an issue (pro-criminal attitudes)"}}'),
       ('54f53a1f-b0e3-4b03-8492-1a718043dd68', '5c997bbc-32ad-4839-b8f0-dee30b6f7ab0', 'question', '6eff3480-7904-421f-b41b-ef9800912b4d', 44, true, '{"mandatory":{"errorMessage":"Select yes or no","errorSummary":"Select yes or no (inadequate social or interpersonal skills)"}}'),
       ('22b1031f-1b8a-4056-9141-f6c549f09333', 'c05516de-2274-4019-b480-652bfe1c07a9', 'question', '6eff3480-7904-421f-b41b-ef9800912b4d', 45, true, '{"mandatory":{"errorMessage":"Enter details","errorSummary":"Enter details"}}'),
       ('42949412-0671-4f18-96a1-5da075fdc117', '871f122a-1619-4579-add1-b7f386b789df', 'question', '6eff3480-7904-421f-b41b-ef9800912b4d', 46, true, '{"mandatory":{"errorMessage":"Select yes or no","errorSummary":"Select yes or no (inappropriate problem-solving strategies)"}}'),
       ('f780c396-fffb-456b-9231-f5b95bd63135', '03a06b83-291e-4473-a281-3373c0852dea', 'question', '6eff3480-7904-421f-b41b-ef9800912b4d', 47, true, '{"mandatory":{"errorMessage":"Enter details","errorSummary":"Enter details"}}'),
       ('f157dbce-ab19-4048-af54-7119fd40d5da', '859a2244-c44c-4ef9-afa9-9b517ccb326d', 'question', '6eff3480-7904-421f-b41b-ef9800912b4d', 48, true, '{"mandatory":{"errorMessage":"Select yes or no","errorSummary":"Select yes or no (difficulty understanding others'' point of view)"}}'),
       ('6661f069-e3e2-4545-98ef-02a27a2b981e', '9f2981bf-2162-4954-b339-1ba5e470c50a', 'question', '6eff3480-7904-421f-b41b-ef9800912b4d', 49, true, '{"mandatory":{"errorMessage":"Enter details","errorSummary":"Enter details"}}'),
       ('35e28034-e105-496f-9067-d992054e834e', '8d993a33-c42b-4173-aee1-ce5db834be4f', 'question', '6eff3480-7904-421f-b41b-ef9800912b4d', 50, true, '{"mandatory":{"errorMessage":"Select yes, no, or in part","errorSummary":"Select yes or no (anti-social or discriminatory attitudes or behaviour associated with offending)"}}'),
       ('c5db85b9-3751-49e5-ad9f-987f7bd8b426', 'f1caaff2-93fd-408e-9c78-28df0a9e16a2', 'question', '6eff3480-7904-421f-b41b-ef9800912b4d', 51, true, '{"mandatory":{"errorMessage":"Enter details","errorSummary":"Enter details"}}'),
       ('5def5a82-df37-4888-94a9-3377ea13b2ba', 'db46788b-1893-443a-82d7-dd1c7f7c5bd4', 'question', '6eff3480-7904-421f-b41b-ef9800912b4d', 52, true, '{"mandatory":{"errorMessage":"Enter details","errorSummary":"Enter details"}}'),
       ('c700a6f8-b658-4ac6-a07e-e29a1f98cdd9', '6cc8445a-3a1e-4bdb-9c6f-0372fa4d7914', 'question', '6eff3480-7904-421f-b41b-ef9800912b4d', 53, true, '{"mandatory":{"errorMessage":"Select yes or no","errorSummary":"Select yes or no (evidence of the individual experiencing trauma)"}}'),
       ('4f49c8db-ede6-4b06-aa08-e5c61dac05d0', 'e3eb33fd-736d-42ad-9096-51d12b481667', 'question', '6eff3480-7904-421f-b41b-ef9800912b4d', 54, true, '{"mandatory":{"errorMessage":"Select yes or no","errorSummary":"Select yes or no (caring responsibilities)"}}'),
       ('a320a84b-08ee-4d3d-8aed-9a8b422bfa31', '8a301cf2-33f7-4184-9bdd-a163c79d6e49', 'question', '6eff3480-7904-421f-b41b-ef9800912b4d', 55, true, '{"mandatory":{"errorMessage":"Select yes or no","errorSummary":"Select yes or no (risk assessment)"}}'),
       ('508aaa06-82c3-4d0d-801d-dfc1b95556e6', '901621ac-ae9c-494e-b268-2e3890015c8b', 'group', '7a6836c1-2caf-4a0d-8e5c-5d13482a868f', 10, true, null),
       ('0fa452c9-cb12-4bdb-8265-d6b1251b060b', '63bb6e43-84df-403d-afa8-68c3e50bbc92', 'question', '901621ac-ae9c-494e-b268-2e3890015c8b', 1, true, '{"mandatory":{"errorMessage":"Select any previous convictions","errorSummary":"Select any previous convictions"}}'),
       ('45d8f51b-57af-49eb-a3e5-d573510f837f', '36238cae-3c75-4bc5-8038-139be175550f', 'question', '901621ac-ae9c-494e-b268-2e3890015c8b', 2, true, null),
       ('dfd441a9-d926-489f-ad86-e4cb71a01855', 'a71fedbb-4d21-4863-975d-2d8b46aed79b', 'question', '901621ac-ae9c-494e-b268-2e3890015c8b', 3, true, null),
       ('1983d59b-d9ac-45fa-a093-d092336d0ca6', '04374d0d-cadb-4b44-8372-b4cf7fa5a659', 'question', '901621ac-ae9c-494e-b268-2e3890015c8b', 4, true, null),
       ('78a3f487-96b9-4468-a6bd-5605d0ea89b3', '0edb9e81-8358-4fca-86a6-14dde9d96720', 'question', '901621ac-ae9c-494e-b268-2e3890015c8b', 5, true, null),
       ('5fc89279-398f-420f-8045-7be33367dc67', '18ac0ca0-a223-4a15-875b-8979d4046c51', 'question', '901621ac-ae9c-494e-b268-2e3890015c8b', 6, true, null),
       ('75d78232-52b0-4338-a35b-448e5d8cbd0f', '78f226ff-6e15-46a4-997b-da96a84b0860', 'question', '901621ac-ae9c-494e-b268-2e3890015c8b', 7, true, null),
       ('7cabf1be-6d39-44cb-a9b8-4d1d8c3fbb15', '7c0d75e3-f874-48a0-9b0f-b03a12107485', 'question', '901621ac-ae9c-494e-b268-2e3890015c8b', 8, true, null),
       ('ef74f849-d099-41b3-b9cc-6840a17afdcc', '4e3b705e-a7bc-4798-9723-309819c5651d', 'question', '901621ac-ae9c-494e-b268-2e3890015c8b', 9, true, null),
       ('1e52619d-0d20-4e40-bac1-0c25ca8601ff', 'ba549703-6b01-49d6-a951-f8df6b324531', 'question', '901621ac-ae9c-494e-b268-2e3890015c8b', 10, true, null),
       ('d0606672-1c1d-431b-85bd-7237ca006acb', 'b4cf635f-5916-4c3c-8d89-c5c0ba7addb0', 'question', '901621ac-ae9c-494e-b268-2e3890015c8b', 11, true, null),
       ('c83c3841-d159-40ae-8dd4-6a6b2fee7fa1', 'a8c7eca9-3584-4ed6-af1f-c14cff2edf57', 'question', '901621ac-ae9c-494e-b268-2e3890015c8b', 12, true, null),
       ('6bb5fac9-5af3-4d0d-95f3-25b80eff29ac', 'cf92c3fb-c6a3-4221-9fbd-963ac23e82b2', 'question', '901621ac-ae9c-494e-b268-2e3890015c8b', 13, true, null),
       ('d7da1f12-5cb7-49ab-a6d8-08a9e1eeb721', '0cec8293-fe12-4551-9813-b6ebfcb99dcf', 'question', '901621ac-ae9c-494e-b268-2e3890015c8b', 14, true, null),
       ('d8d01055-bd81-486b-84e5-2b42384b1465', '3b61d2a3-93fa-4520-a400-e35e025b32dd', 'question', '901621ac-ae9c-494e-b268-2e3890015c8b', 15, true, null),
       ('5101e7b0-2c69-4a39-92ec-cab019ec73b7', 'ae38181c-6808-4baf-8aee-5ce4c2d951d1', 'question', '901621ac-ae9c-494e-b268-2e3890015c8b', 16, true, null),
       ('ad298a72-b360-4a86-9bc8-1000719fead8', 'dcc34f7a-66db-4bb0-b58b-e2abae09b8f1', 'question', '901621ac-ae9c-494e-b268-2e3890015c8b', 17, true, null),
       ('d4224fce-a388-4b50-a884-24fde8e34576', '26c0144a-e612-491f-bcd1-f3b0d2c9123a', 'question', '901621ac-ae9c-494e-b268-2e3890015c8b', 18, true, '{"mandatory":{"errorMessage":"","errorSummary":""}}'),
       ('8e815fbd-44cf-49b0-8622-dbe2f45e4b24', '87ce38b4-0c07-4b27-969e-5965b0ea1bc4', 'question', '901621ac-ae9c-494e-b268-2e3890015c8b', 19, true, null),
       ('cce36920-bb2f-4133-bbb1-627c79a91c4a', '685473d7-1c5c-4872-882d-ef50f756425d', 'question', '901621ac-ae9c-494e-b268-2e3890015c8b', 20, true, null),
       ('f089f94d-c5db-451a-9479-448a9963de9a', 'e454b10c-96c2-4fcf-9fa2-6e50255ae9dc', 'question', '901621ac-ae9c-494e-b268-2e3890015c8b', 21, true, null),
       ('cc2d17d0-d2d9-4e3c-83e5-83d901cf8e65', '73bbe239-314f-4787-a20c-497ef3bfdc7c', 'question', '901621ac-ae9c-494e-b268-2e3890015c8b', 22, true, null),
       ('fcfac40a-3fac-468b-8efe-977fa58c5ecb', '2b60ea11-c0c8-44d1-a219-bc72db4bb588', 'question', '901621ac-ae9c-494e-b268-2e3890015c8b', 23, true, null),
       ('1e5d929b-cbae-4c28-96ee-6d2db6a3ed8b', 'a41bf612-400e-4fa0-a802-582c6ea922d8', 'question', '901621ac-ae9c-494e-b268-2e3890015c8b', 24, true, null),
       ('17d8dc7b-6aef-4641-abe4-8ad577fe1260', '98c230ac-f524-4422-b266-8d13fba024b9', 'question', '901621ac-ae9c-494e-b268-2e3890015c8b', 25, true, null),
       ('f1b3e17f-2022-4277-ba3b-c75c1978b13f', '24e9a6d3-376d-413a-aa9c-c2240912e5e7', 'question', '901621ac-ae9c-494e-b268-2e3890015c8b', 26, true, null),
       ('de7fbaa6-5035-420d-8a22-1dcf8c8f2dfe', '9fc11922-f584-4eee-854f-02d377f6862c', 'question', '901621ac-ae9c-494e-b268-2e3890015c8b', 27, true, null),
       ('93f94e75-9637-4213-ac63-93272e80c90d', '2866af01-de44-4d8b-8753-3a51b485937a', 'question', '901621ac-ae9c-494e-b268-2e3890015c8b', 28, true, null),
       ('d9970bf9-10b7-4283-a58b-7e6361694fd3', '124e8c11-0d13-49c6-a8e3-0558e63ad580', 'question', '901621ac-ae9c-494e-b268-2e3890015c8b', 29, true, null),
       ('9ce7eaab-8eab-46e3-ae2a-4d536e01f9f4', 'b0f6ce9a-53e4-445d-b57e-0404ca7743b3', 'question', '901621ac-ae9c-494e-b268-2e3890015c8b', 30, true, null),
       ('508921af-d955-43c7-890a-991b5e5d74f1', 'af50ceec-2686-4d4d-bdf3-17297cf9166f', 'question', '901621ac-ae9c-494e-b268-2e3890015c8b', 31, true, null),
       ('b28e9ac4-9002-49cc-b634-39b6acd92ac0', '51a13ecc-0f94-454b-94ba-40de3dfb6950', 'question', '901621ac-ae9c-494e-b268-2e3890015c8b', 32, true, null),
       ('631782c8-8863-44ca-a3da-65b29c046d5a', '0bc30c2e-f7ca-43a0-9360-a733792c7a45', 'question', '901621ac-ae9c-494e-b268-2e3890015c8b', 33, true, '{"mandatory":{"errorMessage":"Select yes, no or don''t know","errorSummary":"Select yes, no or don''t know"}}'),
       ('8aaba044-32ca-4b25-a222-5c7af3ad2f41', 'b2304db8-1bd5-4221-a47f-ec52bf8711c7', 'question', '901621ac-ae9c-494e-b268-2e3890015c8b', 34, true, '{"mandatory":{"errorMessage":"Select yes, no or don''t know","errorSummary":"Select yes, no or don''t know (concerns in relation to children)"}}'),
       ('23e44e59-68f3-463e-b02f-43a8f05756e7', 'f34e81f3-ba7b-4ca9-b1b6-a6d9348da474', 'question', '901621ac-ae9c-494e-b268-2e3890015c8b', 35, true, '{"mandatory":{"errorMessage":"Select yes, no or don''t know","errorSummary":"Select yes, no or don''t know (contacting social services)"}}'),
       ('da235652-c53f-4f46-9b26-6a15459bd3a4', '97101e19-a67b-4695-81a1-69ed7bbf6299', 'group', '7a6836c1-2caf-4a0d-8e5c-5d13482a868f', 11, true, null),
       ('27b421c5-89f4-41be-b5e4-518d2d08a92e', 'e730f3df-3de0-4d27-a6ac-0d8d1782c340', 'question', '97101e19-a67b-4695-81a1-69ed7bbf6299', 1, true, '{"mandatory":{"errorMessage":"","errorSummary":""}}'),
       ('22a686be-5293-4ace-b710-7937e9b080e1', '73a623b6-77ab-42ef-b2eb-afe57a795839', 'question', '97101e19-a67b-4695-81a1-69ed7bbf6299', 2, true, '{"mandatory":{"errorMessage":"Select yes, no or don''t know","errorSummary":"Select yes, no or don''t know (risk of suicide)"}}'),
       ('49379230-8122-433a-bea9-3b6f7464259b', 'b173d64c-66bf-4dd3-bd0e-6db7c8744e33', 'question', '97101e19-a67b-4695-81a1-69ed7bbf6299', 3, true, '{"mandatory":{"errorMessage":"Select yes, no or don''t know","errorSummary":"Select yes, no or don''t know (risk of self-harm)"}}'),
       ('467dfbb7-b542-4ae7-8af7-3a37d4ea1036', 'f3d57b93-b25a-4bb4-8fc8-30f43c10bc38', 'question', '97101e19-a67b-4695-81a1-69ed7bbf6299', 4, true, '{"mandatory":{"errorMessage":"Select yes, no or don''t know","errorSummary":"Select yes, no or don''t know (coping in custody or a hostel setting)"}}'),
       ('cc87f152-9dfc-47bc-8171-06c1407f6ff3', 'cec959d7-1ee5-4146-836d-34020b70a8a4', 'question', '97101e19-a67b-4695-81a1-69ed7bbf6299', 5, true, '{"mandatory":{"errorMessage":"Select yes, no or don''t know","errorSummary":"Select yes, no or don''t know (vulnerability)"}}'),
       ('ce069c5f-055f-4a68-9baf-997109160b95', 'b996422d-fd6d-4e84-903b-5173a62d33bd', 'group', '7a6836c1-2caf-4a0d-8e5c-5d13482a868f', 12, true, null),
       ('4980e160-b2a6-4107-95b0-c7d7357390c6', 'ad8a5614-36b3-4da7-8241-4346032d2927', 'question', 'b996422d-fd6d-4e84-903b-5173a62d33bd', 1, true, '{"mandatory":{"errorMessage":"","errorSummary":""}}'),
       ('9cf4a50b-1e1d-4d23-a867-3f7ef9386efd', '0c580215-7908-44a2-b021-e4d696be1db3', 'question', 'b996422d-fd6d-4e84-903b-5173a62d33bd', 2, true, '{"mandatory":{"errorMessage":"Select yes, no or don''t know","errorSummary":"Select yes, no or don''t know (escape or abscond)"}}'),
       ('e58c25a6-54e9-49b9-be31-a30e26da2bad', 'f6bf9bb1-c17b-4e14-8b29-1581ee325518', 'question', 'b996422d-fd6d-4e84-903b-5173a62d33bd', 3, true, '{"mandatory":{"errorMessage":"Select yes, no or don''t know","errorSummary":"Select yes, no or don''t know (control issues or disruptive behaviour)"}}'),
       ('5e2e4a56-8815-4ab1-bf13-6f12ce0e4ffe', '1537113e-8212-4a66-9d19-1b96b21e68e2', 'question', 'b996422d-fd6d-4e84-903b-5173a62d33bd', 4, true, '{"mandatory":{"errorMessage":"Select yes, no or don''t know","errorSummary":"Select yes, no or don''t know (concerns in respect of breach of trust)"}}'),
       ('60acf835-923f-436c-8ad0-ceb6fcd84cbe', '245eb137-93be-480a-9ee7-d400caf951a1', 'question', 'b996422d-fd6d-4e84-903b-5173a62d33bd', 5, true, '{"mandatory":{"errorMessage":"Select yes, no or don''t know","errorSummary":"Select yes, no or don''t know (risks to other prisoners)"}}'),
       ('55b6906b-0cc8-443d-9891-bb4324004934', 'bd1a7297-d48b-4273-abe6-1b60c8695e2c', 'question', 'b996422d-fd6d-4e84-903b-5173a62d33bd', 6, true, '{"mandatory":{"errorMessage":"Select yes, no or don''t know","errorSummary":"Select yes, no or don''t know (other things to consider regarding whether a full analysis is required)"}}'),
       ('203999ca-fe71-469d-a148-4ecd1c2caf8a', 'f5b3db3f-3166-4684-8c58-1322002de6da', 'question', 'b996422d-fd6d-4e84-903b-5173a62d33bd', 7, true, '{"mandatory":{"errorMessage":"Enter details","errorSummary":"Enter details"}}'),
       ('f3b774fe-ac3e-4ff8-a62a-8a3ee85e28af', '49565372-b5b9-4021-a9ed-77800054c642', 'question', 'b996422d-fd6d-4e84-903b-5173a62d33bd', 8, true, '{"mandatory":{"errorMessage":"Select yes or no","errorSummary":"Select yes or no (full risk of harm analysis)"}}'),
       ('ab13f66b-eded-4118-8197-49cf72db9601', '7e9e367c-2101-40ee-acc3-400221924d7b', 'group', '7a6836c1-2caf-4a0d-8e5c-5d13482a868f', 13, true, null),
       ('49c50dd1-da6d-4265-a6b2-17d0650d1f40', '5f530fdc-0e46-4c5f-8762-ba671ee98628', 'question', '7e9e367c-2101-40ee-acc3-400221924d7b', 1, true, '{"mandatory":{"errorMessage":"","errorSummary":""}}'),
       ('64f1787c-aaae-4bc4-aedb-0471f0e2b0c4', '3a3d0b8d-8d88-4a19-ac53-1fd4a8eae8d9', 'question', '7e9e367c-2101-40ee-acc3-400221924d7b', 2, true, '{"mandatory":{"errorMessage":"Enter offence details","errorSummary":"Enter offence details"}}'),
       ('71554781-311d-4cb2-804e-dff62ab3610b', '55c0da41-e19e-4344-ab94-9d7463349167', 'question', '7e9e367c-2101-40ee-acc3-400221924d7b', 3, true, '{"mandatory":{"errorMessage":"Say where and when they did it","errorSummary":"Say where and when they did it"}}'),
       ('bffe0aba-da0f-4a1a-acff-1a6b0857cd7d', '98ab7f67-083c-41b0-9669-ea1b31679aa4', 'question', '7e9e367c-2101-40ee-acc3-400221924d7b', 4, true, '{"mandatory":{"errorMessage":"Say how they did it","errorSummary":"Say how they did it"}}'),
       ('7b82cb1d-2a55-43eb-93b0-deaf4f159d16', '78ce9321-16b1-4d8d-bbf4-d2d541a62790', 'question', '7e9e367c-2101-40ee-acc3-400221924d7b', 5, true, '{"mandatory":{"errorMessage":"Enter the victims","errorSummary":"Enter the victims"}}'),
       ('ea7e95b5-8b57-453b-9b2c-1586da0e0395', '868bcb0c-b83e-487c-b26e-7cfe8a8a91aa', 'question', '7e9e367c-2101-40ee-acc3-400221924d7b', 6, true, '{"mandatory":{"errorMessage":"Say if anyone else was present or involved","errorSummary":"Say if anyone else was present or involved"}}'),
       ('49860deb-1f25-425e-bf2e-e9d9ed138339', '532a1751-4293-4489-aeec-f56a2cae68c2', 'question', '7e9e367c-2101-40ee-acc3-400221924d7b', 7, true, '{"mandatory":{"errorMessage":"Say why they did it","errorSummary":"Say why they did it"}}'),
       ('f745438b-3007-43d9-819f-841050c3347b', '3ed830ec-c80c-4e63-817a-9e3ab1f13115', 'question', '7e9e367c-2101-40ee-acc3-400221924d7b', 8, true, '{"mandatory":{"errorMessage":"Enter sources of information","errorSummary":"Enter sources of information"}}'),
       ('a4e0e366-ad94-4697-aee5-45e79eaa33b1', '2697f76d-a010-4ccd-b86d-052d82230f3b', 'group', '7a6836c1-2caf-4a0d-8e5c-5d13482a868f', 14, true, null),
       ('4b09ddae-592a-4d29-a50c-7bd8fadf9bed', '618b9693-f0b3-46ba-9181-690362cb691a', 'question', '2697f76d-a010-4ccd-b86d-052d82230f3b', 1, true, '{"mandatory":{"errorMessage":"","errorSummary":""}}'),
       ('652640e0-80e6-454d-baa7-576b1aa296a1', '87389a12-2045-4d52-a8ba-043931d23f9a', 'question', '2697f76d-a010-4ccd-b86d-052d82230f3b', 2, true, '{"mandatory":{"errorMessage":"Say exactly what they did","errorSummary":"Say exactly what they did"}}'),
       ('5feae4e5-921e-40e4-a26b-c5649d72476c', 'fe4390fe-7555-4bf4-a441-2a1233668168', 'question', '2697f76d-a010-4ccd-b86d-052d82230f3b', 3, true, '{"mandatory":{"errorMessage":"Say where and when they did it","errorSummary":"Say where and when they did it"}}'),
       ('07a974bf-add9-4b4c-9be0-bd0937df4cf9', '3dff5fea-d6a4-4cbe-a6a0-54b86478191b', 'question', '2697f76d-a010-4ccd-b86d-052d82230f3b', 4, true, '{"mandatory":{"errorMessage":"Say how they did it","errorSummary":"Say how they did it"}}'),
       ('46aab7bd-0b7d-4287-991c-29ef52385f5b', '9418f971-537b-4710-bdc5-79a4d7f1f24d', 'question', '2697f76d-a010-4ccd-b86d-052d82230f3b', 5, true, '{"mandatory":{"errorMessage":"Enter the victims","errorSummary":"Enter the victims"}}'),
       ('c6656724-d6ea-4049-9978-bbbe85c4df65', '0b924b75-0646-438d-a62e-5ae6591c879a', 'question', '2697f76d-a010-4ccd-b86d-052d82230f3b', 6, true, '{"mandatory":{"errorMessage":"Say if anyone else was present or involved","errorSummary":"Say if anyone else was present or involved"}}'),
       ('6e2b17ea-bad0-4f2e-8e3a-f05f92556d0d', '60eff348-a181-451e-a44c-1b03fe314138', 'question', '2697f76d-a010-4ccd-b86d-052d82230f3b', 7, true, '{"mandatory":{"errorMessage":"Say why they dd it","errorSummary":"Say why they dd it"}}'),
       ('c7f5ea1a-22d5-4f11-9f9e-8463b1960e63', 'a550fb4e-0697-4644-a7cd-ff95ae7f62cc', 'question', '2697f76d-a010-4ccd-b86d-052d82230f3b', 8, true, '{"mandatory":{"errorMessage":"Enter sources of information","errorSummary":"Enter sources of information"}}'),
       ('151ea0cf-9a3e-476e-8b09-8086d85b5e41', '57dfd07c-86a9-4092-acba-aa23a6545329', 'group', '7a6836c1-2caf-4a0d-8e5c-5d13482a868f', 15, true, null),
       ('f1ffc236-d7a8-44fa-9f36-887da891fed1', 'e3368883-91a3-41ff-81da-bd1673ad8b52', 'question', '57dfd07c-86a9-4092-acba-aa23a6545329', 1, true, '{"mandatory":{"errorMessage":"","errorSummary":""}}'),
       ('eb0007b6-65a6-4e76-b977-326a9d5c9b65', 'cf197b7c-bca4-4dc3-b5aa-b3065a2e1c10', 'question', '57dfd07c-86a9-4092-acba-aa23a6545329', 2, true, '{"mandatory":{"errorMessage":"Select yes or no","errorSummary":"Select yes or no (risk to identifiable children)"}}'),
       ('e6ba83bb-bd03-4049-b5f3-24188d5205b9', '53baa1e0-39ac-4362-a730-c9b9b537ec3a', 'question', '57dfd07c-86a9-4092-acba-aa23a6545329', 3, true, '{"mandatory":{"errorMessage":"Enter details of relevant factors and situations","errorSummary":"Enter details of relevant factors and situations"}}'),
       ('787cb735-b390-4224-8fff-07ce960a2065', '36d32adc-2ec7-4a5b-9a88-41ab2dfa62c1', 'question', '57dfd07c-86a9-4092-acba-aa23a6545329', 4, true, '{"mandatory":{"errorMessage":"Select yes or no","errorSummary":"Select yes or no (identifiable children at risk from others)"}}'),
       ('20e4fca2-cabe-4f9b-a568-e168127e9866', '66742dd4-6da2-4aaf-84f3-409be4175659', 'question', '57dfd07c-86a9-4092-acba-aa23a6545329', 5, true, '{"mandatory":{"errorMessage":"Explain the individual''s involvement in the family","errorSummary":"Explain the individual''s involvement in the family"}}'),
       ('a00f231f-1dba-4e43-a90b-13dafdd237a6', '06bc2f7d-8a6d-46c6-8124-d6f9c5396178', 'group', '7a6836c1-2caf-4a0d-8e5c-5d13482a868f', 16, true, null),
       ('d49c0961-53e6-470f-a6d6-4b72772762af', '3faf9d23-5cc0-479a-9de1-275d55767f01', 'question', '06bc2f7d-8a6d-46c6-8124-d6f9c5396178', 1, true, '{"mandatory":{"errorMessage":"","errorSummary":""}}'),
       ('44a9cf3d-a457-4ed2-9d40-62ef49cd3ba4', '9986df0e-757a-4a5c-8161-be18eab9fa0e', 'question', '06bc2f7d-8a6d-46c6-8124-d6f9c5396178', 2, true, '{"mandatory":{"errorMessage":"Enter name","errorSummary":"Enter name"}}'),
       ('d17ff0cd-c807-4484-ba72-6a4a9d6cee9e', 'd946d405-c108-453e-b17c-8ea3d557c109', 'question', '06bc2f7d-8a6d-46c6-8124-d6f9c5396178', 3, true, '{"mandatory":{"errorMessage":"Enter age","errorSummary":"Enter age"}}'),
       ('59a7b57f-0e99-4f9c-8c47-1fc129f6f6fb', 'f4a290f7-1379-4311-b961-8620f79b935e', 'question', '06bc2f7d-8a6d-46c6-8124-d6f9c5396178', 4, true, '{"mandatory":{"errorMessage":"Enter date of birth","errorSummary":"Enter date of birth"}}'),
       ('27eaf9a6-0418-49ae-a2d9-bbbdf023a013', '29e3e112-3891-45c1-a475-1c845ae3f947', 'question', '06bc2f7d-8a6d-46c6-8124-d6f9c5396178', 5, true, '{"mandatory":{"errorMessage":"Select gender","errorSummary":"Select gender"}}'),
       ('1ca23103-4c70-4eea-b9e8-9ab30fdfba59', '95ea27af-fe7a-45b1-a5ca-e121af39ec85', 'question', '06bc2f7d-8a6d-46c6-8124-d6f9c5396178', 6, true, '{"mandatory":{"errorMessage":"Enter address","errorSummary":"Enter address"}}'),
       ('f1816b11-3226-48b1-8f6c-3c4a380cbe10', '50233257-d66f-4b94-836f-e96df973b928', 'question', '06bc2f7d-8a6d-46c6-8124-d6f9c5396178', 7, true, '{"mandatory":{"errorMessage":"Select yes or no","errorSummary":"Select yes or no"}}'),
       ('d21cebe4-b211-4e24-bf65-e2a86790e86b', '2abc9c4e-f505-4fff-ad43-878b29fc3f11', 'question', '06bc2f7d-8a6d-46c6-8124-d6f9c5396178', 8, true, '{"mandatory":{"errorMessage":"Select yes or no","errorSummary":"Select yes or no"}}'),
       ('1779b403-7291-4981-bd9f-bab27f74189d', 'ce00ecb4-1143-49c4-a7f8-6988948bfe37', 'question', '06bc2f7d-8a6d-46c6-8124-d6f9c5396178', 9, true, '{"mandatory":{"errorMessage":"Select a currentcategory of child protection registration","errorSummary":"Select a current category of child protection registration"}}'),
       ('4251c472-ec5d-40e0-a682-710736b7cc0f', '563d00ba-9779-4ec3-be71-ccc39e01cf5b', 'question', '06bc2f7d-8a6d-46c6-8124-d6f9c5396178', 10, true, '{"mandatory":{"errorMessage":"Select a previous category of child protection registration","errorSummary":"Select a previous category of child protection registration"}}'),
       ('d01bee8d-567f-4436-9f3a-837d3eb4d855', '3fbb5ed5-a8c4-4f62-bcbc-8cfecf195ff1', 'question', '06bc2f7d-8a6d-46c6-8124-d6f9c5396178', 11, true, '{"mandatory":{"errorMessage":"Selecy yes or no","errorSummary":"Select yes or no (child protection conferences or reviews)"}}'),
       ('5aa1d99b-34c2-4d51-b697-d642b2edfc77', '059520dc-3513-4e9e-b86a-e54af2b5ae05', 'question', '06bc2f7d-8a6d-46c6-8124-d6f9c5396178', 12, true, '{"mandatory":{"errorMessage":"Enter details of child protection conferences, child protection decisions and looked after children review dates","errorSummary":"Enter details of child protection conferences, child protection decisions and looked after children review dates"}}'),
       ('bfc723e8-b5fb-47ad-a33f-11f06bd2529e', 'a2a91f03-7c30-4568-977e-fad78c92cfe7', 'question', '06bc2f7d-8a6d-46c6-8124-d6f9c5396178', 13, true, '{"mandatory":{"errorMessage":"Enter Local Authority Children’s Services  key worker name, address and telephone number,","errorSummary":"Enter Local Authority Children’s Services  key worker name, address and telephone number,"}}'),
       ('530a233b-0c1c-4992-b156-9d77d92349cc', '08405182-0612-416f-9397-f66962c6887e', 'question', '06bc2f7d-8a6d-46c6-8124-d6f9c5396178', 14, true, '{"mandatory":{"errorMessage":"Enter other agencies and personnel involved","errorSummary":"Enter other agencies and personnel involved"}}'),
       ('41cfa465-ce42-4a9b-bc51-0df7f2c2829f', '4d39f162-c583-44f5-b8bd-97219bd36443', 'question', '06bc2f7d-8a6d-46c6-8124-d6f9c5396178', 15, true, '{"mandatory":{"errorMessage":"Enter additional information","errorSummary":"Enter additional information"}}'),
       ('81b9b415-8a3a-4724-b1e9-777d6adae923', '022b9e82-c7a2-4c37-b59a-cd6c7053236c', 'question', '06bc2f7d-8a6d-46c6-8124-d6f9c5396178', 16, true, '{"mandatory":{"errorMessage":"Enter date that child protection issues came to assessor’s attention","errorSummary":"Enter date that child protection issues came to assessor’s attention"}}'),
       ('46506fe3-0f80-44b9-b37a-2dc050fddd6f', 'c568014e-a684-4e05-be33-3cf48409ed49', 'group', '7a6836c1-2caf-4a0d-8e5c-5d13482a868f', 17, true, null),
       ('95da3ff6-45e1-4ec3-9a99-1bb0706810d3', 'ce1fb394-4e39-4f92-bad9-989e69437ee2', 'question', 'c568014e-a684-4e05-be33-3cf48409ed49', 1, true, '{"mandatory":{"errorMessage":"Select yes, no or don''t know","errorSummary":"Select yes, no or don''t know (current concerns about suicide)"}}'),
       ('2f3acf2b-a2ce-4c2e-b0ad-9fad90800223', '28bdf205-3a6a-4ced-8f45-d14d3fc7d075', 'question', 'c568014e-a684-4e05-be33-3cf48409ed49', 2, true, '{"mandatory":{"errorMessage":"Select yes, no or don''t know","errorSummary":"Select yes, no or don''t know (current concerns about self-harm)"}}'),
       ('37a9c924-cf0f-4c3f-b939-3caee76f2b07', '3b2d4f1b-cc66-4922-8f31-329c8d0d08c6', 'question', 'c568014e-a684-4e05-be33-3cf48409ed49', 3, true, '{"mandatory":{"errorMessage":"Enter any past concerns about suicide","errorSummary":"Enter any past concerns about suicide"}}'),
       ('cc28d52f-4871-481b-a266-f39086c1385e', 'bc87b96d-d959-4bba-b08b-5d75e6001f1b', 'question', 'c568014e-a684-4e05-be33-3cf48409ed49', 4, true, '{"mandatory":{"errorMessage":"Enter any past concerns about self-harm","errorSummary":"Enter any past concerns about self-harm"}}'),
       ('b38860b2-6e47-45f9-b52b-3144e502ca36', '35ed145c-536d-4ba9-b188-be79cca9db36', 'group', '7a6836c1-2caf-4a0d-8e5c-5d13482a868f', 18, true, null),
       ('49c0fa46-83e9-434e-af94-84f79b0146ef', '0411ed8c-2f93-422f-b1d4-26ac1de027ca', 'question', '35ed145c-536d-4ba9-b188-be79cca9db36', 1, true, '{"mandatory":{"errorMessage":"Select yes, no or N/A","errorSummary":"Select yes, no or N/A (current concerns about coping in custody)"}}'),
       ('64c2d518-0b7f-475f-bdd3-d6014ee5d5d9', '1096893e-1c4d-448e-ba75-1b2a92731a11', 'question', '35ed145c-536d-4ba9-b188-be79cca9db36', 2, true, '{"mandatory":{"errorMessage":"Select yes, no or N/A","errorSummary":"Select yes, no or N/A (current concerns about coping in a hostel setting)"}}'),
       ('a61f8367-85fd-41f5-8e78-328ce553a42a', '0da1ef6a-61cb-4c6d-bdaf-375a4a2a9876', 'question', '35ed145c-536d-4ba9-b188-be79cca9db36', 3, true, '{"mandatory":{"errorMessage":"Describe circumstances, issues and needs","errorSummary":"Describe circumstances, issues and needs"}}'),
       ('b4ccae84-d6ac-47ce-b08f-80f0cc33370b', '4407b7ee-e9e5-46f9-a063-2792ef0fd73a', 'question', '35ed145c-536d-4ba9-b188-be79cca9db36', 4, true, '{"mandatory":{"errorMessage":"Select yes, no or N/A","errorSummary":"Select yes, no or N/A (previous concerns about coping in custody)"}}'),
       ('da24cc66-b101-4b16-a7f8-0c44c935554b', 'e9ece2f0-3119-45a4-8d5d-9c63a432ed0b', 'question', '35ed145c-536d-4ba9-b188-be79cca9db36', 5, true, '{"mandatory":{"errorMessage":"Select yes, no or don''t know","errorSummary":"Select yes, no or don''t know (previous concerns about coping in a hostel setting)"}}'),
       ('74b5572a-b040-4dd5-b4e0-5b9d5cbcd315', '604be91e-1f50-4e9f-8645-f1eb824c144e', 'question', '35ed145c-536d-4ba9-b188-be79cca9db36', 6, true, '{"mandatory":{"errorMessage":"Describe circumstances, issues and needs","errorSummary":"Describe circumstances, issues and needs"}}'),
       ('84e97c78-a57f-4c97-8fdb-0f7e008c78dd', '86c388c8-67e7-45ed-b0bd-b25f9f67ef0e', 'group', '7a6836c1-2caf-4a0d-8e5c-5d13482a868f', 19, true, null),
       ('212dd11b-ca00-423b-8576-290fb44e99dd', 'ae2d6fb3-f058-4abf-b45c-4f190831500b', 'question', '86c388c8-67e7-45ed-b0bd-b25f9f67ef0e', 1, true, '{"mandatory":{"errorMessage":"Select yes or no","errorSummary":"Select yes or no (current concerns about vulnerability)"}}'),
       ('e6e3f149-b761-4a45-ae58-313e4175bf9b', 'fd4cb388-aaf4-4eae-9dce-3eff0548211b', 'question', '86c388c8-67e7-45ed-b0bd-b25f9f67ef0e', 2, true, '{"mandatory":{"errorMessage":"Describe circumstances, relevant issues and needs","errorSummary":"Describe circumstances, relevant issues and needs"}}'),
       ('6c09f7d7-76d0-40e3-87a5-ee3da94dfc3b', '249ad914-db81-47d0-8409-5f16a1d56fab', 'question', '86c388c8-67e7-45ed-b0bd-b25f9f67ef0e', 3, true, '{"mandatory":{"errorMessage":"Select yes, no or don''t know","errorSummary":"Select yes, no or don''t know (previous concerns about vulnerability)"}}'),
       ('8dac1c37-5d42-4eca-b6b5-e500d46473d9', '18196271-32f9-4aea-99dc-7280ab2d971a', 'question', '86c388c8-67e7-45ed-b0bd-b25f9f67ef0e', 4, true, '{"mandatory":{"errorMessage":"Describe circumstances, relevant issues and needs","errorSummary":"Describe circumstances, relevant issues and needs"}}'),
       ('b038a9f8-448c-401e-a925-6ccc2b585b5f', 'e866bfe4-2a52-435e-9491-6840b0df63e1', 'question', '86c388c8-67e7-45ed-b0bd-b25f9f67ef0e', 5, true, '{"mandatory":{"errorMessage":"Select yes or no","errorSummary":"Select yes or no (risk of serious harm to others)"}}'),
       ('1ef76a0f-9148-4e88-b170-85e5e9e5c074', '8573bb50-71cd-46f9-8476-d03fa8e8f9bd', 'question', '86c388c8-67e7-45ed-b0bd-b25f9f67ef0e', 6, true, '{"mandatory":{"errorMessage":"Describe circumstances, relevant issues and needs","errorSummary":"Describe circumstances, relevant issues and needs"}}'),
       ('c3c31c3f-8b78-4d7b-960b-1bee60a7e3cb', 'e57b7313-11bd-48fd-84bc-dafd7ea02e57', 'group', '7a6836c1-2caf-4a0d-8e5c-5d13482a868f', 20, true, null),
       ('db8925f5-85a4-45c7-abf3-d29d662284bb', 'c14a83ff-f17b-4558-a05a-65f1737196dd', 'question', 'e57b7313-11bd-48fd-84bc-dafd7ea02e57', 1, true, '{"mandatory":{"errorMessage":"Select yes or no","errorSummary":"Select yes or no (current concerns about escape or abscond)"}}'),
       ('c7f369bb-8f52-4d15-a4bf-0fcacc8954a7', 'f89c4774-a6b0-4b04-a98a-be7d6be5c349', 'question', 'e57b7313-11bd-48fd-84bc-dafd7ea02e57', 2, true, '{"mandatory":{"errorMessage":"Describe circumstances, relevant issues and needs","errorSummary":"Describe circumstances, relevant issues and needs"}}'),
       ('a014263f-a89e-4bd7-8396-3209d3e2eb52', '56cf890c-5525-454d-b67c-f47df9b746ec', 'question', 'e57b7313-11bd-48fd-84bc-dafd7ea02e57', 3, true, '{"mandatory":{"errorMessage":"Select yes, no or N/A","errorSummary":"Select yes, no or N/A (previous concerns about escape or abscond)"}}'),
       ('e98c80d7-6d87-4c11-bced-b2c5295505ab', 'dae72359-c18d-4a9b-8b61-47d86ce34355', 'question', 'e57b7313-11bd-48fd-84bc-dafd7ea02e57', 4, true, '{"mandatory":{"errorMessage":"Describe circumstances, relevant issues and needs","errorSummary":"Describe circumstances, relevant issues and needs"}}'),
       ('b37408ab-3081-4ad0-994b-544421dcae2a', '07ffb33a-970a-4635-92cd-a76cef52f1eb', 'group', '7a6836c1-2caf-4a0d-8e5c-5d13482a868f', 21, true, null),
       ('cc40ab3d-bb85-49c4-ae18-bb18daa026ad', '0011875b-fde2-4b82-8a6f-708c0193cd23', 'question', '07ffb33a-970a-4635-92cd-a76cef52f1eb', 1, true, '{"mandatory":{"errorMessage":"Select yes or no","errorSummary":"Select yes or no (current concerns about control and disruptive behaviour)"}}'),
       ('a7a775cc-326c-49f8-82ac-40bc2897bf7f', 'cab62e15-558b-4c23-a22c-c68678fe5f16', 'question', '07ffb33a-970a-4635-92cd-a76cef52f1eb', 2, true, '{"mandatory":{"errorMessage":"Describe circumstances, relevant issues and needs","errorSummary":"Describe circumstances, relevant issues and needs"}}'),
       ('5c8f0104-732e-42d8-8025-a02df526bcbe', '238a6d00-0e8c-43ee-9910-a8e5c85c59f6', 'question', '07ffb33a-970a-4635-92cd-a76cef52f1eb', 3, true, '{"mandatory":{"errorMessage":"Select yes, no or don''t know","errorSummary":"Select yes, no or don''t know (previous concerns about control and disruptive behaviour)"}}'),
       ('18443641-355c-4d20-affc-b0dc2f9320e7', 'ad8e24f6-c84b-4a35-823a-0db5641d96b9', 'question', '07ffb33a-970a-4635-92cd-a76cef52f1eb', 4, true, '{"mandatory":{"errorMessage":"Describe circumstances, relevant issues and needs","errorSummary":"Describe circumstances, relevant issues and needs"}}'),
       ('a645c582-6d63-4df6-b48e-6257064f696f', '3b44812b-1430-43ba-84b0-2944e95a2b22', 'group', '7a6836c1-2caf-4a0d-8e5c-5d13482a868f', 22, true, null),
       ('c417ebcc-27cb-4e7a-ab4b-c435fc6b1fb3', '9c3fe435-9b65-4d93-ac63-8e8f9e7d824f', 'question', '3b44812b-1430-43ba-84b0-2944e95a2b22', 1, true, '{"mandatory":{"errorMessage":"Select yes or no","errorSummary":"Select yes or no (current concerns about breach of trust)"}}'),
       ('472612ea-26d4-4fce-8e88-8bc6c70c9d86', '92feaea2-83b6-47c0-9ea6-e728de0b5901', 'question', '3b44812b-1430-43ba-84b0-2944e95a2b22', 2, true, '{"mandatory":{"errorMessage":"Describe circumstances, relevant issues and needs","errorSummary":"Describe circumstances, relevant issues and needs"}}'),
       ('1162d0f9-e8d3-4c6c-b003-2c8fac2da505', '389c01d6-d54e-4834-94d9-2923ec399c54', 'question', '3b44812b-1430-43ba-84b0-2944e95a2b22', 3, true, '{"mandatory":{"errorMessage":"Select yes, no or don''t know","errorSummary":"Select yes, no or don''t know (previous concerns about breach of trust)"}}'),
       ('5f04fa65-ac28-43c1-a64f-64c86808d51f', '86e08754-7cc4-493f-aafc-ae0216576237', 'question', '3b44812b-1430-43ba-84b0-2944e95a2b22', 4, true, '{"mandatory":{"errorMessage":"Describe circumstances, relevant issues and needs","errorSummary":"Describe circumstances, relevant issues and needs"}}'),
       ('a4a6fd20-b192-4398-8a50-474883629164', '6251f47c-f3ca-46ee-b642-33e3a697fa3e', 'group', '7a6836c1-2caf-4a0d-8e5c-5d13482a868f', 23, true, null),
       ('f342640e-312b-4aa1-aa46-dd8e74579fbe', 'c53ee76f-1570-4e55-b731-4d06433ef51d', 'question', '6251f47c-f3ca-46ee-b642-33e3a697fa3e', 1, true, '{"mandatory":{"errorMessage":"Say who is at risk","errorSummary":"Say who is at risk"}}'),
       ('83d99712-80d9-484a-b107-fb2fb3f649a5', 'f052d73f-cea2-441e-97f5-7bae181f9c0b', 'question', '6251f47c-f3ca-46ee-b642-33e3a697fa3e', 2, true, '{"mandatory":{"errorMessage":"Say the nature of the risk","errorSummary":"Say the nature of the risk"}}'),
       ('25215583-b2c8-4efd-bca2-5c0e6e919c91', 'e30272f3-71cc-4cbf-a0ed-cad1854a11a4', 'group', '7a6836c1-2caf-4a0d-8e5c-5d13482a868f', 24, true, null),
       ('c2ee637a-3c7c-46ac-883d-b557eae50590', 'b7cf6568-a3cf-482e-93a4-5deee43a625c', 'question', 'e30272f3-71cc-4cbf-a0ed-cad1854a11a4', 1, true, '{"mandatory":{"errorMessage":"","errorSummary":""}}'),
       ('c57ef336-fe8d-477c-9531-1517c17652a1', 'e7b39388-693b-4a69-aafb-5c37fb111646', 'question', 'e30272f3-71cc-4cbf-a0ed-cad1854a11a4', 2, true, '{"mandatory":{"errorMessage":"Say when the risk is likely to be greatest","errorSummary":"Say when the risk is likely to be greatest"}}'),
       ('298366bc-0384-4216-b8bf-ca5fa9feb376', '38eb8651-5149-4274-9e7d-150ea21e2f4c', 'question', 'e30272f3-71cc-4cbf-a0ed-cad1854a11a4', 3, true, '{"mandatory":{"errorMessage":"Say what circumstances are likely to increase risk","errorSummary":"Say what circumstances are likely to increase risk"}}'),
       ('1add89b5-127c-4a28-815a-33a6c4ea0bf6', '1825e94e-3391-457c-863b-f5524f0b57a7', 'question', 'e30272f3-71cc-4cbf-a0ed-cad1854a11a4', 4, true, '{"mandatory":{"errorMessage":"Say what factors are likely to reduce the risk","errorSummary":"Say what factors are likely to reduce the risk"}}'),
       ('209adacb-058f-4280-a0bc-d97b33e12462', '28fb5509-41dd-4f95-bbad-a2b74d6d68e9', 'group', '7a6836c1-2caf-4a0d-8e5c-5d13482a868f', 25, true, null),
       ('186ef983-25f1-44eb-9d80-42f570b91773', 'bb075dbe-3801-4ff0-8b0d-6bac5cff4cfb', 'question', '28fb5509-41dd-4f95-bbad-a2b74d6d68e9', 1, true, '{"mandatory":{"errorMessage":"","errorSummary":""}}'),
       ('5eb296ea-ca76-4eea-b063-4cab5e5ecb65', 'd6c2e7e4-7b8e-4e9a-b210-c937df6645d6', 'question', '28fb5509-41dd-4f95-bbad-a2b74d6d68e9', 2, true, '{"mandatory":{"errorMessage":"Select a level of risk in the community to children","errorSummary":"Select a level of risk in the community to children"}}'),
       ('780b1261-3b52-47df-a950-049b0683a082', '463e2455-7556-4075-8eef-f405990663ed', 'question', '28fb5509-41dd-4f95-bbad-a2b74d6d68e9', 3, true, '{"mandatory":{"errorMessage":"Select a level of risk in the community to the public","errorSummary":"Select a level of risk in the community to the public"}}'),
       ('5afe3acd-07fc-4cfb-95ea-6e22cb424284', 'd1aad86c-980f-40c5-b4ed-f9a56eb5b300', 'question', '28fb5509-41dd-4f95-bbad-a2b74d6d68e9', 4, true, '{"mandatory":{"errorMessage":"Select a level of risk in the community to known adults","errorSummary":"Select a level of risk in the community to known adults"}}'),
       ('40faa487-d06f-4016-b9bf-6f5038a0ce80', '92d0ecd5-9f27-43b7-a52b-e7203f72c772', 'question', '28fb5509-41dd-4f95-bbad-a2b74d6d68e9', 5, true, '{"mandatory":{"errorMessage":"Select a level of risk in the community to staff","errorSummary":"Select a level of risk in the community to staff"}}'),
       ('e280f2cd-ab35-440b-872f-2f80eb06795a', 'cc6b1609-fed3-4c14-a00a-6aae9fa09bec', 'question', '28fb5509-41dd-4f95-bbad-a2b74d6d68e9', 6, true, '{"mandatory":{"errorMessage":"","errorSummary":""}}'),
       ('fa9ff889-76df-4555-bcca-dd8462e6b344', '5ad15a6b-d5ce-4b51-8c17-6cf23a3c0b98', 'question', '28fb5509-41dd-4f95-bbad-a2b74d6d68e9', 7, true, '{"mandatory":{"errorMessage":"Select a level of risk in custody to children","errorSummary":"Select a level of risk in custody to children"}}'),
       ('9735d726-6256-48f7-9d62-adc8c2d34e1a', '905d56a9-27b2-41a8-86b4-22b4f08612a1', 'question', '28fb5509-41dd-4f95-bbad-a2b74d6d68e9', 8, true, '{"mandatory":{"errorMessage":"Select a level of risk in custody to the public","errorSummary":"Select a level of risk in custody to the public"}}'),
       ('8a186b1a-f909-463c-9efd-a9ca3b81c9ad', '0cb1c5e3-5182-412a-a602-4926c8c3ef38', 'question', '28fb5509-41dd-4f95-bbad-a2b74d6d68e9', 9, true, '{"mandatory":{"errorMessage":"Select a level of risk in the community to known adults","errorSummary":"Select a level of risk in the community to known adults"}}'),
       ('5c996f3b-0624-4533-adc5-f0dfc16c893b', '19de26f0-06a1-4bcb-ade3-e116cadf9bd7', 'question', '28fb5509-41dd-4f95-bbad-a2b74d6d68e9', 10, true, '{"mandatory":{"errorMessage":"Select a level of risk in custody to staff","errorSummary":"Select a level of risk in custody to staff"}}'),
       ('bcb60ab4-4d0b-48db-8ae9-42d3f029599b', '05c090e4-2720-4e36-8253-f16eb7609b24', 'question', '28fb5509-41dd-4f95-bbad-a2b74d6d68e9', 11, true, '{"mandatory":{"errorMessage":"Select a level of risk in custody to prisoners","errorSummary":"Select a level of risk in custody to prisoners"}}'),
       ('726a2673-a3cf-4f3c-bf5e-cef56c1e3b14', '71a4e4d0-be87-404d-bdfe-ce945df81c91', 'question', '28fb5509-41dd-4f95-bbad-a2b74d6d68e9', 12, true, '{"mandatory":{"errorMessage":"Enter the details of any key documents or reports used in this analysis","errorSummary":"Enter the details of any key documents or reports used in this analysis"}}'),
       ('cf0817e0-efdf-49de-a06e-2e238b21d3d8', 'a82ca392-f5ba-4135-ac2a-fdcc64b9f264', 'group', '7a6836c1-2caf-4a0d-8e5c-5d13482a868f', 26, true, null),
       ('49dc9d39-a42a-40dd-b688-7ed75901db3e', '0d362c69-d3e6-41b4-bc81-8fc047a0e5a7', 'question', 'a82ca392-f5ba-4135-ac2a-fdcc64b9f264', 1, true, '{"mandatory":{"errorMessage":"","errorSummary":""}}'),
       ('3c2149b4-3c1b-425c-bf3d-920a60612902', 'c30829b6-54e6-4357-85c6-a83f904d660d', 'question', 'a82ca392-f5ba-4135-ac2a-fdcc64b9f264', 2, true, '{"mandatory":{"errorMessage":"Select yes or no","errorSummary":"Select yes or no (L2 local multi-agency risk management)"}}'),
       ('150b9977-8b6c-4e46-a721-a057d8cd97f5', 'd1da3a72-5052-4777-922c-95292f650b49', 'question', 'a82ca392-f5ba-4135-ac2a-fdcc64b9f264', 3, true, '{"mandatory":{"errorMessage":"Select yes or no","errorSummary":"Select yes or no (L3 MAPP)"}}'),
       ('38f0b05f-bdb8-4a76-b551-8fffa97dd39c', 'cf316f09-fde8-483d-9546-75165bd0052f', 'question', 'a82ca392-f5ba-4135-ac2a-fdcc64b9f264', 4, true, '{"mandatory":{"errorMessage":"","errorSummary":""}}'),
       ('5b2da688-9dc1-497f-81a1-88a7651d34cf', '659a35f5-b1d2-4c74-b35d-3a585072ff9d', 'question', 'a82ca392-f5ba-4135-ac2a-fdcc64b9f264', 5, true, '{"mandatory":{"errorMessage":"Select yes or no","errorSummary":"Select yes or no (L2 local multi-agency risk management)"}}'),
       ('f3c44835-beb5-4ac2-bc8f-b2f984533cbb', '3c72183b-0d8a-4df7-a028-d5473c370eab', 'question', 'a82ca392-f5ba-4135-ac2a-fdcc64b9f264', 6, true, '{"mandatory":{"errorMessage":"Select yes or no","errorSummary":"Select yes or no (L3 MAPP)"}}'),
       ('23e48796-c46c-481f-92b1-669394f6d6b2', 'da565549-a9c5-4ff8-87ea-0eb3a3425b12', 'question', 'a82ca392-f5ba-4135-ac2a-fdcc64b9f264', 7, true, '{"mandatory":{"errorMessage":"Select yes or no","errorSummary":"Select yes or no (referred as critical public protection case?)"}}'),
       ('a94ccf1d-6584-41ce-ace1-788787b77754', '4fb5f3ff-970b-403d-a043-ca35e028243f', 'question', 'a82ca392-f5ba-4135-ac2a-fdcc64b9f264', 8, true, '{"mandatory":{"errorMessage":"Select yes or no","errorSummary":"Select yes or no (should case be referred now?)"}}'),
       ('97b0ff94-48b2-41bd-a198-e9449411ba5e', '2458c451-ebc9-4e0b-8582-cca778e492eb', 'question', 'a82ca392-f5ba-4135-ac2a-fdcc64b9f264', 9, true, '{"mandatory":{"errorMessage":"Select yes or no","errorSummary":"Select yes or no (should case be referred pre-release?)"}}'),
       ('25e08039-c3e3-4cdd-8c1e-8082a6306382', 'c1a0c062-c7d4-40ba-9e97-6c2afe917ade', 'question', 'a82ca392-f5ba-4135-ac2a-fdcc64b9f264', 10, true, '{"mandatory":{"errorMessage":"Select yes or no","errorSummary":"Select yes or no (required to register under Sex Offender Act?)"}}'),
       ('d9f08ebb-c29f-426b-b0aa-238b3d1e32fe', 'b55b5e10-5dae-406e-940b-f2a3eb59c948', 'question', 'a82ca392-f5ba-4135-ac2a-fdcc64b9f264', 11, true, '{"mandatory":{"errorMessage":"Select yes or no","errorSummary":"Select yes or no (have they registered?)"}}'),
       ('41c3c37a-8431-4648-9c93-6a90f4e72aa2', 'c6315064-dbde-46fa-b83e-177ce2c78bb2', 'question', 'a82ca392-f5ba-4135-ac2a-fdcc64b9f264', 12, true, '{"mandatory":{"errorMessage":"Select yes or no","errorSummary":"Select yes or no (are they disqualified from working with children?)"}}'),
       ('e89e5ea2-b906-4e84-9cc6-d66192001ff1', '79664b3a-2ef0-4891-b23a-24ac13587175', 'question', 'a82ca392-f5ba-4135-ac2a-fdcc64b9f264', 13, true, '{"mandatory":{"errorMessage":"Select yes or no","errorSummary":"Select yes or no (have they  present or previous conviction against a child?)"}}'),
       ('580e2f62-ee1e-4230-92e6-2e924366d862', '4db66df5-1209-4040-bbfe-c1731d1f63bc', 'question', 'a82ca392-f5ba-4135-ac2a-fdcc64b9f264', 14, true, '{"mandatory":{"errorMessage":"Select yes or no","errorSummary":"Select yes or no (are they an ongoing risk to children?)"}}'),
       ('ae547ab0-9123-4872-81b7-f82cddb2a782', '27857c3d-f260-4d58-bbff-ef9a772a9099', 'question', 'a82ca392-f5ba-4135-ac2a-fdcc64b9f264', 15, true, '{"mandatory":{"errorMessage":"Select yes or no","errorSummary":"Select yes or no (notification to authorities prior to release)"}}'),
       ('5a5340ce-9534-4ee5-b204-917b175f896e', 'd4c5adde-f0f5-4642-b8ef-7307cff034c6', 'question', 'a82ca392-f5ba-4135-ac2a-fdcc64b9f264', 16, true, '{"mandatory":{"errorMessage":"Select yes or no","errorSummary":"Select yes or no (subject to Prison Service Order 4400?)"}}'),
       ('66862887-e725-4669-b51b-a6c24a3437e8', '7d26ad22-6b67-4a2d-9ebc-a95268fee2b1', 'question', 'a82ca392-f5ba-4135-ac2a-fdcc64b9f264', 17, true, '{"mandatory":{"errorMessage":"Select yes or no","errorSummary":"Select yes or no (conditionally discharged under Mental Health Act?)"}}'),
       ('54dbaace-e858-49b6-8fed-67d6fae82c09', '4a1bf4b9-b538-4d5e-a7be-59802376dc67', 'question', 'a82ca392-f5ba-4135-ac2a-fdcc64b9f264', 18, true, '{"mandatory":{"errorMessage":"Select yes or no","errorSummary":"Select yes or no (on life licence?)"}}'),
       ('bd7b14de-7d79-4a22-9dd3-c62e31c42304', 'e99e2d74-803f-4a15-bf7f-97808ccabc93', 'question', 'a82ca392-f5ba-4135-ac2a-fdcc64b9f264', 19, true, '{"mandatory":{"errorMessage":"Select yes or no","errorSummary":"Select yes or no (extended sentence?)"}}'),
       ('4445e9e2-c07f-432f-be11-754ebe38c34c', '526c5882-dd33-4b74-9ba1-03137a7e9e06', 'group', '7a6836c1-2caf-4a0d-8e5c-5d13482a868f', 27, true, null),
       ('e2df19ae-5ffc-4e84-819b-e88bb0c9b46f', '00750f94-cdcd-4786-b89f-723bcbb37af6', 'question', '526c5882-dd33-4b74-9ba1-03137a7e9e06', 1, true, '{"mandatory":{"errorMessage":"Enter the individual'' risk factors","errorSummary":"Enter the individual''s risk factors"}}'),
       ('5040c08b-27a8-4006-b7a7-3dea2aa44108', 'b3263e7e-f925-4978-a14a-3851a5a1ff0c', 'question', '526c5882-dd33-4b74-9ba1-03137a7e9e06', 2, true, '{"mandatory":{"errorMessage":"Enter protective factors","errorSummary":"Enter protective factors"}}'),
       ('1d822a86-9ca2-4524-8af6-f612706ea8c0', '094a2086-b4c0-4fdf-8fb6-9c720192e553', 'question', '526c5882-dd33-4b74-9ba1-03137a7e9e06', 3, true, '{"mandatory":{"errorMessage":"Select yes or no","errorSummary":"Select yes or no"}}'),
       ('222b6931-123c-4237-b2b1-4845623c6003', '66636fe7-8ef8-4577-a702-882595eb358a', 'question', '526c5882-dd33-4b74-9ba1-03137a7e9e06', 4, true, '{"mandatory":{"errorMessage":"Enter details","errorSummary":"Enter details"}}'),
       ('f41eee48-e4e6-4eea-90b1-228ac601e9ae', 'a1b7b3f3-80fd-4092-a5bf-504544215ea7', 'question', '526c5882-dd33-4b74-9ba1-03137a7e9e06', 5, true, '{"mandatory":{"errorMessage":"Select the likelihood of further offending","errorSummary":"Select the likelihood of further offending"}}'),
       ('eb6e4526-e66f-4db2-beac-2034a9ff40ac', 'ad919918-787a-492e-bba4-5da8f050f925', 'question', '526c5882-dd33-4b74-9ba1-03137a7e9e06', 6, true, '{"mandatory":{"errorMessage":"Select the risk of serious harm","errorSummary":"Select the risk of serious harm"}}'),
       ('b5d8689e-99c5-44e3-b268-bf0840e90740', '34fa118f-032a-45df-8b03-53978d906f20', 'question', '526c5882-dd33-4b74-9ba1-03137a7e9e06', 7, true, '{"mandatory":{"errorMessage":"Select yes or no","errorSummary":"Select yes or no (need for full ROSHA?)"}}'),
       ('88fad10b-4908-487f-96f0-4810ee1083b9', 'ed17ae4d-7841-4382-8230-65ec3ca918e3', 'question', '526c5882-dd33-4b74-9ba1-03137a7e9e06', 8, true, '{"mandatory":{"errorMessage":"Select the individual''s response to previous supervision","errorSummary":"Select the individual''s response to previous supervision"}}'),
       ('199552d7-2dc9-43d3-95cb-d0863096616d', '0afe69c3-ee45-4e1e-a133-3be7c72fa4f9', 'question', '526c5882-dd33-4b74-9ba1-03137a7e9e06', 9, true, '{"mandatory":{"errorMessage":"Enter details","errorSummary":"Enter details"}}'),
       ('657d4e2c-8799-4cb2-8127-e67ecbc68bcd', '6ff1189b-e6d5-4628-acd3-e07961a2336b', 'group', '7a6836c1-2caf-4a0d-8e5c-5d13482a868f', 28, true, null),
       ('4480a7ad-de27-4bde-946d-85381d0dc1a9', '8d2bd633-7733-41a7-aac3-2f3757bd05be', 'question', '6ff1189b-e6d5-4628-acd3-e07961a2336b', 1, true, null),
       ('0756c140-8765-49be-9e0f-3355df8d03df', 'd5c16a6d-c3cd-4b97-9c0b-7175424cdd3a', 'question', '6ff1189b-e6d5-4628-acd3-e07961a2336b', 2, true, null),
       ('1dd38c17-22a8-4a44-8ff1-bc35e2cab6dd', 'aeedb426-65d2-48ae-ab78-de264ec7e5d8', 'question', '6ff1189b-e6d5-4628-acd3-e07961a2336b', 3, true, '{"mandatory":{"errorMessage":"Enter a proposed sentence","errorSummary":"Enter a proposed sentence"}}'),
       ('fe80a7f9-e9b0-496f-92b5-7010cdb3ec2f', '2a7a7ddb-38bd-4ec3-9119-524b59544bea', 'group', '7a6836c1-2caf-4a0d-8e5c-5d13482a868f', 29, true, null),
       ('8efdfec6-8ed3-4fab-a757-ff4b7e307417', '819732c0-e26f-42ea-8742-9cfade298983', 'question', '2a7a7ddb-38bd-4ec3-9119-524b59544bea', 1, true, '{"mandatory":{"errorMessage":"Select the information sources","errorSummary":"Select the information sources"}}'),
       ('59c4a045-1a75-4aa7-8598-8923d1b47274', '28d5d5e2-fd31-4eb9-967d-7b5bad71a83e', 'question', '2a7a7ddb-38bd-4ec3-9119-524b59544bea', 2, true, '{"mandatory":{"errorMessage":"","errorSummary":""}}'),
       ('612366c4-f7f7-4697-bfcd-9d0811364f31', '3fda792a-7892-4a81-8eaf-b579009f5cb2', 'question', '2a7a7ddb-38bd-4ec3-9119-524b59544bea', 3, true, '{"mandatory":{"errorMessage":"Select sources of information","errorSummary":"Select sources of information"}}'),
       ('55e3e448-2962-4550-8c04-a50c893e6b60', 'ce315a2f-58c6-42f3-9cbe-d0a5f4fe1b63', 'question', '2a7a7ddb-38bd-4ec3-9119-524b59544bea', 4, true, '{"mandatory":{"errorMessage":"Enter details","errorSummary":"Enter details"}}');


INSERT INTO question_dependency (subject_question_uuid, trigger_question_uuid, trigger_answer_value, dependency_start, display_inline)
VALUES ('7f5af985-d520-4915-abb3-9d1e6b5ca2d1', '255d446f-82e9-41d1-8a3c-6c44d2a125d4', 'y', '2020-11-30 14:50:00', true),
       ('1be1e111-1e86-4489-a6bc-a0f23bdfc59c', 'c5fb8bbd-9aae-43c8-93f5-c432e7011232', 'y', '2020-11-30 14:50:00', true),
       ('5e5bbb70-b1c1-495d-98b6-d7cbfa1e2b22', 'e0e6c991-6bd3-4e26-837b-5a186fab83c5', 'y', '2020-11-30 14:50:00', true),
       ('614894b4-7c92-42a8-ab40-6cc93ad6dd2a', '79bf77e3-4abe-490a-9bf5-e2276787c959', 'y', '2020-11-30 14:50:00', true),
       ('41ce9ee5-e93c-48d4-9317-a9e28fe5ddcc', '886fa462-a83f-4fec-aeaf-2c8e24b1c527', 'y', '2020-11-30 14:50:00', true),
       ('75fbf51f-b8f1-4761-ae94-3dd5baa9d26b', '99fdeea4-84a0-465d-ab98-7e2b9fbfd869', 'some problems', '2020-11-30 14:50:00', true),
       ('75fbf51f-b8f1-4761-ae94-3dd5baa9d26b', '99fdeea4-84a0-465d-ab98-7e2b9fbfd869', 'significant problems', '2020-11-30 14:50:00', true),
       ('8e4a2591-9876-4437-9c0e-0c0e07ff2138', '80be82fd-d3c5-4ddd-bb7e-c5a88860b592', 'y', '2020-11-30 14:50:00', false),
       ('4d725ceb-2341-46e1-bf78-955965ca3c11', '8e4a2591-9876-4437-9c0e-0c0e07ff2138', 'tenant owner / occupied', '2020-11-30 14:50:00', true),
       ('4d725ceb-2341-46e1-bf78-955965ca3c11', '8e4a2591-9876-4437-9c0e-0c0e07ff2138', 'living with (stable)', '2020-11-30 14:50:00', true),
       ('4d725ceb-2341-46e1-bf78-955965ca3c11', '8e4a2591-9876-4437-9c0e-0c0e07ff2138', 'living with (unstable)', '2020-11-30 14:50:00', true),
       ('4d725ceb-2341-46e1-bf78-955965ca3c11', '8e4a2591-9876-4437-9c0e-0c0e07ff2138', 'b&b / hotel', '2020-11-30 14:50:00', true),
       ('4d725ceb-2341-46e1-bf78-955965ca3c11', '8e4a2591-9876-4437-9c0e-0c0e07ff2138', 'hostel', '2020-11-30 14:50:00', true),
       ('4d725ceb-2341-46e1-bf78-955965ca3c11', '8e4a2591-9876-4437-9c0e-0c0e07ff2138', 'no fixed abode', '2020-11-30 14:50:00', true),
       ('1d8f15da-1cc4-4ef1-8264-c3654a1d3251', 'e660edef-b77d-461d-980b-3b7c8c0dffea', 'y', '2020-11-30 14:50:00', true),
       ('047b531b-085c-4199-8389-a18250bce2a9', '319b009a-4430-4a94-bde7-1747a6ed7724', 'y', '2020-11-30 14:50:00', true),
       ('4418674e-d0ad-408f-a8ef-d0fd4ba66129', '4a5b2bcd-a677-4535-a9f9-82f0d965f5dc', 'some problems', '2020-11-30 14:50:00', true),
       ('4418674e-d0ad-408f-a8ef-d0fd4ba66129', '4a5b2bcd-a677-4535-a9f9-82f0d965f5dc', 'significant problems', '2020-11-30 14:50:00', true),
       ('7071d19e-1a8c-4a50-9c88-6f40e3fd4387', 'b7291ccb-72f2-483a-9b79-bf0ec85362fd', 'some problems', '2020-11-30 14:50:00', true),
       ('7071d19e-1a8c-4a50-9c88-6f40e3fd4387', 'b7291ccb-72f2-483a-9b79-bf0ec85362fd', 'significant problems', '2020-11-30 14:50:00', true),
       ('19936d8d-6f46-475d-b1c3-7e01de18d560', '174570cf-da74-458f-aa5f-667978c1ba60', 'y', '2020-11-30 14:50:00', true),
       ('36b63eb5-eb30-4f91-9b7f-91b0b70771ec', '0419944f-ad54-4035-bef0-dca3bda4ff64', 'y', '2020-11-30 14:50:00', true),
       ('c2286683-e3ce-471a-bdd1-208496c8b60f', 'db85cfb1-bf5e-4852-bfe8-137f44570cab', 'y', '2020-11-30 14:50:00', true),
       ('c2286683-e3ce-471a-bdd1-208496c8b60f', 'db85cfb1-bf5e-4852-bfe8-137f44570cab', 'in part', '2020-11-30 14:50:00', true),
       ('6ee68b47-0ee5-4917-82cd-dff1e2a9c4a2', 'c82a8b62-25c6-4c65-bd21-a4755f2f917c', 'y', '2020-11-30 14:50:00', true),
       ('7c52e069-98bc-44ed-bf9a-d70f2e056ddc', '7b1dd1c7-bfcf-4d8b-9bf5-a66e962345da', 'y', '2020-11-30 14:50:00', true),
       ('a79f377e-abcc-491d-87bb-cf52fcb8a5ca', '4900367d-7003-4366-b211-9812495b39ec', 'self-harm', '2020-11-30 14:50:00', true),
       ('a79f377e-abcc-491d-87bb-cf52fcb8a5ca', '4900367d-7003-4366-b211-9812495b39ec', 'attempted suicide', '2020-11-30 14:50:00', true),
       ('a79f377e-abcc-491d-87bb-cf52fcb8a5ca', '4900367d-7003-4366-b211-9812495b39ec', 'suicidal thoughts or feelings', '2020-11-30 14:50:00', true),
       ('91e82c31-1a74-4ef6-8409-ed7933a9c951', 'ef9fba87-e39b-4958-96fa-0da97df03d38', 'n', '2020-11-30 14:50:00', true),
       ('b8b9d461-0d3b-4da2-9898-1dbd525ad0b6', '988df7c9-df3b-402c-b1ad-ad79d72aa5cc', 'y', '2020-11-30 14:50:00', true),
       ('710a8d8b-2761-42e6-996f-af8b8062e9a5', '9156cbf9-a1a4-4924-8de5-16921648fa66', 'some problems', '2020-11-30 14:50:00', true),
       ('710a8d8b-2761-42e6-996f-af8b8062e9a5', '9156cbf9-a1a4-4924-8de5-16921648fa66', 'significant problems', '2020-11-30 14:50:00', true),
       ('c05516de-2274-4019-b480-652bfe1c07a9', '5c997bbc-32ad-4839-b8f0-dee30b6f7ab0', 'y', '2020-11-30 14:50:00', true),
       ('03a06b83-291e-4473-a281-3373c0852dea', '871f122a-1619-4579-add1-b7f386b789df', 'y', '2020-11-30 14:50:00', true),
       ('9f2981bf-2162-4954-b339-1ba5e470c50a', '859a2244-c44c-4ef9-afa9-9b517ccb326d', 'y', '2020-11-30 14:50:00', true),
       ('f1caaff2-93fd-408e-9c78-28df0a9e16a2', '8d993a33-c42b-4173-aee1-ce5db834be4f', 'y', '2020-11-30 14:50:00', true),
       ('ae38181c-6808-4baf-8aee-5ce4c2d951d1', '3b61d2a3-93fa-4520-a400-e35e025b32dd', 'current offence', '2020-11-30 14:50:00', true),
       ('ae38181c-6808-4baf-8aee-5ce4c2d951d1', '3b61d2a3-93fa-4520-a400-e35e025b32dd', 'previous offence', '2020-11-30 14:50:00', true),
       ('53baa1e0-39ac-4362-a730-c9b9b537ec3a', 'cf197b7c-bca4-4dc3-b5aa-b3065a2e1c10', 'y', '2020-11-30 14:50:00', true),
       ('66742dd4-6da2-4aaf-84f3-409be4175659', '36d32adc-2ec7-4a5b-9a88-41ab2dfa62c1', 'y', '2020-11-30 14:50:00', true),
       ('059520dc-3513-4e9e-b86a-e54af2b5ae05', '3fbb5ed5-a8c4-4f62-bcbc-8cfecf195ff1', 'y', '2020-11-30 14:50:00', true),
       ('0da1ef6a-61cb-4c6d-bdaf-375a4a2a9876', '0411ed8c-2f93-422f-b1d4-26ac1de027ca', 'y', '2020-11-30 14:50:00', true),
       ('0da1ef6a-61cb-4c6d-bdaf-375a4a2a9876', '1096893e-1c4d-448e-ba75-1b2a92731a11', 'y', '2020-11-30 14:50:00', true),
       ('604be91e-1f50-4e9f-8645-f1eb824c144e', '4407b7ee-e9e5-46f9-a063-2792ef0fd73a', 'y', '2020-11-30 14:50:00', true),
       ('604be91e-1f50-4e9f-8645-f1eb824c144e', 'e9ece2f0-3119-45a4-8d5d-9c63a432ed0b', 'y', '2020-11-30 14:50:00', true),
       ('fd4cb388-aaf4-4eae-9dce-3eff0548211b', 'ae2d6fb3-f058-4abf-b45c-4f190831500b', 'y', '2020-11-30 14:50:00', true),
       ('18196271-32f9-4aea-99dc-7280ab2d971a', '249ad914-db81-47d0-8409-5f16a1d56fab', 'y', '2020-11-30 14:50:00', true),
       ('8573bb50-71cd-46f9-8476-d03fa8e8f9bd', 'e866bfe4-2a52-435e-9491-6840b0df63e1', 'y', '2020-11-30 14:50:00', true),
       ('f89c4774-a6b0-4b04-a98a-be7d6be5c349', 'c14a83ff-f17b-4558-a05a-65f1737196dd', 'y', '2020-11-30 14:50:00', true),
       ('dae72359-c18d-4a9b-8b61-47d86ce34355', '56cf890c-5525-454d-b67c-f47df9b746ec', 'y', '2020-11-30 14:50:00', true),
       ('cab62e15-558b-4c23-a22c-c68678fe5f16', '0011875b-fde2-4b82-8a6f-708c0193cd23', 'y', '2020-11-30 14:50:00', true),
       ('ad8e24f6-c84b-4a35-823a-0db5641d96b9', '238a6d00-0e8c-43ee-9910-a8e5c85c59f6', 'y', '2020-11-30 14:50:00', true),
       ('92feaea2-83b6-47c0-9ea6-e728de0b5901', '9c3fe435-9b65-4d93-ac63-8e8f9e7d824f', 'y', '2020-11-30 14:50:00', true),
       ('86e08754-7cc4-493f-aafc-ae0216576237', '389c01d6-d54e-4834-94d9-2923ec399c54', 'y', '2020-11-30 14:50:00', true),
       ('66636fe7-8ef8-4577-a702-882595eb358a', '094a2086-b4c0-4fdf-8fb6-9c720192e553', 'y', '2020-11-30 14:50:00', true),
       ('0afe69c3-ee45-4e1e-a133-3be7c72fa4f9', 'ed17ae4d-7841-4382-8230-65ec3ca918e3', 'good', '2020-11-30 14:50:00', true),
       ('0afe69c3-ee45-4e1e-a133-3be7c72fa4f9', 'ed17ae4d-7841-4382-8230-65ec3ca918e3', 'satisfactory', '2020-11-30 14:50:00', true),
       ('0afe69c3-ee45-4e1e-a133-3be7c72fa4f9', 'ed17ae4d-7841-4382-8230-65ec3ca918e3', 'poor', '2020-11-30 14:50:00', true),
       ('28d5d5e2-fd31-4eb9-967d-7b5bad71a83e', '819732c0-e26f-42ea-8742-9cfade298983', 'other', '2020-11-30 14:50:00', true),
       ('ce315a2f-58c6-42f3-9cbe-d0a5f4fe1b63', '3fda792a-7892-4a81-8eaf-b579009f5cb2', 'other', '2020-11-30 14:50:00', true);


