INSERT INTO answer_schema_group (answer_schema_group_uuid, answer_schema_group_code, group_start, group_end)
VALUES ('62f8b4c8-9c1d-4668-98e6-b336606add14', 'yes_no', '2020-11-30 14:50:00', null),
    ('4f0468b2-6c9a-45e4-90fb-528c8e0fe8d1', 'tbc', '2020-11-30 14:50:00', null),
    ('e62cf8bb-bae5-444a-8cab-79dc5cb05cee', 'punishment_public-protection_crime-reduction_reparation_reform-or-rehabilitation', '2020-11-30 14:50:00', null),
    ('9f89ede2-0de3-4747-902b-8834e4eb6dcd', 'absconding/bail_acquisitive-violence_burglary-(domestic)_burglary-(other)_criminal-damage_drink-driving_drug-import/export/production_drug-possession/supply_drunkeness_fraud,-forgery-and-misrepresentation_handling-stolen-goods_motoring-(not-drink-driving)_public-order-(harassment)_sexual-(against-children)_sexual-(not-against-children)_theft-(not-vehicle-related)_vehicle-related-theft_violence-against-the-person_welfare-fraud_other-offence', '2020-11-30 14:50:00', null),
    ('8be8dde3-2d13-49e2-aca3-01fae566a289', 'no-problems_some-problems_significant-problems', '2020-11-30 14:50:00', null),
    ('95cacc0a-97d3-4137-bae7-496e265495ea', 'tenant-owner-/-occupied_living-with-(stable)_living-with-(unstable)_b&b-/-hotel_hostel_no-fixed-abode', '2020-11-30 14:50:00', null),
    ('817f66e2-a752-4e31-af79-d1f9f2b0470a', 'some-problems-_significant-problems', '2020-11-30 14:50:00', null),
    ('23f256a6-0939-478b-8dc9-5e11a935b3c5', 'very-high_high_medium_low', '2020-11-30 14:50:00', null),
    ('25b96c5d-a769-48be-b05a-494b3a3e3aa0', 'very-hgh_high_medium_low', '2020-11-30 14:50:00', null),
    ('fd9a4024-7810-4e5b-b99f-f1f4d40acaea', 'good_satisfactory_poor', '2020-11-30 14:50:00', null),
    ('fae2fb49-8de2-4db8-a327-cb19551e7754', 'interview_service-records_cps-summary_previous-oasys-assessments_previous-convictions_victim-statement_safeguarding-checks_police-information_sentencing-guidelines_domestic-abuse-call-out-information', '2020-11-30 14:50:00', null);


INSERT INTO answer_schema (answer_schema_uuid, answer_schema_code, answer_schema_group_uuid, answer_start, answer_end, value, text)
VALUES ('0f9e603c-fe70-42e6-89fd-edab6626a6d5', 'yes', '62f8b4c8-9c1d-4668-98e6-b336606add14', '2020-11-30 14:50:00', null, 'Y', 'Yes'),
    ('030b5ce2-b363-40c9-94cd-70271facc3a8', 'no', '62f8b4c8-9c1d-4668-98e6-b336606add14', '2020-11-30 14:50:00', null, 'N', 'No'),
    ('8ebaf24c-853e-462c-8d36-576ce7088dfa', 'tbc', '4f0468b2-6c9a-45e4-90fb-528c8e0fe8d1', '2020-11-30 14:50:00', null, 'tbc', 'TBC'),
    ('73f86bb2-19db-4583-84a1-55c07fa37a1c', 'punishment', 'e62cf8bb-bae5-444a-8cab-79dc5cb05cee', '2020-11-30 14:50:00', null, 'punishment', 'Punishment'),
    ('ab2f9beb-e941-4cea-870e-180ad03c120c', 'public-protection', 'e62cf8bb-bae5-444a-8cab-79dc5cb05cee', '2020-11-30 14:50:00', null, 'public protection', 'Public protection'),
    ('a084b35c-b14e-4045-912a-1354664fff5a', 'crime-reduction', 'e62cf8bb-bae5-444a-8cab-79dc5cb05cee', '2020-11-30 14:50:00', null, 'crime reduction', 'Crime reduction'),
    ('29f0c84f-2dd2-426a-bec5-75909c937b7b', 'reparation', 'e62cf8bb-bae5-444a-8cab-79dc5cb05cee', '2020-11-30 14:50:00', null, 'reparation', 'Reparation'),
    ('a40a3eea-838c-424f-aaa7-849226f59a01', 'reform-or-rehabilitation', 'e62cf8bb-bae5-444a-8cab-79dc5cb05cee', '2020-11-30 14:50:00', null, 'reform or rehabilitation', 'Reform or rehabilitation'),
    ('ecb56cc8-90ec-47b3-b856-f48731290e63', 'absconding/bail', '9f89ede2-0de3-4747-902b-8834e4eb6dcd', '2020-11-30 14:50:00', null, 'absconding/bail', 'Absconding/bail'),
    ('746a5210-971f-4d42-8816-833e2d82cac0', 'acquisitive-violence', '9f89ede2-0de3-4747-902b-8834e4eb6dcd', '2020-11-30 14:50:00', null, 'acquisitive violence', 'Acquisitive violence'),
    ('cbf741e6-398c-4dee-944b-3f83f10b8aaa', 'burglary-(domestic)', '9f89ede2-0de3-4747-902b-8834e4eb6dcd', '2020-11-30 14:50:00', null, 'burglary (domestic)', 'Burglary (domestic)'),
    ('22422c90-d75c-44a9-91b2-72ad1bce98c5', 'burglary-(other)', '9f89ede2-0de3-4747-902b-8834e4eb6dcd', '2020-11-30 14:50:00', null, 'burglary (other)', 'Burglary (other)'),
    ('b8b4c20f-1ad3-4686-b8d5-3eb174a9d7f5', 'criminal-damage', '9f89ede2-0de3-4747-902b-8834e4eb6dcd', '2020-11-30 14:50:00', null, 'criminal damage', 'Criminal damage'),
    ('7e1259ad-5bb6-4830-82ae-e09540b42e8d', 'drink-driving', '9f89ede2-0de3-4747-902b-8834e4eb6dcd', '2020-11-30 14:50:00', null, 'drink driving', 'Drink driving'),
    ('b4fbed42-8d40-477d-b434-8dfa524220a1', 'drug-import/export/production', '9f89ede2-0de3-4747-902b-8834e4eb6dcd', '2020-11-30 14:50:00', null, 'drug import/export/production', 'Drug import/export/production'),
    ('88c60ddb-036a-4da6-ae70-f7fc4ca564c5', 'drug-possession/supply', '9f89ede2-0de3-4747-902b-8834e4eb6dcd', '2020-11-30 14:50:00', null, 'drug possession/supply', 'Drug possession/supply'),
    ('86385613-17ad-4e0a-aae8-3830b22b5f21', 'drunkeness', '9f89ede2-0de3-4747-902b-8834e4eb6dcd', '2020-11-30 14:50:00', null, 'drunkeness', 'Drunkeness'),
    ('7c0fcd81-4abc-4442-a868-a3082c07e8a0', 'fraud,-forgery-and-misrepresentation', '9f89ede2-0de3-4747-902b-8834e4eb6dcd', '2020-11-30 14:50:00', null, 'fraud, forgery and misrepresentation', 'Fraud, forgery and misrepresentation'),
    ('99e993a2-2a6d-4094-92c5-a8d2a2a18b6e', 'handling-stolen-goods', '9f89ede2-0de3-4747-902b-8834e4eb6dcd', '2020-11-30 14:50:00', null, 'handling stolen goods', 'Handling stolen goods'),
    ('6fbd9915-97fe-4870-b4e7-d476ba70c925', 'motoring-(not-drink-driving)', '9f89ede2-0de3-4747-902b-8834e4eb6dcd', '2020-11-30 14:50:00', null, 'motoring (not drink driving)', 'Motoring (not drink driving)'),
    ('98664e30-6ab3-425c-9861-cc7ef61356bc', 'public-order-(harassment)', '9f89ede2-0de3-4747-902b-8834e4eb6dcd', '2020-11-30 14:50:00', null, 'public order (harassment)', 'Public order (harassment)'),
    ('22905657-386c-41e0-8bd4-c28bc84de12f', 'sexual-(against-children)', '9f89ede2-0de3-4747-902b-8834e4eb6dcd', '2020-11-30 14:50:00', null, 'sexual (against children)', 'Sexual (against children)'),
    ('edd25630-df26-4f71-91d9-efeb8b9892cc', 'sexual-(not-against-children)', '9f89ede2-0de3-4747-902b-8834e4eb6dcd', '2020-11-30 14:50:00', null, 'sexual (not against children)', 'Sexual (not against children)'),
    ('f5765170-1c6b-430a-af7f-c30a1a514a96', 'theft-(not-vehicle-related)', '9f89ede2-0de3-4747-902b-8834e4eb6dcd', '2020-11-30 14:50:00', null, 'theft (not vehicle-related)', 'Theft (not vehicle-related)'),
    ('535991fb-f163-402b-b1ee-4d273d53fb8a', 'vehicle-related-theft', '9f89ede2-0de3-4747-902b-8834e4eb6dcd', '2020-11-30 14:50:00', null, 'vehicle-related theft', 'Vehicle-related theft'),
    ('7b856d2a-a443-481f-8ab2-ac1f4bd644da', 'violence-against-the-person', '9f89ede2-0de3-4747-902b-8834e4eb6dcd', '2020-11-30 14:50:00', null, 'violence against the person', 'Violence against the person'),
    ('cb7b076d-5b39-44ed-ac14-72c8d7a40e3d', 'welfare-fraud', '9f89ede2-0de3-4747-902b-8834e4eb6dcd', '2020-11-30 14:50:00', null, 'welfare fraud', 'Welfare fraud'),
    ('938dc7e4-bc04-4ccc-9fa6-b5f524e2c5fe', 'other-offence', '9f89ede2-0de3-4747-902b-8834e4eb6dcd', '2020-11-30 14:50:00', null, 'other offence', 'Other offence'),
    ('4e73bb47-1cd9-41d6-817b-e38cd98f29d0', 'no-problems', '8be8dde3-2d13-49e2-aca3-01fae566a289', '2020-11-30 14:50:00', null, 'no problems', 'No problems'),
    ('955ef096-6cf7-466d-9b9a-fa4a70905aff', 'some-problems', '8be8dde3-2d13-49e2-aca3-01fae566a289', '2020-11-30 14:50:00', null, 'some problems', 'Some problems'),
    ('3746f502-02e3-4688-b59f-6d71b0070c2e', 'significant-problems', '8be8dde3-2d13-49e2-aca3-01fae566a289', '2020-11-30 14:50:00', null, 'significant problems', 'Significant problems'),
    ('18e53bfd-1bb8-43ee-90f3-8509e46a9be3', 'tenant-owner-/-occupied', '95cacc0a-97d3-4137-bae7-496e265495ea', '2020-11-30 14:50:00', null, 'tenant owner / occupied', 'Tenant owner / occupied'),
    ('e2cda646-fe71-44e0-8b2d-2252f0755187', 'living-with-(stable)', '95cacc0a-97d3-4137-bae7-496e265495ea', '2020-11-30 14:50:00', null, 'living with (stable)', 'Living with (stable)'),
    ('ac8b94b5-26b6-4486-a3cf-5293331b0205', 'living-with-(unstable)', '95cacc0a-97d3-4137-bae7-496e265495ea', '2020-11-30 14:50:00', null, 'living with (unstable)', 'Living with (unstable)'),
    ('1d5e236c-5624-47cb-8069-513c67795b4d', 'b&b-/-hotel', '95cacc0a-97d3-4137-bae7-496e265495ea', '2020-11-30 14:50:00', null, 'b&b / hotel', 'B&B / hotel'),
    ('a2ba5179-912f-4cd1-a000-0df8f943108b', 'hostel', '95cacc0a-97d3-4137-bae7-496e265495ea', '2020-11-30 14:50:00', null, 'hostel', 'Hostel'),
    ('4f915a82-d8b7-48d5-9071-7511830b3ab8', 'no-fixed-abode', '95cacc0a-97d3-4137-bae7-496e265495ea', '2020-11-30 14:50:00', null, 'no fixed abode', 'No fixed abode'),
    ('6b7bd600-a7aa-40ae-b317-d78c216e3057', 'some-problems-', '817f66e2-a752-4e31-af79-d1f9f2b0470a', '2020-11-30 14:50:00', null, 'some problems ', 'Some problems '),
    ('20568097-eedb-43ec-b2d9-33faf58dec8b', 'significant-problems', '817f66e2-a752-4e31-af79-d1f9f2b0470a', '2020-11-30 14:50:00', null, 'significant problems', 'Significant problems'),
    ('32bb933a-ddfd-49af-9e81-094614b1d247', 'very-high', '23f256a6-0939-478b-8dc9-5e11a935b3c5', '2020-11-30 14:50:00', null, 'very high', 'Very high'),
    ('d35a95e8-1334-4688-a461-e6baacc0e850', 'high', '23f256a6-0939-478b-8dc9-5e11a935b3c5', '2020-11-30 14:50:00', null, 'high', 'High'),
    ('91255c8b-8041-4509-b2dc-f7d27a6e1b90', 'medium', '23f256a6-0939-478b-8dc9-5e11a935b3c5', '2020-11-30 14:50:00', null, 'medium', 'Medium'),
    ('c21cef94-3251-4bcd-b4fb-733a265d7cab', 'low', '23f256a6-0939-478b-8dc9-5e11a935b3c5', '2020-11-30 14:50:00', null, 'low', 'Low'),
    ('5106b973-0ab7-45ed-af28-1f2f73c50501', 'very-hgh', '25b96c5d-a769-48be-b05a-494b3a3e3aa0', '2020-11-30 14:50:00', null, 'very hgh', 'Very hgh'),
    ('0cf5c5f9-c159-4594-b670-e6e238d643c2', 'high', '25b96c5d-a769-48be-b05a-494b3a3e3aa0', '2020-11-30 14:50:00', null, 'high', 'High'),
    ('7986e5b9-c968-411c-a12c-7864f4931ae7', 'medium', '25b96c5d-a769-48be-b05a-494b3a3e3aa0', '2020-11-30 14:50:00', null, 'medium', 'Medium'),
    ('493e98e0-ddba-4a86-8eb8-4a209c7b7c80', 'low', '25b96c5d-a769-48be-b05a-494b3a3e3aa0', '2020-11-30 14:50:00', null, 'low', 'Low'),
    ('652de4c8-77a7-4fc9-b1f5-a2a967eaf763', 'good', 'fd9a4024-7810-4e5b-b99f-f1f4d40acaea', '2020-11-30 14:50:00', null, 'good', 'Good'),
    ('260ef541-ef8e-49d8-b37b-d1f469f4129e', 'satisfactory', 'fd9a4024-7810-4e5b-b99f-f1f4d40acaea', '2020-11-30 14:50:00', null, 'satisfactory', 'Satisfactory'),
    ('433ec9dc-da9f-421b-8bc8-c6bbb1cd8542', 'poor', 'fd9a4024-7810-4e5b-b99f-f1f4d40acaea', '2020-11-30 14:50:00', null, 'poor', 'Poor'),
    ('80c9a4d2-0be2-4a3a-918c-520d7091e3e7', 'interview', 'fae2fb49-8de2-4db8-a327-cb19551e7754', '2020-11-30 14:50:00', null, 'interview', 'Interview'),
    ('7d61c24b-d694-40cc-b067-75cc05d05aee', 'service-records', 'fae2fb49-8de2-4db8-a327-cb19551e7754', '2020-11-30 14:50:00', null, 'service records', 'Service records'),
    ('8c33cdf5-baa7-4493-80f3-d3d884b0811b', 'cps-summary', 'fae2fb49-8de2-4db8-a327-cb19551e7754', '2020-11-30 14:50:00', null, 'cps summary', 'CPS summary'),
    ('9d0fdb7c-ecc7-430a-a614-2c7041896423', 'previous-oasys-assessments', 'fae2fb49-8de2-4db8-a327-cb19551e7754', '2020-11-30 14:50:00', null, 'previous oasys assessments', 'Previous OASys assessments'),
    ('51d4d825-e930-4ba2-b870-436d526d3712', 'previous-convictions', 'fae2fb49-8de2-4db8-a327-cb19551e7754', '2020-11-30 14:50:00', null, 'previous convictions', 'Previous convictions'),
    ('2a7f0d28-65ac-4bcf-ac1d-5293ee622a54', 'victim-statement', 'fae2fb49-8de2-4db8-a327-cb19551e7754', '2020-11-30 14:50:00', null, 'victim statement', 'Victim statement'),
    ('5526f9c5-7ddd-4d46-af88-30ccb39b6d13', 'safeguarding-checks', 'fae2fb49-8de2-4db8-a327-cb19551e7754', '2020-11-30 14:50:00', null, 'safeguarding checks', 'Safeguarding checks'),
    ('c1c32f8d-ab0e-497c-8229-7c9faa9e36fc', 'police-information', 'fae2fb49-8de2-4db8-a327-cb19551e7754', '2020-11-30 14:50:00', null, 'police information', 'Police information'),
    ('0985cdc8-6a95-49d2-b6e4-055fdc00ef74', 'sentencing-guidelines', 'fae2fb49-8de2-4db8-a327-cb19551e7754', '2020-11-30 14:50:00', null, 'sentencing guidelines', 'Sentencing guidelines'),
    ('a659c13e-0eb1-4556-937a-73b2952ae0e2', 'domestic-abuse-call-out-information', 'fae2fb49-8de2-4db8-a327-cb19551e7754', '2020-11-30 14:50:00', null, 'domestic abuse call-out information', 'Domestic abuse call-out information');


INSERT INTO grouping (group_uuid, group_code, heading, subheading, help_text, group_start, group_end)
VALUES ('9cef48b7-ac56-41c7-9a3b-348b725c3413', 'pre_sentence_assessment', 'Pre-Sentence Assessment', null, null, '2020-11-30 14:50:00', null),
    ('da80607c-fb9d-4ff6-84ae-f5987e8d684c', 'the_individual', 'The individual', null, null, '2020-11-30 14:50:00', null),
    ('c4214a85-a6a7-44f2-8a34-3973a082b391', 'court_information', 'Court information', null, null, '2020-11-30 14:50:00', null),
    ('86dad14d-7b57-4c8d-8f61-36f5589a8fe9', 'psr_metadata', 'PSR metadata', null, null, '2020-11-30 14:50:00', null),
    ('47d14e39-1f49-4ccb-ac17-54b1ec239fee', 'probation_service_details', 'Probation service details', null, null, '2020-11-30 14:50:00', null),
    ('7fa85977-6d9f-4066-8356-8ad89a009519', 'the_offences', 'The offences', null, null, '2020-11-30 14:50:00', null),
    ('1853f91d-e655-4c4c-b82b-351ba94dced3', 'offence_analysis', 'Offence analysis', null, null, '2020-11-30 14:50:00', null),
    ('7ffd29b9-842d-4876-879b-c061020c139e', 'criminal_history', 'Criminal history', null, null, '2020-11-30 14:50:00', null),
    ('4d4277df-a4d2-4919-98c7-7d9edd6d1698', 'order', 'Order', null, null, '2020-11-30 14:50:00', null),
    ('e4b2b841-efe9-45a3-9027-ade66c9487f7', 'needs', 'Needs', null, null, '2020-11-30 14:50:00', null),
    ('19763399-f3cb-4541-a668-3ff3784bb1dd', 'risks', 'Risks', null, null, '2020-11-30 14:50:00', null),
    ('20969dee-9c07-4f30-8ba4-21639a333205', 'proposal', 'Proposal', null, null, '2020-11-30 14:50:00', null),
    ('53198756-56eb-4313-8801-a78fc902da26', 'information_sources', 'Information sources', null, null, '2020-11-30 14:50:00', null);


INSERT INTO question_schema (question_schema_uuid, question_code, oasys_question_code, question_start, question_end, answer_type, answer_schema_group_uuid, question_text, question_help_text, external_source)
VALUES ('6d8377f2-305f-430a-82ca-c9e9c57db23d', 'title', null, '2020-11-30 14:50:00', null, 'freetext', null, 'Title', null, 'COURT:name.title'),
    ('29c866f9-8415-41ef-b2d8-2324f2a1f080', 'first_name', null, '2020-11-30 14:50:00', null, 'freetext', null, 'First name or names', null, 'COURT:name.forename1'),
    ('33eaa9f2-a742-497f-9d01-b72f7b9ab8ed', 'family_name', null, '2020-11-30 14:50:00', null, 'freetext', null, 'Family name or names', null, 'COURT:name.surname'),
    ('8a8af1cc-bd9c-4a57-8941-f31984e6d2f9', 'date_of_birth', null, '2020-11-30 14:50:00', null, 'date', null, 'Date of birth', null, 'COURT:defendantDob:date'),
    ('2c76d421-ddfc-4688-a22b-7a3169c48f7c', 'age', null, '2020-11-30 14:50:00', null, 'freetext', null, 'Age', null, null),
    ('9dc17bad-c60b-4718-9aaf-726a1b715eab', 'gender', null, '2020-11-30 14:50:00', null, 'dropdown', '4f0468b2-6c9a-45e4-90fb-528c8e0fe8d1', 'Gender', null, null),
    ('d85936e8-5d34-460e-8716-26303187a1e8', 'sex', null, '2020-11-30 14:50:00', null, 'dropdown', '4f0468b2-6c9a-45e4-90fb-528c8e0fe8d1', 'Sex', null, null),
    ('b9302b1c-6b36-4ef6-b218-cf752c86f5cd', 'crn', null, '2020-11-30 14:50:00', null, 'freetext', null, 'CRN', null, 'COURT:crn'),
    ('eea7251b-69d7-4e75-b914-2844fd1fa68f', 'pnc', null, '2020-11-30 14:50:00', null, 'freetext', null, 'PNC', null, 'COURT:pnc'),
    ('1a5259e0-01b0-4d4d-89ec-6501f6bfc681', 'address_line_1', null, '2020-11-30 14:50:00', null, 'freetext', null, 'Address', null, 'COURT:defendantAddress.line1'),
    ('72984110-4b41-4d28-89e1-0cfa0dcc2811', 'address_line_2', null, '2020-11-30 14:50:00', null, 'freetext', null, null, null, 'COURT:defendantAddress.line2'),
    ('1b4e9a14-72ed-43a0-83f8-496d6acfd613', 'address_line_3', null, '2020-11-30 14:50:00', null, 'freetext', null, null, null, 'COURT:defendantAddress.line3'),
    ('b7a70aec-5651-4804-bb0d-01062413995e', 'address_line_4', null, '2020-11-30 14:50:00', null, 'freetext', null, null, null, 'COURT:defendantAddress.line4'),
    ('62d856cb-6353-4597-b5a9-d4c46b2476cb', 'address_line_5', null, '2020-11-30 14:50:00', null, 'freetext', null, null, null, 'COURT:defendantAddress.line5'),
    ('aa892417-6fa7-4b03-bc53-5023414660f7', 'post_code', null, '2020-11-30 14:50:00', null, 'freetext', null, 'Post Code', null, 'COURT:defendantAddress.postcode:toUpper'),
    ('aada0491-e1c6-46f8-bd26-693f2332731b', 'court', null, '2020-11-30 14:50:00', null, 'freetext', null, 'Court', null, 'COURT:courtCode'),
    ('143d811b-92b1-469f-ab04-d08f8419ccf0', 'local_justice_area', null, '2020-11-30 14:50:00', null, 'freetext', null, 'Local justice area', null, null),
    ('ce91861e-6022-4ef9-a2e3-4b111d79f5b8', 'date_of_hearing', null, '2020-11-30 14:50:00', null, 'date', null, 'Date of hearing', null, 'COURT:sessionStartTime'),
    ('5f195b34-b63a-4ed6-b98d-c799456d215a', 'date_of_assessment', null, '2020-11-30 14:50:00', null, 'date', null, 'Date of assessment', null, null),
    ('f6cde3b8-d8aa-4a2a-92a5-845b9c36bbde', 'seriousness', null, '2020-11-30 14:50:00', null, 'freetext', null, 'Seriousness', null, null),
    ('9a4c78cc-b084-4428-83a0-8750ad0bdf3a', 'sentencing_purpose', null, '2020-11-30 14:50:00', null, 'dropdown', 'e62cf8bb-bae5-444a-8cab-79dc5cb05cee', 'Sentencing purpose', null, null),
    ('057781d0-2ccb-45d0-baa3-46f93390099a', 'date_report_requested', null, '2020-11-30 14:50:00', null, 'date', null, 'Date report requested', null, null),
    ('2c7b7d6e-7408-4c07-87b9-49118604042a', 'date_report_required', null, '2020-11-30 14:50:00', null, 'date', null, 'Date report required', null, null),
    ('718ccf8e-f13c-4b95-8cfa-63285460f21d', 'date_report_completed_and_signed', null, '2020-11-30 14:50:00', null, 'date', null, 'Date report completed and signed', null, null),
    ('1546a30f-99ae-48e3-85d3-d688e1ec1ff1', 'offender_manager', null, '2020-11-30 14:50:00', null, 'freetext', null, 'Probation practitioner', null, null),
    ('b472f6c2-10fd-4bbe-8832-0b9a21f4d5bc', 'psr_writers_name', null, '2020-11-30 14:50:00', null, 'freetext', null, 'Report author', null, null),
    ('a5b03116-5f75-44b0-b3ab-308168d6e41a', 'psr_writers_office_location', null, '2020-11-30 14:50:00', null, 'freetext', null, 'Office', null, null),
    ('5867e9a8-5c03-4059-b5a7-e54847be629e', 'main_offence', null, '2020-11-30 14:50:00', null, 'dropdown', '9f89ede2-0de3-4747-902b-8834e4eb6dcd', 'Main offence 
', null, null),
    ('86b7a4ed-aa9d-4d6b-93af-62bf22eed39e', 'main_offence_date', null, '2020-11-30 14:50:00', null, 'date', null, 'Date', null, null),
    ('a5a1ed2a-c0c9-43f7-99ca-1e690611ebff', 'other_offences_and_dates_if_applicable', null, '2020-11-30 14:50:00', null, 'dropdown', '9f89ede2-0de3-4747-902b-8834e4eb6dcd', 'Additional offence
', null, null),
    ('977cd050-9359-46c8-87f2-e9db707854e1', 'other_offences_dates', null, '2020-11-30 14:50:00', null, 'date', null, 'Date', null, null),
    ('ef650be9-9b75-4638-9684-6ed107c1b216', 'offence_description', null, '2020-11-30 14:50:00', null, 'freetext', null, 'Additional offence description', null, null),
    ('6b103df6-431e-4eea-95f9-a1097b34cff5', 'offence_category_type', null, '2020-11-30 14:50:00', null, 'freetext', null, 'Current offence category', null, null),
    ('34b68c0b-e3ab-42b7-972f-02bda3c46db1', 'date_of_current_conviction', null, '2020-11-30 14:50:00', null, 'date', null, 'Date of current conviction', null, null),
    ('2a34fc57-d0da-47fb-8479-b4e1cb2e7529', 'date_of_sentence_or_discharge_if_sentenced_to_custody', null, '2020-11-30 14:50:00', null, 'date', null, 'Date of sentence, or discharge if sentenced to custody', null, null),
    ('0ce465a7-269c-4f1d-8cb9-2f2bf7fde909', 'offence_analysis', 'Section 2, question 2.1', '2020-11-30 14:50:00', null, 'freetext', null, 'Offence analysis', null, null),
    ('c3144199-214d-4026-8c8d-b75cc22d4231', 'why_did_the_offence_occur', 'Section 2, question 2.8', '2020-11-30 14:50:00', null, 'freetext', null, 'Why did the offence occur?', null, null),
    ('40d5be8d-6390-4b3a-9232-b0db4e2569ea', 'offender_accepts_responsibility_for_the_current_offence', 'Section 2, question 2.11', '2020-11-30 14:50:00', null, 'radio', '62f8b4c8-9c1d-4668-98e6-b336606add14', 'Does the individual accept responsibility for the current offence?', null, null),
    ('e246f7fb-f8cb-41cc-af0b-93b72f09279b', 'give_details', null, '2020-11-30 14:50:00', null, 'freetext', null, 'Give details', null, null),
    ('a2003d6b-8445-4620-b503-d603fa1c7f69', 'offender_recognises_the_impact_and_consequences_of_offence_s_on_the_victim_community_wider_society', 'Section 2, question 2.6', '2020-11-30 14:50:00', null, 'radio', '62f8b4c8-9c1d-4668-98e6-b336606add14', 'Does the individual recognise the impact and consequences of offence(s) on the victim or community or wider society?', null, null),
    ('9c76930f-8756-4178-91c5-bf91b34cb866', 'give_details', null, '2020-11-30 14:50:00', null, 'freetext', null, 'Give details', null, null),
    ('5c298669-428e-4f98-87e6-50f30f6ed9da', 'current_offence_s_indicate_escalation_in_seriousness_from_earlier_offending', 'Section 2, question 2.13', '2020-11-30 14:50:00', null, 'radio', '62f8b4c8-9c1d-4668-98e6-b336606add14', 'Do the current offence(s) indicate an escalation in seriousness from earlier offending?', null, null),
    ('29f750a6-cf5f-4bfe-8abd-e464948fdb84', 'give_details', null, '2020-11-30 14:50:00', null, 'freetext', null, 'Give details', null, null),
    ('1c8a6c87-6c3a-468c-a6df-bb494fca8c07', 'patterns_of_offending_behaviour_if_applicable', 'Section 2, question 2.14', '2020-11-30 14:50:00', null, 'radio', '62f8b4c8-9c1d-4668-98e6-b336606add14', 'Are current offence(s) part of an established pattern of offending?', null, null),
    ('a6984c3a-eebe-40d4-a9b5-a270e3d7b8de', 'details_of_patterns_of_offending_behaviour', null, '2020-11-30 14:50:00', null, 'freetext', null, 'Give details', null, null),
    ('50f32d0e-7f3a-4a81-af91-cf1efbd55e34', 'does_the_offender_have_any_history_of_statutory_sexual_offences', null, '2020-11-30 14:50:00', null, 'radio', '62f8b4c8-9c1d-4668-98e6-b336606add14', 'Does the individual have any history of statutory sexual offences?', null, null),
    ('87d0a9ce-2a4a-4c7a-9dbe-d15a3be1d8bd', 'does_the_current_offence_have_a_sexual_element_or_motivation', null, '2020-11-30 14:50:00', null, 'radio', '62f8b4c8-9c1d-4668-98e6-b336606add14', 'Does the current offence have a sexual element or motivation?', null, null),
    ('68b8f136-43be-478c-a7a4-cd4fc66e3bca', 'have_they_ever_committed_a_sexual_or_sexually_motivated_offence', null, '2020-11-30 14:50:00', null, 'radio', '62f8b4c8-9c1d-4668-98e6-b336606add14', 'Have they ever committed a sexual or sexually motivated offence?', null, null),
    ('eef57822-ecf4-44b7-ac62-bea6e6ef9e0f', 'does_the_current_sexual_offence_have_a_stranger_victim', null, '2020-11-30 14:50:00', null, 'radio', '62f8b4c8-9c1d-4668-98e6-b336606add14', 'Have any of these involved actual or attempted contact against a victim who was a stranger?', null, null),
    ('0ba65866-76c8-4cbd-9e56-af8630676780', 'date_of_most_recent_sexual_offence', null, '2020-11-30 14:50:00', null, 'date', null, 'Date of most recent sanction involving a sexual or sexually motivated offence', null, null),
    ('7a27688d-bc89-4b33-a181-8fad0c2975ee', 'number_of_previous_current_sanctions_involving_contact_adult_sexual_offences', null, '2020-11-30 14:50:00', null, 'freetext', null, 'Number of previous or current sanctions involving contact adult sexual offences', null, null),
    ('3ec524c3-6dea-4937-84c2-a986d180574e', 'number_of_previous_current_sanctions_involving_contact_child_sexual_offences', null, '2020-11-30 14:50:00', null, 'freetext', null, 'Number of previous or current sanctions involving contact child sexual offences', null, null),
    ('094be876-4eb8-4799-b02c-a033025faac8', 'number_of_previous_current_sanctions_involving_indecent_image_sexual_offences', null, '2020-11-30 14:50:00', null, 'freetext', null, 'Number of previous or current sanctions involving indecent image sexual offences', null, null),
    ('646713c0-3dc7-4925-bba5-b7e32e17144f', 'number_of_previous_current_sanctions_involving_paraphilia_sexual_offences', null, '2020-11-30 14:50:00', null, 'freetext', null, 'Number of previous or current sanctions involving other non-contact sexual or sexually motivated offences', null, null),
    ('d8900e43-ce0a-425b-afe9-d16f805c13bd', 'have_you_completed_an_offender_interview_and_or_oa_sys', null, '2020-11-30 14:50:00', null, 'radio', '62f8b4c8-9c1d-4668-98e6-b336606add14', 'Have you completed an interview and/or OASys?', null, null),
    ('c0fc0cdb-fc98-498f-ac23-2811fdd148dc', 'does_the_individual_have_any_previous_convictions', null, '2020-11-30 14:50:00', null, 'radio', '62f8b4c8-9c1d-4668-98e6-b336606add14', 'Does the individual have any previous convictions?', null, null),
    ('08b5df12-e247-4e53-8e25-be38119b1ebd', 'does_the_offender_have_any_previous_convictions_for_the_following_offences', null, '2020-11-30 14:50:00', null, 'freetext', null, 'Does the individual have any previous convictions for the following:', null, null),
    ('fca44f03-fe6f-4dc3-abb9-b217238749d5', 'murder_attempted_murder_threat_or_conspiracy_to_murder_manslaughter', null, '2020-11-30 14:50:00', null, 'freetext', null, 'Murder or attempted murder
or
threat or conspiracy to murder or manslaughter', null, null),
    ('30775158-5cd4-4b62-95dc-8a287d9570df', 'wounding_gbh_sections_18_20_offences_against_the_person_act_1861', null, '2020-11-30 14:50:00', null, 'freetext', null, 'Wounding or GBH (Sections 18/20 Offences Against the Person ACT 1861)', null, null),
    ('8e887c4b-80b6-4ad7-a417-861c221680f5', 'aggravated_burglary', null, '2020-11-30 14:50:00', null, 'freetext', null, 'Aggravated burglary', null, null),
    ('577bd915-6e97-4e9a-b822-329dadb3a9fb', 'arson', null, '2020-11-30 14:50:00', null, 'freetext', null, 'Arson', null, null),
    ('d8b5f52b-2988-44cd-83de-5ffea1945840', 'criminal_damage_with_intent_to_endanger_life', null, '2020-11-30 14:50:00', null, 'freetext', null, 'Criminal damage with intent to endanger life', null, null),
    ('6b02bfcb-2bce-4a48-873e-7ef0128e6ba1', 'kidnapping_false_imprisonment', null, '2020-11-30 14:50:00', null, 'freetext', null, 'Kidnapping or false imprisonment', null, null),
    ('14095bec-a095-4bf9-a578-5559fd9591d1', 'possession_of_a_firearm_with_intent_to_endanger_life_or_resist_arrest', null, '2020-11-30 14:50:00', null, 'freetext', null, 'Possession of a firearm with intent to endanger life or resist arrest', null, null),
    ('89f05ded-e756-4e65-80ae-6db566db4195', 'robbery', null, '2020-11-30 14:50:00', null, 'freetext', null, 'Robbery', null, null),
    ('77b7219f-6eb0-4f33-a25f-9617b57dd071', 'any_other_offence_involving_possession_and_or_use_of_weapons', null, '2020-11-30 14:50:00', null, 'freetext', null, 'Any other offence involving possession and/or use of weapons', null, null),
    ('67870426-6478-4168-a58f-d0ccf58930bb', 'did_the_offence_involve_carrying_use_of_a_weapon', '2.2A', '2020-11-30 14:50:00', null, 'radio', '62f8b4c8-9c1d-4668-98e6-b336606add14', 'Did the offence involve carrying or use of a weapon?', null, null),
    ('2904799c-3aa2-4744-a375-b19b5bb9e1fd', 'date_of_first_sanction', null, '2020-11-30 14:50:00', null, 'date', null, 'Date of first sanction', null, null),
    ('88015f80-82af-4714-bea1-9895402eb982', 'previous_sanctions', null, '2020-11-30 14:50:00', null, 'freetext', null, 'Number of previous sanctions for all recordable offences', null, null),
    ('8376c3a9-4a2d-4055-b178-e5d43c0c9f4e', 'number_of_previous_current_sanctions_for_violent_offences', null, '2020-11-30 14:50:00', null, 'freetext', null, 'Number of previous or current sanctions for violent offences', null, null),
    ('7631db2f-28c5-4a90-a53d-fe01ccba7874', 'order', null, '2020-11-30 14:50:00', null, 'freetext', null, 'Order', null, null),
    ('1b3f6dd7-d559-4efb-9d83-fac1620f95d9', 'is_the_offender_living_in_suitable_accommodation', '3.4', '2020-11-30 14:50:00', null, 'radio', '8be8dde3-2d13-49e2-aca3-01fae566a289', 'Suitability of accommodation.
', null, null),
    ('f1fda25f-568b-4dab-ae4c-5238ee767903', 'give_details', null, '2020-11-30 14:50:00', null, 'freetext', null, 'Give details', null, null),
    ('9346c07e-0c32-44a8-bb36-515c91c18555', 'accommodation', 'Section 3 last question field ref S3.11', '2020-11-30 14:50:00', null, 'radio', '62f8b4c8-9c1d-4668-98e6-b336606add14', 'Are any current or previous accommodation issues linked to offending behaviour?', null, null),
    ('25939f99-a403-48a6-81e3-e7dd047434f4', 'accommodation_type', null, '2020-11-30 14:50:00', null, 'dropdown', '95cacc0a-97d3-4137-bae7-496e265495ea', 'Accommodation type', null, null),
    ('40e3d6d9-a3df-4b6a-bca2-dfed4459edbc', 'give_details', null, '2020-11-30 14:50:00', null, 'freetext', null, 'Give details', null, null),
    ('de31b88e-bf31-45f0-a48c-fa5af15ceb73', 'education_training_and_employability', 'Section 4 last question field ref S4.23', '2020-11-30 14:50:00', null, 'radio', '62f8b4c8-9c1d-4668-98e6-b336606add14', 'Are education, training, employment and/or basic skills issues linked to offending behaviour?', null, null),
    ('8d2c0b31-4301-49ef-ab4f-4ab5a7fa0960', 'education_training_and_employability_status', '4.2', '2020-11-30 14:50:00', null, 'freetext', null, 'Education, training and employability status', null, null),
    ('ba7938ed-eebc-4476-a535-928b50980b8d', 'give_details', null, '2020-11-30 14:50:00', null, 'freetext', null, 'Give details', null, null),
    ('c6967d07-551c-4e95-af9c-50461f7ad4a1', 'hours_of_work_or_education_training_per_week', null, '2020-11-30 14:50:00', null, 'freetext', null, 'Hours of work or education / training per week', null, null),
    ('9444c0a0-073a-4fbd-8483-2d0eb0d7b95e', 'skills_for_life_assessment_required', null, '2020-11-30 14:50:00', null, 'radio', '62f8b4c8-9c1d-4668-98e6-b336606add14', 'Is a Skills for Life assessment required?', null, null),
    ('38cf2a10-54c0-4d10-a4dd-d460207ab596', 'finance', 'Section 5 last question field ref S5.13', '2020-11-30 14:50:00', null, 'radio', '62f8b4c8-9c1d-4668-98e6-b336606add14', 'Are financial issues linked to offending behaviour?', null, null),
    ('3be0421c-339d-4c2a-b232-85b63af7679f', 'give_details', null, '2020-11-30 14:50:00', null, 'freetext', null, 'Give details', null, null),
    ('3013fd8a-f872-43b4-a259-1d564fd81157', 'relationships', '6.4', '2020-11-30 14:50:00', null, 'radio', '817f66e2-a752-4e31-af79-d1f9f2b0470a', 'What is the person''s current relationship with their partner?', null, null),
    ('6c6c121d-6a7b-4c06-acee-b92d886a149c', 'is_there_evidence_that_the_offender_is_a_perpetrator_of_domestic_violence_partner_abuse', '6.7', '2020-11-30 14:50:00', null, 'radio', '62f8b4c8-9c1d-4668-98e6-b336606add14', 'Is there evidence that the individual is a perpetrator of domestic violence or partner abuse?', null, null),
    ('264b396d-788c-4d2a-aa55-4b8a853e1960', 'give_details', null, '2020-11-30 14:50:00', null, 'freetext', null, 'Give details', null, null),
    ('20bf0624-18ab-42d4-996b-57aa66f9fdc4', 'alcohol_misuse', 'Section 9 last question field ref S9.14', '2020-11-30 14:50:00', null, 'radio', '8be8dde3-2d13-49e2-aca3-01fae566a289', 'Is the person''s current use of alcohol a problem?', null, null),
    ('1d1eb2f8-c791-4cde-8063-ff750c2f9397', 'give_details', null, '2020-11-30 14:50:00', null, 'freetext', null, 'Give details', null, null),
    ('d8ab8c54-f2ba-41d9-ab3b-cbff7a035cc9', 'is_there_evidence_of_binge_drinking_or_excessive_use_of_alcohol_in_the_last_6_months', '9.2', '2020-11-30 14:50:00', null, 'radio', '8be8dde3-2d13-49e2-aca3-01fae566a289', 'Is there evidence of binge drinking or excessive use of alcohol in the last 6 months?', null, null),
    ('02bafb6b-cfab-45f9-8f6b-1a0c3fb676f1', 'give_details', null, '2020-11-30 14:50:00', null, 'freetext', null, 'Give details', null, null),
    ('71d78da9-58dc-4cf4-8eb4-e3331d166635', 'does_the_initial_screening_show_a_need_for_a_specialist_assessment', null, '2020-11-30 14:50:00', null, 'radio', '62f8b4c8-9c1d-4668-98e6-b336606add14', 'Is there a need for a specialist assessment?', null, null),
    ('9e9b0feb-fcf2-4ec8-b92b-32997245e400', 'give_details', null, '2020-11-30 14:50:00', null, 'freetext', null, 'Give details', null, null),
    ('3c83a7b1-d22a-4ae4-854e-31443df43bec', 'substance_misuse', 'Section 8 last question field ref S8.19', '2020-11-30 14:50:00', null, 'radio', '62f8b4c8-9c1d-4668-98e6-b336606add14', 'Is drug misuse linked to offending behaviour?', null, null),
    ('c00835fe-3196-4a77-a011-48784e18e173', 'give_details', null, '2020-11-30 14:50:00', null, 'freetext', null, 'Give details', null, null),
    ('db659b94-d5fe-49b8-8d60-3c705e9b1a33', 'is_there_current_recent_drug_misuse_on_a_daily_or_weekly_basis', 'Section 8 fields S8.2', '2020-11-30 14:50:00', null, 'radio', '62f8b4c8-9c1d-4668-98e6-b336606add14', 'Is there current or recent drug misuse on a daily or weekly basis?', null, null),
    ('970d590d-76b4-48a3-94c6-8c266048dee3', 'give_details', null, '2020-11-30 14:50:00', null, 'freetext', null, 'Give details', null, null),
    ('248974d3-fa9c-4532-ac2a-c8a7f8af658d', 'is_the_offender_motivated_to_tackle_drugs_misuse', 'Section 8 question 8.8', '2020-11-30 14:50:00', null, 'freetext', null, 'Is the individual motivated to tackle drugs misuse?', null, null),
    ('435fe773-d8bb-4653-a278-813164c5e662', 'give_details', null, '2020-11-30 14:50:00', null, 'freetext', null, 'Give details', null, null),
    ('5574cbce-a37f-444c-996a-2ed63b256652', 'physical_and_mental_health', 'Section 10 last question field ref S10.17', '2020-11-30 14:50:00', null, 'radio', '62f8b4c8-9c1d-4668-98e6-b336606add14', 'Is mental health linked to offending behaviour?', null, null),
    ('c8e8e493-bb57-4464-82d0-ebae910b035a', 'give_details', null, '2020-11-30 14:50:00', null, 'freetext', null, 'Give details', null, null),
    ('15146d27-bd8f-4c83-9960-decc13031358', 'does_the_offender_have_a_history_of_mental_health_issues', null, '2020-11-30 14:50:00', null, 'radio', '62f8b4c8-9c1d-4668-98e6-b336606add14', 'Does the individual have current mental health issues or a history of such issues?', null, null),
    ('22bb637a-94f5-4c16-b6da-853b54ab04a9', 'give_details', null, '2020-11-30 14:50:00', null, 'freetext', null, 'Give details', null, null),
    ('a6efe46a-ece3-43ed-af8d-a29aecbed3f2', 'self_harm_attempted_suicide_suicidal_thoughts_or_feelings', null, '2020-11-30 14:50:00', null, 'freetext', null, 'Is there evidence of self-harm, attempted suicide, suicidal thoughts or feelings?', null, null),
    ('54539d2c-37cd-4fac-a7b0-49b5f90ed45f', 'give_details', null, '2020-11-30 14:50:00', null, 'freetext', null, null, null, null),
    ('f0ad2e79-30c6-4022-b9a5-c2a06a9c6b21', 'coping_in_custody_hostel_setting', 'R8.2.1 field FA.39', '2020-11-30 14:50:00', null, 'radio', '62f8b4c8-9c1d-4668-98e6-b336606add14', 'Can the individual cope in custody / hostel setting?', null, null),
    ('d39abf0d-74e4-4332-ac59-364bde4737d4', 'give_details', null, '2020-11-30 14:50:00', null, 'freetext', null, 'Give details', null, null),
    ('710caa97-de07-4a2d-84b1-b74ff1d03462', 'are_there_particular_social_and_emotional_consequences_of_imprisonment', null, '2020-11-30 14:50:00', null, 'radio', '62f8b4c8-9c1d-4668-98e6-b336606add14', 'Are there particular social and emotional consequences of imprisonment?', null, null),
    ('ebf7fdc2-fc1d-4a89-a3e3-dd53f0a7d375', 'give_details', null, '2020-11-30 14:50:00', null, 'freetext', null, 'Give details', null, null),
    ('047ba5e9-b644-4bb1-a5f0-8288c2a58950', 'is_a_specialist_report_required', 'Section 10 question 10.8 field ref S10.14', '2020-11-30 14:50:00', null, 'radio', '62f8b4c8-9c1d-4668-98e6-b336606add14', 'Is a specialist mental health report required?', null, null),
    ('9d092110-32d6-4a7e-8b27-44b5ca56840a', 'give_details', null, '2020-11-30 14:50:00', null, 'freetext', null, 'Give details', null, null),
    ('264d2fe6-93cc-40ee-8a4d-12c379e5a897', 'thinking_and_behaviour', null, '2020-11-30 14:50:00', null, 'radio', '62f8b4c8-9c1d-4668-98e6-b336606add14', 'Are thinking and behaviour a relevant factor?', null, null),
    ('2a48179c-ea1a-404d-8245-961322224155', 'is_impulsivity_a_problem_for_the_offender', '11.2', '2020-11-30 14:50:00', null, 'radio', '8be8dde3-2d13-49e2-aca3-01fae566a289', 'Is impulsivity a problem for the individual?', null, null),
    ('e71e1b55-3869-4e98-b708-c2ecae8887dd', 'give_details', null, '2020-11-30 14:50:00', null, 'freetext', null, 'Give details', null, null),
    ('902f798a-1a61-46ca-bf38-271854cb0380', 'is_temper_control_a_problem_for_the_offender', '11.4', '2020-11-30 14:50:00', null, 'radio', '8be8dde3-2d13-49e2-aca3-01fae566a289', 'Is temper control a problem for the individual?', null, null),
    ('d718ea97-31e6-436f-94f1-71b013f7aa80', 'does_the_offender_have_pro_criminal_attitudes', '12.1', '2020-11-30 14:50:00', null, 'radio', '8be8dde3-2d13-49e2-aca3-01fae566a289', 'Does the individual have pro-criminal attitudes?', null, null),
    ('3b31c005-e9c0-4433-bca3-7b5991a1b80d', 'is_there_evidence_that_the_offender_demonstrates_inadequate_social_interpersonal_skills', 'Section 11 question 11.1', '2020-11-30 14:50:00', null, 'radio', '62f8b4c8-9c1d-4668-98e6-b336606add14', 'Is there evidence that the individual demonstrates inadequate social or interpersonal skills?', null, null),
    ('a6afc274-4309-4d5f-b0fb-80ffc96d4a66', 'give_details', null, '2020-11-30 14:50:00', null, 'freetext', null, 'Give details', null, null),
    ('7abcb51c-5124-467a-a9a8-09426338f9ed', 'is_there_evidence_that_the_offender_uses_inappropriate_problem_solving_strategies', 'Section 11 question 11.6', '2020-11-30 14:50:00', null, 'radio', '62f8b4c8-9c1d-4668-98e6-b336606add14', 'Is there evidence that the individual uses inappropriate problem solving strategies?', null, null),
    ('71069dbf-9cd3-49cb-929e-e3bbdce7739f', 'give_details', null, '2020-11-30 14:50:00', null, 'freetext', null, 'Give details', null, null),
    ('9e2a3145-116d-4998-9322-5d13b6c98509', 'is_there_evidence_that_the_offender_has_difficulty_understanding_other_peoples_points_of_view', 'Section 11 question 11.9', '2020-11-30 14:50:00', null, 'radio', '62f8b4c8-9c1d-4668-98e6-b336606add14', 'Is there evidence that the individual has difficulty understanding other people’s points of view?', null, null),
    ('cb1d60d1-41d7-49c5-a99f-29704ef0460a', 'give_details', null, '2020-11-30 14:50:00', null, 'freetext', null, 'Give details', null, null),
    ('491c3f73-c9c6-4967-8d55-516fa92fbe07', 'anti_social_discriminatory_attitudes_behaviour_associated_with_offending', null, '2020-11-30 14:50:00', null, 'freetext', null, 'Are anti-social or discriminatory attitudes or behaviour associated with offending?', null, null),
    ('39c31b50-a397-4ab7-b7a6-a6d6a8bd0f44', 'give_details', null, '2020-11-30 14:50:00', null, 'freetext', null, 'Give details', null, null),
    ('adcc1d41-f353-4012-89a4-55259fc85b09', 'other_needs', null, '2020-11-30 14:50:00', null, 'freetext', null, 'Additional information about the individual relevant to their offence(s) and the management of the offender', null, null),
    ('7e1619b3-f6dd-4754-9f04-cfd1b0500f43', 'is_there_evidence_of_the_offender_experiencing_trauma', null, '2020-11-30 14:50:00', null, 'radio', '62f8b4c8-9c1d-4668-98e6-b336606add14', 'Is there evidence of the individual experiencing trauma?', null, null),
    ('3dcc6f68-e58e-449b-aad8-1056232ef60a', 'does_the_offender_have_caring_responsibilities_for_children_or_adults_or_have_they_ever_had_caring_responsibilities_for_children_or_adults', null, '2020-11-30 14:50:00', null, 'radio', '62f8b4c8-9c1d-4668-98e6-b336606add14', 'Does the individual have caring responsibilities for children or adults, or have they ever had caring responsibilities for children or adults?', null, null),
    ('f43c717b-431b-426e-9e57-715cd84d790f', 'risk_of_serious_recidivism_rsr', null, '2020-11-30 14:50:00', null, 'freetext', null, 'Risk of Serious Recidivism (RSR)', null, null),
    ('71577e88-7575-4927-9731-d9bc6e9deae8', 'ogrs_3_probability_of_proven_reoffending', null, '2020-11-30 14:50:00', null, 'freetext', null, 'OGRS3 probability of proven reoffending', null, null),
    ('cf926032-6cc0-4fd9-9ad5-c9a71f0f5610', 'what_are_the_individuals_risk_factors', null, '2020-11-30 14:50:00', null, 'freetext', null, 'What are the individual''s risk factors?', null, null),
    ('f3e989dd-08e9-4be1-a168-40ed04208fbd', 'protective_factors', null, '2020-11-30 14:50:00', null, 'freetext', null, 'What are the individual''s protective factors?', null, null),
    ('6f5f7ef2-f5e9-4990-af01-a09c7d7ca95a', 'do_you_assess_risk_of_serious_harm_to_be_imminent', null, '2020-11-30 14:50:00', null, 'radio', '62f8b4c8-9c1d-4668-98e6-b336606add14', 'Do you assess risk of serious harm to be imminent?', null, null),
    ('8335cc38-bbc1-438e-a416-77b13b1a9dd0', 'give_details', null, '2020-11-30 14:50:00', null, 'freetext', null, 'Give details', null, null),
    ('57c70cc9-d3f3-410f-860a-c643a21e02fb', 'likelihood_of_further_offending', 'S1.46', '2020-11-30 14:50:00', null, 'dropdown', '23f256a6-0939-478b-8dc9-5e11a935b3c5', 'Likelihood of further offending', null, null),
    ('332dbbab-0d1d-4fc8-995d-06428045d387', 'risk_of_serious_harm_assessment', null, '2020-11-30 14:50:00', null, 'dropdown', '25b96c5d-a769-48be-b05a-494b3a3e3aa0', 'Risk of serious harm', null, null),
    ('703b6cd1-c00d-4674-8b4a-8950428a178d', 'the_risk_of_serious_harm_screening_indicates_the_need_for_a_full_risk_of_serious_harm_analysis', null, '2020-11-30 14:50:00', null, 'radio', '62f8b4c8-9c1d-4668-98e6-b336606add14', 'Does the Risk of Serious Harm Screening indicate a need for a full Risk of Serious Harm Analysis?', null, null),
    ('40885ced-ac6e-40bb-9a5b-7adf8a8972b6', 'response_to_previous_supervision', null, '2020-11-30 14:50:00', null, 'dropdown', 'fd9a4024-7810-4e5b-b99f-f1f4d40acaea', 'Response to previous supervision', null, null),
    ('eee354d8-f64d-4844-9569-da8e0d9b8d9e', 'give_details', null, '2020-11-30 14:50:00', null, 'freetext', null, 'Give details', null, null),
    ('2418271e-46cc-4d20-b9ee-f6167c288675', 'risk_of_serious_recidivism_rsr', null, '2020-11-30 14:50:00', null, 'freetext', null, 'Risk of Serious Recidivism (RSR)', null, null),
    ('e7e92602-a779-49cb-9d21-087f84ededef', 'ogrs_3_probability_of_proven_reoffending', null, '2020-11-30 14:50:00', null, 'freetext', null, 'OGRS3 probability of proven reoffending', null, null),
    ('aec9e98c-b0e1-4cd3-bc8d-d746d28b47e7', 'proposed_sentence', null, '2020-11-30 14:50:00', null, 'freetext', null, 'Enter a proposed sentence', null, null),
    ('adf05c73-7bc8-425e-a504-07ba1be38486', 'give_details', null, '2020-11-30 14:50:00', null, 'freetext', null, 'Give details', null, null),
    ('c9cee693-e612-4e06-bab3-10a4606d72fa', 'reasons_for_proposal', null, '2020-11-30 14:50:00', null, 'freetext', null, 'Reasons for proposal', null, null),
    ('7968848c-416e-4615-a68c-641c6d9f0c3a', 'sentence_length', null, '2020-11-30 14:50:00', null, 'freetext', null, 'Sentence length', null, null),
    ('c6caa9ac-665d-4394-8c39-1859340f8f9a', 'offenders_attitude_to_proposed_sentence', null, '2020-11-30 14:50:00', null, 'freetext', null, 'Individual''s attitude to proposed sentence', null, null),
    ('8dbccae9-db6b-465e-ab4f-1cb7ed018df1', 'source', null, '2020-11-30 14:50:00', null, 'dropdown', 'fae2fb49-8de2-4db8-a327-cb19551e7754', 'Information sources', null, null);


INSERT INTO question_group (question_group_uuid, content_uuid, content_type, group_uuid, display_order, mandatory, validation)
VALUES ('7f06cc50-9ace-48e0-b206-554382d56188', 'da80607c-fb9d-4ff6-84ae-f5987e8d684c', 'group', '9cef48b7-ac56-41c7-9a3b-348b725c3413', 1, true, null),
    ('a21364f2-6344-4598-bab1-52a1604db717', '6d8377f2-305f-430a-82ca-c9e9c57db23d', 'question', 'da80607c-fb9d-4ff6-84ae-f5987e8d684c', 1, true, null),
    ('dfdb35f2-f73a-4278-8a47-8b0dcf05eb5e', '29c866f9-8415-41ef-b2d8-2324f2a1f080', 'question', 'da80607c-fb9d-4ff6-84ae-f5987e8d684c', 2, true, null),
    ('adb357aa-6a1c-43ae-aa17-b7de7f71e37b', '33eaa9f2-a742-497f-9d01-b72f7b9ab8ed', 'question', 'da80607c-fb9d-4ff6-84ae-f5987e8d684c', 3, true, null),
    ('0810b1a6-4d03-4955-98c6-12265515ff2b', '8a8af1cc-bd9c-4a57-8941-f31984e6d2f9', 'question', 'da80607c-fb9d-4ff6-84ae-f5987e8d684c', 4, true, null),
    ('2b9d106b-5de1-48e0-ab08-0784517547a2', '2c76d421-ddfc-4688-a22b-7a3169c48f7c', 'question', 'da80607c-fb9d-4ff6-84ae-f5987e8d684c', 5, true, null),
    ('54427494-2a8b-46ba-8f57-206918782115', '9dc17bad-c60b-4718-9aaf-726a1b715eab', 'question', 'da80607c-fb9d-4ff6-84ae-f5987e8d684c', 6, true, null),
    ('229e06ee-f4f2-49a9-b445-3387c7e97835', 'd85936e8-5d34-460e-8716-26303187a1e8', 'question', 'da80607c-fb9d-4ff6-84ae-f5987e8d684c', 7, true, null),
    ('aef39541-c338-42af-a253-5a9cce54823c', 'b9302b1c-6b36-4ef6-b218-cf752c86f5cd', 'question', 'da80607c-fb9d-4ff6-84ae-f5987e8d684c', 8, true, null),
    ('2a262125-5577-413e-9245-449d52aac946', 'eea7251b-69d7-4e75-b914-2844fd1fa68f', 'question', 'da80607c-fb9d-4ff6-84ae-f5987e8d684c', 9, true, null),
    ('c855b457-bb6c-416f-be0a-a6e8f435006f', '1a5259e0-01b0-4d4d-89ec-6501f6bfc681', 'question', 'da80607c-fb9d-4ff6-84ae-f5987e8d684c', 10, true, null),
    ('ec282358-8bba-4203-808b-a4aa74e92c93', '72984110-4b41-4d28-89e1-0cfa0dcc2811', 'question', 'da80607c-fb9d-4ff6-84ae-f5987e8d684c', 11, true, null),
    ('b8a2838a-1386-4c32-bbd3-85016b821cfc', '1b4e9a14-72ed-43a0-83f8-496d6acfd613', 'question', 'da80607c-fb9d-4ff6-84ae-f5987e8d684c', 12, true, null),
    ('a2a2b3f6-a25f-41dc-bcfc-b011209d3cdb', 'b7a70aec-5651-4804-bb0d-01062413995e', 'question', 'da80607c-fb9d-4ff6-84ae-f5987e8d684c', 13, true, null),
    ('b48d3b02-3001-4f77-be1a-9e8d37633aed', '62d856cb-6353-4597-b5a9-d4c46b2476cb', 'question', 'da80607c-fb9d-4ff6-84ae-f5987e8d684c', 14, true, null),
    ('ab0aeb64-0ffa-4cb0-acc4-8dde3654e09e', 'aa892417-6fa7-4b03-bc53-5023414660f7', 'question', 'da80607c-fb9d-4ff6-84ae-f5987e8d684c', 15, true, null),
    ('7706d05a-0a4e-4f0b-be27-7ece68e90a9d', 'c4214a85-a6a7-44f2-8a34-3973a082b391', 'group', '9cef48b7-ac56-41c7-9a3b-348b725c3413', 2, true, null),
    ('a4fc70b2-8141-462a-aa93-2faa83702907', 'aada0491-e1c6-46f8-bd26-693f2332731b', 'question', 'c4214a85-a6a7-44f2-8a34-3973a082b391', 1, true, null),
    ('3cd2759b-9e04-4bb3-aab8-eb7fd67fd709', '143d811b-92b1-469f-ab04-d08f8419ccf0', 'question', 'c4214a85-a6a7-44f2-8a34-3973a082b391', 2, true, null),
    ('70d66da3-9921-4321-b4bb-6b6fc178a720', 'ce91861e-6022-4ef9-a2e3-4b111d79f5b8', 'question', 'c4214a85-a6a7-44f2-8a34-3973a082b391', 3, true, null),
    ('add83f5b-0345-45f6-adeb-f3ab685a352d', '5f195b34-b63a-4ed6-b98d-c799456d215a', 'question', 'c4214a85-a6a7-44f2-8a34-3973a082b391', 4, true, null),
    ('67281b1c-1d8b-477c-ae6b-705aa209a227', 'f6cde3b8-d8aa-4a2a-92a5-845b9c36bbde', 'question', 'c4214a85-a6a7-44f2-8a34-3973a082b391', 5, true, null),
    ('8fa05177-b320-43cb-95a0-7a5d69980bd0', '86dad14d-7b57-4c8d-8f61-36f5589a8fe9', 'group', '9cef48b7-ac56-41c7-9a3b-348b725c3413', 3, true, null),
    ('7a7a3178-3256-471e-8080-c60ead440f04', '9a4c78cc-b084-4428-83a0-8750ad0bdf3a', 'question', '86dad14d-7b57-4c8d-8f61-36f5589a8fe9', 1, true, null),
    ('9db6a9f9-d86b-4dc1-9d49-256d16bc030b', '057781d0-2ccb-45d0-baa3-46f93390099a', 'question', '86dad14d-7b57-4c8d-8f61-36f5589a8fe9', 2, true, null),
    ('35802ffd-4685-47ea-8dc6-9a3746274c81', '2c7b7d6e-7408-4c07-87b9-49118604042a', 'question', '86dad14d-7b57-4c8d-8f61-36f5589a8fe9', 3, true, null),
    ('dfa7368f-11d9-4330-ba6e-483952254244', '718ccf8e-f13c-4b95-8cfa-63285460f21d', 'question', '86dad14d-7b57-4c8d-8f61-36f5589a8fe9', 4, true, null),
    ('7577768d-1834-48da-8e10-3b8785e89150', '47d14e39-1f49-4ccb-ac17-54b1ec239fee', 'group', '9cef48b7-ac56-41c7-9a3b-348b725c3413', 4, true, null),
    ('c09ef0d2-5a9b-46ae-8ad2-5a19744ad93f', '1546a30f-99ae-48e3-85d3-d688e1ec1ff1', 'question', '47d14e39-1f49-4ccb-ac17-54b1ec239fee', 1, true, null),
    ('bd9efbcc-5dd3-4f4f-bb0f-ceab2cd686ff', 'b472f6c2-10fd-4bbe-8832-0b9a21f4d5bc', 'question', '47d14e39-1f49-4ccb-ac17-54b1ec239fee', 2, true, null),
    ('20b1024c-8d53-4cb6-82ad-4ee7ead6a084', 'a5b03116-5f75-44b0-b3ab-308168d6e41a', 'question', '47d14e39-1f49-4ccb-ac17-54b1ec239fee', 3, true, null),
    ('91a399ed-ffa3-4559-ad29-1f8c57f37567', '7fa85977-6d9f-4066-8356-8ad89a009519', 'group', '9cef48b7-ac56-41c7-9a3b-348b725c3413', 5, true, null),
    ('3376e8a3-8caa-46f5-8dd1-f7cf3e0af1e1', '5867e9a8-5c03-4059-b5a7-e54847be629e', 'question', '7fa85977-6d9f-4066-8356-8ad89a009519', 1, true, null),
    ('d941a641-7ade-4232-895f-a09d72936682', '86b7a4ed-aa9d-4d6b-93af-62bf22eed39e', 'question', '7fa85977-6d9f-4066-8356-8ad89a009519', 2, true, null),
    ('3328b48f-689f-4650-8e3e-25d24a181986', 'a5a1ed2a-c0c9-43f7-99ca-1e690611ebff', 'question', '7fa85977-6d9f-4066-8356-8ad89a009519', 3, true, null),
    ('5845ab1b-d114-4317-b014-c2e3aa9859e0', '977cd050-9359-46c8-87f2-e9db707854e1', 'question', '7fa85977-6d9f-4066-8356-8ad89a009519', 4, true, null),
    ('ed0a1814-3868-4fd4-ad00-afd915492d53', 'ef650be9-9b75-4638-9684-6ed107c1b216', 'question', '7fa85977-6d9f-4066-8356-8ad89a009519', 5, true, null),
    ('e02ef1bd-91df-4c97-b696-5af7ee2a6b92', '6b103df6-431e-4eea-95f9-a1097b34cff5', 'question', '7fa85977-6d9f-4066-8356-8ad89a009519', 6, true, null),
    ('ef045e63-041e-4346-91e9-e2d742c3946a', '34b68c0b-e3ab-42b7-972f-02bda3c46db1', 'question', '7fa85977-6d9f-4066-8356-8ad89a009519', 7, true, null),
    ('2c2fa7b9-3e54-4112-aac3-a8bf2e3cd4b3', '2a34fc57-d0da-47fb-8479-b4e1cb2e7529', 'question', '7fa85977-6d9f-4066-8356-8ad89a009519', 8, true, null),
    ('f5274435-597d-4ac3-b50a-4730afb49a68', '1853f91d-e655-4c4c-b82b-351ba94dced3', 'group', '9cef48b7-ac56-41c7-9a3b-348b725c3413', 6, true, null),
    ('43e9d385-37a5-4701-a325-58814ecd5c2f', '0ce465a7-269c-4f1d-8cb9-2f2bf7fde909', 'question', '1853f91d-e655-4c4c-b82b-351ba94dced3', 1, true, null),
    ('50bddda8-4ac7-4970-9d23-540378e3bb60', 'c3144199-214d-4026-8c8d-b75cc22d4231', 'question', '1853f91d-e655-4c4c-b82b-351ba94dced3', 2, true, null),
    ('831ac10a-1be1-489f-bb6b-ef9a8ea3d236', '40d5be8d-6390-4b3a-9232-b0db4e2569ea', 'question', '1853f91d-e655-4c4c-b82b-351ba94dced3', 3, true, null),
    ('65f3c6fc-276c-4061-a1e1-fe6df5f28be7', 'e246f7fb-f8cb-41cc-af0b-93b72f09279b', 'question', '1853f91d-e655-4c4c-b82b-351ba94dced3', 4, true, null),
    ('bda92c46-5da3-4ffb-9a98-5d7fb8a74582', 'a2003d6b-8445-4620-b503-d603fa1c7f69', 'question', '1853f91d-e655-4c4c-b82b-351ba94dced3', 5, true, null),
    ('803349d8-4d11-4bc5-b012-faa1fa0d4482', '9c76930f-8756-4178-91c5-bf91b34cb866', 'question', '1853f91d-e655-4c4c-b82b-351ba94dced3', 6, true, null),
    ('d748b35e-9579-4583-b326-db07a0d2204a', '5c298669-428e-4f98-87e6-50f30f6ed9da', 'question', '1853f91d-e655-4c4c-b82b-351ba94dced3', 7, true, null),
    ('319dd689-c057-4759-ae02-9e3e74fac385', '29f750a6-cf5f-4bfe-8abd-e464948fdb84', 'question', '1853f91d-e655-4c4c-b82b-351ba94dced3', 8, true, null),
    ('d24054a3-408c-4f8e-a889-89390c11df52', '1c8a6c87-6c3a-468c-a6df-bb494fca8c07', 'question', '1853f91d-e655-4c4c-b82b-351ba94dced3', 9, true, null),
    ('fe7a2726-e433-48d9-bb57-151715a3455f', 'a6984c3a-eebe-40d4-a9b5-a270e3d7b8de', 'question', '1853f91d-e655-4c4c-b82b-351ba94dced3', 10, true, null),
    ('882696af-ae47-4791-828c-7f02f22a61a6', '50f32d0e-7f3a-4a81-af91-cf1efbd55e34', 'question', '1853f91d-e655-4c4c-b82b-351ba94dced3', 11, true, null),
    ('d2a00c59-f8e9-4af9-bd9b-a57e2c6a9dbd', '87d0a9ce-2a4a-4c7a-9dbe-d15a3be1d8bd', 'question', '1853f91d-e655-4c4c-b82b-351ba94dced3', 12, true, null),
    ('4b900f04-4dd2-4d87-b406-16bd22178ad9', '68b8f136-43be-478c-a7a4-cd4fc66e3bca', 'question', '1853f91d-e655-4c4c-b82b-351ba94dced3', 13, true, null),
    ('1af88108-dee3-43b5-a0b5-231a875dd288', 'eef57822-ecf4-44b7-ac62-bea6e6ef9e0f', 'question', '1853f91d-e655-4c4c-b82b-351ba94dced3', 14, true, null),
    ('56979966-4a8f-4f17-bb20-a45142dec650', '0ba65866-76c8-4cbd-9e56-af8630676780', 'question', '1853f91d-e655-4c4c-b82b-351ba94dced3', 15, true, null),
    ('1965a67c-3f24-4d7b-aaeb-64733647a6e9', '7a27688d-bc89-4b33-a181-8fad0c2975ee', 'question', '1853f91d-e655-4c4c-b82b-351ba94dced3', 16, true, null),
    ('321d659e-3cdb-44aa-b5c1-44ccd3e11cae', '3ec524c3-6dea-4937-84c2-a986d180574e', 'question', '1853f91d-e655-4c4c-b82b-351ba94dced3', 17, true, null),
    ('8a2d9a75-1869-4f16-a2b7-7b9d47f812c3', '094be876-4eb8-4799-b02c-a033025faac8', 'question', '1853f91d-e655-4c4c-b82b-351ba94dced3', 18, true, null),
    ('0afeb368-abb9-42a0-9699-d61f4cb86f88', '646713c0-3dc7-4925-bba5-b7e32e17144f', 'question', '1853f91d-e655-4c4c-b82b-351ba94dced3', 19, true, null),
    ('364d9343-d4d3-4f02-830a-d25bd5883e94', 'd8900e43-ce0a-425b-afe9-d16f805c13bd', 'question', '1853f91d-e655-4c4c-b82b-351ba94dced3', 20, true, null),
    ('5dad717a-0ab1-43db-a320-1d7c75b53ce1', 'c0fc0cdb-fc98-498f-ac23-2811fdd148dc', 'question', '1853f91d-e655-4c4c-b82b-351ba94dced3', 21, true, null),
    ('81d3a854-9c8d-4f7a-a178-b57b85fae8fd', '08b5df12-e247-4e53-8e25-be38119b1ebd', 'question', '1853f91d-e655-4c4c-b82b-351ba94dced3', 22, true, null),
    ('f12f7f62-b043-434a-ae53-afa361b5663e', 'fca44f03-fe6f-4dc3-abb9-b217238749d5', 'question', '1853f91d-e655-4c4c-b82b-351ba94dced3', 23, true, null),
    ('9f13051e-eea5-4683-9a4b-cd33206f10bd', '30775158-5cd4-4b62-95dc-8a287d9570df', 'question', '1853f91d-e655-4c4c-b82b-351ba94dced3', 24, true, null),
    ('fec220bc-9a02-4a64-af75-bb6576f41185', '8e887c4b-80b6-4ad7-a417-861c221680f5', 'question', '1853f91d-e655-4c4c-b82b-351ba94dced3', 25, true, null),
    ('6b2d900c-d08a-4d14-8a70-642eadefa348', '577bd915-6e97-4e9a-b822-329dadb3a9fb', 'question', '1853f91d-e655-4c4c-b82b-351ba94dced3', 26, true, null),
    ('9bffc385-f2a3-450c-8a19-9e62a42a7eb3', 'd8b5f52b-2988-44cd-83de-5ffea1945840', 'question', '1853f91d-e655-4c4c-b82b-351ba94dced3', 27, true, null),
    ('60d95da5-9434-4bb0-a005-181d15bc3e8c', '6b02bfcb-2bce-4a48-873e-7ef0128e6ba1', 'question', '1853f91d-e655-4c4c-b82b-351ba94dced3', 28, true, null),
    ('1f5b1b25-374d-4243-99c7-958c8b8c1935', '14095bec-a095-4bf9-a578-5559fd9591d1', 'question', '1853f91d-e655-4c4c-b82b-351ba94dced3', 29, true, null),
    ('5c0f6043-0018-482f-be67-cee9588dcc31', '89f05ded-e756-4e65-80ae-6db566db4195', 'question', '1853f91d-e655-4c4c-b82b-351ba94dced3', 30, true, null),
    ('057ccf66-720b-4d73-a8fd-3f82dcc659c7', '77b7219f-6eb0-4f33-a25f-9617b57dd071', 'question', '1853f91d-e655-4c4c-b82b-351ba94dced3', 31, true, null),
    ('dd355a80-9a9a-4a34-8d5e-ca67b7df31d9', '67870426-6478-4168-a58f-d0ccf58930bb', 'question', '1853f91d-e655-4c4c-b82b-351ba94dced3', 32, true, null),
    ('84e4870e-5b84-4a8d-8759-91af2f4324f5', '7ffd29b9-842d-4876-879b-c061020c139e', 'group', '9cef48b7-ac56-41c7-9a3b-348b725c3413', 7, true, null),
    ('04ab0483-a6d9-4164-9de0-25bb6646e88b', '2904799c-3aa2-4744-a375-b19b5bb9e1fd', 'question', '7ffd29b9-842d-4876-879b-c061020c139e', 1, true, null),
    ('b63b677a-6630-4ba2-af03-74c374b0540a', '88015f80-82af-4714-bea1-9895402eb982', 'question', '7ffd29b9-842d-4876-879b-c061020c139e', 2, true, null),
    ('de7a826f-d5eb-4a22-bdb8-44bb18f392c2', '8376c3a9-4a2d-4055-b178-e5d43c0c9f4e', 'question', '7ffd29b9-842d-4876-879b-c061020c139e', 3, true, null),
    ('de6b60dd-e52b-4996-a5b0-2827cf39f5a3', '4d4277df-a4d2-4919-98c7-7d9edd6d1698', 'group', '9cef48b7-ac56-41c7-9a3b-348b725c3413', 8, true, null),
    ('e1aec3b4-938d-4247-a778-5f1ad87e62dc', '7631db2f-28c5-4a90-a53d-fe01ccba7874', 'question', '4d4277df-a4d2-4919-98c7-7d9edd6d1698', 1, true, null),
    ('739410ee-55f4-4b92-b7aa-2c3858abd9b4', 'e4b2b841-efe9-45a3-9027-ade66c9487f7', 'group', '9cef48b7-ac56-41c7-9a3b-348b725c3413', 9, true, null),
    ('14e5bf94-4792-47e8-b094-b58f8219e81a', '1b3f6dd7-d559-4efb-9d83-fac1620f95d9', 'question', 'e4b2b841-efe9-45a3-9027-ade66c9487f7', 1, true, null),
    ('30f71ae0-1965-464f-bb8e-62c145f576ba', 'f1fda25f-568b-4dab-ae4c-5238ee767903', 'question', 'e4b2b841-efe9-45a3-9027-ade66c9487f7', 2, true, null),
    ('c8aeacc9-0b2d-4d5a-8f06-3918817b954e', '9346c07e-0c32-44a8-bb36-515c91c18555', 'question', 'e4b2b841-efe9-45a3-9027-ade66c9487f7', 3, true, null),
    ('a3fc8dba-6b6b-4072-910a-b8ab66bb672f', '25939f99-a403-48a6-81e3-e7dd047434f4', 'question', 'e4b2b841-efe9-45a3-9027-ade66c9487f7', 4, true, null),
    ('d3a2729f-e17f-48c2-9966-2bf6ad7ba603', '40e3d6d9-a3df-4b6a-bca2-dfed4459edbc', 'question', 'e4b2b841-efe9-45a3-9027-ade66c9487f7', 5, true, null),
    ('15df1bf4-cdb0-4123-a7bf-56c475a3a130', 'de31b88e-bf31-45f0-a48c-fa5af15ceb73', 'question', 'e4b2b841-efe9-45a3-9027-ade66c9487f7', 6, true, null),
    ('794b2089-e237-4412-9041-a8b4b268f959', '8d2c0b31-4301-49ef-ab4f-4ab5a7fa0960', 'question', 'e4b2b841-efe9-45a3-9027-ade66c9487f7', 7, true, null),
    ('b6cb1f99-b137-4ca3-914e-0b9242f37587', 'ba7938ed-eebc-4476-a535-928b50980b8d', 'question', 'e4b2b841-efe9-45a3-9027-ade66c9487f7', 8, true, null),
    ('00f41e9f-5e34-4c68-b321-53fc15675a84', 'c6967d07-551c-4e95-af9c-50461f7ad4a1', 'question', 'e4b2b841-efe9-45a3-9027-ade66c9487f7', 9, true, null),
    ('a0b9a449-1616-4ee8-bbae-a9df5bec5e57', '9444c0a0-073a-4fbd-8483-2d0eb0d7b95e', 'question', 'e4b2b841-efe9-45a3-9027-ade66c9487f7', 10, true, null),
    ('e24002d7-3423-4c8d-81a6-cf3228ec5d1a', '38cf2a10-54c0-4d10-a4dd-d460207ab596', 'question', 'e4b2b841-efe9-45a3-9027-ade66c9487f7', 11, true, null),
    ('c0cf21e1-43c5-4c68-9c62-9ef0a92fdc7e', '3be0421c-339d-4c2a-b232-85b63af7679f', 'question', 'e4b2b841-efe9-45a3-9027-ade66c9487f7', 12, true, null),
    ('ca00db09-fbfa-4c96-9508-88273ee7e0c7', '3013fd8a-f872-43b4-a259-1d564fd81157', 'question', 'e4b2b841-efe9-45a3-9027-ade66c9487f7', 13, true, null),
    ('9a321100-c52f-4bbe-bf51-b9c7e92f7497', '6c6c121d-6a7b-4c06-acee-b92d886a149c', 'question', 'e4b2b841-efe9-45a3-9027-ade66c9487f7', 14, true, null),
    ('b660bbf3-09ba-45c9-b805-89c6c9d1ca4d', '264b396d-788c-4d2a-aa55-4b8a853e1960', 'question', 'e4b2b841-efe9-45a3-9027-ade66c9487f7', 15, true, null),
    ('1bbbfa14-83df-431a-91c9-328144852ac0', '20bf0624-18ab-42d4-996b-57aa66f9fdc4', 'question', 'e4b2b841-efe9-45a3-9027-ade66c9487f7', 16, true, null),
    ('facf27a7-c199-4427-82d1-743cb823defa', '1d1eb2f8-c791-4cde-8063-ff750c2f9397', 'question', 'e4b2b841-efe9-45a3-9027-ade66c9487f7', 17, true, null),
    ('08797d16-e7ad-42e0-8618-64947c6b72b1', 'd8ab8c54-f2ba-41d9-ab3b-cbff7a035cc9', 'question', 'e4b2b841-efe9-45a3-9027-ade66c9487f7', 18, true, null),
    ('0a2b6427-d293-42aa-8e20-c8f5c71dbb4c', '02bafb6b-cfab-45f9-8f6b-1a0c3fb676f1', 'question', 'e4b2b841-efe9-45a3-9027-ade66c9487f7', 19, true, null),
    ('794f8079-3d5a-49b3-8925-0cae54678dac', '71d78da9-58dc-4cf4-8eb4-e3331d166635', 'question', 'e4b2b841-efe9-45a3-9027-ade66c9487f7', 20, true, null),
    ('b4a59d3a-17a9-4f05-b59a-7a0278eaa564', '9e9b0feb-fcf2-4ec8-b92b-32997245e400', 'question', 'e4b2b841-efe9-45a3-9027-ade66c9487f7', 21, true, null),
    ('644d2e07-d4e0-40cd-851d-32eb89f28ca9', '3c83a7b1-d22a-4ae4-854e-31443df43bec', 'question', 'e4b2b841-efe9-45a3-9027-ade66c9487f7', 22, true, null),
    ('33837084-fc16-4606-8ddf-8546334e6600', 'c00835fe-3196-4a77-a011-48784e18e173', 'question', 'e4b2b841-efe9-45a3-9027-ade66c9487f7', 23, true, null),
    ('7c6f56ac-217d-4ee0-92a0-dd3f6ea454c7', 'db659b94-d5fe-49b8-8d60-3c705e9b1a33', 'question', 'e4b2b841-efe9-45a3-9027-ade66c9487f7', 24, true, null),
    ('6f4f0ab8-1215-4b4d-b5b2-5213df112eff', '970d590d-76b4-48a3-94c6-8c266048dee3', 'question', 'e4b2b841-efe9-45a3-9027-ade66c9487f7', 25, true, null),
    ('de713c02-f311-49a7-816b-1a08711edc5c', '248974d3-fa9c-4532-ac2a-c8a7f8af658d', 'question', 'e4b2b841-efe9-45a3-9027-ade66c9487f7', 26, true, null),
    ('25985f64-84ae-4e7d-be46-2255e26f237c', '435fe773-d8bb-4653-a278-813164c5e662', 'question', 'e4b2b841-efe9-45a3-9027-ade66c9487f7', 27, true, null),
    ('84c68e6e-89cb-4c59-9230-b52d780c7ade', '5574cbce-a37f-444c-996a-2ed63b256652', 'question', 'e4b2b841-efe9-45a3-9027-ade66c9487f7', 28, true, null),
    ('ca1b8e9f-38e6-476d-b69e-54be8f500d68', 'c8e8e493-bb57-4464-82d0-ebae910b035a', 'question', 'e4b2b841-efe9-45a3-9027-ade66c9487f7', 29, true, null),
    ('ee196ed7-c147-4155-8d6e-f5c500a1f48a', '15146d27-bd8f-4c83-9960-decc13031358', 'question', 'e4b2b841-efe9-45a3-9027-ade66c9487f7', 30, true, null),
    ('649741cc-5146-40ea-8e52-231c9c8ceaf0', '22bb637a-94f5-4c16-b6da-853b54ab04a9', 'question', 'e4b2b841-efe9-45a3-9027-ade66c9487f7', 31, true, null),
    ('9cc0c23a-6478-42eb-8694-e5bf8272f5c2', 'a6efe46a-ece3-43ed-af8d-a29aecbed3f2', 'question', 'e4b2b841-efe9-45a3-9027-ade66c9487f7', 32, true, null),
    ('3447b995-730d-45e6-8d98-e2bb2cc680b8', '54539d2c-37cd-4fac-a7b0-49b5f90ed45f', 'question', 'e4b2b841-efe9-45a3-9027-ade66c9487f7', 33, true, null),
    ('63c78609-3d17-400f-8cc2-7f2478462de2', 'f0ad2e79-30c6-4022-b9a5-c2a06a9c6b21', 'question', 'e4b2b841-efe9-45a3-9027-ade66c9487f7', 34, true, null),
    ('99b40877-2c65-4004-95ef-d0a58a876325', 'd39abf0d-74e4-4332-ac59-364bde4737d4', 'question', 'e4b2b841-efe9-45a3-9027-ade66c9487f7', 35, true, null),
    ('5f32d1cc-4b06-44e3-ae5a-a74856604d21', '710caa97-de07-4a2d-84b1-b74ff1d03462', 'question', 'e4b2b841-efe9-45a3-9027-ade66c9487f7', 36, true, null),
    ('898e40cb-5310-4c05-aff8-d86a6e124137', 'ebf7fdc2-fc1d-4a89-a3e3-dd53f0a7d375', 'question', 'e4b2b841-efe9-45a3-9027-ade66c9487f7', 37, true, null),
    ('41222511-5bd1-4afd-85db-fae8afab11e2', '047ba5e9-b644-4bb1-a5f0-8288c2a58950', 'question', 'e4b2b841-efe9-45a3-9027-ade66c9487f7', 38, true, null),
    ('86129284-a579-4279-9096-c5573d2bdc58', '9d092110-32d6-4a7e-8b27-44b5ca56840a', 'question', 'e4b2b841-efe9-45a3-9027-ade66c9487f7', 39, true, null),
    ('a41ba8a0-ff24-4d65-80cb-b8d1a2ae7cc0', '264d2fe6-93cc-40ee-8a4d-12c379e5a897', 'question', 'e4b2b841-efe9-45a3-9027-ade66c9487f7', 40, true, null),
    ('b9c84cdb-b797-4af5-808c-b55dc873491d', '2a48179c-ea1a-404d-8245-961322224155', 'question', 'e4b2b841-efe9-45a3-9027-ade66c9487f7', 41, true, null),
    ('4d43fe16-aedc-4e70-8547-742304dc2a06', 'e71e1b55-3869-4e98-b708-c2ecae8887dd', 'question', 'e4b2b841-efe9-45a3-9027-ade66c9487f7', 42, true, null),
    ('422db21d-82db-4572-b5db-46621c656874', '902f798a-1a61-46ca-bf38-271854cb0380', 'question', 'e4b2b841-efe9-45a3-9027-ade66c9487f7', 43, true, null),
    ('2de1b3cd-741b-406f-9a93-cae7f8cdaed6', 'd718ea97-31e6-436f-94f1-71b013f7aa80', 'question', 'e4b2b841-efe9-45a3-9027-ade66c9487f7', 44, true, null),
    ('aba2c022-5916-41a6-b06d-569c7bc358bc', '3b31c005-e9c0-4433-bca3-7b5991a1b80d', 'question', 'e4b2b841-efe9-45a3-9027-ade66c9487f7', 45, true, null),
    ('26bf4b84-dbf0-4d91-bf21-830352825083', 'a6afc274-4309-4d5f-b0fb-80ffc96d4a66', 'question', 'e4b2b841-efe9-45a3-9027-ade66c9487f7', 46, true, null),
    ('3c53f6d5-cbf1-4bd9-8fc3-e09363456750', '7abcb51c-5124-467a-a9a8-09426338f9ed', 'question', 'e4b2b841-efe9-45a3-9027-ade66c9487f7', 47, true, null),
    ('cdcfdba8-556d-4293-b865-c674872cf3cc', '71069dbf-9cd3-49cb-929e-e3bbdce7739f', 'question', 'e4b2b841-efe9-45a3-9027-ade66c9487f7', 48, true, null),
    ('4f8fc7bd-6922-47ef-a6a4-5abe51308457', '9e2a3145-116d-4998-9322-5d13b6c98509', 'question', 'e4b2b841-efe9-45a3-9027-ade66c9487f7', 49, true, null),
    ('4e4d726a-c117-4afa-b91e-5d1a225eab53', 'cb1d60d1-41d7-49c5-a99f-29704ef0460a', 'question', 'e4b2b841-efe9-45a3-9027-ade66c9487f7', 50, true, null),
    ('b119044a-ecb0-4cbd-8d5a-062e85e751ef', '491c3f73-c9c6-4967-8d55-516fa92fbe07', 'question', 'e4b2b841-efe9-45a3-9027-ade66c9487f7', 51, true, null),
    ('b9cfb4ee-ccf1-4bc0-b310-49578e9d5f99', '39c31b50-a397-4ab7-b7a6-a6d6a8bd0f44', 'question', 'e4b2b841-efe9-45a3-9027-ade66c9487f7', 52, true, null),
    ('89322445-ad02-458e-80d4-76642b935e6c', 'adcc1d41-f353-4012-89a4-55259fc85b09', 'question', 'e4b2b841-efe9-45a3-9027-ade66c9487f7', 53, true, null),
    ('e5f0eee0-ca09-4974-b20c-856ae7711626', '7e1619b3-f6dd-4754-9f04-cfd1b0500f43', 'question', 'e4b2b841-efe9-45a3-9027-ade66c9487f7', 54, true, null),
    ('e04af797-44d6-4c64-9aa8-a81bd018ef05', '3dcc6f68-e58e-449b-aad8-1056232ef60a', 'question', 'e4b2b841-efe9-45a3-9027-ade66c9487f7', 55, true, null),
    ('d2a24331-9828-4cbe-9671-1e7444a6ec88', '19763399-f3cb-4541-a668-3ff3784bb1dd', 'group', '9cef48b7-ac56-41c7-9a3b-348b725c3413', 10, true, null),
    ('68ae633a-df83-4171-a778-4331b4dec64b', 'f43c717b-431b-426e-9e57-715cd84d790f', 'question', '19763399-f3cb-4541-a668-3ff3784bb1dd', 1, true, null),
    ('ebf8bbf5-0318-4f0b-ae43-7ecbeb456103', '71577e88-7575-4927-9731-d9bc6e9deae8', 'question', '19763399-f3cb-4541-a668-3ff3784bb1dd', 2, true, null),
    ('4c26042f-9ab8-4dda-b5ba-8bcb2b5dcdb3', 'cf926032-6cc0-4fd9-9ad5-c9a71f0f5610', 'question', '19763399-f3cb-4541-a668-3ff3784bb1dd', 3, true, null),
    ('7be33715-a4c6-4ae4-a988-fc6d52b42ba1', 'f3e989dd-08e9-4be1-a168-40ed04208fbd', 'question', '19763399-f3cb-4541-a668-3ff3784bb1dd', 4, true, null),
    ('07e8b113-f5d4-40c8-b351-4fa101843caf', '6f5f7ef2-f5e9-4990-af01-a09c7d7ca95a', 'question', '19763399-f3cb-4541-a668-3ff3784bb1dd', 5, true, null),
    ('35a82786-42a2-40b3-b7c5-b7c4e1694a04', '8335cc38-bbc1-438e-a416-77b13b1a9dd0', 'question', '19763399-f3cb-4541-a668-3ff3784bb1dd', 6, true, null),
    ('5bc46b76-4d0a-4ed0-aee1-6aad70e0fe63', '57c70cc9-d3f3-410f-860a-c643a21e02fb', 'question', '19763399-f3cb-4541-a668-3ff3784bb1dd', 7, true, null),
    ('d8594fd9-fb2d-445e-a1cd-b0b1a1a6b352', '332dbbab-0d1d-4fc8-995d-06428045d387', 'question', '19763399-f3cb-4541-a668-3ff3784bb1dd', 8, true, null),
    ('34f6a008-9e1e-402a-a6a0-e7517cd9e72c', '703b6cd1-c00d-4674-8b4a-8950428a178d', 'question', '19763399-f3cb-4541-a668-3ff3784bb1dd', 9, true, null),
    ('8371a002-0964-4395-803a-3460d27782d7', '40885ced-ac6e-40bb-9a5b-7adf8a8972b6', 'question', '19763399-f3cb-4541-a668-3ff3784bb1dd', 10, true, null),
    ('75fbb7df-6604-4bd9-9c08-4e61df28f4ab', 'eee354d8-f64d-4844-9569-da8e0d9b8d9e', 'question', '19763399-f3cb-4541-a668-3ff3784bb1dd', 11, true, null),
    ('3da696b1-01c8-424d-9e56-3ee0c05650df', '20969dee-9c07-4f30-8ba4-21639a333205', 'group', '9cef48b7-ac56-41c7-9a3b-348b725c3413', 11, true, null),
    ('c3119412-d500-4cc2-ad72-5f5a9abd8bc1', '2418271e-46cc-4d20-b9ee-f6167c288675', 'question', '20969dee-9c07-4f30-8ba4-21639a333205', 1, true, null),
    ('ce3116b8-c5b0-4345-8a1c-75898d9545d8', 'e7e92602-a779-49cb-9d21-087f84ededef', 'question', '20969dee-9c07-4f30-8ba4-21639a333205', 2, true, null),
    ('bdd4b9ba-3c98-4fd4-a6e9-2095db78a25b', 'aec9e98c-b0e1-4cd3-bc8d-d746d28b47e7', 'question', '20969dee-9c07-4f30-8ba4-21639a333205', 3, true, null),
    ('9c1b8258-b8f7-4b65-994b-6635d61b5a55', 'adf05c73-7bc8-425e-a504-07ba1be38486', 'question', '20969dee-9c07-4f30-8ba4-21639a333205', 4, true, null),
    ('f556f0e9-d3fa-4973-843d-45ef369c61b3', 'c9cee693-e612-4e06-bab3-10a4606d72fa', 'question', '20969dee-9c07-4f30-8ba4-21639a333205', 5, true, null),
    ('974ffdeb-5bba-4a85-a92e-70ad97b32624', '7968848c-416e-4615-a68c-641c6d9f0c3a', 'question', '20969dee-9c07-4f30-8ba4-21639a333205', 6, true, null),
    ('ba32f206-0cc6-4892-a6a5-5472d15d82fa', 'c6caa9ac-665d-4394-8c39-1859340f8f9a', 'question', '20969dee-9c07-4f30-8ba4-21639a333205', 7, true, null),
    ('345ae351-b9fc-402f-af71-fd92761f22c9', '53198756-56eb-4313-8801-a78fc902da26', 'group', '9cef48b7-ac56-41c7-9a3b-348b725c3413', 12, true, null),
    ('411db83a-2d96-4f9f-a549-1ad188d4d81d', '8dbccae9-db6b-465e-ab4f-1cb7ed018df1', 'question', '53198756-56eb-4313-8801-a78fc902da26', 1, true, null);


INSERT INTO question_dependency (subject_question_uuid, trigger_question_uuid, trigger_answer_value, dependency_start)
VALUES ('e246f7fb-f8cb-41cc-af0b-93b72f09279b', '40d5be8d-6390-4b3a-9232-b0db4e2569ea', 'Y', '2020-11-30 14:50:00'),
    ('9c76930f-8756-4178-91c5-bf91b34cb866', 'a2003d6b-8445-4620-b503-d603fa1c7f69', 'Y', '2020-11-30 14:50:00'),
    ('29f750a6-cf5f-4bfe-8abd-e464948fdb84', '5c298669-428e-4f98-87e6-50f30f6ed9da', 'Y', '2020-11-30 14:50:00'),
    ('a6984c3a-eebe-40d4-a9b5-a270e3d7b8de', '1c8a6c87-6c3a-468c-a6df-bb494fca8c07', 'Y', '2020-11-30 14:50:00'),
    ('f1fda25f-568b-4dab-ae4c-5238ee767903', '1b3f6dd7-d559-4efb-9d83-fac1620f95d9', 'Y', '2020-11-30 14:50:00'),
    ('40e3d6d9-a3df-4b6a-bca2-dfed4459edbc', '25939f99-a403-48a6-81e3-e7dd047434f4', 'Y', '2020-11-30 14:50:00'),
    ('ba7938ed-eebc-4476-a535-928b50980b8d', '8d2c0b31-4301-49ef-ab4f-4ab5a7fa0960', 'Y', '2020-11-30 14:50:00'),
    ('3be0421c-339d-4c2a-b232-85b63af7679f', '38cf2a10-54c0-4d10-a4dd-d460207ab596', 'Y', '2020-11-30 14:50:00'),
    ('264b396d-788c-4d2a-aa55-4b8a853e1960', '6c6c121d-6a7b-4c06-acee-b92d886a149c', 'Y', '2020-11-30 14:50:00'),
    ('1d1eb2f8-c791-4cde-8063-ff750c2f9397', '20bf0624-18ab-42d4-996b-57aa66f9fdc4', 'Y', '2020-11-30 14:50:00'),
    ('02bafb6b-cfab-45f9-8f6b-1a0c3fb676f1', 'd8ab8c54-f2ba-41d9-ab3b-cbff7a035cc9', 'Y', '2020-11-30 14:50:00'),
    ('9e9b0feb-fcf2-4ec8-b92b-32997245e400', '71d78da9-58dc-4cf4-8eb4-e3331d166635', 'Y', '2020-11-30 14:50:00'),
    ('c00835fe-3196-4a77-a011-48784e18e173', '3c83a7b1-d22a-4ae4-854e-31443df43bec', 'Y', '2020-11-30 14:50:00'),
    ('970d590d-76b4-48a3-94c6-8c266048dee3', 'db659b94-d5fe-49b8-8d60-3c705e9b1a33', 'Y', '2020-11-30 14:50:00'),
    ('435fe773-d8bb-4653-a278-813164c5e662', '248974d3-fa9c-4532-ac2a-c8a7f8af658d', 'Y', '2020-11-30 14:50:00'),
    ('c8e8e493-bb57-4464-82d0-ebae910b035a', '5574cbce-a37f-444c-996a-2ed63b256652', 'Y', '2020-11-30 14:50:00'),
    ('22bb637a-94f5-4c16-b6da-853b54ab04a9', '15146d27-bd8f-4c83-9960-decc13031358', 'Y', '2020-11-30 14:50:00'),
    ('d39abf0d-74e4-4332-ac59-364bde4737d4', 'f0ad2e79-30c6-4022-b9a5-c2a06a9c6b21', 'Y', '2020-11-30 14:50:00'),
    ('ebf7fdc2-fc1d-4a89-a3e3-dd53f0a7d375', '710caa97-de07-4a2d-84b1-b74ff1d03462', 'Y', '2020-11-30 14:50:00'),
    ('9d092110-32d6-4a7e-8b27-44b5ca56840a', '047ba5e9-b644-4bb1-a5f0-8288c2a58950', 'Y', '2020-11-30 14:50:00'),
    ('e71e1b55-3869-4e98-b708-c2ecae8887dd', '2a48179c-ea1a-404d-8245-961322224155', 'Y', '2020-11-30 14:50:00'),
    ('a6afc274-4309-4d5f-b0fb-80ffc96d4a66', '3b31c005-e9c0-4433-bca3-7b5991a1b80d', 'Y', '2020-11-30 14:50:00'),
    ('71069dbf-9cd3-49cb-929e-e3bbdce7739f', '7abcb51c-5124-467a-a9a8-09426338f9ed', 'Y', '2020-11-30 14:50:00'),
    ('cb1d60d1-41d7-49c5-a99f-29704ef0460a', '9e2a3145-116d-4998-9322-5d13b6c98509', 'Y', '2020-11-30 14:50:00'),
    ('39c31b50-a397-4ab7-b7a6-a6d6a8bd0f44', '491c3f73-c9c6-4967-8d55-516fa92fbe07', 'Y', '2020-11-30 14:50:00'),
    ('8335cc38-bbc1-438e-a416-77b13b1a9dd0', '6f5f7ef2-f5e9-4990-af01-a09c7d7ca95a', 'Y', '2020-11-30 14:50:00'),
    ('eee354d8-f64d-4844-9569-da8e0d9b8d9e', '40885ced-ac6e-40bb-9a5b-7adf8a8972b6', 'Y', '2020-11-30 14:50:00'),
    ('adf05c73-7bc8-425e-a504-07ba1be38486', 'aec9e98c-b0e1-4cd3-bc8d-d746d28b47e7', 'Y', '2020-11-30 14:50:00');


