INSERT INTO answer_schema_group (answer_schema_group_uuid, answer_schema_group_code, group_start, group_end)
VALUES ('a46bc88d-7e52-43f4-9fde-a3567d890b0d', 'yes_no', '2020-11-30 14:50:00', null),
    ('3a48aa60-352e-4bb9-9805-5fa0384f5227', 'tbc', '2020-11-30 14:50:00', null),
    ('ed9bdfb6-9142-4c76-8721-971cf13fead7', 'punishment_public-protection_crime-reduction_reparation_reform-or-rehabilitation', '2020-11-30 14:50:00', null),
    ('6b482660-23cd-4121-a195-1afc82dbb4d6', 'absconding/bail_acquisitive-violence_burglary-(domestic)_burglary-(other)_criminal-damage_drink-driving_drug-import/export/production_drug-possession/supply_drunkeness_fraud,-forgery-and-misrepresentation_handling-stolen-goods_motoring-(not-drink-driving)_public-order-(harassment)_sexual-(against-children)_sexual-(not-against-children)_theft-(not-vehicle-related)_vehicle-related-theft_violence-against-the-person_welfare-fraud_other-offence', '2020-11-30 14:50:00', null),
    ('f5c4cb08-01a3-454d-8600-9eee975f3f19', 'no-problems_some-problems_significant-problems', '2020-11-30 14:50:00', null),
    ('c91096c9-6712-4183-a7bc-dedba491fdd0', 'tenant-owner-/-occupied_living-with-(stable)_living-with-(unstable)_b&b-/-hotel_hostel_no-fixed-abode', '2020-11-30 14:50:00', null),
    ('c335034f-b36e-49c3-ac05-3f60d7fe9fba', 'some-problems-_significant-problems', '2020-11-30 14:50:00', null),
    ('fe751005-37ec-4833-8397-fa73bc32f2b7', 'very-high_high_medium_low', '2020-11-30 14:50:00', null),
    ('ca740a57-d2a7-4023-8141-734d74733426', 'very-hgh_high_medium_low', '2020-11-30 14:50:00', null),
    ('2c506c2b-b241-418e-bc68-515c0a9afd8f', 'good_satisfactory_poor', '2020-11-30 14:50:00', null),
    ('36b570aa-3ddc-4424-ad7d-bee9d3eed470', 'conditional-discharge_fine_custody_unpaid-work_community-order_curfew_other', '2020-11-30 14:50:00', null),
    ('b82b1b04-fa9d-40d0-b0ab-39d1b5148aa6', 'interview_service-records_cps-summary_previous-oasys-assessments_previous-convictions_victim-statement_safeguarding-checks_police-information_sentencing-guidelines_domestic-abuse-call-out-information', '2020-11-30 14:50:00', null);


INSERT INTO answer_schema (answer_schema_uuid, answer_schema_code, answer_schema_group_uuid, answer_start, answer_end, value, text)
VALUES ('7abbee2f-90af-452b-886f-f76f92fd3825', 'yes', 'a46bc88d-7e52-43f4-9fde-a3567d890b0d', '2020-11-30 14:50:00', null, 'Y', 'Yes'),
    ('0a01f225-66bb-49ec-aab5-45c11bb47e3d', 'no', 'a46bc88d-7e52-43f4-9fde-a3567d890b0d', '2020-11-30 14:50:00', null, 'N', 'No'),
    ('0ce62b1d-f1a1-4d0c-adee-b42477b6782e', 'tbc', '3a48aa60-352e-4bb9-9805-5fa0384f5227', '2020-11-30 14:50:00', null, 'tbc', 'TBC'),
    ('14b426c9-739f-41bf-9a37-cf235bb68256', 'punishment', 'ed9bdfb6-9142-4c76-8721-971cf13fead7', '2020-11-30 14:50:00', null, 'punishment', 'Punishment'),
    ('7a95da75-2c04-4da7-997d-4c0126bf062e', 'public-protection', 'ed9bdfb6-9142-4c76-8721-971cf13fead7', '2020-11-30 14:50:00', null, 'public protection', 'Public protection'),
    ('08db7e22-0e2e-49a7-aec0-970bafdb728a', 'crime-reduction', 'ed9bdfb6-9142-4c76-8721-971cf13fead7', '2020-11-30 14:50:00', null, 'crime reduction', 'Crime reduction'),
    ('6b3d03d9-020b-4367-bad3-02d6ce5b93a3', 'reparation', 'ed9bdfb6-9142-4c76-8721-971cf13fead7', '2020-11-30 14:50:00', null, 'reparation', 'Reparation'),
    ('0812ef11-ee94-4ac1-b1af-f728fe44d164', 'reform-or-rehabilitation', 'ed9bdfb6-9142-4c76-8721-971cf13fead7', '2020-11-30 14:50:00', null, 'reform or rehabilitation', 'Reform or rehabilitation'),
    ('ccd0dea0-a15c-4845-af1b-923762cbca66', 'absconding/bail', '6b482660-23cd-4121-a195-1afc82dbb4d6', '2020-11-30 14:50:00', null, 'absconding/bail', 'Absconding/bail'),
    ('3e046844-e78e-4d3e-8164-a6a151d26680', 'acquisitive-violence', '6b482660-23cd-4121-a195-1afc82dbb4d6', '2020-11-30 14:50:00', null, 'acquisitive violence', 'Acquisitive violence'),
    ('ab531d44-132a-4b39-a5db-2fd512c931f3', 'burglary-(domestic)', '6b482660-23cd-4121-a195-1afc82dbb4d6', '2020-11-30 14:50:00', null, 'burglary (domestic)', 'Burglary (domestic)'),
    ('921cc539-3c79-4112-adde-c3027bdd3487', 'burglary-(other)', '6b482660-23cd-4121-a195-1afc82dbb4d6', '2020-11-30 14:50:00', null, 'burglary (other)', 'Burglary (other)'),
    ('f8414479-840d-414d-87ff-e84d2ea02007', 'criminal-damage', '6b482660-23cd-4121-a195-1afc82dbb4d6', '2020-11-30 14:50:00', null, 'criminal damage', 'Criminal damage'),
    ('4e340a49-cbe6-4d9a-98dd-60331df5e9b1', 'drink-driving', '6b482660-23cd-4121-a195-1afc82dbb4d6', '2020-11-30 14:50:00', null, 'drink driving', 'Drink driving'),
    ('72a80eb5-537b-49b4-8b23-6f315893d75e', 'drug-import/export/production', '6b482660-23cd-4121-a195-1afc82dbb4d6', '2020-11-30 14:50:00', null, 'drug import/export/production', 'Drug import/export/production'),
    ('dcaf22de-b9d6-499c-a9f0-bb79bfd1f1ee', 'drug-possession/supply', '6b482660-23cd-4121-a195-1afc82dbb4d6', '2020-11-30 14:50:00', null, 'drug possession/supply', 'Drug possession/supply'),
    ('9ec127bb-85eb-4031-89f8-97db7681a906', 'drunkeness', '6b482660-23cd-4121-a195-1afc82dbb4d6', '2020-11-30 14:50:00', null, 'drunkeness', 'Drunkeness'),
    ('7f7d0503-a3da-4689-88b7-629e6c5668cd', 'fraud,-forgery-and-misrepresentation', '6b482660-23cd-4121-a195-1afc82dbb4d6', '2020-11-30 14:50:00', null, 'fraud, forgery and misrepresentation', 'Fraud, forgery and misrepresentation'),
    ('9bfe16b8-0961-4918-9956-93f1aa173056', 'handling-stolen-goods', '6b482660-23cd-4121-a195-1afc82dbb4d6', '2020-11-30 14:50:00', null, 'handling stolen goods', 'Handling stolen goods'),
    ('1aec680e-57c1-44d0-8007-4ad19cb48c31', 'motoring-(not-drink-driving)', '6b482660-23cd-4121-a195-1afc82dbb4d6', '2020-11-30 14:50:00', null, 'motoring (not drink driving)', 'Motoring (not drink driving)'),
    ('3bf98abe-5aca-47ec-b89b-18c45d6a9a33', 'public-order-(harassment)', '6b482660-23cd-4121-a195-1afc82dbb4d6', '2020-11-30 14:50:00', null, 'public order (harassment)', 'Public order (harassment)'),
    ('cb2afefb-cce8-4cdd-a677-66ad9398b278', 'sexual-(against-children)', '6b482660-23cd-4121-a195-1afc82dbb4d6', '2020-11-30 14:50:00', null, 'sexual (against children)', 'Sexual (against children)'),
    ('f28109f1-847e-4087-b7c7-87054f0edad8', 'sexual-(not-against-children)', '6b482660-23cd-4121-a195-1afc82dbb4d6', '2020-11-30 14:50:00', null, 'sexual (not against children)', 'Sexual (not against children)'),
    ('9129d6ec-fae0-4d7b-8fda-89db5dc89b35', 'theft-(not-vehicle-related)', '6b482660-23cd-4121-a195-1afc82dbb4d6', '2020-11-30 14:50:00', null, 'theft (not vehicle-related)', 'Theft (not vehicle-related)'),
    ('e548c142-2c77-4806-a34e-9661d9e293d2', 'vehicle-related-theft', '6b482660-23cd-4121-a195-1afc82dbb4d6', '2020-11-30 14:50:00', null, 'vehicle-related theft', 'Vehicle-related theft'),
    ('ca539d66-f98a-4a6e-9364-6ada0cd7497a', 'violence-against-the-person', '6b482660-23cd-4121-a195-1afc82dbb4d6', '2020-11-30 14:50:00', null, 'violence against the person', 'Violence against the person'),
    ('9e71e9d5-c70e-4233-bf55-aca55d766d15', 'welfare-fraud', '6b482660-23cd-4121-a195-1afc82dbb4d6', '2020-11-30 14:50:00', null, 'welfare fraud', 'Welfare fraud'),
    ('69eaa9e4-cdec-448d-90b6-3b54a0780c7f', 'other-offence', '6b482660-23cd-4121-a195-1afc82dbb4d6', '2020-11-30 14:50:00', null, 'other offence', 'Other offence'),
    ('1c676052-228f-4ccd-90f7-a3ec8dff2836', 'no-problems', 'f5c4cb08-01a3-454d-8600-9eee975f3f19', '2020-11-30 14:50:00', null, 'no problems', 'No problems'),
    ('2e19a87b-c1bd-48f3-952b-b56ef8ac9a13', 'some-problems', 'f5c4cb08-01a3-454d-8600-9eee975f3f19', '2020-11-30 14:50:00', null, 'some problems', 'Some problems'),
    ('4ff63880-9868-4f0c-8761-1511b32a6e61', 'significant-problems', 'f5c4cb08-01a3-454d-8600-9eee975f3f19', '2020-11-30 14:50:00', null, 'significant problems', 'Significant problems'),
    ('88c09dbd-c90d-4137-86c9-b77c8d3cb740', 'tenant-owner-/-occupied', 'c91096c9-6712-4183-a7bc-dedba491fdd0', '2020-11-30 14:50:00', null, 'tenant owner / occupied', 'Tenant owner / occupied'),
    ('cf54f84e-88fe-49d5-8eff-7fe6be151e57', 'living-with-(stable)', 'c91096c9-6712-4183-a7bc-dedba491fdd0', '2020-11-30 14:50:00', null, 'living with (stable)', 'Living with (stable)'),
    ('d96b10f2-8d81-4460-9853-cd054d2531e8', 'living-with-(unstable)', 'c91096c9-6712-4183-a7bc-dedba491fdd0', '2020-11-30 14:50:00', null, 'living with (unstable)', 'Living with (unstable)'),
    ('c984c94c-5ed1-45ea-b390-457262c5bbbf', 'b&b-/-hotel', 'c91096c9-6712-4183-a7bc-dedba491fdd0', '2020-11-30 14:50:00', null, 'b&b / hotel', 'B&B / hotel'),
    ('b9e23b60-5221-4ffb-aa6b-97b881645dc3', 'hostel', 'c91096c9-6712-4183-a7bc-dedba491fdd0', '2020-11-30 14:50:00', null, 'hostel', 'Hostel'),
    ('e603a359-f0a8-43f2-b542-f8aba1f9221e', 'no-fixed-abode', 'c91096c9-6712-4183-a7bc-dedba491fdd0', '2020-11-30 14:50:00', null, 'no fixed abode', 'No fixed abode'),
    ('776fe7c6-15f2-45cd-9904-7a2388196664', 'some-problems-', 'c335034f-b36e-49c3-ac05-3f60d7fe9fba', '2020-11-30 14:50:00', null, 'some problems ', 'Some problems '),
    ('1dffaa8e-8db1-4580-873d-058cc9a19ee6', 'significant-problems', 'c335034f-b36e-49c3-ac05-3f60d7fe9fba', '2020-11-30 14:50:00', null, 'significant problems', 'Significant problems'),
    ('5884ca07-c2cc-4cfd-8cff-c0817ce8583c', 'very-high', 'fe751005-37ec-4833-8397-fa73bc32f2b7', '2020-11-30 14:50:00', null, 'very high', 'Very high'),
    ('1b2d7fea-6ae1-4f58-9d50-567bc971f65d', 'high', 'fe751005-37ec-4833-8397-fa73bc32f2b7', '2020-11-30 14:50:00', null, 'high', 'High'),
    ('322eb2c6-9cc0-4307-a021-f0fc3fd3ae01', 'medium', 'fe751005-37ec-4833-8397-fa73bc32f2b7', '2020-11-30 14:50:00', null, 'medium', 'Medium'),
    ('bffce2d6-1a2b-45fc-9661-0dc97e82e7f1', 'low', 'fe751005-37ec-4833-8397-fa73bc32f2b7', '2020-11-30 14:50:00', null, 'low', 'Low'),
    ('8718ba4d-5fcc-461f-a058-7234f58f624e', 'very-hgh', 'ca740a57-d2a7-4023-8141-734d74733426', '2020-11-30 14:50:00', null, 'very hgh', 'Very hgh'),
    ('4b7baa43-a389-4fc3-9462-0acd5e70d8c7', 'high', 'ca740a57-d2a7-4023-8141-734d74733426', '2020-11-30 14:50:00', null, 'high', 'High'),
    ('9daa01c5-f268-4d52-9999-61c1181e05df', 'medium', 'ca740a57-d2a7-4023-8141-734d74733426', '2020-11-30 14:50:00', null, 'medium', 'Medium'),
    ('eb1f760f-e220-4a09-91b9-d0e89388774f', 'low', 'ca740a57-d2a7-4023-8141-734d74733426', '2020-11-30 14:50:00', null, 'low', 'Low'),
    ('03e6be2c-88b3-4805-853f-e33d37d314c9', 'good', '2c506c2b-b241-418e-bc68-515c0a9afd8f', '2020-11-30 14:50:00', null, 'good', 'Good'),
    ('e8624ea7-ce93-41ce-b3e1-3f3b9a6c59a5', 'satisfactory', '2c506c2b-b241-418e-bc68-515c0a9afd8f', '2020-11-30 14:50:00', null, 'satisfactory', 'Satisfactory'),
    ('e5994310-a31d-4970-bd86-b9deac283976', 'poor', '2c506c2b-b241-418e-bc68-515c0a9afd8f', '2020-11-30 14:50:00', null, 'poor', 'Poor'),
    ('5d171615-c816-4e3a-ab41-465511c5f6c1', 'conditional-discharge', '36b570aa-3ddc-4424-ad7d-bee9d3eed470', '2020-11-30 14:50:00', null, 'conditional discharge', 'Conditional discharge'),
    ('fc15b64e-1d6f-4bca-a2be-f651468f8cdf', 'fine', '36b570aa-3ddc-4424-ad7d-bee9d3eed470', '2020-11-30 14:50:00', null, 'fine', 'Fine'),
    ('24d15db3-22e2-482e-ba61-58d3a809c2cb', 'custody', '36b570aa-3ddc-4424-ad7d-bee9d3eed470', '2020-11-30 14:50:00', null, 'custody', 'Custody'),
    ('2f82b3bb-a680-4148-9fa4-5fdeaff276e5', 'unpaid-work', '36b570aa-3ddc-4424-ad7d-bee9d3eed470', '2020-11-30 14:50:00', null, 'unpaid work', 'Unpaid work'),
    ('01e25d4e-4e68-46c9-8e34-d63d47814710', 'community-order', '36b570aa-3ddc-4424-ad7d-bee9d3eed470', '2020-11-30 14:50:00', null, 'community order', 'Community order'),
    ('dcf6192c-0c5b-4d6e-a1db-83c547067794', 'curfew', '36b570aa-3ddc-4424-ad7d-bee9d3eed470', '2020-11-30 14:50:00', null, 'curfew', 'Curfew'),
    ('3d00762c-c376-4e52-8850-60f02c286449', 'other', '36b570aa-3ddc-4424-ad7d-bee9d3eed470', '2020-11-30 14:50:00', null, 'other', 'Other'),
    ('c95ccef9-95ef-4a39-a1d9-b53012ea63b3', 'interview', 'b82b1b04-fa9d-40d0-b0ab-39d1b5148aa6', '2020-11-30 14:50:00', null, 'interview', 'Interview'),
    ('ffa069d8-0519-4975-abb9-df8ce5ea37cc', 'service-records', 'b82b1b04-fa9d-40d0-b0ab-39d1b5148aa6', '2020-11-30 14:50:00', null, 'service records', 'Service records'),
    ('d647bf3a-5cf3-4d8f-bc27-bf7ae3bc269a', 'cps-summary', 'b82b1b04-fa9d-40d0-b0ab-39d1b5148aa6', '2020-11-30 14:50:00', null, 'cps summary', 'CPS summary'),
    ('e69c1f57-e1aa-4d21-adec-ff1044f6347f', 'previous-oasys-assessments', 'b82b1b04-fa9d-40d0-b0ab-39d1b5148aa6', '2020-11-30 14:50:00', null, 'previous oasys assessments', 'Previous OASys assessments'),
    ('d8a4717e-653b-4f45-9af2-16462761c4a3', 'previous-convictions', 'b82b1b04-fa9d-40d0-b0ab-39d1b5148aa6', '2020-11-30 14:50:00', null, 'previous convictions', 'Previous convictions'),
    ('d522a04e-423f-4924-8710-758673d16ab6', 'victim-statement', 'b82b1b04-fa9d-40d0-b0ab-39d1b5148aa6', '2020-11-30 14:50:00', null, 'victim statement', 'Victim statement'),
    ('9f40d6ee-73c7-48e9-99e5-3af243dac4e4', 'safeguarding-checks', 'b82b1b04-fa9d-40d0-b0ab-39d1b5148aa6', '2020-11-30 14:50:00', null, 'safeguarding checks', 'Safeguarding checks'),
    ('6b572bba-dfd8-468e-8772-7ee711d9e5af', 'police-information', 'b82b1b04-fa9d-40d0-b0ab-39d1b5148aa6', '2020-11-30 14:50:00', null, 'police information', 'Police information'),
    ('dc318e5d-dfd3-4d3d-8364-9f75efe6a9a8', 'sentencing-guidelines', 'b82b1b04-fa9d-40d0-b0ab-39d1b5148aa6', '2020-11-30 14:50:00', null, 'sentencing guidelines', 'Sentencing guidelines'),
    ('df088d48-472d-46d7-8d43-e437b6b9923c', 'domestic-abuse-call-out-information', 'b82b1b04-fa9d-40d0-b0ab-39d1b5148aa6', '2020-11-30 14:50:00', null, 'domestic abuse call-out information', 'Domestic abuse call-out information');


INSERT INTO grouping (group_uuid, group_code, heading, subheading, help_text, group_start, group_end)
VALUES ('13f5fbd2-c388-4f57-af92-1436532eda3a', 'pre_sentence_report', 'Short-form PSR content v1.9', null, null, '2020-11-30 14:50:00', null),
    ('e1099a4a-9d60-4207-afb1-591ac40d5d00', 'the_individual', 'The individual', null, null, '2020-11-30 14:50:00', null),
    ('bba072ef-5127-45e6-8a9f-946e9d0fbb62', 'court_information', 'Court information', null, null, '2020-11-30 14:50:00', null),
    ('c39104d7-7c19-41d5-b100-e18daa406052', 'psr_metadata', 'PSR metadata', null, null, '2020-11-30 14:50:00', null),
    ('750da896-b3a9-4b30-b7c1-427c4bcee8de', 'probation_service_details', 'Probation service details', null, null, '2020-11-30 14:50:00', null),
    ('5de53d4c-afa3-423f-adda-c1f7dfd53f10', 'the_offences', 'The offences', null, null, '2020-11-30 14:50:00', null),
    ('eb85635a-6758-4d28-a5d9-6d4263434d28', 'offence_analysis', 'Offence analysis', null, null, '2020-11-30 14:50:00', null),
    ('37fdc19c-195c-45e7-b550-0053e38b418c', 'criminal_history', 'Criminal history', null, null, '2020-11-30 14:50:00', null),
    ('6448ceea-2637-4865-9e7c-213be99c28d1', 'order', 'Order', null, null, '2020-11-30 14:50:00', null),
    ('64e9e04d-b6c4-4aec-9e2e-23363c8c4f7b', 'needs', 'Needs', null, null, '2020-11-30 14:50:00', null),
    ('7d80a9c4-a98e-4bcc-8ef8-624e37000543', 'risks', 'Risks', null, null, '2020-11-30 14:50:00', null),
    ('6af4cf22-f2ee-42dd-9b12-3243cff722f4', 'proposal', 'Proposal', null, null, '2020-11-30 14:50:00', null),
    ('f6a4dd23-eaef-4f7d-af42-65cb7abb7539', 'information_sources', 'Information sources', null, null, '2020-11-30 14:50:00', null);


INSERT INTO question_schema (question_schema_uuid, question_code, oasys_question_code, question_start, question_end, answer_type, answer_schema_group_uuid, question_text, question_help_text)
VALUES ('73d8924a-9b08-48ad-a026-e3086ade615d', 'title', null, '2020-11-30 14:50:00', null, 'freetext', null, 'Title', null),
    ('42842677-7306-4453-91ea-e3587b8da324', 'first_name', null, '2020-11-30 14:50:00', null, 'freetext', null, 'First name or names
', null),
    ('2fa27dfe-ff6a-48bb-969e-132025c6bea7', 'family_name', null, '2020-11-30 14:50:00', null, 'freetext', null, 'Family name or names', null),
    ('5e3a273f-4df5-4136-bdea-4970bb8a2d09', 'date_of_birth', null, '2020-11-30 14:50:00', null, 'date', null, 'Date of birth', null),
    ('2e84963f-45a0-40de-9280-eb2bdb262645', 'age', null, '2020-11-30 14:50:00', null, 'freetext', null, 'Age', null),
    ('77f271a9-f5f9-4304-9ae0-4a4ebcb39ef7', 'gender', null, '2020-11-30 14:50:00', null, 'dropdown', '3a48aa60-352e-4bb9-9805-5fa0384f5227', 'Gender', null),
    ('913a3edc-1417-4c69-8785-44ab0b3ecdda', 'sex', null, '2020-11-30 14:50:00', null, 'dropdown', '3a48aa60-352e-4bb9-9805-5fa0384f5227', 'Sex', null),
    ('eb701c9b-fce3-414a-94c4-bfa1a23840c9', 'crn', null, '2020-11-30 14:50:00', null, 'freetext', null, 'CRN', null),
    ('69161caa-208a-47cc-8761-cdcb630760aa', 'pnc', null, '2020-11-30 14:50:00', null, 'freetext', null, 'PNC', null),
    ('4f1c4f11-29a8-4195-aba8-400a79f765d6', 'address', null, '2020-11-30 14:50:00', null, 'freetext', null, 'Address', null),
    ('c49d22d3-17c3-4b89-a503-957cfd07b8f4', 'court', null, '2020-11-30 14:50:00', null, 'freetext', null, 'Court', null),
    ('779bec9b-4e2c-4300-b28d-a7fc280f25f5', 'local_justice_area', null, '2020-11-30 14:50:00', null, 'freetext', null, 'Local justice area', null),
    ('a578aef7-5fc7-4d66-a0c8-cdff26156287', 'date_of_hearing', null, '2020-11-30 14:50:00', null, 'date', null, 'Date of hearing', null),
    ('a182bc80-0385-4bcd-a7fa-846cc11fe297', 'date_of_assessment', null, '2020-11-30 14:50:00', null, 'date', null, 'Date of assessment', null),
    ('8ea0ad10-5987-457d-b350-c522729bc6a9', 'seriousness', null, '2020-11-30 14:50:00', null, 'freetext', null, 'Seriousness', null),
    ('5b22d34f-c966-4d9f-aef8-e4dab2c70048', 'sentencing_purpose', null, '2020-11-30 14:50:00', null, 'dropdown', 'ed9bdfb6-9142-4c76-8721-971cf13fead7', 'Sentencing purpose', null),
    ('2d46dba1-5550-407e-8cb6-6e3641f22219', 'date_report_requested', null, '2020-11-30 14:50:00', null, 'date', null, 'Date report requested', null),
    ('01814303-a681-4c2f-9b49-f3db74acb68f', 'date_report_required', null, '2020-11-30 14:50:00', null, 'date', null, 'Date report required', null),
    ('826e3f67-00fc-4a36-9b87-243540698756', 'date_report_completed_and_signed', null, '2020-11-30 14:50:00', null, 'date', null, 'Date report completed and signed', null),
    ('d6976888-b1b8-48e7-99c6-48ce8c384723', 'offender_manager', null, '2020-11-30 14:50:00', null, 'freetext', null, 'Probation practitioner', null),
    ('6112faa6-fdb7-47e1-b371-e6a1d11c85c3', 'psr_writers_name', null, '2020-11-30 14:50:00', null, 'freetext', null, 'Report author', null),
    ('3b9e1202-49dd-4b8f-a56b-20fd3fe9227d', 'psr_writers_office_location', null, '2020-11-30 14:50:00', null, 'freetext', null, 'Office', null),
    ('2bdb5864-c8f3-4def-bafe-4237725d516e', 'main_offence', null, '2020-11-30 14:50:00', null, 'dropdown', '6b482660-23cd-4121-a195-1afc82dbb4d6', 'Main offence 
', null),
    ('24e9ae36-e265-44b4-881a-cbb85dc13122', 'main_offence_date', null, '2020-11-30 14:50:00', null, 'date', null, 'Date', null),
    ('2513e28f-ccb0-44ee-b951-a6c69514569e', 'other_offences_and_dates_if_applicable', null, '2020-11-30 14:50:00', null, 'dropdown', '6b482660-23cd-4121-a195-1afc82dbb4d6', 'Additional offence
', null),
    ('617ee638-a087-49e3-a98d-37e83ba9b999', 'other_offences_dates', null, '2020-11-30 14:50:00', null, 'date', null, 'Date', null),
    ('333f1389-cebf-4d6a-a143-2b0df0c76dba', 'offence_description', null, '2020-11-30 14:50:00', null, 'freetext', null, 'Additional offence description', null),
    ('467f9e12-f2fc-4375-b942-b3e9a6df4034', 'offence_category_type', null, '2020-11-30 14:50:00', null, 'freetext', null, 'Current offence category', null),
    ('15427a34-28b3-492b-9862-dafc33f77f68', 'date_of_current_conviction', null, '2020-11-30 14:50:00', null, 'date', null, 'Date of current conviction', null),
    ('7b5630d7-bb7f-43c8-ae8d-b3c2a5dc24a4', 'date_of_sentence_or_discharge_if_sentenced_to_custody', null, '2020-11-30 14:50:00', null, 'date', null, 'Date of sentence, or discharge if sentenced to custody', null),
    ('6f4a881c-8769-4903-9171-21c7d0142fc2', 'offence_analysis', 'Section 2, question 2.1', '2020-11-30 14:50:00', null, 'freetext', null, 'Offence analysis', null),
    ('5e449932-1736-4424-916b-948330f04b14', 'why_did_the_offence_occur', 'Section 2, question 2.8', '2020-11-30 14:50:00', null, 'freetext', null, 'Why did the offence occur?', null),
    ('6e74e1c4-f6c9-4c4a-b11e-e0b32fcd1075', 'offender_accepts_responsibility_for_the_current_offence', 'Section 2, question 2.11', '2020-11-30 14:50:00', null, 'radio', 'a46bc88d-7e52-43f4-9fde-a3567d890b0d', 'Does the individual accept responsibility for the current offence?', null),
    ('b9fc0685-101f-4904-b2b0-1e4045b5a019', 'give_details', null, '2020-11-30 14:50:00', null, 'freetext', null, 'Give details', null),
    ('d8146388-ab2c-4339-a1af-90ff13d57281', 'offender_recognises_the_impact_and_consequences_of_offence_s_on_the_victim_community_wider_society', 'Section 2, question 2.6', '2020-11-30 14:50:00', null, 'radio', 'a46bc88d-7e52-43f4-9fde-a3567d890b0d', 'Does the individual recognise the impact and consequences of offence(s) on the victim or community or wider society?', null),
    ('0797233b-3eeb-4555-bb28-719dd2a6e2ae', 'give_details', null, '2020-11-30 14:50:00', null, 'freetext', null, 'Give details', null),
    ('d2923539-82d9-4bce-be0a-9c2f7abd6fcb', 'current_offence_s_indicate_escalation_in_seriousness_from_earlier_offending', 'Section 2, question 2.13', '2020-11-30 14:50:00', null, 'radio', 'a46bc88d-7e52-43f4-9fde-a3567d890b0d', 'Do the current offence(s) indicate an escalation in seriousness from earlier offending?', null),
    ('2b0a317b-a4ec-4031-b083-df9b483adf8a', 'give_details', null, '2020-11-30 14:50:00', null, 'freetext', null, 'Give details', null),
    ('8c5fc74b-9fba-460f-8ce0-40d56d6acfc6', 'patterns_of_offending_behaviour_if_applicable', 'Section 2, question 2.14', '2020-11-30 14:50:00', null, 'radio', 'a46bc88d-7e52-43f4-9fde-a3567d890b0d', 'Are current offence(s) part of an established pattern of offending?', null),
    ('11345186-ae85-4cdf-a86e-2f3672203785', 'details_of_patterns_of_offending_behaviour', null, '2020-11-30 14:50:00', null, 'freetext', null, 'Give details', null),
    ('18cd3b3b-f3dd-4acc-96d7-bd83bba00240', 'does_the_offender_have_any_history_of_statutory_sexual_offences', null, '2020-11-30 14:50:00', null, 'radio', 'a46bc88d-7e52-43f4-9fde-a3567d890b0d', 'Does the individual have any history of statutory sexual offences?', null),
    ('a6826eb0-7a67-4d92-982d-b1af4f7425fd', 'does_the_current_offence_have_a_sexual_element_or_motivation', null, '2020-11-30 14:50:00', null, 'radio', 'a46bc88d-7e52-43f4-9fde-a3567d890b0d', 'Does the current offence have a sexual element or motivation?', null),
    ('5feb49a5-237b-40c4-ab23-1441a3a76261', 'have_they_ever_committed_a_sexual_or_sexually_motivated_offence', null, '2020-11-30 14:50:00', null, 'radio', 'a46bc88d-7e52-43f4-9fde-a3567d890b0d', 'Have they ever committed a sexual or sexually motivated offence?', null),
    ('add6c241-4721-4384-8b02-42b48e2b9b47', 'does_the_current_sexual_offence_have_a_stranger_victim', null, '2020-11-30 14:50:00', null, 'radio', 'a46bc88d-7e52-43f4-9fde-a3567d890b0d', 'Have any of these involved actual or attempted contact against a victim who was a stranger?', null),
    ('2f6ea22b-35da-4918-bc65-8e6fcf9e32e9', 'date_of_most_recent_sexual_offence', null, '2020-11-30 14:50:00', null, 'date', null, 'Date of most recent sanction involving a sexual or sexually motivated offence', null),
    ('3a96545e-b198-49ca-b468-2b78a43e5b99', 'number_of_previous_current_sanctions_involving_contact_adult_sexual_offences', null, '2020-11-30 14:50:00', null, 'freetext', null, 'Number of previous or current sanctions involving contact adult sexual offences', null),
    ('4b564ae5-2cc7-4fe7-9e72-c1f41b706cda', 'number_of_previous_current_sanctions_involving_contact_child_sexual_offences', null, '2020-11-30 14:50:00', null, 'freetext', null, 'Number of previous or current sanctions involving contact child sexual offences', null),
    ('f53b2340-04b8-4c97-af8c-1f6313d85d72', 'number_of_previous_current_sanctions_involving_indecent_image_sexual_offences', null, '2020-11-30 14:50:00', null, 'freetext', null, 'Number of previous or current sanctions involving indecent image sexual offences', null),
    ('9df42975-1742-41b8-b8af-e1b4a5774170', 'number_of_previous_current_sanctions_involving_paraphilia_sexual_offences', null, '2020-11-30 14:50:00', null, 'freetext', null, 'Number of previous or current sanctions involving other non-contact sexual or sexually motivated offences', null),
    ('3aa23ae9-3a9b-4f92-ba2f-a3917e55e7f7', 'have_you_completed_an_offender_interview_and_or_oa_sys', null, '2020-11-30 14:50:00', null, 'radio', 'a46bc88d-7e52-43f4-9fde-a3567d890b0d', 'Have you completed an interview and/or OASys?', null),
    ('da80878c-2976-41c7-ac96-0127239c1f6a', 'does_the_offender_have_any_previous_convictions_for_the_following_offences', null, '2020-11-30 14:50:00', null, 'freetext', null, 'Does the individual have any previous convictions for the following:', null),
    ('31e5a531-b3d5-41b1-959e-da24b997a905', 'murder_attempted_murder_threat_or_conspiracy_to_murder_manslaughter', null, '2020-11-30 14:50:00', null, 'freetext', null, 'Murder or attempted murder
or
threat or conspiracy to murder or manslaughter', null),
    ('922034ef-ea3e-4180-8012-126ef51ae72b', 'wounding_gbh_sections_18_20_offences_against_the_person_act_1861', null, '2020-11-30 14:50:00', null, 'freetext', null, 'Wounding or GBH (Sections 18/20 Offences Against the Person ACT 1861)', null),
    ('31d5ec9b-5e1e-4f72-901f-5a647a7f92c9', 'aggravated_burglary', null, '2020-11-30 14:50:00', null, 'freetext', null, 'Aggravated burglary', null),
    ('23c9042b-87a1-46c0-a4ab-575a25daa5bb', 'arson', null, '2020-11-30 14:50:00', null, 'freetext', null, 'Arson', null),
    ('b4b04085-244c-4028-9562-7e426ff1bd4c', 'criminal_damage_with_intent_to_endanger_life', null, '2020-11-30 14:50:00', null, 'freetext', null, 'Criminal damage with intent to endanger life', null),
    ('a42bd3c2-05a5-4877-80c6-2e3bafd59e84', 'kidnapping_false_imprisonment', null, '2020-11-30 14:50:00', null, 'freetext', null, 'Kidnapping or false imprisonment', null),
    ('1bbaf880-5638-4020-be65-30007522c488', 'possession_of_a_firearm_with_intent_to_endanger_life_or_resist_arrest', null, '2020-11-30 14:50:00', null, 'freetext', null, 'Possession of a firearm with intent to endanger life or resist arrest', null),
    ('211e21d1-d181-4132-95da-5f06c2e29963', 'robbery', null, '2020-11-30 14:50:00', null, 'freetext', null, 'Robbery', null),
    ('2b5548f6-abf2-4e20-bf19-544e5681edb8', 'any_other_offence_involving_possession_and_or_use_of_weapons', null, '2020-11-30 14:50:00', null, 'freetext', null, 'Any other offence involving possession and/or use of weapons', null),
    ('b303df5b-6bb1-4bde-aa09-7fc90d60a043', 'did_the_offence_involve_carrying_use_of_a_weapon', '2.2A', '2020-11-30 14:50:00', null, 'radio', 'a46bc88d-7e52-43f4-9fde-a3567d890b0d', 'Did the offence involve carrying or use of a weapon?', null),
    ('8f581632-4704-4b3f-8dd7-b939cef6bc0c', 'date_of_first_sanction', null, '2020-11-30 14:50:00', null, 'date', null, 'Date of first sanction', null),
    ('76de34b6-ff47-43af-8ff6-023773d3172a', 'previous_sanctions', null, '2020-11-30 14:50:00', null, 'freetext', null, 'Number of previous sanctions for all recordable offences', null),
    ('12e3686f-797a-40c8-beba-f220a32a21df', 'number_of_previous_current_sanctions_for_violent_offences', null, '2020-11-30 14:50:00', null, 'freetext', null, 'Number of previous or current sanctions for violent offences', null),
    ('e08c21ab-110f-4ba4-9a1f-a015ff5af24b', 'order', null, '2020-11-30 14:50:00', null, 'freetext', null, 'Order', null),
    ('d8898b27-6db0-40f8-9827-67d3e8343fc7', 'is_the_offender_living_in_suitable_accommodation', '3.4', '2020-11-30 14:50:00', null, 'radio', 'f5c4cb08-01a3-454d-8600-9eee975f3f19', 'Suitability of accommodation.
', null),
    ('65aa6007-e9b3-4d6d-b003-eba053c639e1', 'give_details', null, '2020-11-30 14:50:00', null, 'freetext', null, 'Give details', null),
    ('8c781cd8-792f-4db2-ac98-e9c30ae7edd0', 'accommodation', 'Section 3 last question field ref S3.11', '2020-11-30 14:50:00', null, 'radio', 'a46bc88d-7e52-43f4-9fde-a3567d890b0d', 'Are any current or previous accommodation issues linked to offending behaviour?', null),
    ('10b86bc4-447d-4700-82e4-a41bc5316604', 'accommodation_type', null, '2020-11-30 14:50:00', null, 'dropdown', 'c91096c9-6712-4183-a7bc-dedba491fdd0', 'Accommodation type', null),
    ('bb52ecc2-71fb-49a5-8cdf-3f3e3e8a4539', 'give_details', null, '2020-11-30 14:50:00', null, 'freetext', null, 'Give details', null),
    ('2179c7ad-d6e5-4e91-a751-e74099a28b7f', 'education_training_and_employability', 'Section 4 last question field ref S4.23', '2020-11-30 14:50:00', null, 'radio', 'a46bc88d-7e52-43f4-9fde-a3567d890b0d', 'Are education, training, employment and/or basic skills issues linked to offending behaviour?', null),
    ('1acda57d-089b-4931-b1f5-0d0a26aa47ab', 'education_training_and_employability_status', '4.2', '2020-11-30 14:50:00', null, 'freetext', null, 'Education, training and employability status', null),
    ('531d6254-468f-45fb-95ef-73e0f5966330', 'give_details', null, '2020-11-30 14:50:00', null, 'freetext', null, 'Give details', null),
    ('331b9276-36d0-486c-bd6a-e52d49776721', 'hours_of_work_or_education_training_per_week', null, '2020-11-30 14:50:00', null, 'freetext', null, 'Hours of work or education / training per week', null),
    ('fa58b16f-ddad-464f-afe1-fcede345dc0b', 'skills_for_life_assessment_required', null, '2020-11-30 14:50:00', null, 'radio', 'a46bc88d-7e52-43f4-9fde-a3567d890b0d', 'Is a Skills for Life assessment required?', null),
    ('555c988a-2ab4-4d4d-ae74-be12d89c6f39', 'finance', 'Section 5 last question field ref S5.13', '2020-11-30 14:50:00', null, 'radio', 'a46bc88d-7e52-43f4-9fde-a3567d890b0d', 'Are financial issues linked to offending behaviour?', null),
    ('a696d985-6616-40cd-afb1-72dff87b706a', 'give_details', null, '2020-11-30 14:50:00', null, 'freetext', null, 'Give details', null),
    ('9e8e5554-7407-46f6-9506-79f04aabe07b', 'relationships', '6.4', '2020-11-30 14:50:00', null, 'radio', 'c335034f-b36e-49c3-ac05-3f60d7fe9fba', 'What is the person''s current relationship with their partner?', null),
    ('8a2042c6-a31d-42e2-b90e-52d39f3d4f27', 'is_there_evidence_that_the_offender_is_a_perpetrator_of_domestic_violence_partner_abuse', '6.7', '2020-11-30 14:50:00', null, 'radio', 'a46bc88d-7e52-43f4-9fde-a3567d890b0d', 'Is there evidence that the individual is a perpetrator of domestic violence or partner abuse?', null),
    ('ad259a93-f391-41a3-b6db-4faa68827923', 'give_details', null, '2020-11-30 14:50:00', null, 'freetext', null, 'Give details', null),
    ('9d5ef951-4953-4bcb-b261-a71d24c9dea2', 'alcohol_misuse', 'Section 9 last question field ref S9.14', '2020-11-30 14:50:00', null, 'radio', 'f5c4cb08-01a3-454d-8600-9eee975f3f19', 'Is the person''s current use of alcohol a problem?', null),
    ('6872055f-a942-429f-99b8-d671a2aa19aa', 'give_details', null, '2020-11-30 14:50:00', null, 'freetext', null, 'Give details', null),
    ('2439ef32-90d1-44a1-8b0f-8be6a34aaa41', 'is_there_evidence_of_binge_drinking_or_excessive_use_of_alcohol_in_the_last_6_months', '9.2', '2020-11-30 14:50:00', null, 'radio', 'f5c4cb08-01a3-454d-8600-9eee975f3f19', 'Is there evidence of binge drinking or excessive use of alcohol in the last 6 months?', null),
    ('ca580bae-4d1a-4294-8650-cfeefe8cce8e', 'give_details', null, '2020-11-30 14:50:00', null, 'freetext', null, 'Give details', null),
    ('806a3b39-c3cb-40dc-9c5b-c48e2c459e2e', 'does_the_initial_screening_show_a_need_for_a_specialist_assessment', null, '2020-11-30 14:50:00', null, 'radio', 'a46bc88d-7e52-43f4-9fde-a3567d890b0d', 'Is there a need for a specialist assessment?', null),
    ('8526b45a-d199-45f9-9b08-7ca3b146d63e', 'give_details', null, '2020-11-30 14:50:00', null, 'freetext', null, 'Give details', null),
    ('957b0eca-e77a-4e30-b968-fb14d8851566', 'substance_misuse', 'Section 8 last question field ref S8.19', '2020-11-30 14:50:00', null, 'radio', 'a46bc88d-7e52-43f4-9fde-a3567d890b0d', 'Is drug misuse linked to offending behaviour?', null),
    ('7fc58017-68cd-417a-9289-78acb683a56f', 'give_details', null, '2020-11-30 14:50:00', null, 'freetext', null, 'Give details', null),
    ('5dfa17e6-cfeb-4d7f-bb88-4c772dc721f6', 'is_there_current_recent_drug_misuse_on_a_daily_or_weekly_basis', 'Section 8 fields S8.2', '2020-11-30 14:50:00', null, 'radio', 'a46bc88d-7e52-43f4-9fde-a3567d890b0d', 'Is there current or recent drug misuse on a daily or weekly basis?', null),
    ('67478663-7f99-4a06-a88e-3c32ca3ecb95', 'give_details', null, '2020-11-30 14:50:00', null, 'freetext', null, 'Give details', null),
    ('4757c5f4-6ec1-4930-9e3c-36b9d8c84260', 'is_the_offender_motivated_to_tackle_drugs_misuse', 'Section 8 question 8.8', '2020-11-30 14:50:00', null, 'freetext', null, 'Is the individual motivated to tackle drugs misuse?', null),
    ('6c667db6-e032-4db2-b323-f10066012f5b', 'give_details', null, '2020-11-30 14:50:00', null, 'freetext', null, 'Give details', null),
    ('f7f6ac57-ca0c-4e8b-836b-82bbcbe0f8df', 'physical_and_mental_health', 'Section 10 last question field ref S10.17', '2020-11-30 14:50:00', null, 'radio', 'a46bc88d-7e52-43f4-9fde-a3567d890b0d', 'Is mental health linked to offending behaviour?', null),
    ('33dd1490-698a-4334-a672-f2a08d3514b8', 'give_details', null, '2020-11-30 14:50:00', null, 'freetext', null, 'Give details', null),
    ('41ac577a-3519-440a-b8a4-c012e4097580', 'does_the_offender_have_a_history_of_mental_health_issues', null, '2020-11-30 14:50:00', null, 'radio', 'a46bc88d-7e52-43f4-9fde-a3567d890b0d', 'Does the individual have current mental health issues or a history of such issues?', null),
    ('e46570d4-dff9-4e23-901c-c448a86a0af2', 'give_details', null, '2020-11-30 14:50:00', null, 'freetext', null, 'Give details', null),
    ('87eed3bc-6dd5-43b3-beb6-e6e8fcf5274d', 'self_harm_attempted_suicide_suicidal_thoughts_or_feelings', null, '2020-11-30 14:50:00', null, 'freetext', null, 'Is there evidence of self-harm, attempted suicide, suicidal thoughts or feelings?', null),
    ('7351cdd3-9acd-444d-8405-13f51b314196', 'give_details', null, '2020-11-30 14:50:00', null, 'freetext', null, null, null),
    ('6f2ab9fd-87ac-42fe-8b32-857aa7c14df5', 'coping_in_custody_hostel_setting', 'R8.2.1 field FA.39', '2020-11-30 14:50:00', null, 'radio', 'a46bc88d-7e52-43f4-9fde-a3567d890b0d', 'Can the individual cope in custody / hostel setting?', null),
    ('5427e00c-67e0-4e9e-a88f-525ffa3f64f8', 'give_details', null, '2020-11-30 14:50:00', null, 'freetext', null, 'Give details', null),
    ('bc31817c-f3b5-433c-826f-d13269b33a87', 'are_there_particular_social_and_emotional_consequences_of_imprisonment', null, '2020-11-30 14:50:00', null, 'radio', 'a46bc88d-7e52-43f4-9fde-a3567d890b0d', 'Are there particular social and emotional consequences of imprisonment?', null),
    ('aa21cf7d-375e-4c5e-9c0d-5876cd503f01', 'give_details', null, '2020-11-30 14:50:00', null, 'freetext', null, 'Give details', null),
    ('914914fd-fed6-41d5-883f-35d3b2bdab3c', 'is_a_specialist_report_required', 'Section 10 question 10.8 field ref S10.14', '2020-11-30 14:50:00', null, 'radio', 'a46bc88d-7e52-43f4-9fde-a3567d890b0d', 'Is a specialist mental health report required?', null),
    ('8bdd6b47-3b2b-47a5-a7fc-a2feab073d3a', 'give_details', null, '2020-11-30 14:50:00', null, 'freetext', null, 'Give details', null),
    ('6c79c63c-d5f7-4136-98bd-976b24df88bd', 'thinking_and_behaviour', null, '2020-11-30 14:50:00', null, 'radio', 'a46bc88d-7e52-43f4-9fde-a3567d890b0d', 'Are thinking and behaviour a relevant factor?', null),
    ('c7298bde-fed3-40f5-b840-09792883a406', 'is_impulsivity_a_problem_for_the_offender', '11.2', '2020-11-30 14:50:00', null, 'radio', 'f5c4cb08-01a3-454d-8600-9eee975f3f19', 'Is impulsivity a problem for the individual?', null),
    ('18d91055-7ebe-4e12-8554-a3f1bcb8a691', 'give_details', null, '2020-11-30 14:50:00', null, 'freetext', null, 'Give details', null),
    ('09ab71b9-bcb3-42bd-882e-f6f0f9d7431c', 'is_temper_control_a_problem_for_the_offender', '11.4', '2020-11-30 14:50:00', null, 'radio', 'f5c4cb08-01a3-454d-8600-9eee975f3f19', 'Is temper control a problem for the individual?', null),
    ('fddf35d7-0176-4090-928e-0b461b0e2e27', 'does_the_offender_have_pro_criminal_attitudes', '12.1', '2020-11-30 14:50:00', null, 'radio', 'f5c4cb08-01a3-454d-8600-9eee975f3f19', 'Does the individual have pro-criminal attitudes?', null),
    ('e253b1ba-4e4d-411b-b9df-048c2a08b680', 'is_there_evidence_that_the_offender_demonstrates_inadequate_social_interpersonal_skills', 'Section 11 question 11.1', '2020-11-30 14:50:00', null, 'radio', 'a46bc88d-7e52-43f4-9fde-a3567d890b0d', 'Is there evidence that the individual demonstrates inadequate social or interpersonal skills?', null),
    ('a1f3737a-83e7-4dbe-9b0d-5376e18bedbf', 'give_details', null, '2020-11-30 14:50:00', null, 'freetext', null, 'Give details', null),
    ('0aa393ec-b68d-4316-ba6c-11398b35d0dd', 'is_there_evidence_that_the_offender_uses_inappropriate_problem_solving_strategies', 'Section 11 question 11.6', '2020-11-30 14:50:00', null, 'radio', 'a46bc88d-7e52-43f4-9fde-a3567d890b0d', 'Is there evidence that the individual uses inappropriate problem solving strategies?', null),
    ('61fb69ab-b5e5-4a6a-8d4c-f3da65162370', 'give_details', null, '2020-11-30 14:50:00', null, 'freetext', null, 'Give details', null),
    ('e7bc2c57-a7e2-4e09-9f17-4ebc11e98d6d', 'is_there_evidence_that_the_offender_has_difficulty_understanding_other_peoples_points_of_view', 'Section 11 question 11.9', '2020-11-30 14:50:00', null, 'radio', 'a46bc88d-7e52-43f4-9fde-a3567d890b0d', 'Is there evidence that the individual has difficulty understanding other people’s points of view?', null),
    ('4550eea4-6e5f-4a87-b342-b151ff89f972', 'give_details', null, '2020-11-30 14:50:00', null, 'freetext', null, 'Give details', null),
    ('5f2f188f-9942-4832-968a-03970a430dd8', 'anti_social_discriminatory_attitudes_behaviour_associated_with_offending', null, '2020-11-30 14:50:00', null, 'freetext', null, 'Are anti-social or discriminatory attitudes or behaviour associated with offending?', null),
    ('316ac7a4-d6e6-495a-9c49-73230bc491b0', 'give_details', null, '2020-11-30 14:50:00', null, 'freetext', null, 'Give details', null),
    ('78ef887a-088a-48e8-8589-305e076c393b', 'other_needs', null, '2020-11-30 14:50:00', null, 'freetext', null, 'Additional information about the individual relevant to their offence(s) and the management of the offender', null),
    ('cd5dcecb-1d6d-4c53-a786-972f4bbf377f', 'is_there_evidence_of_the_offender_experiencing_trauma', null, '2020-11-30 14:50:00', null, 'radio', 'a46bc88d-7e52-43f4-9fde-a3567d890b0d', 'Is there evidence of the individual experiencing trauma?', null),
    ('54b3030c-d382-4bbd-8c82-ded3d4777bac', 'does_the_offender_have_caring_responsibilities_for_children_or_adults_or_have_they_ever_had_caring_responsibilities_for_children_or_adults', null, '2020-11-30 14:50:00', null, 'radio', 'a46bc88d-7e52-43f4-9fde-a3567d890b0d', 'Does the individual have caring responsibilities for children or adults, or have they ever had caring responsibilities for children or adults?', null),
    ('8cf3a749-2142-4a33-9946-95b8a43b6ec6', 'likelihood_of_further_offending', 'S1.46', '2020-11-30 14:50:00', null, 'dropdown', 'fe751005-37ec-4833-8397-fa73bc32f2b7', 'Likelihood of further offending', null),
    ('a5df3d31-787d-4c15-bce2-e42ff42ee8ea', 'do_you_assess_risk_of_serious_harm_to_be_imminent', null, '2020-11-30 14:50:00', null, 'radio', 'a46bc88d-7e52-43f4-9fde-a3567d890b0d', 'Do you assess risk of serious harm to be imminent?', null),
    ('cdddd0ac-6c7b-4951-ae56-8d2b9af8e47a', 'give_details', null, '2020-11-30 14:50:00', null, 'freetext', null, 'Give details', null),
    ('cb1a2ece-7435-450d-9092-aeb63b05cb2d', 'the_risk_of_serious_harm_screening_indicates_the_need_for_a_full_risk_of_serious_harm_analysis', null, '2020-11-30 14:50:00', null, 'radio', 'a46bc88d-7e52-43f4-9fde-a3567d890b0d', 'Does the Risk of Serious Harm Screening indicate a need for a full Risk of Serious Harm Analysis?', null),
    ('ff28ca2e-e445-4e14-902f-c6f84e8555ab', 'risk_of_serious_harm_assessment', null, '2020-11-30 14:50:00', null, 'dropdown', 'ca740a57-d2a7-4023-8141-734d74733426', 'Risk of serious harm', null),
    ('fa3908e2-817e-4fad-a6e1-233af5b22c31', 'response_to_previous_supervision', null, '2020-11-30 14:50:00', null, 'dropdown', '2c506c2b-b241-418e-bc68-515c0a9afd8f', 'Response to previous supervision', null),
    ('d538fa1d-4116-472a-a5b7-4d8f1fdb4c1b', 'give_details', null, '2020-11-30 14:50:00', null, 'freetext', null, 'Give details', null),
    ('30a82659-9166-4234-a6af-04fbd413bf14', 'protective_factors', null, '2020-11-30 14:50:00', null, 'freetext', null, 'What are the individual''s protective factors?', null),
    ('56381588-ec04-425b-96ab-14de32ab3262', 'proposed_sentence', null, '2020-11-30 14:50:00', null, 'dropdown', '36b570aa-3ddc-4424-ad7d-bee9d3eed470', 'Proposed sentence', null),
    ('4975db8a-3147-439c-9de0-e770278e5ccb', 'give_details', null, '2020-11-30 14:50:00', null, 'freetext', null, 'Give details', null),
    ('f4bdaad2-03f7-4f92-b4db-696edd212745', 'reasons_for_proposal', null, '2020-11-30 14:50:00', null, 'freetext', null, 'Reasons for proposal', null),
    ('958eebbc-2b55-4a52-af92-bcc062150e0d', 'sentence_length', null, '2020-11-30 14:50:00', null, 'freetext', null, 'Sentence length', null),
    ('e6ae8adc-455d-4dfb-9fe7-e1887581e18e', 'offenders_attitude_to_proposed_sentence', null, '2020-11-30 14:50:00', null, 'freetext', null, 'Individual''s attitude to proposed sentence', null),
    ('c424f211-d9b0-4c51-ad07-713f3751587d', 'source', null, '2020-11-30 14:50:00', null, 'dropdown', 'b82b1b04-fa9d-40d0-b0ab-39d1b5148aa6', 'Information sources', null);


INSERT INTO question_group (question_group_uuid, content_uuid, content_type, group_uuid, display_order, mandatory, validation)
VALUES ('c1e84eb4-66ed-4918-ac66-20f9227289b7', 'e1099a4a-9d60-4207-afb1-591ac40d5d00', 'group', '13f5fbd2-c388-4f57-af92-1436532eda3a', 1, true, null),
    ('a24d8417-81b2-4c90-aefe-fee1feea6f55', '73d8924a-9b08-48ad-a026-e3086ade615d', 'question', 'e1099a4a-9d60-4207-afb1-591ac40d5d00', 1, true, null),
    ('b78729c7-2b2a-40db-b207-412d2c710384', '42842677-7306-4453-91ea-e3587b8da324', 'question', 'e1099a4a-9d60-4207-afb1-591ac40d5d00', 2, true, null),
    ('89267c56-81eb-4d02-8ccd-b34c563bc443', '2fa27dfe-ff6a-48bb-969e-132025c6bea7', 'question', 'e1099a4a-9d60-4207-afb1-591ac40d5d00', 3, true, null),
    ('fb29adde-29de-4a2b-9adb-871754db36d3', '5e3a273f-4df5-4136-bdea-4970bb8a2d09', 'question', 'e1099a4a-9d60-4207-afb1-591ac40d5d00', 4, true, null),
    ('9f4343aa-1153-4222-ba57-5d64f0372800', '2e84963f-45a0-40de-9280-eb2bdb262645', 'question', 'e1099a4a-9d60-4207-afb1-591ac40d5d00', 5, true, null),
    ('aed8f510-e342-4907-9e71-5ff2246a070b', '77f271a9-f5f9-4304-9ae0-4a4ebcb39ef7', 'question', 'e1099a4a-9d60-4207-afb1-591ac40d5d00', 6, true, null),
    ('b4cb314f-5591-415a-9f73-f7729f2c6463', '913a3edc-1417-4c69-8785-44ab0b3ecdda', 'question', 'e1099a4a-9d60-4207-afb1-591ac40d5d00', 7, true, null),
    ('a0bf3e74-c1a4-4b22-b1fe-2b0d6c729333', 'eb701c9b-fce3-414a-94c4-bfa1a23840c9', 'question', 'e1099a4a-9d60-4207-afb1-591ac40d5d00', 8, true, null),
    ('78c8db63-b98a-4de4-9130-c3d6127d2882', '69161caa-208a-47cc-8761-cdcb630760aa', 'question', 'e1099a4a-9d60-4207-afb1-591ac40d5d00', 9, true, null),
    ('229fd145-0dc7-43db-ade4-c3923ab0ce76', '4f1c4f11-29a8-4195-aba8-400a79f765d6', 'question', 'e1099a4a-9d60-4207-afb1-591ac40d5d00', 10, true, null),
    ('65f3d9ca-e4ca-4554-b3e8-15435dcaf958', 'bba072ef-5127-45e6-8a9f-946e9d0fbb62', 'group', '13f5fbd2-c388-4f57-af92-1436532eda3a', 2, true, null),
    ('290dd2e1-bacb-4f8f-a052-e5c3f8e93f4a', 'c49d22d3-17c3-4b89-a503-957cfd07b8f4', 'question', 'bba072ef-5127-45e6-8a9f-946e9d0fbb62', 1, true, null),
    ('3021441a-80b7-41af-bbc1-ca7009c620bb', '779bec9b-4e2c-4300-b28d-a7fc280f25f5', 'question', 'bba072ef-5127-45e6-8a9f-946e9d0fbb62', 2, true, null),
    ('fdb50a82-0e0b-4658-8236-959c08e81d43', 'a578aef7-5fc7-4d66-a0c8-cdff26156287', 'question', 'bba072ef-5127-45e6-8a9f-946e9d0fbb62', 3, true, null),
    ('0daa55e0-db01-4c43-9c61-e65285d59e69', 'a182bc80-0385-4bcd-a7fa-846cc11fe297', 'question', 'bba072ef-5127-45e6-8a9f-946e9d0fbb62', 4, true, null),
    ('3bd4b407-08f5-4b00-83ad-2f00ec86c7f7', '8ea0ad10-5987-457d-b350-c522729bc6a9', 'question', 'bba072ef-5127-45e6-8a9f-946e9d0fbb62', 5, true, null),
    ('2e821652-d398-4755-8949-c6f06bd403b7', 'c39104d7-7c19-41d5-b100-e18daa406052', 'group', '13f5fbd2-c388-4f57-af92-1436532eda3a', 3, true, null),
    ('86253ecf-baaf-4fc2-8612-f35ef45268fa', '5b22d34f-c966-4d9f-aef8-e4dab2c70048', 'question', 'c39104d7-7c19-41d5-b100-e18daa406052', 1, true, null),
    ('b96fab51-dbc1-476d-b9be-aa2f169b5b85', '2d46dba1-5550-407e-8cb6-6e3641f22219', 'question', 'c39104d7-7c19-41d5-b100-e18daa406052', 2, true, null),
    ('316ed35e-6451-42b4-b70d-12b28027eaad', '01814303-a681-4c2f-9b49-f3db74acb68f', 'question', 'c39104d7-7c19-41d5-b100-e18daa406052', 3, true, null),
    ('1da5c2fc-5d04-44ad-967b-bbceee74a640', '826e3f67-00fc-4a36-9b87-243540698756', 'question', 'c39104d7-7c19-41d5-b100-e18daa406052', 4, true, null),
    ('5d0d4e6e-c146-4776-aeb3-0e376893d739', '750da896-b3a9-4b30-b7c1-427c4bcee8de', 'group', '13f5fbd2-c388-4f57-af92-1436532eda3a', 4, true, null),
    ('69ef8570-cfe1-4da1-b8bf-ed961cbfde73', 'd6976888-b1b8-48e7-99c6-48ce8c384723', 'question', '750da896-b3a9-4b30-b7c1-427c4bcee8de', 1, true, null),
    ('3e74958c-898e-4c22-8af1-afc12605e462', '6112faa6-fdb7-47e1-b371-e6a1d11c85c3', 'question', '750da896-b3a9-4b30-b7c1-427c4bcee8de', 2, true, null),
    ('e0664aad-94cc-4788-a3e0-955c6549466e', '3b9e1202-49dd-4b8f-a56b-20fd3fe9227d', 'question', '750da896-b3a9-4b30-b7c1-427c4bcee8de', 3, true, null),
    ('15a3ea66-0149-47ea-aa00-60ac58aa8748', '5de53d4c-afa3-423f-adda-c1f7dfd53f10', 'group', '13f5fbd2-c388-4f57-af92-1436532eda3a', 5, true, null),
    ('30a92608-74ee-40b5-9516-ee9f32f4f6b9', '2bdb5864-c8f3-4def-bafe-4237725d516e', 'question', '5de53d4c-afa3-423f-adda-c1f7dfd53f10', 1, true, null),
    ('0dcdf541-e5c0-430c-a3f8-f7f3abf7d52c', '24e9ae36-e265-44b4-881a-cbb85dc13122', 'question', '5de53d4c-afa3-423f-adda-c1f7dfd53f10', 2, true, null),
    ('3de9fd49-08f7-4675-96bd-4db585f90e52', '2513e28f-ccb0-44ee-b951-a6c69514569e', 'question', '5de53d4c-afa3-423f-adda-c1f7dfd53f10', 3, true, null),
    ('284cbaf8-8ae4-4ba4-aa80-f2cc6092fb8b', '617ee638-a087-49e3-a98d-37e83ba9b999', 'question', '5de53d4c-afa3-423f-adda-c1f7dfd53f10', 4, true, null),
    ('adbc26c2-0f14-4cd4-95ab-5f734fa1dca4', '333f1389-cebf-4d6a-a143-2b0df0c76dba', 'question', '5de53d4c-afa3-423f-adda-c1f7dfd53f10', 5, true, null),
    ('a00c6b12-be89-437d-905b-39192a58e585', '467f9e12-f2fc-4375-b942-b3e9a6df4034', 'question', '5de53d4c-afa3-423f-adda-c1f7dfd53f10', 6, true, null),
    ('f6d3a014-6072-4397-96fd-bd584fa31ad3', '15427a34-28b3-492b-9862-dafc33f77f68', 'question', '5de53d4c-afa3-423f-adda-c1f7dfd53f10', 7, true, null),
    ('6e7a5611-f80c-44ae-a316-ba9dead8c34a', '7b5630d7-bb7f-43c8-ae8d-b3c2a5dc24a4', 'question', '5de53d4c-afa3-423f-adda-c1f7dfd53f10', 8, true, null),
    ('5baacd74-ae9d-46ef-accf-7b764286dc87', 'eb85635a-6758-4d28-a5d9-6d4263434d28', 'group', '13f5fbd2-c388-4f57-af92-1436532eda3a', 6, true, null),
    ('41daa324-244a-4f06-bb40-3b758205983c', '6f4a881c-8769-4903-9171-21c7d0142fc2', 'question', 'eb85635a-6758-4d28-a5d9-6d4263434d28', 1, true, null),
    ('51d22e83-cec1-4172-9ac0-de5f5b7f17dd', '5e449932-1736-4424-916b-948330f04b14', 'question', 'eb85635a-6758-4d28-a5d9-6d4263434d28', 2, true, null),
    ('9b410ab4-cf64-4058-af2c-675ca1671068', '6e74e1c4-f6c9-4c4a-b11e-e0b32fcd1075', 'question', 'eb85635a-6758-4d28-a5d9-6d4263434d28', 3, true, null),
    ('4e1a19f7-82d3-4a2c-be04-9c43f838afab', 'b9fc0685-101f-4904-b2b0-1e4045b5a019', 'question', 'eb85635a-6758-4d28-a5d9-6d4263434d28', 4, true, null),
    ('1f3282ad-e14d-4d80-865b-5fc38b371101', 'd8146388-ab2c-4339-a1af-90ff13d57281', 'question', 'eb85635a-6758-4d28-a5d9-6d4263434d28', 5, true, null),
    ('3bbad6f5-cbd9-4cf3-9b74-38988722e5d4', '0797233b-3eeb-4555-bb28-719dd2a6e2ae', 'question', 'eb85635a-6758-4d28-a5d9-6d4263434d28', 6, true, null),
    ('a0566898-68a5-414e-a63c-81cb8e467399', 'd2923539-82d9-4bce-be0a-9c2f7abd6fcb', 'question', 'eb85635a-6758-4d28-a5d9-6d4263434d28', 7, true, null),
    ('2c776944-5116-4f96-b9de-ad76b8030f63', '2b0a317b-a4ec-4031-b083-df9b483adf8a', 'question', 'eb85635a-6758-4d28-a5d9-6d4263434d28', 8, true, null),
    ('84ff3fb7-7a87-4b8f-9c12-609309388932', '8c5fc74b-9fba-460f-8ce0-40d56d6acfc6', 'question', 'eb85635a-6758-4d28-a5d9-6d4263434d28', 9, true, null),
    ('dafd25e4-6aff-467d-b616-4408539a1076', '11345186-ae85-4cdf-a86e-2f3672203785', 'question', 'eb85635a-6758-4d28-a5d9-6d4263434d28', 10, true, null),
    ('28eb8dba-d5f7-4a0d-b1f9-16427a8fab76', '18cd3b3b-f3dd-4acc-96d7-bd83bba00240', 'question', 'eb85635a-6758-4d28-a5d9-6d4263434d28', 11, true, null),
    ('417f8941-9ea6-4471-95dc-b1572391534b', 'a6826eb0-7a67-4d92-982d-b1af4f7425fd', 'question', 'eb85635a-6758-4d28-a5d9-6d4263434d28', 12, true, null),
    ('43906d59-dd1d-42aa-8513-10555d46fafa', '5feb49a5-237b-40c4-ab23-1441a3a76261', 'question', 'eb85635a-6758-4d28-a5d9-6d4263434d28', 13, true, null),
    ('7a10055a-50a9-43ed-980e-42ef12f67413', 'add6c241-4721-4384-8b02-42b48e2b9b47', 'question', 'eb85635a-6758-4d28-a5d9-6d4263434d28', 14, true, null),
    ('44ce8d7a-165c-49fa-81cd-7d93a289c08f', '2f6ea22b-35da-4918-bc65-8e6fcf9e32e9', 'question', 'eb85635a-6758-4d28-a5d9-6d4263434d28', 15, true, null),
    ('5c7308c5-c0ee-428c-8406-76e7a8a0fa11', '3a96545e-b198-49ca-b468-2b78a43e5b99', 'question', 'eb85635a-6758-4d28-a5d9-6d4263434d28', 16, true, null),
    ('c0dd8369-f1ef-445b-a405-2b56bd42a7dd', '4b564ae5-2cc7-4fe7-9e72-c1f41b706cda', 'question', 'eb85635a-6758-4d28-a5d9-6d4263434d28', 17, true, null),
    ('d102b303-4d85-47c9-a16d-bffe55fe6bc6', 'f53b2340-04b8-4c97-af8c-1f6313d85d72', 'question', 'eb85635a-6758-4d28-a5d9-6d4263434d28', 18, true, null),
    ('26e94586-3a80-46fd-82ec-12bf7626ebed', '9df42975-1742-41b8-b8af-e1b4a5774170', 'question', 'eb85635a-6758-4d28-a5d9-6d4263434d28', 19, true, null),
    ('4d0d2caa-c0f2-423f-8508-6e164bbb2433', '3aa23ae9-3a9b-4f92-ba2f-a3917e55e7f7', 'question', 'eb85635a-6758-4d28-a5d9-6d4263434d28', 20, true, null),
    ('b679d465-9674-44b8-b1aa-32a0cdde376a', 'da80878c-2976-41c7-ac96-0127239c1f6a', 'question', 'eb85635a-6758-4d28-a5d9-6d4263434d28', 21, true, null),
    ('9dcd379b-c5f3-4699-85e1-ee6deba29474', '31e5a531-b3d5-41b1-959e-da24b997a905', 'question', 'eb85635a-6758-4d28-a5d9-6d4263434d28', 22, true, null),
    ('25eec06e-dd6f-46d7-ac68-abfe22e83c01', '922034ef-ea3e-4180-8012-126ef51ae72b', 'question', 'eb85635a-6758-4d28-a5d9-6d4263434d28', 23, true, null),
    ('472de005-c3fa-4f99-9548-aa695d30b77b', '31d5ec9b-5e1e-4f72-901f-5a647a7f92c9', 'question', 'eb85635a-6758-4d28-a5d9-6d4263434d28', 24, true, null),
    ('6eb135d6-5947-4194-b964-2f0a04ae111e', '23c9042b-87a1-46c0-a4ab-575a25daa5bb', 'question', 'eb85635a-6758-4d28-a5d9-6d4263434d28', 25, true, null),
    ('89bd9103-495b-4a1d-a1e8-b944e68c5d67', 'b4b04085-244c-4028-9562-7e426ff1bd4c', 'question', 'eb85635a-6758-4d28-a5d9-6d4263434d28', 26, true, null),
    ('edd45776-cad0-437e-8c30-1dc57c1b6ef8', 'a42bd3c2-05a5-4877-80c6-2e3bafd59e84', 'question', 'eb85635a-6758-4d28-a5d9-6d4263434d28', 27, true, null),
    ('7abea73f-bfaa-4908-856e-3fff51adfad5', '1bbaf880-5638-4020-be65-30007522c488', 'question', 'eb85635a-6758-4d28-a5d9-6d4263434d28', 28, true, null),
    ('bd4b18cf-f265-40e3-9e5e-30cdfb284c4d', '211e21d1-d181-4132-95da-5f06c2e29963', 'question', 'eb85635a-6758-4d28-a5d9-6d4263434d28', 29, true, null),
    ('8f9c49fc-f44b-42d0-982b-b186997f4e38', '2b5548f6-abf2-4e20-bf19-544e5681edb8', 'question', 'eb85635a-6758-4d28-a5d9-6d4263434d28', 30, true, null),
    ('d3f31e2a-771c-460f-95a9-72b8e703880c', 'b303df5b-6bb1-4bde-aa09-7fc90d60a043', 'question', 'eb85635a-6758-4d28-a5d9-6d4263434d28', 31, true, null),
    ('c036f0f1-0372-46ef-b9f3-4774f9c1ad5a', '37fdc19c-195c-45e7-b550-0053e38b418c', 'group', '13f5fbd2-c388-4f57-af92-1436532eda3a', 7, true, null),
    ('93ef47f7-241b-4789-ae4d-91573eed42db', '8f581632-4704-4b3f-8dd7-b939cef6bc0c', 'question', '37fdc19c-195c-45e7-b550-0053e38b418c', 1, true, null),
    ('5864f5b1-82db-41d9-9ac0-3005ae8a5b7d', '76de34b6-ff47-43af-8ff6-023773d3172a', 'question', '37fdc19c-195c-45e7-b550-0053e38b418c', 2, true, null),
    ('3285c8cc-878e-46c2-991d-cc3dc5b3e9e6', '12e3686f-797a-40c8-beba-f220a32a21df', 'question', '37fdc19c-195c-45e7-b550-0053e38b418c', 3, true, null),
    ('79c18807-ce65-44b9-84cb-c773b9c98b03', '6448ceea-2637-4865-9e7c-213be99c28d1', 'group', '13f5fbd2-c388-4f57-af92-1436532eda3a', 8, true, null),
    ('ad8608ed-07d1-4778-adf0-93ed11df6655', 'e08c21ab-110f-4ba4-9a1f-a015ff5af24b', 'question', '6448ceea-2637-4865-9e7c-213be99c28d1', 1, true, null),
    ('7fc9541c-8f66-4a64-8151-7cdb8e517a4a', '64e9e04d-b6c4-4aec-9e2e-23363c8c4f7b', 'group', '13f5fbd2-c388-4f57-af92-1436532eda3a', 9, true, null),
    ('8f2e2de4-6c61-4ae2-9b3f-6addb8d81193', 'd8898b27-6db0-40f8-9827-67d3e8343fc7', 'question', '64e9e04d-b6c4-4aec-9e2e-23363c8c4f7b', 1, true, null),
    ('082318d6-f84d-4df7-9216-c047d9da1bce', '65aa6007-e9b3-4d6d-b003-eba053c639e1', 'question', '64e9e04d-b6c4-4aec-9e2e-23363c8c4f7b', 2, true, null),
    ('5515d95c-0c32-4974-b300-718e135380f5', '8c781cd8-792f-4db2-ac98-e9c30ae7edd0', 'question', '64e9e04d-b6c4-4aec-9e2e-23363c8c4f7b', 3, true, null),
    ('d9a6ebc1-8587-4175-86eb-e41826d701c3', '10b86bc4-447d-4700-82e4-a41bc5316604', 'question', '64e9e04d-b6c4-4aec-9e2e-23363c8c4f7b', 4, true, null),
    ('9f08bbaf-f10b-433e-b4b9-87f6da444d3c', 'bb52ecc2-71fb-49a5-8cdf-3f3e3e8a4539', 'question', '64e9e04d-b6c4-4aec-9e2e-23363c8c4f7b', 5, true, null),
    ('2e10aef2-8452-44e8-8b35-cf38116b14d8', '2179c7ad-d6e5-4e91-a751-e74099a28b7f', 'question', '64e9e04d-b6c4-4aec-9e2e-23363c8c4f7b', 6, true, null),
    ('2bc864ba-5849-4a1c-88e6-e03a3d029671', '1acda57d-089b-4931-b1f5-0d0a26aa47ab', 'question', '64e9e04d-b6c4-4aec-9e2e-23363c8c4f7b', 7, true, null),
    ('e88c871e-40c7-49dd-bf06-63112c6bd20a', '531d6254-468f-45fb-95ef-73e0f5966330', 'question', '64e9e04d-b6c4-4aec-9e2e-23363c8c4f7b', 8, true, null),
    ('cb4b2eaf-1bf4-4209-a498-02b7b2bb15a9', '331b9276-36d0-486c-bd6a-e52d49776721', 'question', '64e9e04d-b6c4-4aec-9e2e-23363c8c4f7b', 9, true, null),
    ('3a8c2d77-e717-42e6-8717-3f32c15daf01', 'fa58b16f-ddad-464f-afe1-fcede345dc0b', 'question', '64e9e04d-b6c4-4aec-9e2e-23363c8c4f7b', 10, true, null),
    ('55452f3c-6179-4125-bca2-a7ab4b163abd', '555c988a-2ab4-4d4d-ae74-be12d89c6f39', 'question', '64e9e04d-b6c4-4aec-9e2e-23363c8c4f7b', 11, true, null),
    ('fee09f1e-27d4-4b44-9c6f-2913ad4bb515', 'a696d985-6616-40cd-afb1-72dff87b706a', 'question', '64e9e04d-b6c4-4aec-9e2e-23363c8c4f7b', 12, true, null),
    ('321baf79-ee55-432d-b8ba-7ffd2d84a339', '9e8e5554-7407-46f6-9506-79f04aabe07b', 'question', '64e9e04d-b6c4-4aec-9e2e-23363c8c4f7b', 13, true, null),
    ('737f40a4-29f5-4b5a-8c7b-eab88a8dca41', '8a2042c6-a31d-42e2-b90e-52d39f3d4f27', 'question', '64e9e04d-b6c4-4aec-9e2e-23363c8c4f7b', 14, true, null),
    ('ae642aab-a535-465f-a105-842db00bbec5', 'ad259a93-f391-41a3-b6db-4faa68827923', 'question', '64e9e04d-b6c4-4aec-9e2e-23363c8c4f7b', 15, true, null),
    ('efaa4217-4247-4cef-a006-9f23ef88960e', '9d5ef951-4953-4bcb-b261-a71d24c9dea2', 'question', '64e9e04d-b6c4-4aec-9e2e-23363c8c4f7b', 16, true, null),
    ('ec0ad6f3-f703-44d4-b594-f8e50cd7de97', '6872055f-a942-429f-99b8-d671a2aa19aa', 'question', '64e9e04d-b6c4-4aec-9e2e-23363c8c4f7b', 17, true, null),
    ('48d255da-53a5-4019-bbea-f0a2bc46ec90', '2439ef32-90d1-44a1-8b0f-8be6a34aaa41', 'question', '64e9e04d-b6c4-4aec-9e2e-23363c8c4f7b', 18, true, null),
    ('8e2203a1-fac3-4c8d-95a2-3f864595eeff', 'ca580bae-4d1a-4294-8650-cfeefe8cce8e', 'question', '64e9e04d-b6c4-4aec-9e2e-23363c8c4f7b', 19, true, null),
    ('233249d0-8797-4f1a-927f-ac82413aad1c', '806a3b39-c3cb-40dc-9c5b-c48e2c459e2e', 'question', '64e9e04d-b6c4-4aec-9e2e-23363c8c4f7b', 20, true, null),
    ('d1b4f8cc-68ef-4fb8-8605-f8779899030a', '8526b45a-d199-45f9-9b08-7ca3b146d63e', 'question', '64e9e04d-b6c4-4aec-9e2e-23363c8c4f7b', 21, true, null),
    ('31a7ecc8-d2d2-4427-a6b2-0f645d9ed075', '957b0eca-e77a-4e30-b968-fb14d8851566', 'question', '64e9e04d-b6c4-4aec-9e2e-23363c8c4f7b', 22, true, null),
    ('25e59d0d-af85-47ce-b31c-d46cc04840ea', '7fc58017-68cd-417a-9289-78acb683a56f', 'question', '64e9e04d-b6c4-4aec-9e2e-23363c8c4f7b', 23, true, null),
    ('6e631f52-499e-47d0-8220-94f95a0a7b6d', '5dfa17e6-cfeb-4d7f-bb88-4c772dc721f6', 'question', '64e9e04d-b6c4-4aec-9e2e-23363c8c4f7b', 24, true, null),
    ('8ba951d2-2976-4456-b40b-c7c141b8d045', '67478663-7f99-4a06-a88e-3c32ca3ecb95', 'question', '64e9e04d-b6c4-4aec-9e2e-23363c8c4f7b', 25, true, null),
    ('6d52f323-812f-4349-b9c9-62fa23fa2008', '4757c5f4-6ec1-4930-9e3c-36b9d8c84260', 'question', '64e9e04d-b6c4-4aec-9e2e-23363c8c4f7b', 26, true, null),
    ('f8fc2401-f36e-4559-bec0-4c1c1749dded', '6c667db6-e032-4db2-b323-f10066012f5b', 'question', '64e9e04d-b6c4-4aec-9e2e-23363c8c4f7b', 27, true, null),
    ('44d4ac68-6316-4e8a-85db-e04de449a3e6', 'f7f6ac57-ca0c-4e8b-836b-82bbcbe0f8df', 'question', '64e9e04d-b6c4-4aec-9e2e-23363c8c4f7b', 28, true, null),
    ('e20f5543-795d-4c7a-87c1-93d292094133', '33dd1490-698a-4334-a672-f2a08d3514b8', 'question', '64e9e04d-b6c4-4aec-9e2e-23363c8c4f7b', 29, true, null),
    ('6f30f1b8-af92-47ad-bc90-c30c30459cf6', '41ac577a-3519-440a-b8a4-c012e4097580', 'question', '64e9e04d-b6c4-4aec-9e2e-23363c8c4f7b', 30, true, null),
    ('3b78f59f-11c7-4471-8cb3-c06f62d5d9a6', 'e46570d4-dff9-4e23-901c-c448a86a0af2', 'question', '64e9e04d-b6c4-4aec-9e2e-23363c8c4f7b', 31, true, null),
    ('1909c12f-dc01-475f-a7a2-6b55de022e7a', '87eed3bc-6dd5-43b3-beb6-e6e8fcf5274d', 'question', '64e9e04d-b6c4-4aec-9e2e-23363c8c4f7b', 32, true, null),
    ('04ad5c34-25f6-49bc-bfe2-f7209a88ef33', '7351cdd3-9acd-444d-8405-13f51b314196', 'question', '64e9e04d-b6c4-4aec-9e2e-23363c8c4f7b', 33, true, null),
    ('5087838d-1ec8-4652-ab12-7ebbdd93389e', '6f2ab9fd-87ac-42fe-8b32-857aa7c14df5', 'question', '64e9e04d-b6c4-4aec-9e2e-23363c8c4f7b', 34, true, null),
    ('6ba3f3d7-8b27-4448-bc82-6f704a47ae58', '5427e00c-67e0-4e9e-a88f-525ffa3f64f8', 'question', '64e9e04d-b6c4-4aec-9e2e-23363c8c4f7b', 35, true, null),
    ('41b64b3e-bd7f-4579-a5c7-53fd5306ce85', 'bc31817c-f3b5-433c-826f-d13269b33a87', 'question', '64e9e04d-b6c4-4aec-9e2e-23363c8c4f7b', 36, true, null),
    ('7d733711-427c-41fd-890b-c4c89d8c1c75', 'aa21cf7d-375e-4c5e-9c0d-5876cd503f01', 'question', '64e9e04d-b6c4-4aec-9e2e-23363c8c4f7b', 37, true, null),
    ('676df32a-eeb6-4f88-84cc-a0a1cce6717b', '914914fd-fed6-41d5-883f-35d3b2bdab3c', 'question', '64e9e04d-b6c4-4aec-9e2e-23363c8c4f7b', 38, true, null),
    ('bdb45e07-4796-4a1d-9ffe-cbcee4af4d24', '8bdd6b47-3b2b-47a5-a7fc-a2feab073d3a', 'question', '64e9e04d-b6c4-4aec-9e2e-23363c8c4f7b', 39, true, null),
    ('f56106c2-7386-408a-a06d-66797d42a955', '6c79c63c-d5f7-4136-98bd-976b24df88bd', 'question', '64e9e04d-b6c4-4aec-9e2e-23363c8c4f7b', 40, true, null),
    ('da7a9283-4542-4151-ab19-bb72570cd285', 'c7298bde-fed3-40f5-b840-09792883a406', 'question', '64e9e04d-b6c4-4aec-9e2e-23363c8c4f7b', 41, true, null),
    ('dc460429-a918-43ac-b990-cd9cc8c798c3', '18d91055-7ebe-4e12-8554-a3f1bcb8a691', 'question', '64e9e04d-b6c4-4aec-9e2e-23363c8c4f7b', 42, true, null),
    ('2eeca3ec-27a7-4f61-b952-28f0eecf4649', '09ab71b9-bcb3-42bd-882e-f6f0f9d7431c', 'question', '64e9e04d-b6c4-4aec-9e2e-23363c8c4f7b', 43, true, null),
    ('dfeb59ab-c93e-4257-b00f-5ddbd19f0fed', 'fddf35d7-0176-4090-928e-0b461b0e2e27', 'question', '64e9e04d-b6c4-4aec-9e2e-23363c8c4f7b', 44, true, null),
    ('7aed3f6e-73c8-46fe-a450-3a6c74c75e85', 'e253b1ba-4e4d-411b-b9df-048c2a08b680', 'question', '64e9e04d-b6c4-4aec-9e2e-23363c8c4f7b', 45, true, null),
    ('90fa938c-ac75-4fc8-9bbf-c7265708469d', 'a1f3737a-83e7-4dbe-9b0d-5376e18bedbf', 'question', '64e9e04d-b6c4-4aec-9e2e-23363c8c4f7b', 46, true, null),
    ('dac4607a-e21b-45c9-8717-ece08eb9aed9', '0aa393ec-b68d-4316-ba6c-11398b35d0dd', 'question', '64e9e04d-b6c4-4aec-9e2e-23363c8c4f7b', 47, true, null),
    ('683958d1-3006-4f6d-b9e6-d9579681eb41', '61fb69ab-b5e5-4a6a-8d4c-f3da65162370', 'question', '64e9e04d-b6c4-4aec-9e2e-23363c8c4f7b', 48, true, null),
    ('df848d00-01a8-4b93-aca3-60c48dc436d0', 'e7bc2c57-a7e2-4e09-9f17-4ebc11e98d6d', 'question', '64e9e04d-b6c4-4aec-9e2e-23363c8c4f7b', 49, true, null),
    ('36e7e96c-cd1f-4a7e-9880-c42339581fa3', '4550eea4-6e5f-4a87-b342-b151ff89f972', 'question', '64e9e04d-b6c4-4aec-9e2e-23363c8c4f7b', 50, true, null),
    ('d3fadd9f-5eb9-47aa-8111-2bea45457c48', '5f2f188f-9942-4832-968a-03970a430dd8', 'question', '64e9e04d-b6c4-4aec-9e2e-23363c8c4f7b', 51, true, null),
    ('fa81ae55-a7bf-4610-ba15-fa64152fd5f1', '316ac7a4-d6e6-495a-9c49-73230bc491b0', 'question', '64e9e04d-b6c4-4aec-9e2e-23363c8c4f7b', 52, true, null),
    ('615ba652-3dfc-4584-a613-fcd4b3e11544', '78ef887a-088a-48e8-8589-305e076c393b', 'question', '64e9e04d-b6c4-4aec-9e2e-23363c8c4f7b', 53, true, null),
    ('7e58811f-0403-41b3-97c8-7379ba6ee773', 'cd5dcecb-1d6d-4c53-a786-972f4bbf377f', 'question', '64e9e04d-b6c4-4aec-9e2e-23363c8c4f7b', 54, true, null),
    ('a1d97ec2-6293-4430-a480-f8a78052c5a0', '54b3030c-d382-4bbd-8c82-ded3d4777bac', 'question', '64e9e04d-b6c4-4aec-9e2e-23363c8c4f7b', 55, true, null),
    ('ade5aade-1b3d-4fcf-9d7f-d5c2ceb8bc7c', '7d80a9c4-a98e-4bcc-8ef8-624e37000543', 'group', '13f5fbd2-c388-4f57-af92-1436532eda3a', 10, true, null),
    ('b7b70814-e4b6-4c25-953a-c6eaab928ddd', '8cf3a749-2142-4a33-9946-95b8a43b6ec6', 'question', '7d80a9c4-a98e-4bcc-8ef8-624e37000543', 1, true, null),
    ('2bbb9c83-4841-41e3-854c-efe8f6b381ea', 'a5df3d31-787d-4c15-bce2-e42ff42ee8ea', 'question', '7d80a9c4-a98e-4bcc-8ef8-624e37000543', 2, true, null),
    ('46d25f72-c6c1-480a-84b4-6860e3aacfec', 'cdddd0ac-6c7b-4951-ae56-8d2b9af8e47a', 'question', '7d80a9c4-a98e-4bcc-8ef8-624e37000543', 3, true, null),
    ('88acd813-f082-446e-9c7c-3a792d66fa7f', 'cb1a2ece-7435-450d-9092-aeb63b05cb2d', 'question', '7d80a9c4-a98e-4bcc-8ef8-624e37000543', 4, true, null),
    ('cfafe905-d34c-401f-bfba-b6a11d91cb35', 'ff28ca2e-e445-4e14-902f-c6f84e8555ab', 'question', '7d80a9c4-a98e-4bcc-8ef8-624e37000543', 5, true, null),
    ('c811de5e-26d9-4de9-9aa2-13a40c2abe84', 'fa3908e2-817e-4fad-a6e1-233af5b22c31', 'question', '7d80a9c4-a98e-4bcc-8ef8-624e37000543', 6, true, null),
    ('973e2508-5e29-49d3-8848-5aabfcd94be2', 'd538fa1d-4116-472a-a5b7-4d8f1fdb4c1b', 'question', '7d80a9c4-a98e-4bcc-8ef8-624e37000543', 7, true, null),
    ('87136c61-4260-4ae7-8217-e87c9ebaae2a', '30a82659-9166-4234-a6af-04fbd413bf14', 'question', '7d80a9c4-a98e-4bcc-8ef8-624e37000543', 8, true, null),
    ('2355cb8d-5da9-4f9d-be90-7c8ccd9f2638', '6af4cf22-f2ee-42dd-9b12-3243cff722f4', 'group', '13f5fbd2-c388-4f57-af92-1436532eda3a', 11, true, null),
    ('fa8bb3ea-c26e-48b4-a856-a9fb089bffd7', '56381588-ec04-425b-96ab-14de32ab3262', 'question', '6af4cf22-f2ee-42dd-9b12-3243cff722f4', 1, true, null),
    ('dcca926c-67c4-473b-b95f-908130027407', '4975db8a-3147-439c-9de0-e770278e5ccb', 'question', '6af4cf22-f2ee-42dd-9b12-3243cff722f4', 2, true, null),
    ('7a9cb369-e4ae-47cb-9202-b693ef5520f2', 'f4bdaad2-03f7-4f92-b4db-696edd212745', 'question', '6af4cf22-f2ee-42dd-9b12-3243cff722f4', 3, true, null),
    ('9be5b059-7830-4421-b543-28df3f269bd0', '958eebbc-2b55-4a52-af92-bcc062150e0d', 'question', '6af4cf22-f2ee-42dd-9b12-3243cff722f4', 4, true, null),
    ('ad21d52c-8faa-4a4e-808d-1ada3ea27ed8', 'e6ae8adc-455d-4dfb-9fe7-e1887581e18e', 'question', '6af4cf22-f2ee-42dd-9b12-3243cff722f4', 5, true, null),
    ('fc13fed9-c99b-4bd6-835e-79b0f587efd8', 'f6a4dd23-eaef-4f7d-af42-65cb7abb7539', 'group', '13f5fbd2-c388-4f57-af92-1436532eda3a', 12, true, null),
    ('75dced2b-17ea-4716-9335-97bd558c51ee', 'c424f211-d9b0-4c51-ad07-713f3751587d', 'question', 'f6a4dd23-eaef-4f7d-af42-65cb7abb7539', 1, true, null);


INSERT INTO question_dependency (subject_question_uuid, trigger_question_uuid, trigger_answer_value, dependency_start)
VALUES ('b9fc0685-101f-4904-b2b0-1e4045b5a019', '6e74e1c4-f6c9-4c4a-b11e-e0b32fcd1075', 'Y', '2020-11-30 14:50:00'),
    ('0797233b-3eeb-4555-bb28-719dd2a6e2ae', 'd8146388-ab2c-4339-a1af-90ff13d57281', 'Y', '2020-11-30 14:50:00'),
    ('2b0a317b-a4ec-4031-b083-df9b483adf8a', 'd2923539-82d9-4bce-be0a-9c2f7abd6fcb', 'Y', '2020-11-30 14:50:00'),
    ('11345186-ae85-4cdf-a86e-2f3672203785', '8c5fc74b-9fba-460f-8ce0-40d56d6acfc6', 'Y', '2020-11-30 14:50:00'),
    ('65aa6007-e9b3-4d6d-b003-eba053c639e1', 'd8898b27-6db0-40f8-9827-67d3e8343fc7', 'Y', '2020-11-30 14:50:00'),
    ('bb52ecc2-71fb-49a5-8cdf-3f3e3e8a4539', '10b86bc4-447d-4700-82e4-a41bc5316604', 'Y', '2020-11-30 14:50:00'),
    ('531d6254-468f-45fb-95ef-73e0f5966330', '1acda57d-089b-4931-b1f5-0d0a26aa47ab', 'Y', '2020-11-30 14:50:00'),
    ('a696d985-6616-40cd-afb1-72dff87b706a', '555c988a-2ab4-4d4d-ae74-be12d89c6f39', 'Y', '2020-11-30 14:50:00'),
    ('ad259a93-f391-41a3-b6db-4faa68827923', '8a2042c6-a31d-42e2-b90e-52d39f3d4f27', 'Y', '2020-11-30 14:50:00'),
    ('6872055f-a942-429f-99b8-d671a2aa19aa', '9d5ef951-4953-4bcb-b261-a71d24c9dea2', 'Y', '2020-11-30 14:50:00'),
    ('ca580bae-4d1a-4294-8650-cfeefe8cce8e', '2439ef32-90d1-44a1-8b0f-8be6a34aaa41', 'Y', '2020-11-30 14:50:00'),
    ('8526b45a-d199-45f9-9b08-7ca3b146d63e', '806a3b39-c3cb-40dc-9c5b-c48e2c459e2e', 'Y', '2020-11-30 14:50:00'),
    ('7fc58017-68cd-417a-9289-78acb683a56f', '957b0eca-e77a-4e30-b968-fb14d8851566', 'Y', '2020-11-30 14:50:00'),
    ('67478663-7f99-4a06-a88e-3c32ca3ecb95', '5dfa17e6-cfeb-4d7f-bb88-4c772dc721f6', 'Y', '2020-11-30 14:50:00'),
    ('6c667db6-e032-4db2-b323-f10066012f5b', '4757c5f4-6ec1-4930-9e3c-36b9d8c84260', 'Y', '2020-11-30 14:50:00'),
    ('33dd1490-698a-4334-a672-f2a08d3514b8', 'f7f6ac57-ca0c-4e8b-836b-82bbcbe0f8df', 'Y', '2020-11-30 14:50:00'),
    ('e46570d4-dff9-4e23-901c-c448a86a0af2', '41ac577a-3519-440a-b8a4-c012e4097580', 'Y', '2020-11-30 14:50:00'),
    ('5427e00c-67e0-4e9e-a88f-525ffa3f64f8', '6f2ab9fd-87ac-42fe-8b32-857aa7c14df5', 'Y', '2020-11-30 14:50:00'),
    ('aa21cf7d-375e-4c5e-9c0d-5876cd503f01', 'bc31817c-f3b5-433c-826f-d13269b33a87', 'Y', '2020-11-30 14:50:00'),
    ('8bdd6b47-3b2b-47a5-a7fc-a2feab073d3a', '914914fd-fed6-41d5-883f-35d3b2bdab3c', 'Y', '2020-11-30 14:50:00'),
    ('18d91055-7ebe-4e12-8554-a3f1bcb8a691', 'c7298bde-fed3-40f5-b840-09792883a406', 'Y', '2020-11-30 14:50:00'),
    ('a1f3737a-83e7-4dbe-9b0d-5376e18bedbf', 'e253b1ba-4e4d-411b-b9df-048c2a08b680', 'Y', '2020-11-30 14:50:00'),
    ('61fb69ab-b5e5-4a6a-8d4c-f3da65162370', '0aa393ec-b68d-4316-ba6c-11398b35d0dd', 'Y', '2020-11-30 14:50:00'),
    ('4550eea4-6e5f-4a87-b342-b151ff89f972', 'e7bc2c57-a7e2-4e09-9f17-4ebc11e98d6d', 'Y', '2020-11-30 14:50:00'),
    ('316ac7a4-d6e6-495a-9c49-73230bc491b0', '5f2f188f-9942-4832-968a-03970a430dd8', 'Y', '2020-11-30 14:50:00'),
    ('cdddd0ac-6c7b-4951-ae56-8d2b9af8e47a', 'a5df3d31-787d-4c15-bce2-e42ff42ee8ea', 'Y', '2020-11-30 14:50:00'),
    ('d538fa1d-4116-472a-a5b7-4d8f1fdb4c1b', 'fa3908e2-817e-4fad-a6e1-233af5b22c31', 'Y', '2020-11-30 14:50:00'),
    ('4975db8a-3147-439c-9de0-e770278e5ccb', '56381588-ec04-425b-96ab-14de32ab3262', 'Y', '2020-11-30 14:50:00');


