INSERT INTO answer_schema_group (answer_schema_group_uuid, answer_schema_group_code, group_start, group_end)
VALUES ('887f4528-06d1-4247-8bc3-5e679222baa6', 'yes-no', '2020-11-30 14:50:00', null),
    ('701e4016-3447-40d2-a9fb-cc5e7490fe70', 'selectananswer-tbc', '2020-11-30 14:50:00', null),
    ('ee47fa78-eaba-421a-bcaf-0aea184dc5a3', 'bailinformationrecord-basiccustodyscreening-communitypayback-hostel-interview-judgescomments-localauthority-medical-oasyssaq-police-post-trialreport-pre-sentencereport-previousconvictions-previousoasys-prisonrecords-prosecutorinccps-psychiatric-psychology-requestforinformation-victimstatement-other', '2020-11-30 14:50:00', null),
    ('5999791f-9192-488f-9e02-9f08fdcf6d0b', '0-noproblems-1-someproblems-2-significantproblems-missing', '2020-11-30 14:50:00', null),
    ('ab71238a-45b1-49b7-afea-aa086d165e50', '0-no-0-notavailableforwork-2-yes-missing', '2020-11-30 14:50:00', null),
    ('f01257fa-c05b-40fc-a134-1fcf6809e9f9', 'victim-perpetrator', '2020-11-30 14:50:00', null),
    ('d03940ce-5f84-4ec1-af45-ab2957d09402', 'noproblems-someproblems-significantproblems', '2020-11-30 14:50:00', null),
    ('8d19d1a4-7d3e-43c7-be38-094adaf5a9f2', '0-noproblems-1-someproblems-2-significantproblems', '2020-11-30 14:50:00', null),
    ('d4d0aab2-9ef1-4613-b658-9f588525b739', 'yes', '2020-11-30 14:50:00', null),
    ('639e6062-64aa-4b23-be41-48bb4c02daca', 'currentoffence-previousoffence', '2020-11-30 14:50:00', null),
    ('5eb0380b-f928-481a-a8c4-255821dc69b2', 'yes-no-dontknow', '2020-11-30 14:50:00', null),
    ('19883746-36e1-42d2-81c2-a3444722b0e9', 'neglect-physical-sexual-emotional', '2020-11-30 14:50:00', null),
    ('16a910e5-e06f-4b56-937a-65ec8bf492ce', 'yes-no-n', '2020-11-30 14:50:00', null),
    ('f8a83fb6-b49f-48c8-9044-2d234bcedb62', 'low-medium-high-veryhigh', '2020-11-30 14:50:00', null);


INSERT INTO answer_schema (answer_schema_uuid, answer_schema_code, answer_schema_group_uuid, answer_start, answer_end, value, text)
VALUES ('0d4682ab-7b24-4527-b0b3-b4d520e7c2d8', 'yes', '887f4528-06d1-4247-8bc3-5e679222baa6', '2020-11-30 14:50:00', null, 'YES', 'Yes'),
    ('2a6011b2-4973-4249-99fd-9f84dbb2c88e', 'no', '887f4528-06d1-4247-8bc3-5e679222baa6', '2020-11-30 14:50:00', null, 'NO', 'No'),
    ('117b0002-0e4b-48f6-9658-bce2b9fe222a', 'select_an_answer', '701e4016-3447-40d2-a9fb-cc5e7490fe70', '2020-11-30 14:50:00', null, null, 'Select an answer'),
    ('e7b824da-8bb5-44cb-9c27-467070529be2', 'tbc', '701e4016-3447-40d2-a9fb-cc5e7490fe70', '2020-11-30 14:50:00', null, 'tbc', 'TBC'),
    ('7df28bc1-ae40-42a1-a97a-2ee736827821', 'bail_information_record', 'ee47fa78-eaba-421a-bcaf-0aea184dc5a3', '2020-11-30 14:50:00', null, '100', 'Bail information record'),
    ('fe5edabc-991c-4d82-b14c-d221bb085c61', 'basic_custody_screening', 'ee47fa78-eaba-421a-bcaf-0aea184dc5a3', '2020-11-30 14:50:00', null, '320', 'Basic custody screening'),
    ('dfbf95bd-817a-4a6e-8dde-3531c89d2474', 'community_payback', 'ee47fa78-eaba-421a-bcaf-0aea184dc5a3', '2020-11-30 14:50:00', null, '120', 'Community payback'),
    ('7a230d9d-7f0f-4a18-bbaa-dba0501305a6', 'hostel', 'ee47fa78-eaba-421a-bcaf-0aea184dc5a3', '2020-11-30 14:50:00', null, '130', 'Hostel'),
    ('3f886290-f325-41d4-8232-eba8859ee786', 'interview', 'ee47fa78-eaba-421a-bcaf-0aea184dc5a3', '2020-11-30 14:50:00', null, '140', 'Interview'),
    ('cd058cc9-055e-462a-83e7-ad9ef7b49445', 'judge_s_comments', 'ee47fa78-eaba-421a-bcaf-0aea184dc5a3', '2020-11-30 14:50:00', null, '150', 'Judge''s comments'),
    ('e63d3c4d-ef61-47d7-8e5f-9a892aa085eb', 'local_authority', 'ee47fa78-eaba-421a-bcaf-0aea184dc5a3', '2020-11-30 14:50:00', null, '260', 'Local authority'),
    ('ee808727-9c95-4373-a52c-3947cb375071', 'medical', 'ee47fa78-eaba-421a-bcaf-0aea184dc5a3', '2020-11-30 14:50:00', null, '160', 'Medical'),
    ('9b7e2b2d-c577-4ff7-92fe-ab641598d4fa', 'oasys_saq', 'ee47fa78-eaba-421a-bcaf-0aea184dc5a3', '2020-11-30 14:50:00', null, '280', 'OASys SAQ'),
    ('f76194d3-36fc-451b-a3cf-9b1b8bfc428b', 'police', 'ee47fa78-eaba-421a-bcaf-0aea184dc5a3', '2020-11-30 14:50:00', null, '170', 'Police'),
    ('f8f3d113-edeb-483a-9ded-9f19bebca117', 'post-trial_report', 'ee47fa78-eaba-421a-bcaf-0aea184dc5a3', '2020-11-30 14:50:00', null, '180', 'Post-trial report'),
    ('071980ca-fe56-4b4e-8e00-a18f5a8a21e5', 'pre-sentence_report', 'ee47fa78-eaba-421a-bcaf-0aea184dc5a3', '2020-11-30 14:50:00', null, '110', 'Pre-sentence report'),
    ('bdfbfdbb-cc3c-4120-a42c-84063f538b99', 'previous_convictions', 'ee47fa78-eaba-421a-bcaf-0aea184dc5a3', '2020-11-30 14:50:00', null, '190', 'Previous convictions'),
    ('f26c5855-f054-4e99-91d8-2da42e68f53b', 'previous_oasys', 'ee47fa78-eaba-421a-bcaf-0aea184dc5a3', '2020-11-30 14:50:00', null, '200', 'Previous OASys'),
    ('f96d308d-f47b-4d82-b0d8-be0d15fbb8a1', 'prison_records', 'ee47fa78-eaba-421a-bcaf-0aea184dc5a3', '2020-11-30 14:50:00', null, '210', 'Prison records'),
    ('472f572e-c563-4ced-a8a4-58fcbb20ed24', 'prosecutor_inc_cps_', 'ee47fa78-eaba-421a-bcaf-0aea184dc5a3', '2020-11-30 14:50:00', null, '230', 'Prosecutor (inc CPS)'),
    ('fe665f69-6091-41cf-a68f-89f172ee349b', 'psychiatric', 'ee47fa78-eaba-421a-bcaf-0aea184dc5a3', '2020-11-30 14:50:00', null, '240', 'Psychiatric'),
    ('980ecbef-3a8f-409a-9365-62e540aa6f08', 'psychology', 'ee47fa78-eaba-421a-bcaf-0aea184dc5a3', '2020-11-30 14:50:00', null, '250', 'Psychology'),
    ('394de21b-b467-4076-a7ab-74f7c1a6f7a6', 'request_for_information', 'ee47fa78-eaba-421a-bcaf-0aea184dc5a3', '2020-11-30 14:50:00', null, '290', 'Request for information'),
    ('67e80ea5-7a9c-49ef-99a2-273d6139ff97', 'victim_statement', 'ee47fa78-eaba-421a-bcaf-0aea184dc5a3', '2020-11-30 14:50:00', null, '270', 'Victim statement'),
    ('56b7134a-4754-4f54-bd23-53abe7fa796a', 'other', 'ee47fa78-eaba-421a-bcaf-0aea184dc5a3', '2020-11-30 14:50:00', null, '300', 'Other'),
    ('ab24a2b6-8442-4883-810a-7effdebb4b24', '0-no_problems', '5999791f-9192-488f-9e02-9f08fdcf6d0b', '2020-11-30 14:50:00', null, '0', '0-No problems'),
    ('96294bad-6ff1-4dd2-b888-f07b83fdc382', '1-some_problems', '5999791f-9192-488f-9e02-9f08fdcf6d0b', '2020-11-30 14:50:00', null, '1', '1-Some problems'),
    ('e4ec0526-1564-431b-bbb5-0818cbfb76a6', '2-significant_problems', '5999791f-9192-488f-9e02-9f08fdcf6d0b', '2020-11-30 14:50:00', null, '2', '2-Significant problems'),
    ('e80f5abc-5e0c-435b-9024-4acd048a6edd', 'missing', '5999791f-9192-488f-9e02-9f08fdcf6d0b', '2020-11-30 14:50:00', null, 'M', 'Missing'),
    ('c6eebf27-41f8-4aca-bbbc-c7be6762e5e0', '0_-_no', 'ab71238a-45b1-49b7-afea-aa086d165e50', '2020-11-30 14:50:00', null, 'NO', '0 - No'),
    ('115e96bb-de4d-4c21-8725-d98cac71dff5', '0_-_not_available_for_work', 'ab71238a-45b1-49b7-afea-aa086d165e50', '2020-11-30 14:50:00', null, 'NA', '0 - Not Available for work'),
    ('c51cb40f-5ea4-40a7-8069-4929f2c5bb0c', '2_-_yes', 'ab71238a-45b1-49b7-afea-aa086d165e50', '2020-11-30 14:50:00', null, 'YES', '2 - Yes'),
    ('b6d297ea-f27b-44b2-b90b-f5701b40d3f0', 'missing', 'ab71238a-45b1-49b7-afea-aa086d165e50', '2020-11-30 14:50:00', null, 'M', 'Missing'),
    ('4b6d2415-b152-4ba0-b030-1d203b5b31dc', 'victim', 'f01257fa-c05b-40fc-a134-1fcf6809e9f9', '2020-11-30 14:50:00', null, 'victim', 'Victim'),
    ('9a52b4dd-5648-41d3-8d0d-171228d98474', 'perpetrator', 'f01257fa-c05b-40fc-a134-1fcf6809e9f9', '2020-11-30 14:50:00', null, 'perpetrator', 'Perpetrator'),
    ('2dbde741-36ef-44b7-af79-fabdbf3e62c3', 'no_problems', 'd03940ce-5f84-4ec1-af45-ab2957d09402', '2020-11-30 14:50:00', null, 'no problems', 'No problems'),
    ('80cbb013-5633-44ca-b407-87fdde95652d', 'some_problems', 'd03940ce-5f84-4ec1-af45-ab2957d09402', '2020-11-30 14:50:00', null, 'some problems', 'Some problems'),
    ('2df8f5e2-7d04-41a4-a13f-f9df7479c775', 'significant_problems', 'd03940ce-5f84-4ec1-af45-ab2957d09402', '2020-11-30 14:50:00', null, 'significant problems', 'Significant problems'),
    ('e014a124-e291-418f-a525-a9e9cfae27f8', '0-no_problems', '8d19d1a4-7d3e-43c7-be38-094adaf5a9f2', '2020-11-30 14:50:00', null, '0', '0-No problems'),
    ('71fed64b-8bcb-475c-92b8-22c061ccd957', '1-some_problems', '8d19d1a4-7d3e-43c7-be38-094adaf5a9f2', '2020-11-30 14:50:00', null, '1', '1-Some problems'),
    ('1169a598-650d-4348-83c1-08cc320b9964', '2-significant_problems', '8d19d1a4-7d3e-43c7-be38-094adaf5a9f2', '2020-11-30 14:50:00', null, '2', '2-Significant problems'),
    ('3098b13e-5f55-4bfe-bc15-d598e9f03d61', 'yes', 'd4d0aab2-9ef1-4613-b658-9f588525b739', '2020-11-30 14:50:00', null, 'YES', 'Yes'),
    ('44c2fa63-7a88-4843-a1b0-c355b083e14a', 'current_offence', '639e6062-64aa-4b23-be41-48bb4c02daca', '2020-11-30 14:50:00', null, 'current offence', 'Current offence'),
    ('f9b18c48-9498-4392-8a8b-ed071896304c', 'previous_offence', '639e6062-64aa-4b23-be41-48bb4c02daca', '2020-11-30 14:50:00', null, 'previous offence', 'Previous offence'),
    ('9541bbcd-dc4f-4d38-8a7c-0ddda92e82d4', 'yes', '5eb0380b-f928-481a-a8c4-255821dc69b2', '2020-11-30 14:50:00', null, 'YES', 'Yes'),
    ('2b45f6bc-0fa0-4713-a25b-a14e96e8007b', 'no', '5eb0380b-f928-481a-a8c4-255821dc69b2', '2020-11-30 14:50:00', null, 'NO', 'No'),
    ('199de7bd-6191-41b5-bb3c-5e1f888b3755', 'don_t_know', '5eb0380b-f928-481a-a8c4-255821dc69b2', '2020-11-30 14:50:00', null, 'DK', 'Don''t Know'),
    ('d82a79b2-b6ff-44e8-a4ae-c4ad8312f48d', 'neglect', '19883746-36e1-42d2-81c2-a3444722b0e9', '2020-11-30 14:50:00', null, 'neglect', 'Neglect'),
    ('74865d30-f744-41ef-a7f2-eec481b2d4c6', 'physical', '19883746-36e1-42d2-81c2-a3444722b0e9', '2020-11-30 14:50:00', null, 'physical', 'Physical'),
    ('b4a070d2-33b4-40f3-a155-a25912c9c8c5', 'sexual', '19883746-36e1-42d2-81c2-a3444722b0e9', '2020-11-30 14:50:00', null, 'sexual', 'Sexual'),
    ('4fd4b523-01fc-4ac3-966b-5afcd56dca9b', 'emotional', '19883746-36e1-42d2-81c2-a3444722b0e9', '2020-11-30 14:50:00', null, 'emotional', 'Emotional'),
    ('784f9f50-9029-4a83-a8bf-8784559b26b4', 'yes', '16a910e5-e06f-4b56-937a-65ec8bf492ce', '2020-11-30 14:50:00', null, 'YES', 'Yes'),
    ('fedbba4d-f8f7-44d4-bb43-543d0dff8c3a', 'no', '16a910e5-e06f-4b56-937a-65ec8bf492ce', '2020-11-30 14:50:00', null, 'NO', 'No'),
    ('301e1aae-c3e7-48c2-b88d-8989b1bba1d8', 'n', '16a910e5-e06f-4b56-937a-65ec8bf492ce', '2020-11-30 14:50:00', null, 'A', 'N'),
    ('a151763e-4046-4d30-85ef-919cee3c08a4', 'low', 'f8a83fb6-b49f-48c8-9044-2d234bcedb62', '2020-11-30 14:50:00', null, 'L', 'Low'),
    ('65b63f4b-c0c4-406d-be2d-49c0ed925459', 'medium', 'f8a83fb6-b49f-48c8-9044-2d234bcedb62', '2020-11-30 14:50:00', null, 'M', 'Medium'),
    ('8df7b711-ddd9-4c57-9f62-53e953633043', 'high', 'f8a83fb6-b49f-48c8-9044-2d234bcedb62', '2020-11-30 14:50:00', null, 'H', 'High'),
    ('3909a928-74d4-4661-9756-8c1e4b5fc343', 'very_high', 'f8a83fb6-b49f-48c8-9044-2d234bcedb62', '2020-11-30 14:50:00', null, 'V', 'Very High');


INSERT INTO grouping (group_uuid, group_code, heading, subheading, help_text, group_start, group_end)
VALUES ('65a3924c-4130-4140-b7f4-cc39a52603bb', 'pre_sentence_assessment', 'Pre-Sentence Assessment', null, null, '2020-11-30 14:50:00', null),
    ('5d77fc6b-0001-4955-ad54-7f417becc7c8', 'individual_and_case_details', 'Individual and case details', null, null, '2020-11-30 14:50:00', null),
    ('f7dd78a8-7f04-4fde-8a4f-ac2cf0c56ff5', '[name_of_person]_s_details', '[Name of person]''s details', null, null, '2020-11-30 14:50:00', null),
    ('78b595f6-efed-405e-9d6e-07882db416a6', 'assessment_details', 'Assessment details', null, null, '2020-11-30 14:50:00', null),
    ('d9d1df65-9878-4a76-bbae-9e7685ea4efa', 'sources_of_information', 'Sources of information', null, null, '2020-11-30 14:50:00', null),
    ('3cc4f4cb-a351-430b-adfb-3ad8ab9b5166', 'select_sources', 'Select sources', null, null, '2020-11-30 14:50:00', null),
    ('61feebd9-afe5-43ef-94a5-27c400453eba', 'offences_convictions_and_needs', 'Offences, convictions and needs', null, null, '2020-11-30 14:50:00', null),
    ('eb7b7324-f2a6-4902-91ef-709a8fab1f82', 'offences_and_convictions', 'Offences and convictions', null, null, '2020-11-30 14:50:00', null),
    ('ebf96a74-c140-47d8-b37f-62cff68f41c0', 'needs', 'Needs', null, null, '2020-11-30 14:50:00', null),
    ('1e1159e1-6092-4e22-9e29-5734654baeda', 'rosh_screening', 'ROSH screening', null, null, '2020-11-30 14:50:00', null),
    ('946091d2-4038-4e2b-9283-83cc4876f6ed', 'risk_to_others', 'Risk to others', null, null, '2020-11-30 14:50:00', null),
    ('991117ce-8e1a-4c1c-9cd4-962c7979fce2', 'risk_to_self', 'Risk to self', null, null, '2020-11-30 14:50:00', null),
    ('5594f062-78b0-4245-bcd3-9f71c3040cfb', 'other_risks', 'Other risks', null, null, '2020-11-30 14:50:00', null),
    ('7773691f-7244-4415-b410-17c495bf9a59', 'rosh_full_analysis', 'ROSH full analysis', null, null, '2020-11-30 14:50:00', null),
    ('b5447925-aec6-4563-9180-96e33065285f', 'current_behaviour', 'Current behaviour', null, null, '2020-11-30 14:50:00', null),
    ('d135b927-945b-4a7d-b625-4c74c5049886', 'previous_behaviour', 'Previous behaviour', null, null, '2020-11-30 14:50:00', null),
    ('76704e7d-71bb-46e3-b78d-73a85de99198', 'risk_of_serious_harm_to_children_whose_identity_is_known', 'Risk of serious harm to children whose identity is known', null, null, '2020-11-30 14:50:00', null),
    ('42222235-2e18-4de6-a9e2-95f5a628b605', 'details_of_children_at_risk_of_serious_harm', 'Details of children at risk of serious harm', null, null, '2020-11-30 14:50:00', null),
    ('6c3504a2-ee53-45fe-8e6a-36250e3dd185', 'suicide_and_self_harm', 'Suicide and self-harm', null, null, '2020-11-30 14:50:00', null),
    ('3485b4c8-bba9-4032-ae7e-fb0aeab36d8b', 'coping_in_custody_or_a_hostel_setting', 'Coping in custody or a hostel setting', null, null, '2020-11-30 14:50:00', null),
    ('b5334e5f-b793-4400-8ea1-67c316b2d44f', 'vulnerability', 'Vulnerability', null, null, '2020-11-30 14:50:00', null),
    ('3c70d53a-08c5-4f30-a144-12e5c6e14205', 'escape_and_abscond', 'Escape and abscond', null, null, '2020-11-30 14:50:00', null),
    ('22be9048-33a7-4e56-a8f4-8c4e2a62524c', 'control_issues_or_disruptive_behaviour', 'Control issues or disruptive behaviour', null, null, '2020-11-30 14:50:00', null),
    ('e807624f-c59e-4b21-b749-2432b08f60f9', 'breach_of_trust', 'Breach of trust', null, null, '2020-11-30 14:50:00', null),
    ('121f7277-c0fc-4cdf-a02c-049f73993cbd', 'risk_summary', 'Risk summary', null, null, '2020-11-30 14:50:00', null),
    ('aa8645f9-2774-4962-b73e-e1773d88291d', 'imminence_circumstances_and_other_factors', 'Imminence, circumstances and other factors', null, null, '2020-11-30 14:50:00', null),
    ('a33c4703-fa0a-4826-99a5-9de753305841', 'rosh_scores', 'ROSH scores', null, null, '2020-11-30 14:50:00', null),
    ('1d69e176-8459-4d30-8410-006828ff8c72', 'risk_management_issues', 'Risk management issues', null, null, '2020-11-30 14:50:00', null);


INSERT INTO question_schema (question_schema_uuid, question_code, oasys_question_code, question_start, question_end, answer_type, answer_schema_group_uuid, question_text, question_help_text, external_source)
VALUES ('1ea17930-d467-44c0-9e72-517747618acb', 'ui3.1', null, '2020-11-30 14:50:00', null, 'presentation: heading', null, 'Personal details', null, null),
    ('33923c1e-e3ba-4c02-ba42-3b8d828f9e18', '3.1', 'oasys_set.family_name', '2020-11-30 14:50:00', null, 'freetext', null, 'Family name or names', null, 'COURT:name.surname'),
    ('81cbd5f5-f8ec-430e-b18a-c48fdf660216', '5.1', 'offender_alias_in_set.alias_family_name', '2020-11-30 14:50:00', null, 'freetext', null, 'Family name (aliases)', null, null),
    ('2d6f7515-dd03-4cfc-b365-6739e1251498', '2.1', 'oasys_set.forename_1', '2020-11-30 14:50:00', null, 'freetext', null, 'First name or names ', null, 'COURT:name.forename1'),
    ('6b04e69d-4ffd-46c6-869a-1f4005979848', '4.1', 'offender_alias_in_set.alias_forename_1', '2020-11-30 14:50:00', null, 'freetext', null, 'First name (aliases)', null, null),
    ('83612e87-a57c-4b20-ab6d-76148e61a37b', '6.1', null, '2020-11-30 14:50:00', null, 'date', null, 'Date of birth', null, 'COURT:defendantDob:date'),
    ('4333785d-2419-4b8e-b01d-20380ec14dfc', '7.1', null, '2020-11-30 14:50:00', null, 'freetext', null, 'Age', null, null),
    ('36c52415-8790-424b-bb9b-d329e0ef4183', 'ui7.1', null, '2020-11-30 14:50:00', null, 'presentation: divider', null, null, null, null),
    ('6ce641b7-5aaf-4c9f-aa0b-9c2cab42cfdb', 'ui8.1', null, '2020-11-30 14:50:00', null, 'presentation: heading', null, 'Record details', null, null),
    ('70348c31-66aa-4e10-b0a5-4644e7fb85ff', '8.1', 'oasys_set.gender_elm', '2020-11-30 14:50:00', null, 'dropdown', '701e4016-3447-40d2-a9fb-cc5e7490fe70', 'Gender', null, null),
    ('49ec3bae-2726-4a43-84de-0e63e9f98bb1', '11.1', 'oasys_set.pnc', '2020-11-30 14:50:00', null, 'freetext', null, 'PNC', null, 'COURT:pnc'),
    ('bbb91ec0-140a-4e2f-a28b-31cad3545c5b', '12.1', 'oasys_set.cro_number', '2020-11-30 14:50:00', null, 'freetext', null, 'Criminal Records Office (CRO) Number', null, null),
    ('a7ceb029-04d0-48f9-91de-8e2afbd5f47a', '13.1', 'oasys_set.cms_prob_number', '2020-11-30 14:50:00', null, 'freetext', null, 'Probation Case Reference Number', null, null),
    ('558c142a-b3d1-4a5c-a1e4-12917d8353e0', '10.1', null, '2020-11-30 14:50:00', null, 'freetext', null, 'CRN', null, 'COURT:crn'),
    ('cfed0f26-3fb3-4c9d-bd91-22ca04af3734', 'ui10.1', null, '2020-11-30 14:50:00', null, 'presentation: divider', null, null, null, null),
    ('783d7918-b217-48a5-b50b-d958253ac646', 'ui14.1', null, '2020-11-30 14:50:00', null, 'presentation: heading', null, 'Contact details', null, null),
    ('f3e03d17-015c-46d7-bf33-52c5d8503c08', '14.1', 'current_address_line_1', '2020-11-30 14:50:00', null, 'freetext', null, 'Address', null, 'COURT:defendantAddress.line1'),
    ('deaf25bc-0677-4d3f-9d09-c7c44c7c34c7', '14.1.2', 'current_address_line_2', '2020-11-30 14:50:00', null, 'freetext', null, null, null, 'COURT:defendantAddress.line2'),
    ('1ef76cd5-2d77-4e2a-9fb6-8f9aa5d4b657', '14.1.3', 'current_address_line_3', '2020-11-30 14:50:00', null, 'freetext', null, null, null, 'COURT:defendantAddress.line3'),
    ('ee346f9f-2d49-4070-afc2-4f9dabc1efa7', '14.1.4', 'current_address_line_4', '2020-11-30 14:50:00', null, 'freetext', null, null, null, 'COURT:defendantAddress.line4'),
    ('3eff7d61-dd85-4ecf-a91d-92d8ffd4fec9', '14.1.5', 'current_address_line_5', '2020-11-30 14:50:00', null, 'freetext', null, null, null, 'COURT:defendantAddress.line5'),
    ('92f76d3e-23c2-4a6e-b213-4e9f98c460cb', '14.1.6', 'current_post_code', '2020-11-30 14:50:00', null, 'freetext', null, 'Post Code', null, 'COURT:defendantAddress.postcode:toUpper'),
    ('1eb2db19-6e1b-42e2-a758-38aa20d469ea', '20.1', 'oasys_set.purpose_assessment_elm', '2020-11-30 14:50:00', null, 'freetext', null, 'Purpose of assessment', null, null),
    ('c5d01278-2059-48d3-9005-a4ffff64ed7d', '26.1', 'NOT HELD', '2020-11-30 14:50:00', null, 'freetext', null, 'Report author', null, null),
    ('f693bf6e-be3b-4f5c-8a06-aefeddea311b', '27.1', 'oasys_set.assessor_position', '2020-11-30 14:50:00', null, 'freetext', null, 'Probation practitioner''s position', null, null),
    ('1f7de807-3018-4830-bc69-b5b02266fa12', '28.1', 'oasys_set.assessor_phone_number', '2020-11-30 14:50:00', null, 'freetext', null, 'Telephone number', null, null),
    ('5af89c42-ffa2-4a29-8975-ab0eb8770a1c', '29.1', 'oasys_set.assessor_area_est_code', '2020-11-30 14:50:00', null, 'freetext', null, 'Probation provider/prison', null, null),
    ('ead7aa8a-e20d-4822-9b3b-aedf186333b1', '30.1', 'oasys_set.originating_division_code', '2020-11-30 14:50:00', null, 'freetext', null, 'LDU', null, null),
    ('a64dc082-980a-43e0-b443-cf196f35d571', '31.1', 'oasys_set.originating_team_code', '2020-11-30 14:50:00', null, 'freetext', null, 'Team', null, null),
    ('10c93cf5-cc0c-404b-b6e4-da176db45527', '32.1', 'oasys_set.countersigner_nam', '2020-11-30 14:50:00', null, 'freetext', null, 'NPS countersigner or HMPS supervisor', null, null),
    ('d9ca82ca-8684-49e4-b7eb-91fb0effed91', '33.1', 'oasys_signing table', '2020-11-30 14:50:00', null, 'freetext', null, 'Signing history', null, null),
    ('eef973e6-f493-4460-b094-2162fc8dc7e9', '24.1', 'NOT HELD', '2020-11-30 14:50:00', null, 'date', null, 'Date report completed and signed', null, null),
    ('c2cb3e8b-a544-4b72-a533-223498fcb986', 'ui24.1', null, '2020-11-30 14:50:00', null, 'presentation: link("/update-assessment")', null, 'Update assessment details', null, null),
    ('2b93527c-a545-4e41-9fb4-98ee127af393', '298.1', 'Each individual source held, sources_information_pivot.sources_information_ELM', '2020-11-30 14:50:00', null, 'checkbox', 'ee47fa78-eaba-421a-bcaf-0aea184dc5a3', 'Sources of information', null, null),
    ('d9846a60-5ba6-450f-9934-2c9646771f9d', '299.1', 'sources_info_other_ftxt', '2020-11-30 14:50:00', null, 'textarea', null, 'Give details', null, null),
    ('0bc681b4-7f70-477e-8ef5-0daaf8aa0495', 'ui35.1.1', null, '2020-11-30 14:50:00', null, 'presentation: heading_large', null, 'PSR or Court considered offence (Primary or most serious offence as judged by assessor)', null, null),
    ('54b03faa-efc0-49ef-9add-7581dca17d70', '35.1.1', null, '2020-11-30 14:50:00', null, 'freetext', null, 'Offence', null, null),
    ('91c83565-91dc-4876-97d7-f186ce04584c', '35.1.2', null, '2020-11-30 14:50:00', null, 'freetext', null, 'Subcode', null, null),
    ('de19c962-bd78-428f-ad29-ab002e7ef25a', 'ui35.1.2', null, '2020-11-30 14:50:00', null, 'presentation: divider', null, null, null, null),
    ('96d6c7fd-c755-4dad-b3be-8619674c8ad7', 'ui43.1', null, '2020-11-30 14:50:00', null, 'presentation: heading_large', null, 'RSR analysis', null, null),
    ('d84cef29-893b-4e92-bc98-12a2b4fe75b6', '43.1', '1.5', '2020-11-30 14:50:00', null, 'freetext', null, 'Number of court appearances at which convicted, or received a conditional or absolute discharge aged under 18 years', null, null),
    ('feb7ffe9-1e59-4516-9cb8-a1a41f37078f', '44.1', '1.6', '2020-11-30 14:50:00', null, 'freetext', null, 'Number of court appearances at which convicted, or received a conditional or absolute discharge aged 18 years and over. Do not include current appearances.', null, null),
    ('53daee33-2c52-48af-99cc-178c483bcf09', '291.1', '1.7', '2020-11-30 14:50:00', null, 'date', null, 'Date of first sanction', null, null),
    ('48bdcea3-55a6-4916-9040-2ea3770a0331', '45.1', '1.7', '2020-11-30 14:50:00', null, 'freetext', null, 'Age at first conviction, conditional or absolute discharge (record in years)', null, null),
    ('6cc878a7-299d-439b-9c73-53af55cbce2f', '46.1', '1.24', '2020-11-30 14:50:00', null, 'freetext', null, 'Number of previous formal cautions, reprimands and final warnings', null, null),
    ('d3c32fb8-8194-4bd9-8562-21fa2d752b26', '47.1', '1.26', '2020-11-30 14:50:00', null, 'freetext', null, 'How many of the sum of previous convictions, conditional or absolute discharges, cautions, reprimands or final warnings included any violent offences?', null, null),
    ('f5d1dd7c-1774-4c76-89c2-a47240ad98ba', '48.1', '1.29', '2020-11-30 14:50:00', null, 'date', null, 'Date of current conviction', null, null),
    ('58d3efd1-65a1-439b-952f-b2826ffa5e71', '59.1', '1.30', '2020-11-30 14:50:00', null, 'radio', '887f4528-06d1-4247-8bc3-5e679222baa6', 'Have they ever committed a sexual or sexually motivated offence?', null, null),
    ('86ee742c-4bfb-4e29-afca-04ad35a3abda', '61.1', '1.31', '2020-11-30 14:50:00', null, 'radio', '887f4528-06d1-4247-8bc3-5e679222baa6', 'Does the current sexual offence have a stranger victim?', null, null),
    ('a00223d0-1c20-43b5-8076-8a292ca25773', '62.1', '1.33', '2020-11-30 14:50:00', null, 'date', null, 'Date of most recent sanction involving a sexual or sexually motivated offence', null, null),
    ('466d3da9-2d4b-4f8c-a958-90d188c956b4', '63.1', '1.34', '2020-11-30 14:50:00', null, 'freetext', null, 'Number of previous or current sanctions involving contact adult sexual or sexually motivated offences', null, null),
    ('bb7f891c-557a-4bfb-972c-f6d8c291ecc3', '64.1', '1.35', '2020-11-30 14:50:00', null, 'freetext', null, 'Number of previous or current sanctions involving contact child sexual or sexually motivated offences', null, null),
    ('758c1ba6-f62c-4e73-8423-079db2d451e6', '65.1', '1.36', '2020-11-30 14:50:00', null, 'freetext', null, 'Number of previous or current sanctions involving indecent child image sexual or sexually motivated offences', null, null),
    ('46154597-8bc1-45a1-be0b-eba578bd7a3a', '66.1', '1.37', '2020-11-30 14:50:00', null, 'freetext', null, 'Number of previous or current sanctions involving other non-contact sexual or sexually motivated offences', null, null),
    ('5cd344d4-acf3-45a9-9493-5dda5aa9dfa8', '60.1', '1.38', '2020-11-30 14:50:00', null, 'date', null, 'Date of commencement of community sentence or earliest possible release from custody', null, null),
    ('420c2ffe-8f2c-49b3-a523-674af3197b9e', '67.1', 'None', '2020-11-30 14:50:00', null, 'radio', '887f4528-06d1-4247-8bc3-5e679222baa6', 'Have you completed an interview?', null, null),
    ('bd629547-eab9-46d5-910d-2416b431950f', '69.1', '2.2', '2020-11-30 14:50:00', null, 'radio', '887f4528-06d1-4247-8bc3-5e679222baa6', 'Did the offence involve carrying or use of a weapon?', null, null),
    ('7f076a91-2702-438f-81ba-c15ebfab1b02', '70.1', 'None', '2020-11-30 14:50:00', null, 'freetext', null, 'Specify which weapon', null, null),
    ('ed0e988a-38a4-4f9f-9691-08fb695cbed9', '75.1', '3.4', '2020-11-30 14:50:00', null, 'radio', '5999791f-9192-488f-9e02-9f08fdcf6d0b', 'Is the individual living in suitable accommodation?', null, null),
    ('3211a668-8878-4e88-8457-8250bfe65aea', '80.1', '4.2', '2020-11-30 14:50:00', null, 'radio', 'ab71238a-45b1-49b7-afea-aa086d165e50', 'Is the person unemployed or will be unemployed upon release?', null, null),
    ('1970ba5e-91cb-4ad3-9f04-64d5b5b7157b', '86.1', '6.4', '2020-11-30 14:50:00', null, 'radio', '5999791f-9192-488f-9e02-9f08fdcf6d0b', 'What is the person''s current relationship with their partner?', null, null),
    ('f04dd882-0a0d-49f5-9736-91eeadbff9e7', '87.1', '6.7', '2020-11-30 14:50:00', null, 'radio', '887f4528-06d1-4247-8bc3-5e679222baa6', 'Is there evidence that the individual is a perpetrator of domestic violence or partner abuse?', null, null),
    ('fb98f8b1-58ed-4aac-85b1-404f84270b95', '88.1', 'None', '2020-11-30 14:50:00', null, 'radio', 'f01257fa-c05b-40fc-a134-1fcf6809e9f9', 'Victim or perpetrator', null, null),
    ('f0416e89-3a71-46d1-8fa2-aebd886dcb34', '90.1', '9.1', '2020-11-30 14:50:00', null, 'radio', 'd03940ce-5f84-4ec1-af45-ab2957d09402', 'Is the person''s current use of alcohol a problem?', null, null),
    ('574618c3-27f4-4dd2-94bb-6de74126ff22', '92.1', '9.2', '2020-11-30 14:50:00', null, 'radio', '5999791f-9192-488f-9e02-9f08fdcf6d0b', 'Is there evidence of binge drinking or excessive use of alcohol in the last 6 months?', null, null),
    ('5a90a38d-ee0a-4775-994c-addf3397b817', '113.1', '11.2', '2020-11-30 14:50:00', null, 'radio', '8d19d1a4-7d3e-43c7-be38-094adaf5a9f2', 'Is impulsivity a problem for the individual?', null, null),
    ('d0619e6b-cc90-4031-90c6-ab15e06cc779', '115.1', '11.4', '2020-11-30 14:50:00', null, 'radio', '8d19d1a4-7d3e-43c7-be38-094adaf5a9f2', 'Is temper control a problem for the individual?', null, null),
    ('2f1b543b-1e69-4f7e-a61c-6d21ff967432', '116.1', '12.1', '2020-11-30 14:50:00', null, 'radio', '8d19d1a4-7d3e-43c7-be38-094adaf5a9f2', 'Does the individual have pro-criminal attitudes?', null, null),
    ('4dab51be-e9f8-4ca1-8765-b58e07e137ba', '128.1', 'None', '2020-11-30 14:50:00', null, 'radio', '887f4528-06d1-4247-8bc3-5e679222baa6', 'Are you completing a risk assessment?', null, null),
    ('c2a60b0e-2019-4108-ade3-6df3f23dde5a', '129.1', 'R1.2 Heading', '2020-11-30 14:50:00', null, 'freetext', null, 'Has the individual been convicted of any of the following?', null, null),
    ('87531e74-2c67-4c86-9a34-2e5a08be6580', '130.1', 'R1.2.1.2', '2020-11-30 14:50:00', null, 'checkbox', 'd4d0aab2-9ef1-4613-b658-9f588525b739', 'Murder, attempted murder, threat or conspiracy to murder, or manslaughter', null, null),
    ('e9bbea38-d1d8-4358-aa6a-5f79d44d8461', '131.1', 'R1.2.2.2', '2020-11-30 14:50:00', null, 'checkbox', 'd4d0aab2-9ef1-4613-b658-9f588525b739', 'Wounding or GBH ', null, null),
    ('10bcb346-42a9-4501-9469-c924fbf875f3', '132.1', 'R1.2.3.2', '2020-11-30 14:50:00', null, 'checkbox', 'd4d0aab2-9ef1-4613-b658-9f588525b739', 'Any sexual offence against a child', null, null),
    ('cb02474c-e1d8-4a24-917b-88d0611dabf8', '133.1', 'R1.2.4.2', '2020-11-30 14:50:00', null, 'checkbox', 'd4d0aab2-9ef1-4613-b658-9f588525b739', 'Rape or serious sexual offence against an adult', null, null),
    ('7de9e887-9dc4-40f3-b888-c49cb3e6dce0', '134.1', 'R1.2.5.2', '2020-11-30 14:50:00', null, 'checkbox', 'd4d0aab2-9ef1-4613-b658-9f588525b739', 'Any other offence against a child ', null, null),
    ('e5d603cf-4a27-4c23-8e8c-47df797fdd0b', '135.1', 'R1.2.6.2', '2020-11-30 14:50:00', null, 'checkbox', 'd4d0aab2-9ef1-4613-b658-9f588525b739', 'Aggravated burglary', null, null),
    ('abe98154-9a39-4415-9e7d-fa21ead1af89', '136.1', 'R1.2.7.2', '2020-11-30 14:50:00', null, 'checkbox', 'd4d0aab2-9ef1-4613-b658-9f588525b739', 'Arson', null, null),
    ('892ecb86-517a-4485-9f0b-5772df8455de', '137.1', 'R1.2.8.2', '2020-11-30 14:50:00', null, 'checkbox', 'd4d0aab2-9ef1-4613-b658-9f588525b739', 'Criminal damage with intent to endanger life', null, null),
    ('02c167fb-2011-4a88-95cf-e8ae7c3de5a2', '138.1', 'R1.2.9.2', '2020-11-30 14:50:00', null, 'checkbox', 'd4d0aab2-9ef1-4613-b658-9f588525b739', 'Kidnapping or false imprisonment', null, null),
    ('823c8fca-a594-424d-90da-7a8b6813a44a', '139.1', 'R1.2.10.2', '2020-11-30 14:50:00', null, 'checkbox', 'd4d0aab2-9ef1-4613-b658-9f588525b739', 'Possession of a firearm with intent to endanger life or resist arrest', null, null),
    ('7e09cbd3-de1d-4d56-919e-208d3221fb58', '140.1', 'R1.2.11.2', '2020-11-30 14:50:00', null, 'checkbox', 'd4d0aab2-9ef1-4613-b658-9f588525b739', 'A racially motivated or racially aggravated offence', null, null),
    ('fccfc5c2-b212-4336-b4dc-085ee34fd652', '141.1', 'R1.2.12.2', '2020-11-30 14:50:00', null, 'checkbox', 'd4d0aab2-9ef1-4613-b658-9f588525b739', 'Robbery', null, null),
    ('404ebe65-35c0-4769-938b-95afbc03f049', '142.1', 'R1.2.13.2', '2020-11-30 14:50:00', null, 'checkbox', 'd4d0aab2-9ef1-4613-b658-9f588525b739', 'Any other offence involving possession and/or use of weapons', null, null),
    ('9fe2a213-9c11-454c-818e-88509cb44fac', '143.1', 'R1.2.14.2', '2020-11-30 14:50:00', null, 'checkbox', 'd4d0aab2-9ef1-4613-b658-9f588525b739', 'Any other offence which is as serious, eg blackmail, harassment, stalking, child pornography, child neglect, abduction etc.  Indicate offence below', null, null),
    ('9ae5176a-3e90-4876-8e98-c629a198df24', '144.1', 'R1.2.14.t', '2020-11-30 14:50:00', null, 'freetext', null, 'Give details', null, null),
    ('e23653ff-2b5b-4ecf-8154-b3ff4a6aea3a', '143.1', null, '2020-11-30 14:50:00', null, 'checkbox', '639e6062-64aa-4b23-be41-48bb4c02daca', 'Any other offence which is as serious, eg blackmail, harassment, stalking, child pornography, child neglect, abduction etc.  Indicate offence below', null, null),
    ('0dd75d47-c713-4e65-ae73-7038dc0d9e6b', '294.1', 'R1.2.14.t', '2020-11-30 14:50:00', null, 'freetext', null, 'Give details', null, null),
    ('295db7d3-337d-4060-af83-3658e0fef059', '146.1', 'HEADING', '2020-11-30 14:50:00', null, 'freetext', null, 'On the information available to you has the individual', null, null),
    ('14ab8b61-8811-4d47-b6f2-8881619f0aa3', '147.1', 'R1.3.1.2', '2020-11-30 14:50:00', null, 'checkbox', 'd4d0aab2-9ef1-4613-b658-9f588525b739', 'Assaulted or threatened staff', null, null),
    ('c7e8cc27-b805-4a4b-bb8d-3689c6206d46', '148.1', 'R1.3.2.2', '2020-11-30 14:50:00', null, 'checkbox', 'd4d0aab2-9ef1-4613-b658-9f588525b739', 'Assaulted or  threatened others', null, null),
    ('8d1d257c-8618-45ac-adba-01bc4a0d67af', '149.1', 'R1.3.3.2', '2020-11-30 14:50:00', null, 'checkbox', 'd4d0aab2-9ef1-4613-b658-9f588525b739', 'Been violent towards partner or other member of their family', null, null),
    ('b2184cac-a2a0-46a1-88b9-19ae4b64cabd', '150.1', 'R1.3.4.2', '2020-11-30 14:50:00', null, 'checkbox', 'd4d0aab2-9ef1-4613-b658-9f588525b739', 'Committed a serious offence whilst not complying with medication', null, null),
    ('af20af57-388e-4ee1-824d-0a516623dbf9', '152.1', 'R1.3.6.2', '2020-11-30 14:50:00', null, 'checkbox', 'd4d0aab2-9ef1-4613-b658-9f588525b739', 'Been involved in any hate-based behaviour', null, null),
    ('f2b7c14a-ee13-4cbc-b9d4-0ba5594b6c8b', '153.1', 'R1.3.7.2', '2020-11-30 14:50:00', null, 'checkbox', 'd4d0aab2-9ef1-4613-b658-9f588525b739', 'Been assessed as high risk of serious harm on a previous occasion', null, null),
    ('ca4b265c-7be9-4c7a-ab6e-b947bdf375af', '156.1', 'R1.3.10.2', '2020-11-30 14:50:00', null, 'checkbox', 'd4d0aab2-9ef1-4613-b658-9f588525b739', 'Been a conditionally discharged patient subject to a restriction order under Section 41 MHA 1983', null, null),
    ('66cb63ce-4cf8-43b3-95cb-0da1ee953717', '158.1', 'R1.3.12.2', '2020-11-30 14:50:00', null, 'checkbox', 'd4d0aab2-9ef1-4613-b658-9f588525b739', 'Been a stalker', null, null),
    ('3aa0b6d0-886b-4682-936d-9c23aabf090e', '159.1', 'R1.3.13.2', '2020-11-30 14:50:00', null, 'checkbox', 'd4d0aab2-9ef1-4613-b658-9f588525b739', 'Displayed obsessive behaviour linked to offending', null, null),
    ('29e76b3e-3ee6-4387-ac10-50aca26ffa2a', '160.1', 'R1.3.14.2', '2020-11-30 14:50:00', null, 'checkbox', 'd4d0aab2-9ef1-4613-b658-9f588525b739', 'Been involved in bizarre or ritualistic aspects linked to offending', null, null),
    ('1c82ab38-b8d9-4e10-b783-407297d6f292', '161.1', 'R1.3.15.2', '2020-11-30 14:50:00', null, 'checkbox', 'd4d0aab2-9ef1-4613-b658-9f588525b739', 'Displayed any offence-related behaviour observed in a custodial setting', null, null),
    ('be1fb2dc-2237-4cf6-91d6-33505e8e1676', '162.1', 'R1.3.16.2', '2020-11-30 14:50:00', null, 'checkbox', 'd4d0aab2-9ef1-4613-b658-9f588525b739', 'Displayed any inappropriate behaviour towards members of staff, visitors or prisoners', null, null),
    ('d97b7227-515b-41f6-ba37-ca243ecf9f65', '163.1', 'R1.3.17.2', '2020-11-30 14:50:00', null, 'checkbox', 'd4d0aab2-9ef1-4613-b658-9f588525b739', 'Established links or associations, whilst in custody, which increase risk of serious harm', null, null),
    ('bb6ebcbf-cffd-4675-9228-5711e63a7d0f', '163.2', 'R1.3.18.2', '2020-11-30 14:50:00', null, 'checkbox', 'd4d0aab2-9ef1-4613-b658-9f588525b739', 'Committed an offence involving excessive use of violence or sadistic violence', null, null),
    ('95e79ec5-f020-45bc-985a-9beb8a9f060d', '164.1', 'R1.3.19.2', '2020-11-30 14:50:00', null, 'checkbox', 'd4d0aab2-9ef1-4613-b658-9f588525b739', 'None of the above apply', null, null),
    ('4970b373-a526-418b-9df1-b105ad4135fa', '165.1', 'R2.1', '2020-11-30 14:50:00', null, 'radio', '5eb0380b-f928-481a-a8c4-255821dc69b2', 'Is the individual, now or on release, likely to live with, or have frequent contact with, any child who is on the child protection register or is being looked after by the local authority.', null, null),
    ('6c8f4b63-5c8d-4ca6-b611-23c2c6be6b19', '166.1', 'R2.2', '2020-11-30 14:50:00', null, 'radio', '5eb0380b-f928-481a-a8c4-255821dc69b2', 'Are there any concerns in relation to children?', null, null),
    ('a5653874-d9dd-45d9-8cce-caac576fe190', '167.1', 'R2.2.1', '2020-11-30 14:50:00', null, 'radio', '887f4528-06d1-4247-8bc3-5e679222baa6', 'Should contact be made with social services?', null, null),
    ('f2de0ecb-b004-47c9-98c4-71ad81f84d70', '168.1', 'HEADING', '2020-11-30 14:50:00', null, 'freetext', null, 'From what you know about this individual have there been or are there currently any concerns in relation to', null, null),
    ('b7d3e56e-4df0-4152-b92d-edb51e2e95a9', '169.1', 'R3.1', '2020-11-30 14:50:00', null, 'radio', '5eb0380b-f928-481a-a8c4-255821dc69b2', 'Risk of suicide', null, null),
    ('b7572668-fe3c-4688-9a2f-27d70b7ccbc1', '170.1', 'R3.2', '2020-11-30 14:50:00', null, 'radio', '5eb0380b-f928-481a-a8c4-255821dc69b2', 'Risk of self-harm', null, null),
    ('be770fd2-5c0b-4d02-b1b1-8590edcf5f4e', '171.1', 'R3.3', '2020-11-30 14:50:00', null, 'radio', '5eb0380b-f928-481a-a8c4-255821dc69b2', 'Coping in custody or a hostel setting', null, null),
    ('a13e68d3-4334-4b37-9d4d-6b929b73026a', '172.1', 'R3.4', '2020-11-30 14:50:00', null, 'radio', '5eb0380b-f928-481a-a8c4-255821dc69b2', 'Vulnerability', null, null),
    ('cb045896-9854-4418-a32a-6046c1a59929', '173.1', 'HEADING', '2020-11-30 14:50:00', null, 'freetext', null, 'From what you know about this individual have there been or are there currently any concerns in relation to', null, null),
    ('52f0b70c-e4d2-4620-a913-e56dff7d07b8', '174.1', 'R4.1', '2020-11-30 14:50:00', null, 'radio', '5eb0380b-f928-481a-a8c4-255821dc69b2', 'Escape or abscond', null, null),
    ('0b21d158-e98d-418c-8df8-e464d30935e5', '175.1', 'R4.2', '2020-11-30 14:50:00', null, 'radio', '5eb0380b-f928-481a-a8c4-255821dc69b2', 'Control issues or disruptive behaviour', null, null),
    ('25e6061c-0829-427f-aac3-e4f6a33775c3', '176.1', 'R4.3', '2020-11-30 14:50:00', null, 'radio', '5eb0380b-f928-481a-a8c4-255821dc69b2', 'Concerns in respect of breach of trust', null, null),
    ('9e716a4d-89bb-4e39-8928-dfcf6e4aef88', '177.1', 'R4.4', '2020-11-30 14:50:00', null, 'radio', '5eb0380b-f928-481a-a8c4-255821dc69b2', 'Risks to other prisoners', null, null),
    ('7ec33f07-eb93-444c-a1d5-3fdf0b805689', '178.1', 'R5.1', '2020-11-30 14:50:00', null, 'radio', '887f4528-06d1-4247-8bc3-5e679222baa6', 'Is there anything else about the individual that leads you to consider that a full analysis should be completed?', null, null),
    ('f21a22f7-6f6b-4c2a-b27f-d4c3b9123322', '179.1', 'R5.1.t', '2020-11-30 14:50:00', null, 'freetext', null, 'Give details', null, null),
    ('1b277bcd-6dd4-4a8a-bb83-cbf72bc38033', '180.1', 'R5.2 ', '2020-11-30 14:50:00', null, 'radio', '887f4528-06d1-4247-8bc3-5e679222baa6', 'In your professional opinion, is it appropriate to not do a full risk of harm analysis?', null, null),
    ('f50dded4-4095-45cd-87cb-5d6df42f0045', '110.1', 'R5.2.t', '2020-11-30 14:50:00', null, 'freetext', null, 'Give details', null, null),
    ('40f3ce03-9ba5-4539-9fed-1816b731bd12', '181.1', 'HEADING', '2020-11-30 14:50:00', null, 'freetext', null, 'Most recent behaviour or offence indicative of risk of serious harm', null, null),
    ('5974af31-268a-4413-be23-6285cfe61346', '182.1', 'FA1.1', '2020-11-30 14:50:00', null, 'freetext', null, 'Offence details ', null, null),
    ('e3da3b38-2c6e-49fd-91d9-938105098136', '183.1', 'FA2', '2020-11-30 14:50:00', null, 'freetext', null, 'Where and when did they do it?', null, null),
    ('31a47ad0-6d66-4478-94c8-65ef70091dee', '184.1', 'FA3', '2020-11-30 14:50:00', null, 'freetext', null, 'How did they do it? ', null, null),
    ('90d93a85-d0d6-4b79-9320-c1054f0c00df', '185.1', 'FA4', '2020-11-30 14:50:00', null, 'freetext', null, 'Who were the victims? ', null, null),
    ('c3bf9231-5b7d-43d7-bbee-952c78ee7788', '186.1', 'FA5', '2020-11-30 14:50:00', null, 'freetext', null, 'Was anyone else present or involved?', null, null),
    ('8d5404d8-a633-4789-aa03-68061e3bf373', '187.1', 'FA6', '2020-11-30 14:50:00', null, 'freetext', null, 'Why did they do it? ', null, null),
    ('d4d40a81-3a9b-48fa-8380-ee7a35444b86', '188.1', 'FA7', '2020-11-30 14:50:00', null, 'freetext', null, 'Sources of information', null, null),
    ('65373dba-95aa-4b6e-b2d8-fafa1abd5ae4', '189.1', 'R6.2 HEADING', '2020-11-30 14:50:00', null, 'freetext', null, 'Previous behaviour or offence indicative of risk of serious harm', null, null),
    ('2b0d4124-a1f6-4d4b-89e5-4cb3abfc38fe', '190.1', 'R6.2.1', '2020-11-30 14:50:00', null, 'freetext', null, 'What exactly did they do?', null, null),
    ('52a9bc59-c243-4e54-8d2c-005fb266f632', '191.1', 'R6.2.2', '2020-11-30 14:50:00', null, 'freetext', null, 'Where and when did they do it?', null, null),
    ('0ba2c568-8625-47a3-a911-6066188d7e94', '192.1', 'R6.2.3', '2020-11-30 14:50:00', null, 'freetext', null, 'How did they do it? ', null, null),
    ('627f694d-efb1-4556-bbea-a7d93179cf3f', '193.1', 'R6.2.4', '2020-11-30 14:50:00', null, 'freetext', null, 'Who were the victims? ', null, null),
    ('48866fe6-50e2-4347-901b-95317679a249', '194.1', 'R6.2.5', '2020-11-30 14:50:00', null, 'freetext', null, 'Was anyone else present or involved?', null, null),
    ('cf9a187c-18f1-4ccd-a3ff-fcc1f128496a', '195.1', 'R6.2.6', '2020-11-30 14:50:00', null, 'freetext', null, 'Why did they do it? ', null, null),
    ('dc3a8ff2-2a6c-4582-9fbe-84a57bfac28d', '196.1', 'R6.2.7', '2020-11-30 14:50:00', null, 'freetext', null, 'Sources of information', null, null),
    ('c22bebc9-003c-4fa1-971c-d62074f4ea2c', '196.2', 'HEADING', '2020-11-30 14:50:00', null, 'freetext', null, null, null, null),
    ('a2f4a30f-1448-4281-9c09-96d66db07601', '197.1', 'HEADING', '2020-11-30 14:50:00', null, 'freetext', null, 'Is this section being completed because the individual: ', null, null),
    ('7714eddc-a028-484e-8505-b132364ca648', '198.1', 'FA15', '2020-11-30 14:50:00', null, 'radio', '887f4528-06d1-4247-8bc3-5e679222baa6', 'Presents a risk to identifiable children', null, null),
    ('bd694469-173a-4388-b1c3-eadea9aa1a75', '199.1', 'FA16', '2020-11-30 14:50:00', null, 'radio', '887f4528-06d1-4247-8bc3-5e679222baa6', 'Give details of relevant factors and situations, if not covered previously', null, null),
    ('ea039639-7f05-496d-8bcf-12e5f2f96a27', '200.1', 'FA17', '2020-11-30 14:50:00', null, 'radio', '887f4528-06d1-4247-8bc3-5e679222baa6', 'Is involved in a situation where there are identifiable children who are considered to be at risk from others', null, null),
    ('5824adec-fe20-4504-8c15-2d8d5053b47e', '201.1', 'FA17', '2020-11-30 14:50:00', null, 'freetext', null, 'Explain the individual''s involvement in the family. Say how, when and from whom any children are believed to be at risk. Specify the nature of the concern.', null, null),
    ('59b77990-875e-47ef-8b39-607fb48b254c', '202.1', 'HEADING', '2020-11-30 14:50:00', null, 'freetext', null, 'Grey text: Consider carefully whether this information can be recorded safely.', null, null),
    ('b46893d5-b69f-4743-addd-57bc2a5651c7', '203.1', 'child_at_risk_pivot.name_of_child', '2020-11-30 14:50:00', null, 'freetext', null, 'Name', null, null),
    ('a1a44650-d22a-45e3-88c6-8c4a9075938c', '204.1', 'child_at_risk_pivot.age_of_child', '2020-11-30 14:50:00', null, 'freetext', null, 'Age ', null, null),
    ('af8444f9-9e71-49e0-b171-8a88006a589e', '205.1', 'child_at_risk_pivot.date_of_birth', '2020-11-30 14:50:00', null, 'date', null, 'Date of Birth', null, null),
    ('a840a988-ca2e-45bc-9b5e-c4382d2eefed', '206.1', 'child_at_risk_pivot.gender_ELM', '2020-11-30 14:50:00', null, 'freetext', null, 'Gender', null, null),
    ('ac9308db-2dea-4b20-8b23-b0badfc992aa', '207.1', 'child_at_risk_pivot.address_of_child', '2020-11-30 14:50:00', null, 'freetext', null, 'Address (if disclosable)', null, null),
    ('43cddd02-3f2f-472f-8211-ebc5b109ec7a', '208.1', 'child_at_risk_pivot.curreg_sclsrvs_ind', '2020-11-30 14:50:00', null, 'radio', '887f4528-06d1-4247-8bc3-5e679222baa6', 'Currently Registered with Social Services', null, null),
    ('362b2ae7-7eae-42e8-9725-d7a76cb241ae', '209.1', 'child_at_risk_pivot.evr_prv_social_srv_ind', '2020-11-30 14:50:00', null, 'radio', '887f4528-06d1-4247-8bc3-5e679222baa6', 'Previously Registered with Social Services', null, null),
    ('16b0d3cd-77b7-4ab5-a394-38edb45d7b0f', '210.1', 'child_at_risk_reg_pivot_pivot.catg_cpr_ELM for current_previous_ELM = ‘Current’', '2020-11-30 14:50:00', null, 'checkbox', '19883746-36e1-42d2-81c2-a3444722b0e9', 'Current category of child protection registration ', null, null),
    ('9e3d1286-93d6-42a3-9ed1-2d81a1170ce5', '211.1', 'child_at_risk_reg_pivot_pivot.catg_cpr_ELM for current_previous_ELM = ‘Current’', '2020-11-30 14:50:00', null, 'checkbox', '19883746-36e1-42d2-81c2-a3444722b0e9', 'Previous category of child protection registration ', null, null),
    ('92e5004b-071b-4049-87ff-0f641357b687', '212.1', 'FA26', '2020-11-30 14:50:00', null, 'radio', '5eb0380b-f928-481a-a8c4-255821dc69b2', 'Have there been any child protection conferences or ‘looked after children’ reviews?', null, null),
    ('04a8eea7-18a4-4a5b-bbbb-9fe04e322abe', '213.1', 'FA26.t', '2020-11-30 14:50:00', null, 'freetext', null, 'Give details of child protection conferences, child protection decisions and looked after children review dates, if applicable', null, null),
    ('e474f386-d90e-41ca-b17f-ee45c724dbc4', '214.1', 'FA27', '2020-11-30 14:50:00', null, 'freetext', null, 'Local Authority Children’s Services  key worker name, address and telephone number, if applicable', null, null),
    ('e68d9e2b-5a67-449a-85dc-a941504cdd0c', '215.1', 'FA28', '2020-11-30 14:50:00', null, 'freetext', null, 'Other agencies and personnel involved, if applicable', null, null),
    ('0a4914e4-2a46-4e0d-945c-86764f20f55f', '216.1', 'FA29', '2020-11-30 14:50:00', null, 'freetext', null, 'Additional information', null, null),
    ('196c4afb-3dbd-4f2f-a051-6244d8ba15c0', '217.1', 'FA30', '2020-11-30 14:50:00', null, 'date', null, 'Date that child protection issues came to assessor’s attention', null, null),
    ('20ec9f5d-a93c-401a-bafa-14adff4e140a', '218.1', 'R8.1.1a', '2020-11-30 14:50:00', null, 'freetext', null, 'Are there any current concerns about suicide?', null, null),
    ('5fd36d00-8ab3-44e9-8cd6-79deffcdd6ed', '219.1', 'R8.1.1b', '2020-11-30 14:50:00', null, 'freetext', null, 'Are there any current concerns about self-harm?', null, null),
    ('2096b72c-ac71-4664-ad4f-051c2a56a137', '288.1', null, '2020-11-30 14:50:00', null, 'freetext', null, 'Describe circumstances, issues and needs that relate to current concerns ', null, null),
    ('decd2e3c-ccc7-4067-9cec-05b5144070f6', '289.1', 'R8.1.2', '2020-11-30 14:50:00', null, 'freetext', null, 'Is there a current ACCT (Assessment, Care in Custody and Teamwork)?', null, null),
    ('fce3b416-4145-4a4a-afed-51dbf8fa4e7d', '289.1', null, '2020-11-30 14:50:00', null, 'freetext', null, 'Book number', null, null),
    ('4629e693-ba5f-4d94-a54a-279cfdc30e21', '220.1', 'R8 1.3', '2020-11-30 14:50:00', null, 'freetext', null, 'Have there been any concerns about suicide in the past?', null, null),
    ('ee92d71a-29b5-497c-998f-d7f645c7ae16', '220.2', null, '2020-11-30 14:50:00', null, 'freetext', null, 'Give details', null, null),
    ('bc8bf6f0-f9f7-4119-baff-68fccd2467fd', '290.1', 'R8 1.4', '2020-11-30 14:50:00', null, 'freetext', null, 'Have there been any concerns about self-harm in the past?', null, null),
    ('32e2fb0f-a6d0-4dc5-b6fc-6c7313542926', '290.2', null, '2020-11-30 14:50:00', null, 'freetext', null, 'Give details', null, null),
    ('2268c757-98a1-4d38-9cc1-c9f82851307f', '222.1', 'FA39', '2020-11-30 14:50:00', null, 'radio', '16a910e5-e06f-4b56-937a-65ec8bf492ce', 'Are there any current concerns about coping in custody?', null, null),
    ('e39d1b50-89fc-4dbd-b250-6a9f07b3d15a', '223.1', 'FA40', '2020-11-30 14:50:00', null, 'radio', '16a910e5-e06f-4b56-937a-65ec8bf492ce', 'Are there any current concerns about coping in hostel settings?', null, null),
    ('65d9368d-67a5-4412-a2ce-f416def28b1a', '224.1', 'FA41', '2020-11-30 14:50:00', null, 'freetext', null, 'Describe circumstances, issues and needs', null, null),
    ('09bd660e-8fff-41d8-931e-c1d0c986ae7d', '225.1', 'FA42', '2020-11-30 14:50:00', null, 'radio', '5eb0380b-f928-481a-a8c4-255821dc69b2', 'Are there any previous concerns about coping in custody?', null, null),
    ('da7f3d19-852c-405f-b22d-53c6535a7598', '226.1', 'FA43', '2020-11-30 14:50:00', null, 'radio', '5eb0380b-f928-481a-a8c4-255821dc69b2', 'Are there any previous concerns about coping in hostel settings?', null, null),
    ('f81a610b-665e-4f75-b9ca-a92734431416', '227.1', 'FA44', '2020-11-30 14:50:00', null, 'freetext', null, 'Describe circumstances, issues and needs', null, null),
    ('31eb26f4-667f-45cb-bf58-4e7c249cd8b9', '228.1', 'FA45', '2020-11-30 14:50:00', null, 'radio', '887f4528-06d1-4247-8bc3-5e679222baa6', 'Are there any current concerns about vulnerability? ', null, null),
    ('0a871fb8-8583-4e91-bc03-50918a5c8972', '229.1', 'FA45.t', '2020-11-30 14:50:00', null, 'freetext', null, 'Describe circumstances, relevant issues and needs', null, null),
    ('d827e751-4094-4e6a-8f59-08f8ca29bb22', '230.1', 'FA47', '2020-11-30 14:50:00', null, 'radio', '5eb0380b-f928-481a-a8c4-255821dc69b2', 'Have there been any previous concerns about vulnerability?', null, null),
    ('9f3d250d-bf0c-4a7c-8072-04b9d10f8268', '231.1', 'FA47.t', '2020-11-30 14:50:00', null, 'freetext', null, 'Describe circumstances, relevant issues and needs', null, null),
    ('1801ecdd-953e-4565-8063-c83bd19b4866', '232.1', 'FA49', '2020-11-30 14:50:00', null, 'radio', '887f4528-06d1-4247-8bc3-5e679222baa6', 'Do any of the questions about suicide, self-harm, coping in custody or a hostel setting, or vulnerability indicate a risk of serious harm to others? ', null, null),
    ('eef1b29b-15d6-41b1-b2d9-f307da40e3d3', '233.1', 'FA49.t', '2020-11-30 14:50:00', null, 'freetext', null, 'Describe circumstances, relevant issues and needs', null, null),
    ('10cd0e95-7af7-4f55-9a96-2bd60d56c21e', '234.1', 'FA51', '2020-11-30 14:50:00', null, 'radio', '887f4528-06d1-4247-8bc3-5e679222baa6', 'Are there any current concerns about escape and abscond?', null, null),
    ('ae3fcd52-ccae-4555-95e1-2aa6c541e4b5', '235.1', 'FA51.t', '2020-11-30 14:50:00', null, 'freetext', null, 'Describe circumstances, relevant issues and needs', null, null),
    ('bec9ddc7-f094-48e8-8c5e-83e59720cacc', '236.1', 'FA53', '2020-11-30 14:50:00', null, 'radio', '5eb0380b-f928-481a-a8c4-255821dc69b2', 'Are there any previous concerns about escape and abscond?', null, null),
    ('aa01b40f-e0cc-41f0-a751-0a04d1016a6c', '237.1', 'FA53.t', '2020-11-30 14:50:00', null, 'freetext', null, 'Describe circumstances, relevant issues and needs', null, null),
    ('569dcb48-7d70-4d52-adce-a80f00b8dc91', '238.1', 'FA55', '2020-11-30 14:50:00', null, 'radio', '887f4528-06d1-4247-8bc3-5e679222baa6', 'Are there any current concerns about control and disruptive behaviour?', null, null),
    ('8040cc23-0ffd-4425-b0fb-1b5ee34834a4', '239.1', 'FA55.t', '2020-11-30 14:50:00', null, 'freetext', null, 'Describe circumstances, relevant issues and needs', null, null),
    ('e84fc24d-798b-4e5b-9142-46b9bebc6bdb', '240.1', 'FA56', '2020-11-30 14:50:00', null, 'radio', '5eb0380b-f928-481a-a8c4-255821dc69b2', 'Are there any previous concerns about control and disruptive behaviour?', null, null),
    ('ad6cdfee-6ed6-43a0-9dae-d108b62e4ae6', '241.1', 'FA56.t', '2020-11-30 14:50:00', null, 'freetext', null, 'Describe circumstances, relevant issues and needs', null, null),
    ('1ff5bd0f-c500-47d5-8f13-0d29d46e7c56', '242.1', 'FA58', '2020-11-30 14:50:00', null, 'radio', '887f4528-06d1-4247-8bc3-5e679222baa6', 'Are there any current concerns about breach of trust?', null, null),
    ('ebc8e739-627f-48de-b864-3ba001fe09d9', '243.1', 'FA58.t', '2020-11-30 14:50:00', null, 'freetext', null, 'Describe circumstances, relevant issues and needs', null, null),
    ('c5f95ef6-70f9-460a-86cb-93d404489c0a', '244.1', 'FA60', '2020-11-30 14:50:00', null, 'radio', '5eb0380b-f928-481a-a8c4-255821dc69b2', 'Are there any previous concerns about breach of trust?', null, null),
    ('00c3001c-a5fe-434a-9d83-629cc097ea07', '245.1', 'FA60.1', '2020-11-30 14:50:00', null, 'freetext', null, 'Describe circumstances, relevant issues and needs', null, null),
    ('65db97f0-b928-45f5-ae63-1744b810d958', '246.1', 'SUM1', '2020-11-30 14:50:00', null, 'freetext', null, 'Who is at risk?', null, null),
    ('a1be8ea7-817c-4eff-9534-3a503be9ecbd', '247.1', 'SUM2', '2020-11-30 14:50:00', null, 'freetext', null, 'What is the nature of the risk?', null, null),
    ('4f2b86b8-0b1c-4e76-93c3-9df2e61dc568', '248.1', 'oasys_set.rsr_total_score', '2020-11-30 14:50:00', null, 'freetext', null, 'Risk of reoffending over the next 2 years', null, null),
    ('944b9da0-9e44-42c2-96e2-75906945729e', '249.1', 'SUM3', '2020-11-30 14:50:00', null, 'freetext', null, 'When is the risk likely to be greatest?  ', null, null),
    ('82b58db0-7a55-4f0c-b335-f5803052c584', '250.1', 'ROSHSUM/SUM4', '2020-11-30 14:50:00', null, 'freetext', null, 'What circumstances are likely to increase risk? ', null, null),
    ('3798896c-2308-4b98-b1dc-8c0b45dc2a95', '251.1', 'ROSHSUM/SUM5', '2020-11-30 14:50:00', null, 'freetext', null, 'What factors are likely to reduce the risk? ', null, null),
    ('0a397207-c6ec-4177-ae2f-abf611de762b', '252.1', 'HEADING', '2020-11-30 14:50:00', null, 'freetext', null, null, null, null),
    ('9775e1a6-b83f-4d26-bdef-bcf9d97fe079', '253.1', 'SUM6.1.1', '2020-11-30 14:50:00', null, 'radio', 'f8a83fb6-b49f-48c8-9044-2d234bcedb62', 'Children', null, null),
    ('4521c123-debd-41e0-a25f-01b616d47c8d', '254.1', 'SUM6.2.1', '2020-11-30 14:50:00', null, 'radio', 'f8a83fb6-b49f-48c8-9044-2d234bcedb62', 'Public', null, null),
    ('3058326c-ea48-4023-afac-ee1f4e8a8218', '255.1', 'SUM6.3.1', '2020-11-30 14:50:00', null, 'radio', 'f8a83fb6-b49f-48c8-9044-2d234bcedb62', 'Known adult', null, null),
    ('e55a4488-d80f-45e3-afef-30ceb640f423', '256.1', 'SUM6.4.1', '2020-11-30 14:50:00', null, 'radio', 'f8a83fb6-b49f-48c8-9044-2d234bcedb62', 'Staff', null, null),
    ('f89650c5-ed90-4b5e-b228-a8a7745eae67', '258.1', 'HEADING', '2020-11-30 14:50:00', null, 'freetext', null, null, null, null),
    ('60324ce2-3701-4a4e-80cc-808a9afcf276', '259.1', 'SUM6.1.2', '2020-11-30 14:50:00', null, 'radio', 'f8a83fb6-b49f-48c8-9044-2d234bcedb62', 'Children', null, null),
    ('050396e4-99e1-4bfe-a328-7af774d4a375', '260.1', 'SUM6.2.2', '2020-11-30 14:50:00', null, 'radio', 'f8a83fb6-b49f-48c8-9044-2d234bcedb62', 'Public', null, null),
    ('395f4155-c579-49f2-adba-a962a76d423b', '261.1', 'SUM6.3.2', '2020-11-30 14:50:00', null, 'radio', 'f8a83fb6-b49f-48c8-9044-2d234bcedb62', 'Known adult', null, null),
    ('7d981fa1-f2bd-4f52-bf95-bcbe48d8fdc5', '262.1', 'SUM6.4.2', '2020-11-30 14:50:00', null, 'radio', 'f8a83fb6-b49f-48c8-9044-2d234bcedb62', 'Staff', null, null),
    ('172d70dc-e650-41d0-8d00-58f2657d339a', '263.1', 'SUM6.5.2', '2020-11-30 14:50:00', null, 'radio', 'f8a83fb6-b49f-48c8-9044-2d234bcedb62', 'Prisoners', null, null),
    ('4ee1c044-3bf5-472c-8a5f-430a6e7cd325', '264.1', 'SUM8', '2020-11-30 14:50:00', null, 'freetext', null, 'If necessary, record the details of any key documents or reports used in this analysis', null, null),
    ('2a8bfa03-1367-4259-8f52-98ed5828cc71', '265.1', 'HEADING', '2020-11-30 14:50:00', null, 'freetext', null, 'Has this case been referred to multi-agency public protection management?', null, null),
    ('7bfd985e-ba11-4517-8235-5454f4910b47', '266.1', 'RM1', '2020-11-30 14:50:00', null, 'radio', '887f4528-06d1-4247-8bc3-5e679222baa6', 'Level 2: local multi-agency risk management', null, null),
    ('4981293a-d22d-49f4-9aa1-d997fa6fe5b8', '267.1', 'RM2', '2020-11-30 14:50:00', null, 'radio', '887f4528-06d1-4247-8bc3-5e679222baa6', 'Level 3: Multi-agency Public Protection Panel (MAPP)', null, null),
    ('2a50a680-dcd9-4abd-ba65-5ad5983f679a', '268.1', 'HEADING', '2020-11-30 14:50:00', null, 'freetext', null, 'If not, should this case be referred to multi-agency public protection management?', null, null),
    ('5479cd3f-7828-4f5d-963b-26f4888bc03c', '269.1', 'RM3', '2020-11-30 14:50:00', null, 'radio', '887f4528-06d1-4247-8bc3-5e679222baa6', 'Level 2: Local multi-agency risk management', null, null),
    ('448f9fee-d199-41c9-906f-c7973fdd4dbc', '270.1', 'RM4', '2020-11-30 14:50:00', null, 'radio', '887f4528-06d1-4247-8bc3-5e679222baa6', 'Level 3: Multi-agency Public Protection Panel (MAPP)', null, null),
    ('2c1fc504-90ae-48e5-94bf-99bba3f434dd', '271.1', 'RM5', '2020-11-30 14:50:00', null, 'radio', '887f4528-06d1-4247-8bc3-5e679222baa6', 'Has this case been referred as a Critical Public Protection case? (Refer to the Public Protection manual)', null, null),
    ('153abaa1-5381-44b5-a4b9-58979158e3a3', '272.1', 'RM6', '2020-11-30 14:50:00', null, 'radio', '887f4528-06d1-4247-8bc3-5e679222baa6', 'If not, should this case be referred now?', null, null),
    ('e0012fb9-8050-49e3-aa5c-f47b41c59a04', '273.1', 'RM7', '2020-11-30 14:50:00', null, 'radio', '887f4528-06d1-4247-8bc3-5e679222baa6', 'If not, should this case be referred pre-release?', null, null),
    ('cc389fab-e16e-4717-a043-c0db16982e01', '274.1', 'RM8', '2020-11-30 14:50:00', null, 'radio', '887f4528-06d1-4247-8bc3-5e679222baa6', 'Is the individual required to register under the Sex Offender Act 1997?', null, null),
    ('0495bc20-2211-4c9b-b8f9-549a169549ad', '275.1', 'RM9', '2020-11-30 14:50:00', null, 'radio', '887f4528-06d1-4247-8bc3-5e679222baa6', 'If yes, have they registered?', null, null),
    ('c076395e-0e40-46d8-b665-ee0b74f8370c', '276.1', 'RM10', '2020-11-30 14:50:00', null, 'radio', '887f4528-06d1-4247-8bc3-5e679222baa6', 'Is the individual disquaified from working with children as set out in Section 35 (4) of the Criminal Justice & Court Services Act 2000? ', null, null),
    ('7697e7cb-7da6-4137-8084-1610e6b91af9', '277.1', 'RM11', '2020-11-30 14:50:00', null, 'radio', '887f4528-06d1-4247-8bc3-5e679222baa6', 'Does the individual have a present or previous conviction against a child?', null, null),
    ('0d910a5a-c964-41a4-ae44-583bcf355e9d', '278.1', 'RM12', '2020-11-30 14:50:00', null, 'radio', '887f4528-06d1-4247-8bc3-5e679222baa6', 'Does the individual present an ongoing risk to children?', null, null),
    ('7954e117-966a-470f-b577-f7dc36ae269e', '279.1', 'RM13', '2020-11-30 14:50:00', null, 'radio', '887f4528-06d1-4247-8bc3-5e679222baa6', 'Do the Police, Local Authority and Offender Manager need to be notified prior to the release of the individual from custody? ', null, null),
    ('106e8722-04b3-4f55-b661-1eb250e1d5f6', '280.1', 'RM14', '2020-11-30 14:50:00', null, 'radio', '887f4528-06d1-4247-8bc3-5e679222baa6', 'Is the individual subject to Prison Service Order 4400 Prisoner Communications?', null, null),
    ('0a7bc16c-5213-4a1a-8cd2-f29162eab17d', '281.1', 'RM15', '2020-11-30 14:50:00', null, 'radio', '887f4528-06d1-4247-8bc3-5e679222baa6', 'Is the individual a conditionally discharged patient under Section 41 of the Mental Health Act 1983? ', null, null),
    ('b06ab9df-16b9-4dd2-8a91-1f45aeaa4f2c', '282.1', 'RM16', '2020-11-30 14:50:00', null, 'radio', '887f4528-06d1-4247-8bc3-5e679222baa6', 'Is the individual on life licence following a sentence of imprisonment or detention for public protection? (Section 230, schedule 18)  ', null, null);


INSERT INTO question_group (question_group_uuid, content_uuid, content_type, group_uuid, display_order, mandatory, validation, read_only)
VALUES ('5123d342-db00-4685-bf61-1be9e5b9f2a8', '5d77fc6b-0001-4955-ad54-7f417becc7c8', 'group', '65a3924c-4130-4140-b7f4-cc39a52603bb', 1, true, null, false),
    ('ad2502f1-4416-4f99-b314-06a5a0b7857a', 'f7dd78a8-7f04-4fde-8a4f-ac2cf0c56ff5', 'group', '5d77fc6b-0001-4955-ad54-7f417becc7c8', 1, true, null, false),
    ('ee00547d-247d-4503-9662-92b483e0582b', '1ea17930-d467-44c0-9e72-517747618acb', 'question', 'f7dd78a8-7f04-4fde-8a4f-ac2cf0c56ff5', 1, true, '{"mandatory":{"errorMessage":"","errorSummary":""}}', true),
    ('2c1825f2-71e4-401d-bd57-3fd90abf8507', '33923c1e-e3ba-4c02-ba42-3b8d828f9e18', 'question', 'f7dd78a8-7f04-4fde-8a4f-ac2cf0c56ff5', 2, true, null, true),
    ('0714fb76-1820-4810-aea0-3fcf2c02526d', '81cbd5f5-f8ec-430e-b18a-c48fdf660216', 'question', 'f7dd78a8-7f04-4fde-8a4f-ac2cf0c56ff5', 3, true, null, true),
    ('cf3a5522-9ee8-4d66-8a05-4e3d2874a95f', '2d6f7515-dd03-4cfc-b365-6739e1251498', 'question', 'f7dd78a8-7f04-4fde-8a4f-ac2cf0c56ff5', 4, true, null, true),
    ('7ff74c6d-adf3-444b-b50b-c83e35705dff', '6b04e69d-4ffd-46c6-869a-1f4005979848', 'question', 'f7dd78a8-7f04-4fde-8a4f-ac2cf0c56ff5', 5, true, null, true),
    ('951ccd34-7e51-4210-b837-116272f66cf6', '83612e87-a57c-4b20-ab6d-76148e61a37b', 'question', 'f7dd78a8-7f04-4fde-8a4f-ac2cf0c56ff5', 6, true, null, true),
    ('d5957749-eb9e-4273-bf77-07451d15b7dd', '4333785d-2419-4b8e-b01d-20380ec14dfc', 'question', 'f7dd78a8-7f04-4fde-8a4f-ac2cf0c56ff5', 7, true, null, true),
    ('7a9b8ebe-a0fa-4eeb-9ce6-51ddc9441cac', '36c52415-8790-424b-bb9b-d329e0ef4183', 'question', 'f7dd78a8-7f04-4fde-8a4f-ac2cf0c56ff5', 8, true, '{"mandatory":{"errorMessage":"","errorSummary":""}}', true),
    ('1646282d-9c50-4979-b422-e47702dcf393', '6ce641b7-5aaf-4c9f-aa0b-9c2cab42cfdb', 'question', 'f7dd78a8-7f04-4fde-8a4f-ac2cf0c56ff5', 9, true, '{"mandatory":{"errorMessage":"","errorSummary":""}}', true),
    ('6733623a-7a56-4f9a-be61-fbe9030ad851', '70348c31-66aa-4e10-b0a5-4644e7fb85ff', 'question', 'f7dd78a8-7f04-4fde-8a4f-ac2cf0c56ff5', 10, true, null, true),
    ('7caf51d6-1d1b-4e9a-90f2-dab65cad9602', '49ec3bae-2726-4a43-84de-0e63e9f98bb1', 'question', 'f7dd78a8-7f04-4fde-8a4f-ac2cf0c56ff5', 11, true, null, true),
    ('43bb1192-a720-4c5d-b51e-0066993c53a2', 'bbb91ec0-140a-4e2f-a28b-31cad3545c5b', 'question', 'f7dd78a8-7f04-4fde-8a4f-ac2cf0c56ff5', 12, true, null, true),
    ('3d0419e6-0de5-47be-a636-63d6b40fda5a', 'a7ceb029-04d0-48f9-91de-8e2afbd5f47a', 'question', 'f7dd78a8-7f04-4fde-8a4f-ac2cf0c56ff5', 13, true, null, true),
    ('e0906f29-b352-41a3-9797-e9d0f53750c9', '558c142a-b3d1-4a5c-a1e4-12917d8353e0', 'question', 'f7dd78a8-7f04-4fde-8a4f-ac2cf0c56ff5', 14, true, null, true),
    ('17f5a233-a4bc-453b-918e-058f32e3d1cb', 'cfed0f26-3fb3-4c9d-bd91-22ca04af3734', 'question', 'f7dd78a8-7f04-4fde-8a4f-ac2cf0c56ff5', 15, true, '{"mandatory":{"errorMessage":"","errorSummary":""}}', true),
    ('0da763c9-195e-43db-94d5-1d90286d9a76', '783d7918-b217-48a5-b50b-d958253ac646', 'question', 'f7dd78a8-7f04-4fde-8a4f-ac2cf0c56ff5', 16, true, '{"mandatory":{"errorMessage":"","errorSummary":""}}', true),
    ('dd6afc3e-9a8b-4892-8891-59f29ecb3821', 'f3e03d17-015c-46d7-bf33-52c5d8503c08', 'question', 'f7dd78a8-7f04-4fde-8a4f-ac2cf0c56ff5', 17, true, null, true),
    ('742d5672-1ed0-4ec4-89a1-7c9b4f8da1c1', 'deaf25bc-0677-4d3f-9d09-c7c44c7c34c7', 'question', 'f7dd78a8-7f04-4fde-8a4f-ac2cf0c56ff5', 18, true, null, true),
    ('0077a17f-1040-4d7f-bc86-1ac31db2730f', '1ef76cd5-2d77-4e2a-9fb6-8f9aa5d4b657', 'question', 'f7dd78a8-7f04-4fde-8a4f-ac2cf0c56ff5', 19, true, null, true),
    ('821dfb32-5fe0-4ed9-852c-c9c47a11bebc', 'ee346f9f-2d49-4070-afc2-4f9dabc1efa7', 'question', 'f7dd78a8-7f04-4fde-8a4f-ac2cf0c56ff5', 20, true, null, true),
    ('e1239553-390c-4a4f-a50c-988ef4699f49', '3eff7d61-dd85-4ecf-a91d-92d8ffd4fec9', 'question', 'f7dd78a8-7f04-4fde-8a4f-ac2cf0c56ff5', 21, true, null, true),
    ('5c406155-1851-4a5c-9da8-d1f6294c8282', '92f76d3e-23c2-4a6e-b213-4e9f98c460cb', 'question', 'f7dd78a8-7f04-4fde-8a4f-ac2cf0c56ff5', 22, true, null, true),
    ('f7b25a74-57c1-48f1-8e16-3aca3446c29c', '78b595f6-efed-405e-9d6e-07882db416a6', 'group', '5d77fc6b-0001-4955-ad54-7f417becc7c8', 2, true, null, false),
    ('2a4f415c-355a-4f0d-aec6-527cfe7d2938', '1eb2db19-6e1b-42e2-a758-38aa20d469ea', 'question', '78b595f6-efed-405e-9d6e-07882db416a6', 1, true, null, true),
    ('4f524e75-97d2-4d18-b4dd-934685a8f809', 'c5d01278-2059-48d3-9005-a4ffff64ed7d', 'question', '78b595f6-efed-405e-9d6e-07882db416a6', 2, true, null, true),
    ('52b79e1a-068c-4f0f-ab2f-1b772f396eab', 'f693bf6e-be3b-4f5c-8a06-aefeddea311b', 'question', '78b595f6-efed-405e-9d6e-07882db416a6', 3, true, null, true),
    ('db832730-4039-43ca-b7a0-521e19ca6029', '1f7de807-3018-4830-bc69-b5b02266fa12', 'question', '78b595f6-efed-405e-9d6e-07882db416a6', 4, true, '{"mandatory":{"errorMessage":"Enter a telephone number","errorSummary":"Enter a telephone number"}}', true),
    ('6f48e050-a125-4f8c-9fb9-d826e4e16ef9', '5af89c42-ffa2-4a29-8975-ab0eb8770a1c', 'question', '78b595f6-efed-405e-9d6e-07882db416a6', 5, true, null, true),
    ('beb5a438-6856-49ee-8346-7878666db725', 'ead7aa8a-e20d-4822-9b3b-aedf186333b1', 'question', '78b595f6-efed-405e-9d6e-07882db416a6', 6, true, '{"mandatory":{"errorMessage":"select a LDU","errorSummary":"Select a LDU"}}', true),
    ('63b1d4c7-8802-4d21-a1db-6bd0bab01f9b', 'a64dc082-980a-43e0-b443-cf196f35d571', 'question', '78b595f6-efed-405e-9d6e-07882db416a6', 7, true, '{"mandatory":{"errorMessage":"Select a team","errorSummary":"Select a team"}}', true),
    ('08724c71-8a20-4e64-a8e6-494c02483c47', '10c93cf5-cc0c-404b-b6e4-da176db45527', 'question', '78b595f6-efed-405e-9d6e-07882db416a6', 8, true, null, true),
    ('9c084cc3-9fe3-4e0e-b85f-b0b888e14fc8', 'd9ca82ca-8684-49e4-b7eb-91fb0effed91', 'question', '78b595f6-efed-405e-9d6e-07882db416a6', 9, true, null, true),
    ('545904f7-72a1-4d11-b0f8-348b73cf65c1', 'eef973e6-f493-4460-b094-2162fc8dc7e9', 'question', '78b595f6-efed-405e-9d6e-07882db416a6', 10, true, null, true),
    ('f8d12ae6-c154-40f2-969d-4a7227c5707d', 'c2cb3e8b-a544-4b72-a533-223498fcb986', 'question', '78b595f6-efed-405e-9d6e-07882db416a6', 11, true, '{"mandatory":{"errorMessage":"","errorSummary":""}}', true),
    ('fef7ecfd-d51d-4a9a-92de-896ab101b167', 'd9d1df65-9878-4a76-bbae-9e7685ea4efa', 'group', '65a3924c-4130-4140-b7f4-cc39a52603bb', 2, true, null, false),
    ('ea78b172-01a8-413f-82f2-5022f823f8e7', '3cc4f4cb-a351-430b-adfb-3ad8ab9b5166', 'group', 'd9d1df65-9878-4a76-bbae-9e7685ea4efa', 1, true, null, false),
    ('a3f5412a-414d-40b3-8938-bfd9ce3b7d0b', '2b93527c-a545-4e41-9fb4-98ee127af393', 'question', '3cc4f4cb-a351-430b-adfb-3ad8ab9b5166', 1, true, '{"mandatory":{"errorMessage":"","errorSummary":""}}', false),
    ('f5328975-cd06-42b7-b5f9-19433905474a', 'd9846a60-5ba6-450f-9934-2c9646771f9d', 'question', '3cc4f4cb-a351-430b-adfb-3ad8ab9b5166', 2, true, '{"mandatory":{"errorMessage":"","errorSummary":""}}', false),
    ('d2430b52-596c-4f7c-99aa-a5f3dbdbab85', '61feebd9-afe5-43ef-94a5-27c400453eba', 'group', '65a3924c-4130-4140-b7f4-cc39a52603bb', 3, true, null, false),
    ('51c559c2-9e6e-477a-be85-0550e55c60e4', 'eb7b7324-f2a6-4902-91ef-709a8fab1f82', 'group', '61feebd9-afe5-43ef-94a5-27c400453eba', 1, true, null, false),
    ('7319e170-09ec-4cc2-8bf6-49633c9a69b1', '0bc681b4-7f70-477e-8ef5-0daaf8aa0495', 'question', 'eb7b7324-f2a6-4902-91ef-709a8fab1f82', 1, true, '{"mandatory":{"errorMessage":"","errorSummary":""}}', true),
    ('f70630c8-98f8-42d4-ad3b-c0619bcccc0e', '54b03faa-efc0-49ef-9add-7581dca17d70', 'question', 'eb7b7324-f2a6-4902-91ef-709a8fab1f82', 2, true, null, true),
    ('5cf5aff8-674f-4243-9f97-f8747ce403a3', '91c83565-91dc-4876-97d7-f186ce04584c', 'question', 'eb7b7324-f2a6-4902-91ef-709a8fab1f82', 3, true, null, true),
    ('9bc10727-574d-49f3-867b-8b798adab4d7', 'de19c962-bd78-428f-ad29-ab002e7ef25a', 'question', 'eb7b7324-f2a6-4902-91ef-709a8fab1f82', 4, true, '{"mandatory":{"errorMessage":"","errorSummary":""}}', true),
    ('084c48c4-83c1-4f1c-a31f-8afdd2d1163b', '96d6c7fd-c755-4dad-b3be-8619674c8ad7', 'question', 'eb7b7324-f2a6-4902-91ef-709a8fab1f82', 5, true, '{"mandatory":{"errorMessage":"","errorSummary":""}}', true),
    ('f4071f05-6034-453c-9ed9-07338631daf2', 'd84cef29-893b-4e92-bc98-12a2b4fe75b6', 'question', 'eb7b7324-f2a6-4902-91ef-709a8fab1f82', 6, true, '{"mandatory":{"errorMessage":"Enter the number of court appearances at which convicted, or received a conditional or absolute discharge aged under 18 years","errorSummary":"Enter the number of court appearances at which convicted, or received a conditional or absolute discharge aged under 18 years"}}', false),
    ('b363d930-68ae-4607-8961-1c0801f499dc', 'feb7ffe9-1e59-4516-9cb8-a1a41f37078f', 'question', 'eb7b7324-f2a6-4902-91ef-709a8fab1f82', 7, true, '{"mandatory":{"errorMessage":"Enter the number of court appearances at which convicted, or received a conditional or absolute discharge aged 18 years and over. Do not include current appearances.","errorSummary":"Enter the number of court appearances at which convicted, or received a conditional or absolute discharge aged 18 years and over. Do not include current appearances."}}', false),
    ('09b41a03-c678-4780-8847-bbeae3437ebb', '53daee33-2c52-48af-99cc-178c483bcf09', 'question', 'eb7b7324-f2a6-4902-91ef-709a8fab1f82', 8, true, null, false),
    ('c9773820-1c8e-42b1-b90f-5200036e660c', '48bdcea3-55a6-4916-9040-2ea3770a0331', 'question', 'eb7b7324-f2a6-4902-91ef-709a8fab1f82', 9, true, null, true),
    ('ef356c0c-a7b5-4214-95c4-f5cefb3db7c8', '6cc878a7-299d-439b-9c73-53af55cbce2f', 'question', 'eb7b7324-f2a6-4902-91ef-709a8fab1f82', 10, true, '{"mandatory":{"errorMessage":"Enter the number of previous formal cautions, reprimands and final warnings","errorSummary":"Enter the number of previous formal cautions, reprimands and final warnings"}}', false),
    ('fcf15e32-198c-4fe2-8702-9a8425b5e864', 'd3c32fb8-8194-4bd9-8562-21fa2d752b26', 'question', 'eb7b7324-f2a6-4902-91ef-709a8fab1f82', 11, true, null, false),
    ('b32718a6-2c7c-477d-8fb4-0cffc4312bfb', 'f5d1dd7c-1774-4c76-89c2-a47240ad98ba', 'question', 'eb7b7324-f2a6-4902-91ef-709a8fab1f82', 12, true, null, false),
    ('613f0959-c8a8-4db4-94dd-b0074b47218d', '58d3efd1-65a1-439b-952f-b2826ffa5e71', 'question', 'eb7b7324-f2a6-4902-91ef-709a8fab1f82', 13, true, '{"mandatory":{"errorMessage":"Select yes or no","errorSummary":"Select yes or no (sexual or sexually-motivated offence)"}}', false),
    ('a72f5505-a017-4ba3-b3fa-fc376ee2196a', '86ee742c-4bfb-4e29-afca-04ad35a3abda', 'question', 'eb7b7324-f2a6-4902-91ef-709a8fab1f82', 14, true, '{"mandatory":{"errorMessage":"Select yes or no","errorSummary":"Select yes or no (contact against a stranger victim)"}}', false),
    ('01c47539-0f0c-422e-b954-8e1da9a7bb4f', 'a00223d0-1c20-43b5-8076-8a292ca25773', 'question', 'eb7b7324-f2a6-4902-91ef-709a8fab1f82', 15, true, '{"mandatory":{"errorMessage":"Enter the date of the most recent sanction involving a sexual or sexually motivated offence","errorSummary":"Enter the date of the most recent sanction involving a sexual or sexually motivated offence"}}', false),
    ('22087c97-11eb-4624-8780-75c387ae41b1', '466d3da9-2d4b-4f8c-a958-90d188c956b4', 'question', 'eb7b7324-f2a6-4902-91ef-709a8fab1f82', 16, true, '{"mandatory":{"errorMessage":"Enter the number of previous or current sanctions involving contact adult sexual or sexually motivated offences","errorSummary":"Enter the number of previous or current sanctions involving contact adult sexual or sexually motivated offences"}}', false),
    ('44bb86bf-a9eb-4bab-b023-ae2032d8879c', 'bb7f891c-557a-4bfb-972c-f6d8c291ecc3', 'question', 'eb7b7324-f2a6-4902-91ef-709a8fab1f82', 17, true, '{"mandatory":{"errorMessage":"Enter the number of previous or current sanctions involving contact child sexual or sexually offences","errorSummary":"Enter the number of previous or current sanctions involving contact child sexual or sexually motivated offences"}}', false),
    ('215ebcb8-1535-4ae3-b015-b7da3c70ef0d', '758c1ba6-f62c-4e73-8423-079db2d451e6', 'question', 'eb7b7324-f2a6-4902-91ef-709a8fab1f82', 18, true, '{"mandatory":{"errorMessage":"Enter the number of previous or current sanctions involving indecent child image sexual or sexually motivated offences","errorSummary":"Enter the number of previous or current sanctions involving indecent child image sexual or sexually motivated offences"}}', false),
    ('4c535879-dbc4-4de3-9f79-acc069877412', '46154597-8bc1-45a1-be0b-eba578bd7a3a', 'question', 'eb7b7324-f2a6-4902-91ef-709a8fab1f82', 19, true, '{"mandatory":{"errorMessage":"Enter the number of previous or current sanctions involving other non-contact sexual or sexually motivated offences","errorSummary":"Number of previous or current sanctions involving other non-contact sexual or sexually motivated offences"}}', false),
    ('c33c5f46-b797-494c-a770-920e1c3d352b', '5cd344d4-acf3-45a9-9493-5dda5aa9dfa8', 'question', 'eb7b7324-f2a6-4902-91ef-709a8fab1f82', 20, true, '{"mandatory":{"errorMessage":"","errorSummary":"Enter a date"}}', false),
    ('5d6427b4-82ab-4ffd-991e-b724685a78af', 'ebf96a74-c140-47d8-b37f-62cff68f41c0', 'group', '61feebd9-afe5-43ef-94a5-27c400453eba', 2, true, null, false),
    ('3f6385bd-8de8-4a61-bce9-29dca69af5e4', '420c2ffe-8f2c-49b3-a523-674af3197b9e', 'question', 'ebf96a74-c140-47d8-b37f-62cff68f41c0', 1, true, '{"mandatory":{"errorMessage":"","errorSummary":"Select yes or no (interview completion)"}}', false),
    ('9789740c-99e4-4fdb-adc7-c87727a9e232', 'bd629547-eab9-46d5-910d-2416b431950f', 'question', 'ebf96a74-c140-47d8-b37f-62cff68f41c0', 2, true, '{"mandatory":{"errorMessage":"","errorSummary":"Select yes or no (carrying or using weapon)"}}', false),
    ('c884a545-676e-4e80-be8e-611660d6cb62', '7f076a91-2702-438f-81ba-c15ebfab1b02', 'question', 'ebf96a74-c140-47d8-b37f-62cff68f41c0', 3, true, '{"mandatory":{"errorMessage":"","errorSummary":""}}', false),
    ('7c4127c8-7557-4268-b625-8b381a66393c', 'ed0e988a-38a4-4f9f-9691-08fb695cbed9', 'question', 'ebf96a74-c140-47d8-b37f-62cff68f41c0', 4, true, '{"mandatory":{"errorMessage":"Select the degree to which this is an issue","errorSummary":"Select the degree to which this is an issue (suitability of accommodation)"}}', false),
    ('dff21b6d-c400-4dda-9867-f059938cfe6c', '3211a668-8878-4e88-8457-8250bfe65aea', 'question', 'ebf96a74-c140-47d8-b37f-62cff68f41c0', 5, true, '{"mandatory":{"errorMessage":"","errorSummary":"Enter yes or no (unemployed now or on release)"}}', false),
    ('114f0c30-b9df-40b0-a80f-ca66bb218bf4', '1970ba5e-91cb-4ad3-9f04-64d5b5b7157b', 'question', 'ebf96a74-c140-47d8-b37f-62cff68f41c0', 6, true, '{"mandatory":{"errorMessage":"Select the degree to which this is an issue","errorSummary":"Select the degree to which this is an issue (current relationship with partner)"}}', false),
    ('ceb8013b-5c2e-4a9c-954c-55381528e2b2', 'f04dd882-0a0d-49f5-9736-91eeadbff9e7', 'question', 'ebf96a74-c140-47d8-b37f-62cff68f41c0', 7, true, '{"mandatory":{"errorMessage":"Select yes or no","errorSummary":"Select yes or no (perpetrator of domestic violence or partner abuse?)"}}', false),
    ('80ee7052-e65a-4a14-a898-46ebe07acd1a', 'fb98f8b1-58ed-4aac-85b1-404f84270b95', 'question', 'ebf96a74-c140-47d8-b37f-62cff68f41c0', 8, true, '{"mandatory":{"errorMessage":"Select victim or perpetrator","errorSummary":"Select victim or perpetrator"}}', false),
    ('9969804d-b4d9-46e7-a48b-42d6d70fcf37', 'f0416e89-3a71-46d1-8fa2-aebd886dcb34', 'question', 'ebf96a74-c140-47d8-b37f-62cff68f41c0', 9, true, '{"mandatory":{"errorMessage":"Select the degree to which this is an issue","errorSummary":"Select the degree to which this is an issue (current use of alcohol)"}}', false),
    ('a4590696-d25a-4417-ab5e-145e883e5f65', '574618c3-27f4-4dd2-94bb-6de74126ff22', 'question', 'ebf96a74-c140-47d8-b37f-62cff68f41c0', 10, true, '{"mandatory":{"errorMessage":"Select the degree to which this is an issue","errorSummary":"Select the degree to which this is an issue (evidence of binge drinking or excessive alcohol use)"}}', false),
    ('b4545251-5c2b-4910-9d58-0715186e5c65', '5a90a38d-ee0a-4775-994c-addf3397b817', 'question', 'ebf96a74-c140-47d8-b37f-62cff68f41c0', 11, true, '{"mandatory":{"errorMessage":"Select the degree to which this is an issue","errorSummary":"Select the degree to which this is an issue (impulsivity)"}}', false),
    ('9d080b7d-47fb-44a1-9373-c594026f7f0a', 'd0619e6b-cc90-4031-90c6-ab15e06cc779', 'question', 'ebf96a74-c140-47d8-b37f-62cff68f41c0', 12, true, '{"mandatory":{"errorMessage":"Select the degree to which this is an issue","errorSummary":"Select the degree to which this is an issue (temper control)"}}', false),
    ('2e72e832-3e84-47bb-8c85-6d141475b70e', '2f1b543b-1e69-4f7e-a61c-6d21ff967432', 'question', 'ebf96a74-c140-47d8-b37f-62cff68f41c0', 13, true, '{"mandatory":{"errorMessage":"Select the degree to which this is an issue","errorSummary":"Select the degree to which this is an issue (pro-criminal attitudes)"}}', false),
    ('cf105b71-1341-4e1c-859e-36e25c51c5bb', '4dab51be-e9f8-4ca1-8765-b58e07e137ba', 'question', 'ebf96a74-c140-47d8-b37f-62cff68f41c0', 14, true, '{"mandatory":{"errorMessage":"Select yes or no","errorSummary":"Select yes or no (risk assessment)"}}', false),
    ('cc67ea62-55ac-41ba-8d47-7734502ee4e8', '1e1159e1-6092-4e22-9e29-5734654baeda', 'group', '65a3924c-4130-4140-b7f4-cc39a52603bb', 4, true, null, false),
    ('4c488009-eccb-4f56-b8c4-a247d73c9dd5', '946091d2-4038-4e2b-9283-83cc4876f6ed', 'group', '1e1159e1-6092-4e22-9e29-5734654baeda', 1, true, null, false),
    ('1725d187-37e5-4edd-adeb-ed036e866f9b', 'c2a60b0e-2019-4108-ade3-6df3f23dde5a', 'question', '946091d2-4038-4e2b-9283-83cc4876f6ed', 1, true, '{"mandatory":{"errorMessage":"Select any previous convictions","errorSummary":"Select any previous convictions"}}', false),
    ('96cefe22-7fdf-43c1-987c-3656714779a5', '87531e74-2c67-4c86-9a34-2e5a08be6580', 'question', '946091d2-4038-4e2b-9283-83cc4876f6ed', 2, true, null, false),
    ('da962991-9541-4d6b-817b-86dffbf96b69', 'e9bbea38-d1d8-4358-aa6a-5f79d44d8461', 'question', '946091d2-4038-4e2b-9283-83cc4876f6ed', 3, true, null, false),
    ('adc422e1-fc6f-4f01-8784-4aeb0717ff1a', '10bcb346-42a9-4501-9469-c924fbf875f3', 'question', '946091d2-4038-4e2b-9283-83cc4876f6ed', 4, true, null, false),
    ('cbea2936-4c88-476f-9dc6-28633724079c', 'cb02474c-e1d8-4a24-917b-88d0611dabf8', 'question', '946091d2-4038-4e2b-9283-83cc4876f6ed', 5, true, null, false),
    ('07c2d05e-1f89-4576-b1a2-4efe8297b8c5', '7de9e887-9dc4-40f3-b888-c49cb3e6dce0', 'question', '946091d2-4038-4e2b-9283-83cc4876f6ed', 6, true, null, false),
    ('bae76069-8186-4c71-94fd-6ff43b1d5331', 'e5d603cf-4a27-4c23-8e8c-47df797fdd0b', 'question', '946091d2-4038-4e2b-9283-83cc4876f6ed', 7, true, null, false),
    ('5def88e1-51e3-4a94-b549-fee65ba341e3', 'abe98154-9a39-4415-9e7d-fa21ead1af89', 'question', '946091d2-4038-4e2b-9283-83cc4876f6ed', 8, true, null, false),
    ('2bbdce7a-3775-4201-a361-f6a891dd5fff', '892ecb86-517a-4485-9f0b-5772df8455de', 'question', '946091d2-4038-4e2b-9283-83cc4876f6ed', 9, true, null, false),
    ('f228b4ca-7b2f-47eb-a935-47086980c3d7', '02c167fb-2011-4a88-95cf-e8ae7c3de5a2', 'question', '946091d2-4038-4e2b-9283-83cc4876f6ed', 10, true, null, false),
    ('2128b361-3c05-45db-b654-3144ed299933', '823c8fca-a594-424d-90da-7a8b6813a44a', 'question', '946091d2-4038-4e2b-9283-83cc4876f6ed', 11, true, null, false),
    ('41b0dde6-42cd-4b73-92a4-c0376dca6352', '7e09cbd3-de1d-4d56-919e-208d3221fb58', 'question', '946091d2-4038-4e2b-9283-83cc4876f6ed', 12, true, null, false),
    ('978f0d42-d283-4e98-befb-c5c78a55b864', 'fccfc5c2-b212-4336-b4dc-085ee34fd652', 'question', '946091d2-4038-4e2b-9283-83cc4876f6ed', 13, true, null, false),
    ('15f0715e-cc84-4e87-b7d8-446316e23c80', '404ebe65-35c0-4769-938b-95afbc03f049', 'question', '946091d2-4038-4e2b-9283-83cc4876f6ed', 14, true, null, false),
    ('7d8dd778-eb22-428a-9d9c-c935126f9f8f', '9fe2a213-9c11-454c-818e-88509cb44fac', 'question', '946091d2-4038-4e2b-9283-83cc4876f6ed', 15, true, null, false),
    ('5756fb6c-7b7a-4409-b47f-03a04a6fd2f6', '9ae5176a-3e90-4876-8e98-c629a198df24', 'question', '946091d2-4038-4e2b-9283-83cc4876f6ed', 16, true, null, false),
    ('f5d782e2-082b-463f-a677-286acfdda379', 'e23653ff-2b5b-4ecf-8154-b3ff4a6aea3a', 'question', '946091d2-4038-4e2b-9283-83cc4876f6ed', 17, true, null, false),
    ('971ca88b-938e-44f1-80b3-770a43a4c065', '0dd75d47-c713-4e65-ae73-7038dc0d9e6b', 'question', '946091d2-4038-4e2b-9283-83cc4876f6ed', 18, true, null, false),
    ('71782154-1616-4d85-a065-d3a9fd26c963', '295db7d3-337d-4060-af83-3658e0fef059', 'question', '946091d2-4038-4e2b-9283-83cc4876f6ed', 19, true, '{"mandatory":{"errorMessage":"","errorSummary":""}}', false),
    ('509cbba7-0e38-4555-b9fc-ff100f5430a0', '14ab8b61-8811-4d47-b6f2-8881619f0aa3', 'question', '946091d2-4038-4e2b-9283-83cc4876f6ed', 20, true, null, false),
    ('5579da7e-08f4-4e2d-a994-d755e4af0abf', 'c7e8cc27-b805-4a4b-bb8d-3689c6206d46', 'question', '946091d2-4038-4e2b-9283-83cc4876f6ed', 21, true, null, false),
    ('1dcb1507-cf22-40ae-837b-9a6c7782a95b', '8d1d257c-8618-45ac-adba-01bc4a0d67af', 'question', '946091d2-4038-4e2b-9283-83cc4876f6ed', 22, true, null, false),
    ('cc0a3df6-abbf-43da-8d45-f5ee2de96534', 'b2184cac-a2a0-46a1-88b9-19ae4b64cabd', 'question', '946091d2-4038-4e2b-9283-83cc4876f6ed', 23, true, null, false),
    ('a7b0b2ed-4278-4732-8d1a-077f3a032032', 'af20af57-388e-4ee1-824d-0a516623dbf9', 'question', '946091d2-4038-4e2b-9283-83cc4876f6ed', 24, true, null, false),
    ('f4edb6c9-4664-4c51-94e9-ef6013ee1e9d', 'f2b7c14a-ee13-4cbc-b9d4-0ba5594b6c8b', 'question', '946091d2-4038-4e2b-9283-83cc4876f6ed', 25, true, null, false),
    ('9602f925-7874-43f6-9981-194548524cb3', 'ca4b265c-7be9-4c7a-ab6e-b947bdf375af', 'question', '946091d2-4038-4e2b-9283-83cc4876f6ed', 26, true, null, false),
    ('319c8933-e1e1-4522-b0b4-f9f25a69dde6', '66cb63ce-4cf8-43b3-95cb-0da1ee953717', 'question', '946091d2-4038-4e2b-9283-83cc4876f6ed', 27, true, null, false),
    ('e1fbc613-ddde-4e49-9271-6f101de826e0', '3aa0b6d0-886b-4682-936d-9c23aabf090e', 'question', '946091d2-4038-4e2b-9283-83cc4876f6ed', 28, true, null, false),
    ('e1c2feb1-6030-40ce-9d2e-25a82a81bbaf', '29e76b3e-3ee6-4387-ac10-50aca26ffa2a', 'question', '946091d2-4038-4e2b-9283-83cc4876f6ed', 29, true, null, false),
    ('baea43aa-e2dd-40e6-9e96-3be9356a109d', '1c82ab38-b8d9-4e10-b783-407297d6f292', 'question', '946091d2-4038-4e2b-9283-83cc4876f6ed', 30, true, null, false),
    ('b4cdb3c5-155f-43c1-a096-89b201415716', 'be1fb2dc-2237-4cf6-91d6-33505e8e1676', 'question', '946091d2-4038-4e2b-9283-83cc4876f6ed', 31, true, null, false),
    ('4be94dc4-8351-4b5a-bbf5-e3c8d9cc03fc', 'd97b7227-515b-41f6-ba37-ca243ecf9f65', 'question', '946091d2-4038-4e2b-9283-83cc4876f6ed', 32, true, null, false),
    ('e8ea07a8-afc3-4b80-a84b-520560504242', 'bb6ebcbf-cffd-4675-9228-5711e63a7d0f', 'question', '946091d2-4038-4e2b-9283-83cc4876f6ed', 33, true, null, false),
    ('31086ec8-4ce6-4a90-8e6a-be950b58ba7c', '95e79ec5-f020-45bc-985a-9beb8a9f060d', 'question', '946091d2-4038-4e2b-9283-83cc4876f6ed', 34, true, null, false),
    ('915a38a8-1479-431a-bdb2-ab6357249b6f', '4970b373-a526-418b-9df1-b105ad4135fa', 'question', '946091d2-4038-4e2b-9283-83cc4876f6ed', 35, true, '{"mandatory":{"errorMessage":"Select yes, no or don''t know","errorSummary":"Select yes, no or don''t know"}}', false),
    ('156357d9-5cdf-48bc-88a4-6b510d9c8aac', '6c8f4b63-5c8d-4ca6-b611-23c2c6be6b19', 'question', '946091d2-4038-4e2b-9283-83cc4876f6ed', 36, true, '{"mandatory":{"errorMessage":"Select yes, no or don''t know","errorSummary":"Select yes, no or don''t know (concerns in relation to children)"}}', false),
    ('bf2b6ab0-41d2-488d-82b4-91c85a47c9eb', 'a5653874-d9dd-45d9-8cce-caac576fe190', 'question', '946091d2-4038-4e2b-9283-83cc4876f6ed', 37, true, '{"mandatory":{"errorMessage":"Select yes, no or don''t know","errorSummary":"Select yes, no or don''t know (contacting social services)"}}', false),
    ('342991ea-97df-4b8a-b2cc-90418dbeb9ba', '991117ce-8e1a-4c1c-9cd4-962c7979fce2', 'group', '1e1159e1-6092-4e22-9e29-5734654baeda', 2, true, null, false),
    ('5c28d8ac-c145-4162-a433-6038ecbdef0b', 'f2de0ecb-b004-47c9-98c4-71ad81f84d70', 'question', '991117ce-8e1a-4c1c-9cd4-962c7979fce2', 1, true, '{"mandatory":{"errorMessage":"","errorSummary":""}}', false),
    ('da89fcda-a8e7-46b8-9629-47c2f4092d2f', 'b7d3e56e-4df0-4152-b92d-edb51e2e95a9', 'question', '991117ce-8e1a-4c1c-9cd4-962c7979fce2', 2, true, '{"mandatory":{"errorMessage":"Select yes, no or don''t know","errorSummary":"Select yes, no or don''t know (risk of suicide)"}}', false),
    ('8eec385d-3b88-45dc-9be2-32adb67c50a6', 'b7572668-fe3c-4688-9a2f-27d70b7ccbc1', 'question', '991117ce-8e1a-4c1c-9cd4-962c7979fce2', 3, true, '{"mandatory":{"errorMessage":"Select yes, no or don''t know","errorSummary":"Select yes, no or don''t know (risk of self-harm)"}}', false),
    ('369f71ec-3982-44c9-ba83-9d3e38a604e0', 'be770fd2-5c0b-4d02-b1b1-8590edcf5f4e', 'question', '991117ce-8e1a-4c1c-9cd4-962c7979fce2', 4, true, '{"mandatory":{"errorMessage":"Select yes, no or don''t know","errorSummary":"Select yes, no or don''t know (coping in custody or a hostel setting)"}}', false),
    ('746900dc-fc00-45b1-abc6-814b5f865268', 'a13e68d3-4334-4b37-9d4d-6b929b73026a', 'question', '991117ce-8e1a-4c1c-9cd4-962c7979fce2', 5, true, '{"mandatory":{"errorMessage":"Select yes, no or don''t know","errorSummary":"Select yes, no or don''t know (vulnerability)"}}', false),
    ('5751b5c1-6a98-4520-97c5-465a7a24273a', '5594f062-78b0-4245-bcd3-9f71c3040cfb', 'group', '1e1159e1-6092-4e22-9e29-5734654baeda', 3, true, null, false),
    ('e3bda1bf-7be0-4e0d-b70f-3037e3f7cbde', 'cb045896-9854-4418-a32a-6046c1a59929', 'question', '5594f062-78b0-4245-bcd3-9f71c3040cfb', 1, true, '{"mandatory":{"errorMessage":"","errorSummary":""}}', false),
    ('01b6eaab-a612-4ecc-bbbb-df79fb8c9789', '52f0b70c-e4d2-4620-a913-e56dff7d07b8', 'question', '5594f062-78b0-4245-bcd3-9f71c3040cfb', 2, true, '{"mandatory":{"errorMessage":"Select yes, no or don''t know","errorSummary":"Select yes, no or don''t know (escape or abscond)"}}', false),
    ('568cf2af-6532-48c1-a0ca-23315e144bfc', '0b21d158-e98d-418c-8df8-e464d30935e5', 'question', '5594f062-78b0-4245-bcd3-9f71c3040cfb', 3, true, '{"mandatory":{"errorMessage":"Select yes, no or don''t know","errorSummary":"Select yes, no or don''t know (control issues or disruptive behaviour)"}}', false),
    ('673944db-baed-48ed-b1a8-b8e36b540733', '25e6061c-0829-427f-aac3-e4f6a33775c3', 'question', '5594f062-78b0-4245-bcd3-9f71c3040cfb', 4, true, '{"mandatory":{"errorMessage":"Select yes, no or don''t know","errorSummary":"Select yes, no or don''t know (concerns in respect of breach of trust)"}}', false),
    ('ea8568fa-238f-4638-9977-4bc72d3299f2', '9e716a4d-89bb-4e39-8928-dfcf6e4aef88', 'question', '5594f062-78b0-4245-bcd3-9f71c3040cfb', 5, true, '{"mandatory":{"errorMessage":"Select yes, no or don''t know","errorSummary":"Select yes, no or don''t know (risks to other prisoners)"}}', false),
    ('736edeac-878c-4595-a9d2-033c23f09831', '7ec33f07-eb93-444c-a1d5-3fdf0b805689', 'question', '5594f062-78b0-4245-bcd3-9f71c3040cfb', 6, true, '{"mandatory":{"errorMessage":"Select yes, no or don''t know","errorSummary":"Select yes, no or don''t know (other things to consider regarding whether a full analysis is required)"}}', false),
    ('ecf438c0-07d8-443d-b67c-0b8451ada929', 'f21a22f7-6f6b-4c2a-b27f-d4c3b9123322', 'question', '5594f062-78b0-4245-bcd3-9f71c3040cfb', 7, true, '{"mandatory":{"errorMessage":"Enter details","errorSummary":"Enter details"}}', false),
    ('ac4ef07e-bafb-41c8-8c0b-48a051cc60a1', '1b277bcd-6dd4-4a8a-bb83-cbf72bc38033', 'question', '5594f062-78b0-4245-bcd3-9f71c3040cfb', 8, true, '{"mandatory":{"errorMessage":"Select yes or no","errorSummary":"Select yes or no (full risk of harm analysis)"}}', false),
    ('2d794a37-e17d-44bb-9ec4-47628d02c7c3', 'f50dded4-4095-45cd-87cb-5d6df42f0045', 'question', '5594f062-78b0-4245-bcd3-9f71c3040cfb', 9, true, '{"mandatory":{"errorMessage":"Enter details","errorSummary":"Enter details"}}', false),
    ('944e1852-5ef9-46fb-9a9f-bc2436c6e4d5', '7773691f-7244-4415-b410-17c495bf9a59', 'group', '65a3924c-4130-4140-b7f4-cc39a52603bb', 5, true, null, false),
    ('56fc41aa-75f6-41f4-a274-cb0e170275ea', 'b5447925-aec6-4563-9180-96e33065285f', 'group', '7773691f-7244-4415-b410-17c495bf9a59', 1, true, null, false),
    ('ad9ab59b-3594-4ace-bd30-ff2445ca0e50', '40f3ce03-9ba5-4539-9fed-1816b731bd12', 'question', 'b5447925-aec6-4563-9180-96e33065285f', 1, true, '{"mandatory":{"errorMessage":"","errorSummary":""}}', false),
    ('e5d9e404-8e06-47ca-8c40-85c92dd0c711', '5974af31-268a-4413-be23-6285cfe61346', 'question', 'b5447925-aec6-4563-9180-96e33065285f', 2, true, '{"mandatory":{"errorMessage":"Enter offence details","errorSummary":"Enter offence details"}}', false),
    ('fd4349c2-8316-473f-bba2-60d7db518e53', 'e3da3b38-2c6e-49fd-91d9-938105098136', 'question', 'b5447925-aec6-4563-9180-96e33065285f', 3, true, '{"mandatory":{"errorMessage":"Say where and when they did it","errorSummary":"Say where and when they did it"}}', false),
    ('a7b6c7e5-0ba6-435e-b53a-0f1913a141bf', '31a47ad0-6d66-4478-94c8-65ef70091dee', 'question', 'b5447925-aec6-4563-9180-96e33065285f', 4, true, '{"mandatory":{"errorMessage":"Say how they did it","errorSummary":"Say how they did it"}}', false),
    ('82e267ae-dcca-4e7e-ad14-c2b284b29e7f', '90d93a85-d0d6-4b79-9320-c1054f0c00df', 'question', 'b5447925-aec6-4563-9180-96e33065285f', 5, true, '{"mandatory":{"errorMessage":"Enter the victims","errorSummary":"Enter the victims"}}', false),
    ('4336309c-feb7-4fa2-9dcb-f1d4bc220228', 'c3bf9231-5b7d-43d7-bbee-952c78ee7788', 'question', 'b5447925-aec6-4563-9180-96e33065285f', 6, true, '{"mandatory":{"errorMessage":"Say if anyone else was present or involved","errorSummary":"Say if anyone else was present or involved"}}', false),
    ('90a86029-d002-4d99-ae8e-7f8cdd343318', '8d5404d8-a633-4789-aa03-68061e3bf373', 'question', 'b5447925-aec6-4563-9180-96e33065285f', 7, true, '{"mandatory":{"errorMessage":"Say why they did it","errorSummary":"Say why they did it"}}', false),
    ('06d86239-fe8c-4f95-807a-71c4be79da1c', 'd4d40a81-3a9b-48fa-8380-ee7a35444b86', 'question', 'b5447925-aec6-4563-9180-96e33065285f', 8, true, '{"mandatory":{"errorMessage":"Enter sources of information","errorSummary":"Enter sources of information"}}', false),
    ('9d5ba50f-8e8d-49b3-9e83-393363e4ff96', 'd135b927-945b-4a7d-b625-4c74c5049886', 'group', '7773691f-7244-4415-b410-17c495bf9a59', 2, true, null, false),
    ('2f7e7373-bf28-4f27-8a09-e27085c3f08b', '65373dba-95aa-4b6e-b2d8-fafa1abd5ae4', 'question', 'd135b927-945b-4a7d-b625-4c74c5049886', 1, true, '{"mandatory":{"errorMessage":"","errorSummary":""}}', false),
    ('c881aef3-e69a-4f91-baab-77ed44c6c684', '2b0d4124-a1f6-4d4b-89e5-4cb3abfc38fe', 'question', 'd135b927-945b-4a7d-b625-4c74c5049886', 2, true, '{"mandatory":{"errorMessage":"Say exactly what they did","errorSummary":"Say exactly what they did"}}', false),
    ('a2a330ac-c68d-4679-aea7-1570d7175692', '52a9bc59-c243-4e54-8d2c-005fb266f632', 'question', 'd135b927-945b-4a7d-b625-4c74c5049886', 3, true, '{"mandatory":{"errorMessage":"Say where and when they did it","errorSummary":"Say where and when they did it"}}', false),
    ('8c99d2d1-3da9-4b87-aab5-d7912229c7cf', '0ba2c568-8625-47a3-a911-6066188d7e94', 'question', 'd135b927-945b-4a7d-b625-4c74c5049886', 4, true, '{"mandatory":{"errorMessage":"Say how they did it","errorSummary":"Say how they did it"}}', false),
    ('12114877-118a-44bf-b1c4-56df77955981', '627f694d-efb1-4556-bbea-a7d93179cf3f', 'question', 'd135b927-945b-4a7d-b625-4c74c5049886', 5, true, '{"mandatory":{"errorMessage":"Enter the victims","errorSummary":"Enter the victims"}}', false),
    ('116abe76-f5dc-4658-ac61-8ad37efe4479', '48866fe6-50e2-4347-901b-95317679a249', 'question', 'd135b927-945b-4a7d-b625-4c74c5049886', 6, true, '{"mandatory":{"errorMessage":"Say if anyone else was present or involved","errorSummary":"Say if anyone else was present or involved"}}', false),
    ('8f027f4a-e9d4-4e2f-83e0-37aac74d6bd7', 'cf9a187c-18f1-4ccd-a3ff-fcc1f128496a', 'question', 'd135b927-945b-4a7d-b625-4c74c5049886', 7, true, '{"mandatory":{"errorMessage":"Say why they dd it","errorSummary":"Say why they dd it"}}', false),
    ('5ac55e33-d899-4640-817a-aa6ee882be85', 'dc3a8ff2-2a6c-4582-9fbe-84a57bfac28d', 'question', 'd135b927-945b-4a7d-b625-4c74c5049886', 8, true, '{"mandatory":{"errorMessage":"Enter sources of information","errorSummary":"Enter sources of information"}}', false),
    ('87147b9e-e472-44ac-acdb-b9aac72b5a95', '76704e7d-71bb-46e3-b78d-73a85de99198', 'group', '7773691f-7244-4415-b410-17c495bf9a59', 3, true, null, false),
    ('17eeb31f-25fb-4385-968d-a21e657c8408', 'c22bebc9-003c-4fa1-971c-d62074f4ea2c', 'question', '76704e7d-71bb-46e3-b78d-73a85de99198', 1, true, '{"mandatory":{"errorMessage":"","errorSummary":""}}', false),
    ('e3a32a87-3b8c-45ff-8762-0175ad997db6', 'a2f4a30f-1448-4281-9c09-96d66db07601', 'question', '76704e7d-71bb-46e3-b78d-73a85de99198', 2, true, '{"mandatory":{"errorMessage":"","errorSummary":""}}', false),
    ('f789608a-e218-4842-94e2-78a9c7d7c528', '7714eddc-a028-484e-8505-b132364ca648', 'question', '76704e7d-71bb-46e3-b78d-73a85de99198', 3, true, '{"mandatory":{"errorMessage":"Select yes or no","errorSummary":"Select yes or no (risk to identifiable children)"}}', false),
    ('0cbc61f1-1a1a-4e92-93f3-fa7cde7538e1', 'bd694469-173a-4388-b1c3-eadea9aa1a75', 'question', '76704e7d-71bb-46e3-b78d-73a85de99198', 4, true, '{"mandatory":{"errorMessage":"Enter details of relevant factors and situations","errorSummary":"Enter details of relevant factors and situations"}}', false),
    ('58053c51-155f-4780-81b5-83a5431a5312', 'ea039639-7f05-496d-8bcf-12e5f2f96a27', 'question', '76704e7d-71bb-46e3-b78d-73a85de99198', 5, true, '{"mandatory":{"errorMessage":"Select yes or no","errorSummary":"Select yes or no (identifiable children at risk from others)"}}', false),
    ('0978cad7-3240-4abb-905f-816743cf23f6', '5824adec-fe20-4504-8c15-2d8d5053b47e', 'question', '76704e7d-71bb-46e3-b78d-73a85de99198', 6, true, '{"mandatory":{"errorMessage":"Explain the individual''s involvement in the family","errorSummary":"Explain the individual''s involvement in the family"}}', false),
    ('91cf35be-e8d4-4838-939e-c51c365d3704', '42222235-2e18-4de6-a9e2-95f5a628b605', 'group', '7773691f-7244-4415-b410-17c495bf9a59', 4, true, null, false),
    ('6795ad6d-1aa5-45a2-a622-64e180f93a97', '59b77990-875e-47ef-8b39-607fb48b254c', 'question', '42222235-2e18-4de6-a9e2-95f5a628b605', 1, true, '{"mandatory":{"errorMessage":"","errorSummary":""}}', false),
    ('efa68a14-74d4-478f-8c81-9a1d87abbe9d', 'b46893d5-b69f-4743-addd-57bc2a5651c7', 'question', '42222235-2e18-4de6-a9e2-95f5a628b605', 2, true, '{"mandatory":{"errorMessage":"Enter name","errorSummary":"Enter name"}}', false),
    ('d4e7c1b0-25c7-499b-bf74-9987d61dd08d', 'a1a44650-d22a-45e3-88c6-8c4a9075938c', 'question', '42222235-2e18-4de6-a9e2-95f5a628b605', 3, true, '{"mandatory":{"errorMessage":"Enter age","errorSummary":"Enter age"}}', false),
    ('088ed6ee-2f87-48ba-b85c-21da5a5f9dea', 'af8444f9-9e71-49e0-b171-8a88006a589e', 'question', '42222235-2e18-4de6-a9e2-95f5a628b605', 4, true, '{"mandatory":{"errorMessage":"Enter date of birth","errorSummary":"Enter date of birth"}}', false),
    ('30b58bf0-37e2-427b-9ce9-1b2878521358', 'a840a988-ca2e-45bc-9b5e-c4382d2eefed', 'question', '42222235-2e18-4de6-a9e2-95f5a628b605', 5, true, '{"mandatory":{"errorMessage":"Select gender","errorSummary":"Select gender"}}', false),
    ('b7b30c41-115b-467c-9fed-40c956efefc2', 'ac9308db-2dea-4b20-8b23-b0badfc992aa', 'question', '42222235-2e18-4de6-a9e2-95f5a628b605', 6, true, '{"mandatory":{"errorMessage":"Enter address","errorSummary":"Enter address"}}', false),
    ('f5735675-3e51-4526-9b22-7980b9a972fa', '43cddd02-3f2f-472f-8211-ebc5b109ec7a', 'question', '42222235-2e18-4de6-a9e2-95f5a628b605', 7, true, '{"mandatory":{"errorMessage":"Select yes or no","errorSummary":"Select yes or no"}}', false),
    ('fa3d15ac-c947-4696-b513-c794a0e2d8c0', '362b2ae7-7eae-42e8-9725-d7a76cb241ae', 'question', '42222235-2e18-4de6-a9e2-95f5a628b605', 8, true, '{"mandatory":{"errorMessage":"Select yes or no","errorSummary":"Select yes or no"}}', false),
    ('6d675854-dfa1-4e22-a05f-0cedd9585cc3', '16b0d3cd-77b7-4ab5-a394-38edb45d7b0f', 'question', '42222235-2e18-4de6-a9e2-95f5a628b605', 9, true, '{"mandatory":{"errorMessage":"Select a currentcategory of child protection registration","errorSummary":"Select a current category of child protection registration"}}', false),
    ('a76c2449-0c0b-43f5-a77d-ee32bb1093af', '9e3d1286-93d6-42a3-9ed1-2d81a1170ce5', 'question', '42222235-2e18-4de6-a9e2-95f5a628b605', 10, true, '{"mandatory":{"errorMessage":"Select a previous category of child protection registration","errorSummary":"Select a previous category of child protection registration"}}', false),
    ('efe87a5e-a948-4446-b9f2-8c27d3ebe6d0', '92e5004b-071b-4049-87ff-0f641357b687', 'question', '42222235-2e18-4de6-a9e2-95f5a628b605', 11, true, '{"mandatory":{"errorMessage":"Selecy yes or no","errorSummary":"Select yes or no (child protection conferences or reviews)"}}', false),
    ('096d6246-af1d-4bd4-85d6-9a0be686ad19', '04a8eea7-18a4-4a5b-bbbb-9fe04e322abe', 'question', '42222235-2e18-4de6-a9e2-95f5a628b605', 12, true, '{"mandatory":{"errorMessage":"Enter details of child protection conferences, child protection decisions and looked after children review dates","errorSummary":"Enter details of child protection conferences, child protection decisions and looked after children review dates"}}', false),
    ('7e99138a-3680-4c86-8b19-b7ceac6a8a27', 'e474f386-d90e-41ca-b17f-ee45c724dbc4', 'question', '42222235-2e18-4de6-a9e2-95f5a628b605', 13, true, '{"mandatory":{"errorMessage":"Enter Local Authority Children’s Services  key worker name, address and telephone number,","errorSummary":"Enter Local Authority Children’s Services  key worker name, address and telephone number,"}}', false),
    ('4cfd4d03-7fce-44a0-bd13-7d2642da1371', 'e68d9e2b-5a67-449a-85dc-a941504cdd0c', 'question', '42222235-2e18-4de6-a9e2-95f5a628b605', 14, true, '{"mandatory":{"errorMessage":"Enter other agencies and personnel involved","errorSummary":"Enter other agencies and personnel involved"}}', false),
    ('a433be9c-0196-4abb-b0d4-0bf5cbd8f512', '0a4914e4-2a46-4e0d-945c-86764f20f55f', 'question', '42222235-2e18-4de6-a9e2-95f5a628b605', 15, true, '{"mandatory":{"errorMessage":"Enter additional information","errorSummary":"Enter additional information"}}', false),
    ('982a3a01-bf05-4e6c-a66d-82b74e79f5a5', '196c4afb-3dbd-4f2f-a051-6244d8ba15c0', 'question', '42222235-2e18-4de6-a9e2-95f5a628b605', 16, true, '{"mandatory":{"errorMessage":"Enter date that child protection issues came to assessor’s attention","errorSummary":"Enter date that child protection issues came to assessor’s attention"}}', false),
    ('b29c35d5-344f-42ae-a413-0a2d9e026225', '6c3504a2-ee53-45fe-8e6a-36250e3dd185', 'group', '7773691f-7244-4415-b410-17c495bf9a59', 5, true, null, false),
    ('40bc8e9b-6650-4edb-8771-4a2acc5f6e8e', '20ec9f5d-a93c-401a-bafa-14adff4e140a', 'question', '6c3504a2-ee53-45fe-8e6a-36250e3dd185', 1, true, '{"mandatory":{"errorMessage":"Select yes, no or don''t know","errorSummary":"Select yes, no or don''t know (current concerns about suicide)"}}', false),
    ('88d019d0-0d2e-48e4-a7c1-4a1bcceb0959', '5fd36d00-8ab3-44e9-8cd6-79deffcdd6ed', 'question', '6c3504a2-ee53-45fe-8e6a-36250e3dd185', 2, true, '{"mandatory":{"errorMessage":"Select yes, no or don''t know","errorSummary":"Select yes, no or don''t know (current concerns about self-harm)"}}', false),
    ('1d5db97b-2c6d-4f4f-9b90-19ec8c82ba97', '2096b72c-ac71-4664-ad4f-051c2a56a137', 'question', '6c3504a2-ee53-45fe-8e6a-36250e3dd185', 3, true, '{"mandatory":{"errorMessage":"Enter circumstances, issues and needs that relate to current concerns ","errorSummary":"Enter circumstances, issues and needs that relate to current concerns "}}', false),
    ('55766d2d-7e13-4be2-9503-9e488dfe4136', 'decd2e3c-ccc7-4067-9cec-05b5144070f6', 'question', '6c3504a2-ee53-45fe-8e6a-36250e3dd185', 4, true, '{"mandatory":{"errorMessage":"Select yes or no","errorSummary":"Select yes or no (is there a current ACCT?)"}}', false),
    ('4be36e39-e6db-45e4-a918-69b2d0a9fd85', 'fce3b416-4145-4a4a-afed-51dbf8fa4e7d', 'question', '6c3504a2-ee53-45fe-8e6a-36250e3dd185', 5, true, '{"mandatory":{"errorMessage":"Enter book number","errorSummary":"Enter book number"}}', false),
    ('1dcc8594-266c-452c-a27b-3bcb2da26d4f', '4629e693-ba5f-4d94-a54a-279cfdc30e21', 'question', '6c3504a2-ee53-45fe-8e6a-36250e3dd185', 6, true, '{"mandatory":{"errorMessage":"Enter any past concerns about suicide","errorSummary":"Enter any past concerns about suicide"}}', false),
    ('3f9da1bc-e486-403c-b5f4-c577771653b3', 'ee92d71a-29b5-497c-998f-d7f645c7ae16', 'question', '6c3504a2-ee53-45fe-8e6a-36250e3dd185', 7, true, '{"mandatory":{"errorMessage":"Enter details","errorSummary":"Enter deails"}}', false),
    ('0879db19-16d2-4e17-95f9-b357afb7e7f3', 'bc8bf6f0-f9f7-4119-baff-68fccd2467fd', 'question', '6c3504a2-ee53-45fe-8e6a-36250e3dd185', 8, true, '{"mandatory":{"errorMessage":"Select yes or no","errorSummary":"Select yes or no (concerns about self-harm)"}}', false),
    ('9d137b15-bf69-4252-b507-b58caa4f8d0f', '32e2fb0f-a6d0-4dc5-b6fc-6c7313542926', 'question', '6c3504a2-ee53-45fe-8e6a-36250e3dd185', 9, true, '{"mandatory":{"errorMessage":"Enter details","errorSummary":"Enter deails"}}', false),
    ('c2e4614f-601a-4f18-8865-19d117f6e52b', '3485b4c8-bba9-4032-ae7e-fb0aeab36d8b', 'group', '7773691f-7244-4415-b410-17c495bf9a59', 6, true, null, false),
    ('55a3cbc9-63f2-4f27-87e3-c7426d3b6bf0', '2268c757-98a1-4d38-9cc1-c9f82851307f', 'question', '3485b4c8-bba9-4032-ae7e-fb0aeab36d8b', 1, true, '{"mandatory":{"errorMessage":"Select yes, no or N/A","errorSummary":"Select yes, no or N/A (current concerns about coping in custody)"}}', false),
    ('af480119-7ed1-4e46-a0c4-31ae834d9831', 'e39d1b50-89fc-4dbd-b250-6a9f07b3d15a', 'question', '3485b4c8-bba9-4032-ae7e-fb0aeab36d8b', 2, true, '{"mandatory":{"errorMessage":"Select yes, no or N/A","errorSummary":"Select yes, no or N/A (current concerns about coping in a hostel setting)"}}', false),
    ('49d005d7-7b86-4048-a37f-49e100785dbb', '65d9368d-67a5-4412-a2ce-f416def28b1a', 'question', '3485b4c8-bba9-4032-ae7e-fb0aeab36d8b', 3, true, '{"mandatory":{"errorMessage":"Describe circumstances, issues and needs","errorSummary":"Describe circumstances, issues and needs"}}', false),
    ('c89261b9-287b-4f6f-9d63-4337a061bdb1', '09bd660e-8fff-41d8-931e-c1d0c986ae7d', 'question', '3485b4c8-bba9-4032-ae7e-fb0aeab36d8b', 4, true, '{"mandatory":{"errorMessage":"Select yes, no or N/A","errorSummary":"Select yes, no or N/A (previous concerns about coping in custody)"}}', false),
    ('07e803a5-2784-4a0e-872d-794040162b2e', 'da7f3d19-852c-405f-b22d-53c6535a7598', 'question', '3485b4c8-bba9-4032-ae7e-fb0aeab36d8b', 5, true, '{"mandatory":{"errorMessage":"Select yes, no or don''t know","errorSummary":"Select yes, no or don''t know (previous concerns about coping in a hostel setting)"}}', false),
    ('1b350c37-f188-477d-9e7f-cdde672f4b10', 'f81a610b-665e-4f75-b9ca-a92734431416', 'question', '3485b4c8-bba9-4032-ae7e-fb0aeab36d8b', 6, true, '{"mandatory":{"errorMessage":"Describe circumstances, issues and needs","errorSummary":"Describe circumstances, issues and needs"}}', false),
    ('51e62446-3712-4730-b85c-536531de0cd7', 'b5334e5f-b793-4400-8ea1-67c316b2d44f', 'group', '7773691f-7244-4415-b410-17c495bf9a59', 7, true, null, false),
    ('5a1ef335-5bb7-4df6-8c7e-84d87f7a7f54', '31eb26f4-667f-45cb-bf58-4e7c249cd8b9', 'question', 'b5334e5f-b793-4400-8ea1-67c316b2d44f', 1, true, '{"mandatory":{"errorMessage":"Select yes or no","errorSummary":"Select yes or no (current concerns about vulnerability)"}}', false),
    ('b19d2f80-8d07-4ee3-9467-836fa6d3c4eb', '0a871fb8-8583-4e91-bc03-50918a5c8972', 'question', 'b5334e5f-b793-4400-8ea1-67c316b2d44f', 2, true, '{"mandatory":{"errorMessage":"Describe circumstances, relevant issues and needs","errorSummary":"Describe circumstances, relevant issues and needs"}}', false),
    ('a5e176d7-ac54-45b3-b154-27f75d8a0844', 'd827e751-4094-4e6a-8f59-08f8ca29bb22', 'question', 'b5334e5f-b793-4400-8ea1-67c316b2d44f', 3, true, '{"mandatory":{"errorMessage":"Select yes, no or don''t know","errorSummary":"Select yes, no or don''t know (previous concerns about vulnerability)"}}', false),
    ('bbb18e94-cb9b-4442-864f-167fea692eb4', '9f3d250d-bf0c-4a7c-8072-04b9d10f8268', 'question', 'b5334e5f-b793-4400-8ea1-67c316b2d44f', 4, true, '{"mandatory":{"errorMessage":"Describe circumstances, relevant issues and needs","errorSummary":"Describe circumstances, relevant issues and needs"}}', false),
    ('cc47a038-ab66-4498-9806-79c7a586b8e6', '1801ecdd-953e-4565-8063-c83bd19b4866', 'question', 'b5334e5f-b793-4400-8ea1-67c316b2d44f', 5, true, '{"mandatory":{"errorMessage":"Select yes or no","errorSummary":"Select yes or no (risk of serious harm to others)"}}', false),
    ('58823b6f-ec22-41b7-a358-17b539d4f42b', 'eef1b29b-15d6-41b1-b2d9-f307da40e3d3', 'question', 'b5334e5f-b793-4400-8ea1-67c316b2d44f', 6, true, '{"mandatory":{"errorMessage":"Describe circumstances, relevant issues and needs","errorSummary":"Describe circumstances, relevant issues and needs"}}', false),
    ('b291ee09-e840-4c2f-970f-56f37090d3db', '3c70d53a-08c5-4f30-a144-12e5c6e14205', 'group', '7773691f-7244-4415-b410-17c495bf9a59', 8, true, null, false),
    ('b21c4f44-d40d-4704-b68e-393482c8cb46', '10cd0e95-7af7-4f55-9a96-2bd60d56c21e', 'question', '3c70d53a-08c5-4f30-a144-12e5c6e14205', 1, true, '{"mandatory":{"errorMessage":"Select yes or no","errorSummary":"Select yes or no (current concerns about escape or abscond)"}}', false),
    ('b5d25a85-597e-4c37-be59-3350dd9b8ff8', 'ae3fcd52-ccae-4555-95e1-2aa6c541e4b5', 'question', '3c70d53a-08c5-4f30-a144-12e5c6e14205', 2, true, '{"mandatory":{"errorMessage":"Describe circumstances, relevant issues and needs","errorSummary":"Describe circumstances, relevant issues and needs"}}', false),
    ('77851c86-825e-4199-8949-ed8218e9ac10', 'bec9ddc7-f094-48e8-8c5e-83e59720cacc', 'question', '3c70d53a-08c5-4f30-a144-12e5c6e14205', 3, true, '{"mandatory":{"errorMessage":"Select yes, no or N/A","errorSummary":"Select yes, no or N/A (previous concerns about escape or abscond)"}}', false),
    ('d0113a1d-344f-4a56-9723-98c852d86a3a', 'aa01b40f-e0cc-41f0-a751-0a04d1016a6c', 'question', '3c70d53a-08c5-4f30-a144-12e5c6e14205', 4, true, '{"mandatory":{"errorMessage":"Describe circumstances, relevant issues and needs","errorSummary":"Describe circumstances, relevant issues and needs"}}', false),
    ('9e652539-674d-4f32-8278-d38d807518d4', '22be9048-33a7-4e56-a8f4-8c4e2a62524c', 'group', '7773691f-7244-4415-b410-17c495bf9a59', 9, true, null, false),
    ('89a39ce3-1cc4-470a-9819-5266290c8078', '569dcb48-7d70-4d52-adce-a80f00b8dc91', 'question', '22be9048-33a7-4e56-a8f4-8c4e2a62524c', 1, true, '{"mandatory":{"errorMessage":"Select yes or no","errorSummary":"Select yes or no (current concerns about control and disruptive behaviour)"}}', false),
    ('1c6dbde5-5ddf-4f64-9eed-947a73bbe636', '8040cc23-0ffd-4425-b0fb-1b5ee34834a4', 'question', '22be9048-33a7-4e56-a8f4-8c4e2a62524c', 2, true, '{"mandatory":{"errorMessage":"Describe circumstances, relevant issues and needs","errorSummary":"Describe circumstances, relevant issues and needs"}}', false),
    ('f31ef51c-0a06-4ae8-8c78-b7695b99636a', 'e84fc24d-798b-4e5b-9142-46b9bebc6bdb', 'question', '22be9048-33a7-4e56-a8f4-8c4e2a62524c', 3, true, '{"mandatory":{"errorMessage":"Select yes, no or don''t know","errorSummary":"Select yes, no or don''t know (previous concerns about control and disruptive behaviour)"}}', false),
    ('090d8c01-2236-4a91-a80c-975715a93cca', 'ad6cdfee-6ed6-43a0-9dae-d108b62e4ae6', 'question', '22be9048-33a7-4e56-a8f4-8c4e2a62524c', 4, true, '{"mandatory":{"errorMessage":"Describe circumstances, relevant issues and needs","errorSummary":"Describe circumstances, relevant issues and needs"}}', false),
    ('b769e087-03b0-4837-94e0-93619ea26f7e', 'e807624f-c59e-4b21-b749-2432b08f60f9', 'group', '7773691f-7244-4415-b410-17c495bf9a59', 10, true, null, false),
    ('04d859c1-87a1-4481-9070-883fc4335b0f', '1ff5bd0f-c500-47d5-8f13-0d29d46e7c56', 'question', 'e807624f-c59e-4b21-b749-2432b08f60f9', 1, true, '{"mandatory":{"errorMessage":"Select yes or no","errorSummary":"Select yes or no (current concerns about breach of trust)"}}', false),
    ('3e9ce3f0-ff59-48cb-ad4c-a7cb68eac2a0', 'ebc8e739-627f-48de-b864-3ba001fe09d9', 'question', 'e807624f-c59e-4b21-b749-2432b08f60f9', 2, true, '{"mandatory":{"errorMessage":"Describe circumstances, relevant issues and needs","errorSummary":"Describe circumstances, relevant issues and needs"}}', false),
    ('97e5df2d-7f26-42ef-9406-a6d25316cf48', 'c5f95ef6-70f9-460a-86cb-93d404489c0a', 'question', 'e807624f-c59e-4b21-b749-2432b08f60f9', 3, true, '{"mandatory":{"errorMessage":"Select yes, no or don''t know","errorSummary":"Select yes, no or don''t know (previous concerns about breach of trust)"}}', false),
    ('d347072f-e116-46b1-ad73-6f9ee34c8b8d', '00c3001c-a5fe-434a-9d83-629cc097ea07', 'question', 'e807624f-c59e-4b21-b749-2432b08f60f9', 4, true, '{"mandatory":{"errorMessage":"Describe circumstances, relevant issues and needs","errorSummary":"Describe circumstances, relevant issues and needs"}}', false),
    ('d042142a-7262-4a70-bb84-e103db84d9ce', '121f7277-c0fc-4cdf-a02c-049f73993cbd', 'group', '7773691f-7244-4415-b410-17c495bf9a59', 11, true, null, false),
    ('742798b5-7ac4-4f32-b617-b3713d9eacc5', '65db97f0-b928-45f5-ae63-1744b810d958', 'question', '121f7277-c0fc-4cdf-a02c-049f73993cbd', 1, true, '{"mandatory":{"errorMessage":"Say who is at risk","errorSummary":"Say who is at risk"}}', false),
    ('5d045cbe-d102-4efa-9486-eca3f0ae80e5', 'a1be8ea7-817c-4eff-9534-3a503be9ecbd', 'question', '121f7277-c0fc-4cdf-a02c-049f73993cbd', 2, true, '{"mandatory":{"errorMessage":"Say the nature of the risk","errorSummary":"Say the nature of the risk"}}', false),
    ('96990c7b-0601-4395-bcdd-889f025318ab', 'aa8645f9-2774-4962-b73e-e1773d88291d', 'group', '7773691f-7244-4415-b410-17c495bf9a59', 12, true, null, false),
    ('c556cfb6-42b0-432f-9526-f51147fb02fa', '4f2b86b8-0b1c-4e76-93c3-9df2e61dc568', 'question', 'aa8645f9-2774-4962-b73e-e1773d88291d', 1, true, '{"mandatory":{"errorMessage":"","errorSummary":""}}', false),
    ('a941ab77-14e1-4f57-99da-9734b145eb7c', '944b9da0-9e44-42c2-96e2-75906945729e', 'question', 'aa8645f9-2774-4962-b73e-e1773d88291d', 2, true, '{"mandatory":{"errorMessage":"Say when the risk is likely to be greatest","errorSummary":"Say when the risk is likely to be greatest"}}', false),
    ('035b9a9d-ec40-4d45-8777-2d63e52a5e1f', '82b58db0-7a55-4f0c-b335-f5803052c584', 'question', 'aa8645f9-2774-4962-b73e-e1773d88291d', 3, true, '{"mandatory":{"errorMessage":"Say what circumstances are likely to increase risk","errorSummary":"Say what circumstances are likely to increase risk"}}', false),
    ('087b0e66-8c79-49d1-9521-58e00347fb31', '3798896c-2308-4b98-b1dc-8c0b45dc2a95', 'question', 'aa8645f9-2774-4962-b73e-e1773d88291d', 4, true, '{"mandatory":{"errorMessage":"Say what factors are likely to reduce the risk","errorSummary":"Say what factors are likely to reduce the risk"}}', false),
    ('8cba33b1-8dca-4d2d-b026-6e9144c9fe60', 'a33c4703-fa0a-4826-99a5-9de753305841', 'group', '7773691f-7244-4415-b410-17c495bf9a59', 13, true, null, false),
    ('415df543-031a-47fb-b719-e67c5a05852a', '0a397207-c6ec-4177-ae2f-abf611de762b', 'question', 'a33c4703-fa0a-4826-99a5-9de753305841', 1, true, '{"mandatory":{"errorMessage":"","errorSummary":""}}', false),
    ('e276ac67-9e8d-4184-a1df-c3f1cdf7d245', '9775e1a6-b83f-4d26-bdef-bcf9d97fe079', 'question', 'a33c4703-fa0a-4826-99a5-9de753305841', 2, true, '{"mandatory":{"errorMessage":"Select a level of risk in the community to children","errorSummary":"Select a level of risk in the community to children"}}', false),
    ('2b402372-39de-492d-9252-af498b65f751', '4521c123-debd-41e0-a25f-01b616d47c8d', 'question', 'a33c4703-fa0a-4826-99a5-9de753305841', 3, true, '{"mandatory":{"errorMessage":"Select a level of risk in the community to the public","errorSummary":"Select a level of risk in the community to the public"}}', false),
    ('bf1934ff-d382-43a0-88b4-bb9b2d43b5ab', '3058326c-ea48-4023-afac-ee1f4e8a8218', 'question', 'a33c4703-fa0a-4826-99a5-9de753305841', 4, true, '{"mandatory":{"errorMessage":"Select a level of risk in the community to known adults","errorSummary":"Select a level of risk in the community to known adults"}}', false),
    ('30b65f3b-8000-4757-877f-ced8f60e5e3d', 'e55a4488-d80f-45e3-afef-30ceb640f423', 'question', 'a33c4703-fa0a-4826-99a5-9de753305841', 5, true, '{"mandatory":{"errorMessage":"Select a level of risk in the community to staff","errorSummary":"Select a level of risk in the community to staff"}}', false),
    ('768c2acb-dad4-4517-b29b-4f56399f55e6', 'f89650c5-ed90-4b5e-b228-a8a7745eae67', 'question', 'a33c4703-fa0a-4826-99a5-9de753305841', 6, true, '{"mandatory":{"errorMessage":"","errorSummary":""}}', false),
    ('47ab4e3d-c568-4c81-9e1d-f22d9e6ad6c4', '60324ce2-3701-4a4e-80cc-808a9afcf276', 'question', 'a33c4703-fa0a-4826-99a5-9de753305841', 7, true, '{"mandatory":{"errorMessage":"Select a level of risk in custody to children","errorSummary":"Select a level of risk in custody to children"}}', false),
    ('a57d112a-7cc9-4c1a-bed3-f1fe47379c06', '050396e4-99e1-4bfe-a328-7af774d4a375', 'question', 'a33c4703-fa0a-4826-99a5-9de753305841', 8, true, '{"mandatory":{"errorMessage":"Select a level of risk in custody to the public","errorSummary":"Select a level of risk in custody to the public"}}', false),
    ('a57b4dfe-c941-49a5-92a7-80d2d9bc72da', '395f4155-c579-49f2-adba-a962a76d423b', 'question', 'a33c4703-fa0a-4826-99a5-9de753305841', 9, true, '{"mandatory":{"errorMessage":"Select a level of risk in the community to known adults","errorSummary":"Select a level of risk in the community to known adults"}}', false),
    ('522a3c28-68a4-4e5b-b1c4-bf2dcbf8d2d1', '7d981fa1-f2bd-4f52-bf95-bcbe48d8fdc5', 'question', 'a33c4703-fa0a-4826-99a5-9de753305841', 10, true, '{"mandatory":{"errorMessage":"Select a level of risk in custody to staff","errorSummary":"Select a level of risk in custody to staff"}}', false),
    ('cc555a63-dc23-4569-8f5a-6e4d7658455f', '172d70dc-e650-41d0-8d00-58f2657d339a', 'question', 'a33c4703-fa0a-4826-99a5-9de753305841', 11, true, '{"mandatory":{"errorMessage":"Select a level of risk in custody to prisoners","errorSummary":"Select a level of risk in custody to prisoners"}}', false),
    ('128b9879-c053-49d0-88c4-2faeb8481890', '4ee1c044-3bf5-472c-8a5f-430a6e7cd325', 'question', 'a33c4703-fa0a-4826-99a5-9de753305841', 12, true, '{"mandatory":{"errorMessage":"Enter the details of any key documents or reports used in this analysis","errorSummary":"Enter the details of any key documents or reports used in this analysis"}}', false),
    ('b94dbcb5-4d27-4f03-8342-ae27099c5df9', '1d69e176-8459-4d30-8410-006828ff8c72', 'group', '7773691f-7244-4415-b410-17c495bf9a59', 14, true, null, false),
    ('533e839e-fc62-461d-9f44-5870ab7f5cea', '2a8bfa03-1367-4259-8f52-98ed5828cc71', 'question', '1d69e176-8459-4d30-8410-006828ff8c72', 1, true, '{"mandatory":{"errorMessage":"","errorSummary":""}}', false),
    ('3ee01a40-8c36-4e14-adf1-00bdc79cd9fd', '7bfd985e-ba11-4517-8235-5454f4910b47', 'question', '1d69e176-8459-4d30-8410-006828ff8c72', 2, true, '{"mandatory":{"errorMessage":"Select yes or no","errorSummary":"Select yes or no (L2 local multi-agency risk management)"}}', false),
    ('57aeb25c-074a-4bc9-a3d4-4f9de9bc975c', '4981293a-d22d-49f4-9aa1-d997fa6fe5b8', 'question', '1d69e176-8459-4d30-8410-006828ff8c72', 3, true, '{"mandatory":{"errorMessage":"Select yes or no","errorSummary":"Select yes or no (L3 MAPP)"}}', false),
    ('2cc10009-4e6d-47c6-b7fb-c46201b1366e', '2a50a680-dcd9-4abd-ba65-5ad5983f679a', 'question', '1d69e176-8459-4d30-8410-006828ff8c72', 4, true, '{"mandatory":{"errorMessage":"","errorSummary":""}}', false),
    ('c899e9e9-eb30-45b6-b920-afa13dee6fd9', '5479cd3f-7828-4f5d-963b-26f4888bc03c', 'question', '1d69e176-8459-4d30-8410-006828ff8c72', 5, true, '{"mandatory":{"errorMessage":"Select yes or no","errorSummary":"Select yes or no (L2 local multi-agency risk management)"}}', false),
    ('4f1267ef-8293-43b3-b849-55f578478705', '448f9fee-d199-41c9-906f-c7973fdd4dbc', 'question', '1d69e176-8459-4d30-8410-006828ff8c72', 6, true, '{"mandatory":{"errorMessage":"Select yes or no","errorSummary":"Select yes or no (L3 MAPP)"}}', false),
    ('1cd32262-8539-4992-9a0d-4e722c60b3fa', '2c1fc504-90ae-48e5-94bf-99bba3f434dd', 'question', '1d69e176-8459-4d30-8410-006828ff8c72', 7, true, '{"mandatory":{"errorMessage":"Select yes or no","errorSummary":"Select yes or no (referred as critical public protection case?)"}}', false),
    ('a36473a2-8bec-4b8e-a5d7-7861f9fcc748', '153abaa1-5381-44b5-a4b9-58979158e3a3', 'question', '1d69e176-8459-4d30-8410-006828ff8c72', 8, true, '{"mandatory":{"errorMessage":"Select yes or no","errorSummary":"Select yes or no (should case be referred now?)"}}', false),
    ('b8ccf85e-be83-4108-aebd-5ba90d706fb4', 'e0012fb9-8050-49e3-aa5c-f47b41c59a04', 'question', '1d69e176-8459-4d30-8410-006828ff8c72', 9, true, '{"mandatory":{"errorMessage":"Select yes or no","errorSummary":"Select yes or no (should case be referred pre-release?)"}}', false),
    ('bd0eb2a7-bafc-4a51-bbd5-70d6217cecad', 'cc389fab-e16e-4717-a043-c0db16982e01', 'question', '1d69e176-8459-4d30-8410-006828ff8c72', 10, true, '{"mandatory":{"errorMessage":"Select yes or no","errorSummary":"Select yes or no (required to register under Sex Offender Act?)"}}', false),
    ('b5ff7252-7f7a-4604-9322-35dc10164e9e', '0495bc20-2211-4c9b-b8f9-549a169549ad', 'question', '1d69e176-8459-4d30-8410-006828ff8c72', 11, true, '{"mandatory":{"errorMessage":"Select yes or no","errorSummary":"Select yes or no (have they registered?)"}}', false),
    ('6abe526b-e269-455e-b475-e6124fd0e9e1', 'c076395e-0e40-46d8-b665-ee0b74f8370c', 'question', '1d69e176-8459-4d30-8410-006828ff8c72', 12, true, '{"mandatory":{"errorMessage":"Select yes or no","errorSummary":"Select yes or no (are they disqualified from working with children?)"}}', false),
    ('8cf97455-05b2-4f6f-8e24-aba467d05639', '7697e7cb-7da6-4137-8084-1610e6b91af9', 'question', '1d69e176-8459-4d30-8410-006828ff8c72', 13, true, '{"mandatory":{"errorMessage":"Select yes or no","errorSummary":"Select yes or no (have they  present or previous conviction against a child?)"}}', false),
    ('3251de2c-fdab-4ee7-9ff4-11a4be6b06e2', '0d910a5a-c964-41a4-ae44-583bcf355e9d', 'question', '1d69e176-8459-4d30-8410-006828ff8c72', 14, true, '{"mandatory":{"errorMessage":"Select yes or no","errorSummary":"Select yes or no (are they an ongoing risk to children?)"}}', false),
    ('58208fd1-952a-4581-9302-c005dd6271c3', '7954e117-966a-470f-b577-f7dc36ae269e', 'question', '1d69e176-8459-4d30-8410-006828ff8c72', 15, true, '{"mandatory":{"errorMessage":"Select yes or no","errorSummary":"Select yes or no (notification to authorities prior to release)"}}', false),
    ('0c2628ef-85cd-48cb-bc42-adbc4f3ba985', '106e8722-04b3-4f55-b661-1eb250e1d5f6', 'question', '1d69e176-8459-4d30-8410-006828ff8c72', 16, true, '{"mandatory":{"errorMessage":"Select yes or no","errorSummary":"Select yes or no (subject to Prison Service Order 4400?)"}}', false),
    ('12caf29f-ab05-47b6-b0a8-fa6f63261b4a', '0a7bc16c-5213-4a1a-8cd2-f29162eab17d', 'question', '1d69e176-8459-4d30-8410-006828ff8c72', 17, true, '{"mandatory":{"errorMessage":"Select yes or no","errorSummary":"Select yes or no (conditionally discharged under Mental Health Act?)"}}', false),
    ('f75a098f-1a9b-4c8a-98bf-cf14588dae00', 'b06ab9df-16b9-4dd2-8a91-1f45aeaa4f2c', 'question', '1d69e176-8459-4d30-8410-006828ff8c72', 18, true, '{"mandatory":{"errorMessage":"Select yes or no","errorSummary":"Select yes or no (on life licence?)"}}', false);


INSERT INTO question_dependency (subject_question_uuid, trigger_question_uuid, trigger_answer_value, dependency_start, display_inline)
VALUES ('86ee742c-4bfb-4e29-afca-04ad35a3abda', '58d3efd1-65a1-439b-952f-b2826ffa5e71', 'YES', '2020-11-30 14:50:00', false),
    ('a00223d0-1c20-43b5-8076-8a292ca25773', '58d3efd1-65a1-439b-952f-b2826ffa5e71', 'YES', '2020-11-30 14:50:00', false),
    ('466d3da9-2d4b-4f8c-a958-90d188c956b4', '58d3efd1-65a1-439b-952f-b2826ffa5e71', 'YES', '2020-11-30 14:50:00', false),
    ('bb7f891c-557a-4bfb-972c-f6d8c291ecc3', '58d3efd1-65a1-439b-952f-b2826ffa5e71', 'YES', '2020-11-30 14:50:00', false),
    ('758c1ba6-f62c-4e73-8423-079db2d451e6', '58d3efd1-65a1-439b-952f-b2826ffa5e71', 'YES', '2020-11-30 14:50:00', false),
    ('46154597-8bc1-45a1-be0b-eba578bd7a3a', '58d3efd1-65a1-439b-952f-b2826ffa5e71', 'YES', '2020-11-30 14:50:00', false),
    ('7f076a91-2702-438f-81ba-c15ebfab1b02', 'bd629547-eab9-46d5-910d-2416b431950f', 'Y', '2020-11-30 14:50:00', true),
    ('9ae5176a-3e90-4876-8e98-c629a198df24', '9fe2a213-9c11-454c-818e-88509cb44fac', 'Current offence', '2020-11-30 14:50:00', true),
    ('9ae5176a-3e90-4876-8e98-c629a198df24', '9fe2a213-9c11-454c-818e-88509cb44fac', 'Previous offence', '2020-11-30 14:50:00', true),
    ('0dd75d47-c713-4e65-ae73-7038dc0d9e6b', 'e23653ff-2b5b-4ecf-8154-b3ff4a6aea3a', 'Current offence', '2020-11-30 14:50:00', true),
    ('0dd75d47-c713-4e65-ae73-7038dc0d9e6b', 'e23653ff-2b5b-4ecf-8154-b3ff4a6aea3a', 'Previous offence', '2020-11-30 14:50:00', true),
    ('bd694469-173a-4388-b1c3-eadea9aa1a75', '7714eddc-a028-484e-8505-b132364ca648', 'Y', '2020-11-30 14:50:00', true),
    ('5824adec-fe20-4504-8c15-2d8d5053b47e', 'ea039639-7f05-496d-8bcf-12e5f2f96a27', 'Y', '2020-11-30 14:50:00', true),
    ('04a8eea7-18a4-4a5b-bbbb-9fe04e322abe', '92e5004b-071b-4049-87ff-0f641357b687', 'Y', '2020-11-30 14:50:00', true),
    ('2096b72c-ac71-4664-ad4f-051c2a56a137', '20ec9f5d-a93c-401a-bafa-14adff4e140a', 'If Y or Don''t know', '2020-11-30 14:50:00', true),
    ('2096b72c-ac71-4664-ad4f-051c2a56a137', '5fd36d00-8ab3-44e9-8cd6-79deffcdd6ed', 'If Y or Don''t know', '2020-11-30 14:50:00', true),
    ('ee92d71a-29b5-497c-998f-d7f645c7ae16', '4629e693-ba5f-4d94-a54a-279cfdc30e21', 'If Yes', '2020-11-30 14:50:00', true),
    ('32e2fb0f-a6d0-4dc5-b6fc-6c7313542926', 'bc8bf6f0-f9f7-4119-baff-68fccd2467fd', 'If Yes', '2020-11-30 14:50:00', true),
    ('65d9368d-67a5-4412-a2ce-f416def28b1a', '2268c757-98a1-4d38-9cc1-c9f82851307f', 'Y', '2020-11-30 14:50:00', true),
    ('65d9368d-67a5-4412-a2ce-f416def28b1a', 'e39d1b50-89fc-4dbd-b250-6a9f07b3d15a', 'Y', '2020-11-30 14:50:00', true),
    ('f81a610b-665e-4f75-b9ca-a92734431416', '09bd660e-8fff-41d8-931e-c1d0c986ae7d', 'Y', '2020-11-30 14:50:00', true),
    ('f81a610b-665e-4f75-b9ca-a92734431416', 'da7f3d19-852c-405f-b22d-53c6535a7598', 'Y', '2020-11-30 14:50:00', true),
    ('0a871fb8-8583-4e91-bc03-50918a5c8972', '31eb26f4-667f-45cb-bf58-4e7c249cd8b9', 'Y', '2020-11-30 14:50:00', true),
    ('9f3d250d-bf0c-4a7c-8072-04b9d10f8268', 'd827e751-4094-4e6a-8f59-08f8ca29bb22', 'Y', '2020-11-30 14:50:00', true),
    ('eef1b29b-15d6-41b1-b2d9-f307da40e3d3', '1801ecdd-953e-4565-8063-c83bd19b4866', 'Y', '2020-11-30 14:50:00', true),
    ('ae3fcd52-ccae-4555-95e1-2aa6c541e4b5', '10cd0e95-7af7-4f55-9a96-2bd60d56c21e', 'Y', '2020-11-30 14:50:00', true),
    ('aa01b40f-e0cc-41f0-a751-0a04d1016a6c', 'bec9ddc7-f094-48e8-8c5e-83e59720cacc', 'Y', '2020-11-30 14:50:00', true),
    ('8040cc23-0ffd-4425-b0fb-1b5ee34834a4', '569dcb48-7d70-4d52-adce-a80f00b8dc91', 'Y', '2020-11-30 14:50:00', true),
    ('ad6cdfee-6ed6-43a0-9dae-d108b62e4ae6', 'e84fc24d-798b-4e5b-9142-46b9bebc6bdb', 'Y', '2020-11-30 14:50:00', true),
    ('ebc8e739-627f-48de-b864-3ba001fe09d9', '1ff5bd0f-c500-47d5-8f13-0d29d46e7c56', 'Y', '2020-11-30 14:50:00', true),
    ('00c3001c-a5fe-434a-9d83-629cc097ea07', 'c5f95ef6-70f9-460a-86cb-93d404489c0a', 'Y', '2020-11-30 14:50:00', true);


INSERT INTO oasys_question_mapping (mapping_uuid, question_schema_uuid, ref_section_code, logical_page, ref_question_code, fixed_field)
VALUES ('9905a862-94a0-434a-b5ae-ff7b9a77c7c4', '33923c1e-e3ba-4c02-ba42-3b8d828f9e18', 'OFFIN', null, 'family_name', true),
    ('bfa43ca9-5751-44b4-aebf-c48c3cec12f7', '2d6f7515-dd03-4cfc-b365-6739e1251498', 'OFFIN', null, 'forename', true),
    ('c02e9785-1491-4146-8f93-b620a6454cc4', '83612e87-a57c-4b20-ab6d-76148e61a37b', 'OFFIN', null, 'date_of_birth', true),
    ('89e97ba3-5d0d-4504-9f2f-e25afcd597b2', '70348c31-66aa-4e10-b0a5-4644e7fb85ff', 'OFFIN', null, 'gender', true),
    ('df8588d9-b34f-4b94-a491-dc8d3a46de79', '49ec3bae-2726-4a43-84de-0e63e9f98bb1', 'OFFIN', null, 'pnc', true),
    ('ebcb464f-c9c9-4096-9590-7dd94a389282', 'bbb91ec0-140a-4e2f-a28b-31cad3545c5b', 'OFFIN', null, 'cro_number', true),
    ('d4c91dae-189e-4fd8-b65a-c839ae7e0661', 'a7ceb029-04d0-48f9-91de-8e2afbd5f47a', 'OFFIN', null, 'crn', true),
    ('d14b52af-e18d-4637-8337-8b160e365bf6', 'f3e03d17-015c-46d7-bf33-52c5d8503c08', 'OFFIN', null, 'current_address_line_1', true),
    ('addab09e-4de4-4745-bfea-933c222a5a18', 'deaf25bc-0677-4d3f-9d09-c7c44c7c34c7', 'OFFIN', null, 'current_address_line_2', true),
    ('c470f222-fa68-46e3-b861-02363de395ff', '1ef76cd5-2d77-4e2a-9fb6-8f9aa5d4b657', 'OFFIN', null, 'current_address_line_3', true),
    ('ffa14441-8afc-410c-ab8e-ea6317fee2f0', 'ee346f9f-2d49-4070-afc2-4f9dabc1efa7', 'OFFIN', null, 'current_address_line_4', true),
    ('cc2cb300-279f-4898-aae1-fdc7bd3a7910', '3eff7d61-dd85-4ecf-a91d-92d8ffd4fec9', 'OFFIN', null, 'current_address_line_5', true),
    ('ee73f1f9-453e-458a-89e3-fc9ab53b45c5', '92f76d3e-23c2-4a6e-b213-4e9f98c460cb', 'OFFIN', null, 'current_post_code', true),
    ('ec67fc24-4a18-440c-beca-a0c9bb47bf60', '1eb2db19-6e1b-42e2-a758-38aa20d469ea', 'OFFIN', null, 'assessment_purpose', true),
    ('097ce2c7-aee7-4ff3-8635-2de13434952d', 'f693bf6e-be3b-4f5c-8a06-aefeddea311b', 'OFFIN', null, 'assessor_position', true),
    ('c61b325b-7fa9-4c84-93b6-120c42b8254f', '1f7de807-3018-4830-bc69-b5b02266fa12', 'OFFIN', null, 'assessor_telno', true),
    ('560e1636-77f7-418e-a3ea-393d5a72afa6', '5af89c42-ffa2-4a29-8975-ab0eb8770a1c', 'OFFIN', null, 'provider', true),
    ('43eff0b2-62f8-4711-9fef-d7a4f0f6b7ea', 'ead7aa8a-e20d-4822-9b3b-aedf186333b1', 'OFFIN', null, 'assessor_office', true),
    ('2c637fb0-0a1b-4528-beeb-206e737e49f1', 'a64dc082-980a-43e0-b443-cf196f35d571', 'OFFIN', null, 'assessor_team', true),
    ('dbabbfcf-4454-4a18-a8d4-b2dc35f72054', '10c93cf5-cc0c-404b-b6e4-da176db45527', 'OFFIN', null, 'supervisor', true),
    ('2f917a21-6e74-433e-80e8-dde754a3c65a', '2b93527c-a545-4e41-9fb4-98ee127af393', 'PROPIN', null, 'sources_info', true),
    ('2824352e-f85f-4415-9749-7f2e5da44350', 'd9846a60-5ba6-450f-9934-2c9646771f9d', 'PROPIN', null, 'sources_other_text', true),
    ('bba4fc28-8c4a-4334-aede-bdd41a7512ac', 'd84cef29-893b-4e92-bc98-12a2b4fe75b6', '1', null, '1.5', false),
    ('e6d03dde-9ef4-49a3-9515-96acc0653500', 'feb7ffe9-1e59-4516-9cb8-a1a41f37078f', '1', null, '1.6', false),
    ('d0f38871-8621-4fe3-8238-1fbf7e2261f6', '53daee33-2c52-48af-99cc-178c483bcf09', '1', null, '1.7', false),
    ('3b4fa455-a171-4c4b-bdc4-ad859499bff3', '48bdcea3-55a6-4916-9040-2ea3770a0331', '1', null, '1.7', false),
    ('1fed82fa-1d88-421e-a043-a7d8faef60bf', 'f5d1dd7c-1774-4c76-89c2-a47240ad98ba', '1', null, '1.29', false),
    ('1f4179fa-cd57-4327-a515-f012adbc1ea6', '58d3efd1-65a1-439b-952f-b2826ffa5e71', '1', null, '1.30', false),
    ('4e268e64-7f81-4e35-af3f-744ba937ff4f', '86ee742c-4bfb-4e29-afca-04ad35a3abda', '1', null, '1.31', false),
    ('9e6cce74-ee14-473b-b15c-59e9b29749ff', 'a00223d0-1c20-43b5-8076-8a292ca25773', '1', null, '1.33', false),
    ('ba1a0388-5382-4bca-a43b-d8df56da50f9', '466d3da9-2d4b-4f8c-a958-90d188c956b4', '1', null, '1.34', false),
    ('9818ac03-ed81-4e4c-aca6-558542972fdb', 'bb7f891c-557a-4bfb-972c-f6d8c291ecc3', '1', null, '1.35', false),
    ('7a0652c4-46fe-4500-8fb6-d0ded4a2089c', '758c1ba6-f62c-4e73-8423-079db2d451e6', '1', null, '1.36', false),
    ('a1e4feaa-d1aa-4e4a-bd18-04eeb8c3581a', '46154597-8bc1-45a1-be0b-eba578bd7a3a', '1', null, '1.37', false),
    ('7c649075-d447-4943-9119-354df59e8a31', '5cd344d4-acf3-45a9-9493-5dda5aa9dfa8', '1', null, '1.38', false),
    ('3244c3c6-ef3d-42a3-8a26-0fee08d5042f', 'bd629547-eab9-46d5-910d-2416b431950f', '2', null, '2.2', false),
    ('21dbd9c3-1e04-49d6-83e3-0820b1037ab9', 'ed0e988a-38a4-4f9f-9691-08fb695cbed9', '3', null, '3.4', false),
    ('bc2c00f1-d16f-4bd5-81c1-87f451c56562', '3211a668-8878-4e88-8457-8250bfe65aea', '4', null, '4.2', false),
    ('f4241c19-a73b-43cf-b0b7-f5faa9880906', '1970ba5e-91cb-4ad3-9f04-64d5b5b7157b', '6', null, '6.4', false),
    ('bba91e4d-bcd3-44c5-8fbb-02c036ca2c20', 'f04dd882-0a0d-49f5-9736-91eeadbff9e7', '6', null, '6.7', false),
    ('0cfc2e4b-6873-49c1-b90d-e331e4314f8a', '574618c3-27f4-4dd2-94bb-6de74126ff22', '9', null, '9.2', false),
    ('8e122df3-6f0e-40ee-ac99-55e2b7f49734', '5a90a38d-ee0a-4775-994c-addf3397b817', '11', null, '11.2', false),
    ('2b06b478-a8eb-48bf-a7ff-7aef65be3f34', 'd0619e6b-cc90-4031-90c6-ab15e06cc779', '11', null, '11.4', false),
    ('97649b49-8cd0-420d-b209-12d779b9ce17', '2f1b543b-1e69-4f7e-a61c-6d21ff967432', '12', null, '12.1', false),
    ('4c83b96a-c2e9-4bfe-87c1-dc12a111be0e', '87531e74-2c67-4c86-9a34-2e5a08be6580', 'ROSH', null, 'R1.2.1.2', false),
    ('d7691fe9-834b-41b2-a1db-34f5bab7c55e', 'e9bbea38-d1d8-4358-aa6a-5f79d44d8461', 'ROSH', null, 'R1.2.2.2', false),
    ('8c756155-a20e-472e-85b6-e69147499555', '10bcb346-42a9-4501-9469-c924fbf875f3', 'ROSH', null, 'R1.2.3.2', false),
    ('2842c61e-bb1d-44f8-b029-d0482278aa27', 'cb02474c-e1d8-4a24-917b-88d0611dabf8', 'ROSH', null, 'R1.2.4.2', false),
    ('00faca84-cf59-48e4-8e56-26927d53eeb6', '7de9e887-9dc4-40f3-b888-c49cb3e6dce0', 'ROSH', null, 'R1.2.5.2', false),
    ('891e5e8c-8e43-46d9-90df-9274066acd0c', 'e5d603cf-4a27-4c23-8e8c-47df797fdd0b', 'ROSH', null, 'R1.2.6.2', false),
    ('46ce808b-dc00-45e5-8b48-4ee89476c80b', 'abe98154-9a39-4415-9e7d-fa21ead1af89', 'ROSH', null, 'R1.2.7.2', false),
    ('508eb8c2-ab01-491c-b74a-d5b5fe0f8904', '892ecb86-517a-4485-9f0b-5772df8455de', 'ROSH', null, 'R1.2.8.2', false),
    ('f004d315-f973-466a-8744-72758d72c1f1', '02c167fb-2011-4a88-95cf-e8ae7c3de5a2', 'ROSH', null, 'R1.2.9.2', false),
    ('830718d3-20dc-4eb7-9d88-1e07c1a32a0f', '823c8fca-a594-424d-90da-7a8b6813a44a', 'ROSH', null, 'R1.2.10.2', false),
    ('ad0a3a1a-8436-4984-8e08-c0f44f480b85', '7e09cbd3-de1d-4d56-919e-208d3221fb58', 'ROSH', null, 'R1.2.11.2', false),
    ('3d18451d-d6b6-4674-920f-b11aafc6bb76', 'fccfc5c2-b212-4336-b4dc-085ee34fd652', 'ROSH', null, 'R1.2.12.2', false),
    ('614d7e00-bdc3-48d7-90c4-33e6f609e964', '404ebe65-35c0-4769-938b-95afbc03f049', 'ROSH', null, 'R1.2.13.2', false),
    ('46e66c98-980f-46b2-b7a7-909e658d8250', '9fe2a213-9c11-454c-818e-88509cb44fac', 'ROSH', null, 'R1.2.14.2', false),
    ('6679680f-0cf2-4a0a-ab09-95dd6ce48e0e', '9ae5176a-3e90-4876-8e98-c629a198df24', 'ROSH', null, 'R1.2.14.t', false),
    ('c32eeaab-a484-4823-a5b7-5fa8b58c299e', '0dd75d47-c713-4e65-ae73-7038dc0d9e6b', 'ROSH', null, 'R1.2.14.t', false),
    ('405e203b-ce7b-4e7d-8159-9c4244269fc9', '14ab8b61-8811-4d47-b6f2-8881619f0aa3', 'ROSH', null, 'R1.3.1.2', false),
    ('d44101ec-625d-4bb3-a169-deb5967e1cab', 'c7e8cc27-b805-4a4b-bb8d-3689c6206d46', 'ROSH', null, 'R1.3.2.2', false),
    ('6bff3501-099c-47f1-b47c-6c406a5ead11', '8d1d257c-8618-45ac-adba-01bc4a0d67af', 'ROSH', null, 'R1.3.3.2', false),
    ('c7f99213-47c9-417b-a060-1aa1b562725d', 'b2184cac-a2a0-46a1-88b9-19ae4b64cabd', 'ROSH', null, 'R1.3.4.2', false),
    ('7f3abb9d-a41c-4df6-8e7e-a09ef3ecedb0', 'af20af57-388e-4ee1-824d-0a516623dbf9', 'ROSH', null, 'R1.3.6.2', false),
    ('1a5a9b4f-8244-44a0-b7b4-c4d14fe7b294', 'f2b7c14a-ee13-4cbc-b9d4-0ba5594b6c8b', 'ROSH', null, 'R1.3.7.2', false),
    ('f9e69ce3-88bd-432c-b4e2-de4580efcce9', 'ca4b265c-7be9-4c7a-ab6e-b947bdf375af', 'ROSH', null, 'R1.3.10.2', false),
    ('bfa0a3d5-a2dc-4f6d-b511-52d61db78b36', '66cb63ce-4cf8-43b3-95cb-0da1ee953717', 'ROSH', null, 'R1.3.12.2', false),
    ('dc352169-7ced-4c1b-ac4a-95ca8450bc4d', '3aa0b6d0-886b-4682-936d-9c23aabf090e', 'ROSH', null, 'R1.3.13.2', false),
    ('864aa7f7-da01-4885-b932-9b986a19f375', '29e76b3e-3ee6-4387-ac10-50aca26ffa2a', 'ROSH', null, 'R1.3.14.2', false),
    ('0166bc4f-b27a-44dd-bfac-790372d4e27b', '1c82ab38-b8d9-4e10-b783-407297d6f292', 'ROSH', null, 'R1.3.15.2', false),
    ('c9562f6e-6a8d-474e-9f0f-1f55530d9704', 'be1fb2dc-2237-4cf6-91d6-33505e8e1676', 'ROSH', null, 'R1.3.16.2', false),
    ('32f2977b-14fa-46f5-8fb3-135adc866f93', 'd97b7227-515b-41f6-ba37-ca243ecf9f65', 'ROSH', null, 'R1.3.17.2', false),
    ('5340701a-517a-4d03-b721-5b6f75911111', 'bb6ebcbf-cffd-4675-9228-5711e63a7d0f', 'ROSH', null, 'R1.3.18.2', false),
    ('7dc914ed-586e-44dd-b93b-3ae1f5bef282', '95e79ec5-f020-45bc-985a-9beb8a9f060d', 'ROSH', null, 'R1.3.19.2', false),
    ('1d4b4733-9192-4eea-bdf4-8faf956fdb90', '4970b373-a526-418b-9df1-b105ad4135fa', 'ROSH', null, 'R2.1', false),
    ('7b39572e-b683-45a7-bff9-3097ae7d2732', '6c8f4b63-5c8d-4ca6-b611-23c2c6be6b19', 'ROSH', null, 'R2.2', false),
    ('f0a8bfb6-f5b8-4486-b365-d81acf729e51', 'a5653874-d9dd-45d9-8cce-caac576fe190', 'ROSH', null, 'R2.2.1', false),
    ('330b7c19-3e83-4473-bdf4-2c4a377f7f3c', 'b7d3e56e-4df0-4152-b92d-edb51e2e95a9', 'ROSH', null, 'R3.1', false),
    ('0a330a44-3f25-47d2-9f67-0493ee697b10', 'b7572668-fe3c-4688-9a2f-27d70b7ccbc1', 'ROSH', null, 'R3.2', false),
    ('98171af7-4390-4df1-932e-f0cb128b5de3', 'be770fd2-5c0b-4d02-b1b1-8590edcf5f4e', 'ROSH', null, 'R3.3', false),
    ('9816880e-a8f4-433c-9bfc-425f53fddf38', 'a13e68d3-4334-4b37-9d4d-6b929b73026a', 'ROSH', null, 'R3.4', false),
    ('43e49f87-07d9-4985-82df-8ff44d96e291', '52f0b70c-e4d2-4620-a913-e56dff7d07b8', 'ROSH', null, 'R4.1', false),
    ('87abf04c-7d3b-4d88-8c90-b4fb64167d94', '0b21d158-e98d-418c-8df8-e464d30935e5', 'ROSH', null, 'R4.2', false),
    ('b06fa209-b04f-4c6a-ad3b-7de3d8c93674', '25e6061c-0829-427f-aac3-e4f6a33775c3', 'ROSH', null, 'R4.3', false),
    ('bc738b45-537e-47cd-bd6d-217ed086fa26', '9e716a4d-89bb-4e39-8928-dfcf6e4aef88', 'ROSH', null, 'R4.4', false),
    ('0205e2bc-2706-484e-91f7-a5482904de7f', '7ec33f07-eb93-444c-a1d5-3fdf0b805689', 'ROSH', null, 'R5.1', false),
    ('70886f8b-788c-4c27-bf3a-a157d59d410a', 'f21a22f7-6f6b-4c2a-b27f-d4c3b9123322', 'ROSH', null, 'R5.1.t', false),
    ('896f4fc0-a44e-4827-b403-5b21140d8f99', '5974af31-268a-4413-be23-6285cfe61346', 'ROSHFULL', null, 'FA1.1', false),
    ('cf08c52a-929f-4605-9117-fb32f2dfe67b', 'e3da3b38-2c6e-49fd-91d9-938105098136', 'ROSHFULL', null, 'FA2', false),
    ('29b278aa-2a28-463e-9d43-f62ba093c5ab', '31a47ad0-6d66-4478-94c8-65ef70091dee', 'ROSHFULL', null, 'FA3', false),
    ('a9cd5e5f-6faf-4ddb-ac8c-8d8bf8683999', '90d93a85-d0d6-4b79-9320-c1054f0c00df', 'ROSHFULL', null, 'FA4', false),
    ('b50efa13-82d0-4d43-a318-260315b2342a', 'c3bf9231-5b7d-43d7-bbee-952c78ee7788', 'ROSHFULL', null, 'FA5', false),
    ('0acbc8fb-8e1b-415b-a72a-66cba6ee1314', '8d5404d8-a633-4789-aa03-68061e3bf373', 'ROSHFULL', null, 'FA6', false),
    ('4d0def15-c7fd-4914-a390-3ae3af493d6b', 'd4d40a81-3a9b-48fa-8380-ee7a35444b86', 'ROSHFULL', null, 'FA7', false),
    ('78bdbdd9-dea5-4d91-b154-4705204211f9', '7714eddc-a028-484e-8505-b132364ca648', 'ROSHFULL', null, 'FA15', false),
    ('c62e4972-46cc-409f-8a8c-4e8cc661f252', 'bd694469-173a-4388-b1c3-eadea9aa1a75', 'ROSHFULL', null, 'FA16', false),
    ('01f765b3-05fa-4a18-b11e-058750e5e8e0', 'ea039639-7f05-496d-8bcf-12e5f2f96a27', 'ROSHFULL', null, 'FA17', false),
    ('e1ebd83e-314d-4b1b-a6c5-62b963a35165', '5824adec-fe20-4504-8c15-2d8d5053b47e', 'ROSHFULL', null, 'FA17', false),
    ('56ad50b8-58e8-4916-958a-df0cd0790191', '92e5004b-071b-4049-87ff-0f641357b687', 'ROSHFULL', null, 'FA26', false),
    ('34ced3f2-8da8-4053-a9dc-2edba8b9bd3d', '04a8eea7-18a4-4a5b-bbbb-9fe04e322abe', 'ROSHFULL', null, 'FA26.t', false),
    ('2bcbc43f-e864-4b2a-a8d9-e53397db88e6', 'e474f386-d90e-41ca-b17f-ee45c724dbc4', 'ROSHFULL', null, 'FA27', false),
    ('80665179-624b-4451-8642-5f17de6ef2d9', 'e68d9e2b-5a67-449a-85dc-a941504cdd0c', 'ROSHFULL', null, 'FA28', false),
    ('79472d56-ef49-4986-bdc7-ee2b444b7e20', '0a4914e4-2a46-4e0d-945c-86764f20f55f', 'ROSHFULL', null, 'FA29', false),
    ('5a3c7a31-fadb-4a19-b0de-1815c333faba', '196c4afb-3dbd-4f2f-a051-6244d8ba15c0', 'ROSHFULL', null, 'FA30', false),
    ('487990f3-3e11-44df-bddb-bb8f5e99bb0a', '2268c757-98a1-4d38-9cc1-c9f82851307f', 'ROSHFULL', null, 'FA39', false),
    ('8ec8145e-21f6-4a4f-91bd-cbbbb64d8483', 'e39d1b50-89fc-4dbd-b250-6a9f07b3d15a', 'ROSHFULL', null, 'FA40', false),
    ('8d070f85-0938-42a5-be63-b8c1e41c249d', '65d9368d-67a5-4412-a2ce-f416def28b1a', 'ROSHFULL', null, 'FA41', false),
    ('192b1e53-b82e-4402-921c-ac1b565e596a', '09bd660e-8fff-41d8-931e-c1d0c986ae7d', 'ROSHFULL', null, 'FA42', false),
    ('edfa7ea3-1235-4015-b8b2-94c1d50b5c27', 'da7f3d19-852c-405f-b22d-53c6535a7598', 'ROSHFULL', null, 'FA43', false),
    ('b837cedc-8332-415a-a9a3-44968fda9028', 'f81a610b-665e-4f75-b9ca-a92734431416', 'ROSHFULL', null, 'FA44', false),
    ('7eed79de-e551-4e90-b95b-7c14ab68984e', '31eb26f4-667f-45cb-bf58-4e7c249cd8b9', 'ROSHFULL', null, 'FA45', false),
    ('fe46c898-832d-46fe-b18a-0a91765b2474', '0a871fb8-8583-4e91-bc03-50918a5c8972', 'ROSHFULL', null, 'FA45.t', false),
    ('8c5b890c-d516-43a7-9693-1ab8b6ca0904', 'd827e751-4094-4e6a-8f59-08f8ca29bb22', 'ROSHFULL', null, 'FA47', false),
    ('651cfdae-0999-4025-86aa-deb8bf449fd5', '9f3d250d-bf0c-4a7c-8072-04b9d10f8268', 'ROSHFULL', null, 'FA47.t', false),
    ('c37771e6-da97-4c94-8ea6-a1052e36abad', '1801ecdd-953e-4565-8063-c83bd19b4866', 'ROSHFULL', null, 'FA49', false),
    ('53d4b320-3d09-4d4f-8551-a4334c5f0ae5', 'eef1b29b-15d6-41b1-b2d9-f307da40e3d3', 'ROSHFULL', null, 'FA49.t', false),
    ('91142848-c593-42ed-a4fb-9e865eb370d5', '10cd0e95-7af7-4f55-9a96-2bd60d56c21e', 'ROSHFULL', null, 'FA51', false),
    ('27b5a58f-b396-40f2-8385-124f1c2940d2', 'ae3fcd52-ccae-4555-95e1-2aa6c541e4b5', 'ROSHFULL', null, 'FA51.t', false),
    ('e547068c-f1c0-4faa-82cf-6fdf0ad8d45e', 'bec9ddc7-f094-48e8-8c5e-83e59720cacc', 'ROSHFULL', null, 'FA53', false),
    ('445bf187-e693-401b-b42f-d44ee8da7b3d', 'aa01b40f-e0cc-41f0-a751-0a04d1016a6c', 'ROSHFULL', null, 'FA53.t', false),
    ('a1b5411c-9fcd-448e-91ec-73b839f990a9', '569dcb48-7d70-4d52-adce-a80f00b8dc91', 'ROSHFULL', null, 'FA55', false),
    ('18f9e2c8-d40e-48ba-ab0b-b35d1fc0881b', '8040cc23-0ffd-4425-b0fb-1b5ee34834a4', 'ROSHFULL', null, 'FA55.t', false),
    ('31112f45-42dc-498c-88dd-d5de44f7e33f', 'e84fc24d-798b-4e5b-9142-46b9bebc6bdb', 'ROSHFULL', null, 'FA56', false),
    ('fb46814c-fe30-400d-881b-e06262515177', 'ad6cdfee-6ed6-43a0-9dae-d108b62e4ae6', 'ROSHFULL', null, 'FA56.t', false),
    ('eb286e85-150c-48b5-a443-a4a1220c8f47', '1ff5bd0f-c500-47d5-8f13-0d29d46e7c56', 'ROSHFULL', null, 'FA58', false),
    ('410c4a1e-3cd3-42e0-9a7f-125c34fb1bed', 'ebc8e739-627f-48de-b864-3ba001fe09d9', 'ROSHFULL', null, 'FA58.t', false),
    ('8d412388-a724-4cde-bf5b-06bb9ddbcaea', 'c5f95ef6-70f9-460a-86cb-93d404489c0a', 'ROSHFULL', null, 'FA60', false),
    ('22997e0a-6185-4519-802d-39bd75076d2a', '65db97f0-b928-45f5-ae63-1744b810d958', 'ROSHSUM', null, 'SUM1', false),
    ('5c68e99e-9408-41bb-bc71-c9cd615f974e', 'a1be8ea7-817c-4eff-9534-3a503be9ecbd', 'ROSHSUM', null, 'SUM2', false),
    ('d879d628-65a3-434b-b4ce-58682a0db43f', '944b9da0-9e44-42c2-96e2-75906945729e', 'ROSHSUM', null, 'SUM3', false),
    ('bee6f687-e8d6-4ce2-b9cc-65c292ad984b', '82b58db0-7a55-4f0c-b335-f5803052c584', 'ROSHSUM', null, 'SUM4', false),
    ('5bcfc88c-2510-4236-957e-9d6d32fca980', '3798896c-2308-4b98-b1dc-8c0b45dc2a95', 'ROSHSUM', null, 'SUM5', false),
    ('66918315-91ee-480a-8649-ff07c6063eeb', '9775e1a6-b83f-4d26-bdef-bcf9d97fe079', 'ROSHSUM', null, 'SUM6.1.1', false),
    ('54c29f60-02be-46ff-b03a-c4c59164eb64', '4521c123-debd-41e0-a25f-01b616d47c8d', 'ROSHSUM', null, 'SUM6.2.1', false),
    ('7f8ed5d1-f6fb-401d-acd8-aea19859d1c2', '3058326c-ea48-4023-afac-ee1f4e8a8218', 'ROSHSUM', null, 'SUM6.3.1', false),
    ('0ac80b54-a9a8-42e8-8196-fa4cf816ac21', 'e55a4488-d80f-45e3-afef-30ceb640f423', 'ROSHSUM', null, 'SUM6.4.1', false),
    ('52c94e9b-eb6a-47d4-b776-51ace3f85dcd', '60324ce2-3701-4a4e-80cc-808a9afcf276', 'ROSHSUM', null, 'SUM6.1.2', false),
    ('8df2987e-86be-404d-a119-324c8f579e70', '050396e4-99e1-4bfe-a328-7af774d4a375', 'ROSHSUM', null, 'SUM6.2.2', false),
    ('0a001f4e-3c2a-41e9-907c-a983f74553a6', '395f4155-c579-49f2-adba-a962a76d423b', 'ROSHSUM', null, 'SUM6.3.2', false),
    ('5fa14671-aba8-4492-96f6-3098abbb79e4', '7d981fa1-f2bd-4f52-bf95-bcbe48d8fdc5', 'ROSHSUM', null, 'SUM6.4.2', false),
    ('0e096494-a3b6-417f-aa36-10968371fd42', '172d70dc-e650-41d0-8d00-58f2657d339a', 'ROSHSUM', null, 'SUM6.5.2', false),
    ('efdbdf24-87f0-47e6-a99e-8fe5e943d789', '4ee1c044-3bf5-472c-8a5f-430a6e7cd325', 'ROSHSUM', null, 'SUM8', false),
    ('9ba43514-7d69-4890-9205-34adb9f2aa36', '7bfd985e-ba11-4517-8235-5454f4910b47', 'RMP', null, 'RM1', false),
    ('8a031f84-b7b3-41ca-a899-a43094e491f3', '4981293a-d22d-49f4-9aa1-d997fa6fe5b8', 'RMP', null, 'RM2', false),
    ('69bb0c00-3680-4380-a529-d41c1abe0e61', '5479cd3f-7828-4f5d-963b-26f4888bc03c', 'RMP', null, 'RM3', false),
    ('759f30d5-046e-415b-828b-d735cfdb9d11', '448f9fee-d199-41c9-906f-c7973fdd4dbc', 'RMP', null, 'RM4', false),
    ('17cc1695-6e5b-49a5-8249-a122b67a3ba1', '2c1fc504-90ae-48e5-94bf-99bba3f434dd', 'RMP', null, 'RM5', false),
    ('7777c21b-a81d-4c64-848f-71426a482dd8', '153abaa1-5381-44b5-a4b9-58979158e3a3', 'RMP', null, 'RM6', false),
    ('396bca05-8c84-4903-a832-8810b8bf67c8', 'e0012fb9-8050-49e3-aa5c-f47b41c59a04', 'RMP', null, 'RM7', false),
    ('b413a132-97e6-4b33-b7f8-6afd2971ce4e', 'cc389fab-e16e-4717-a043-c0db16982e01', 'RMP', null, 'RM8', false),
    ('73606232-a1f7-46cc-ab26-5703d721cc10', '0495bc20-2211-4c9b-b8f9-549a169549ad', 'RMP', null, 'RM9', false),
    ('aff67203-b6af-4285-a355-e6b5ed50484d', 'c076395e-0e40-46d8-b665-ee0b74f8370c', 'RMP', null, 'RM10', false),
    ('4dc94218-8c57-4d3a-a4d1-200c8802b262', '7697e7cb-7da6-4137-8084-1610e6b91af9', 'RMP', null, 'RM11', false),
    ('43168d5a-d7cf-4b20-8ed2-c117f6e9d40e', '0d910a5a-c964-41a4-ae44-583bcf355e9d', 'RMP', null, 'RM12', false),
    ('8f8e5629-e427-47a3-9502-292fd14aae30', '7954e117-966a-470f-b577-f7dc36ae269e', 'RMP', null, 'RM13', false),
    ('38cc53ef-0f25-479a-b43e-536d552193db', '106e8722-04b3-4f55-b661-1eb250e1d5f6', 'RMP', null, 'RM14', false),
    ('7b5abf35-77b8-4c69-8f35-98d3da15f7f2', '0a7bc16c-5213-4a1a-8cd2-f29162eab17d', 'RMP', null, 'RM15', false),
    ('3605f7e3-f236-44fb-acd8-3d893f5256cc', 'b06ab9df-16b9-4dd2-8a91-1f45aeaa4f2c', 'RMP', null, 'RM16', false);


