INSERT INTO answer_schema_group (answer_schema_group_uuid, answer_schema_group_code, group_start, group_end)
VALUES ('6cbf83fd-85e0-4066-89cf-b3a2cf22d8a4', 'yes_no', '2020-11-30 14:50:00', null),
    ('6f162bfd-882c-4185-88c6-b004b8f7f354', 'tbc', '2020-11-30 14:50:00', null),
    ('56660fae-010b-459b-95e2-30914901c370', 'punishment_public-protection_crime-reduction_reparation_reform-or-rehabilitation', '2020-11-30 14:50:00', null),
    ('4e322614-8492-4600-8028-2811d89d2fca', 'absconding/bail_acquisitive-violence_burglary-(domestic)_burglary-(other)_criminal-damage_drink-driving_drug-import/export/production_drug-possession/supply_drunkeness_fraud,-forgery-and-misrepresentation_handling-stolen-goods_motoring-(not-drink-driving)_public-order-(harassment)_sexual-(against-children)_sexual-(not-against-children)_theft-(not-vehicle-related)_vehicle-related-theft_violence-against-the-person_welfare-fraud_other-offence', '2020-11-30 14:50:00', null),
    ('ebdc3025-4705-45ea-8f58-1e8e2d66006b', 'no-problems_some-problems_significant-problems', '2020-11-30 14:50:00', null),
    ('38935f8a-213f-4957-ac23-315b2d07269a', 'tenant-owner-/-occupied_living-with-(stable)_living-with-(unstable)_b&b-/-hotel_hostel_no-fixed-abode', '2020-11-30 14:50:00', null),
    ('0dce26b9-9f43-4b38-ac5d-80ced3532a62', 'some-problems-_significant-problems', '2020-11-30 14:50:00', null),
    ('5b0aef2d-5b04-44b1-b02a-535d2b881321', 'very-high_high_medium_low', '2020-11-30 14:50:00', null),
    ('05774ea2-bb7f-4ead-82c7-d2097174e92b', 'very-hgh_high_medium_low', '2020-11-30 14:50:00', null),
    ('d61239f8-5d66-439d-9ef3-b1322085a466', 'good_satisfactory_poor', '2020-11-30 14:50:00', null),
    ('7a68c1aa-8bff-4eec-8e36-47c6aae54a39', 'interview_service-records_cps-summary_previous-oasys-assessments_previous-convictions_victim-statement_safeguarding-checks_police-information_sentencing-guidelines_domestic-abuse-call-out-information', '2020-11-30 14:50:00', null);


INSERT INTO answer_schema (answer_schema_uuid, answer_schema_code, answer_schema_group_uuid, answer_start, answer_end, value, text)
VALUES ('0621e3ed-ffe6-4eb8-b0d7-b8d251cd516c', 'yes', '6cbf83fd-85e0-4066-89cf-b3a2cf22d8a4', '2020-11-30 14:50:00', null, 'Y', 'Yes'),
    ('8aa41140-7b28-4357-9607-79503a0be821', 'no', '6cbf83fd-85e0-4066-89cf-b3a2cf22d8a4', '2020-11-30 14:50:00', null, 'N', 'No'),
    ('0bb12a60-32cb-4496-bb4b-53f49b10c5a3', 'tbc', '6f162bfd-882c-4185-88c6-b004b8f7f354', '2020-11-30 14:50:00', null, 'tbc', 'TBC'),
    ('d2487672-fd68-46fb-9edb-d7e4f19519cf', 'punishment', '56660fae-010b-459b-95e2-30914901c370', '2020-11-30 14:50:00', null, 'punishment', 'Punishment'),
    ('dc47030c-c1a1-4491-affd-21c4a0828c64', 'public-protection', '56660fae-010b-459b-95e2-30914901c370', '2020-11-30 14:50:00', null, 'public protection', 'Public protection'),
    ('a9b003a1-2049-4f53-bfdb-26a574acd395', 'crime-reduction', '56660fae-010b-459b-95e2-30914901c370', '2020-11-30 14:50:00', null, 'crime reduction', 'Crime reduction'),
    ('391411d7-b50d-4cf4-8a79-1b40dff2b77d', 'reparation', '56660fae-010b-459b-95e2-30914901c370', '2020-11-30 14:50:00', null, 'reparation', 'Reparation'),
    ('2555b76d-518d-4071-afd7-f1952dd48a58', 'reform-or-rehabilitation', '56660fae-010b-459b-95e2-30914901c370', '2020-11-30 14:50:00', null, 'reform or rehabilitation', 'Reform or rehabilitation'),
    ('5e7da8f5-89d5-4a63-b0bf-db3a5448a680', 'absconding/bail', '4e322614-8492-4600-8028-2811d89d2fca', '2020-11-30 14:50:00', null, 'absconding/bail', 'Absconding/bail'),
    ('0a6c17b9-1774-46b0-9cb6-c67bf2166b24', 'acquisitive-violence', '4e322614-8492-4600-8028-2811d89d2fca', '2020-11-30 14:50:00', null, 'acquisitive violence', 'Acquisitive violence'),
    ('0125d5ff-4e6b-438a-86cc-11411766f930', 'burglary-(domestic)', '4e322614-8492-4600-8028-2811d89d2fca', '2020-11-30 14:50:00', null, 'burglary (domestic)', 'Burglary (domestic)'),
    ('f24ad083-820f-4c26-bf48-7d2513354459', 'burglary-(other)', '4e322614-8492-4600-8028-2811d89d2fca', '2020-11-30 14:50:00', null, 'burglary (other)', 'Burglary (other)'),
    ('fd3e1286-52fb-4668-aaa2-bdb13250b1e5', 'criminal-damage', '4e322614-8492-4600-8028-2811d89d2fca', '2020-11-30 14:50:00', null, 'criminal damage', 'Criminal damage'),
    ('b2aacd7d-1396-44c2-a9bb-5e5660f59eb7', 'drink-driving', '4e322614-8492-4600-8028-2811d89d2fca', '2020-11-30 14:50:00', null, 'drink driving', 'Drink driving'),
    ('93f7b631-9f04-4850-b3f5-58182719f6a4', 'drug-import/export/production', '4e322614-8492-4600-8028-2811d89d2fca', '2020-11-30 14:50:00', null, 'drug import/export/production', 'Drug import/export/production'),
    ('27259e89-3a79-4f71-968a-2b9c7a7ad560', 'drug-possession/supply', '4e322614-8492-4600-8028-2811d89d2fca', '2020-11-30 14:50:00', null, 'drug possession/supply', 'Drug possession/supply'),
    ('f49cf8f9-7432-4627-b3df-2dd249c1400a', 'drunkeness', '4e322614-8492-4600-8028-2811d89d2fca', '2020-11-30 14:50:00', null, 'drunkeness', 'Drunkeness'),
    ('cb88a703-a5f0-4fb7-b84a-e2297751bf25', 'fraud,-forgery-and-misrepresentation', '4e322614-8492-4600-8028-2811d89d2fca', '2020-11-30 14:50:00', null, 'fraud, forgery and misrepresentation', 'Fraud, forgery and misrepresentation'),
    ('64b9e756-a945-48f3-baea-73464f83b6e8', 'handling-stolen-goods', '4e322614-8492-4600-8028-2811d89d2fca', '2020-11-30 14:50:00', null, 'handling stolen goods', 'Handling stolen goods'),
    ('2f5b7f9e-05a6-41e1-875b-c52065b11582', 'motoring-(not-drink-driving)', '4e322614-8492-4600-8028-2811d89d2fca', '2020-11-30 14:50:00', null, 'motoring (not drink driving)', 'Motoring (not drink driving)'),
    ('abcab0ef-5cf5-4726-a28b-62337047a2f1', 'public-order-(harassment)', '4e322614-8492-4600-8028-2811d89d2fca', '2020-11-30 14:50:00', null, 'public order (harassment)', 'Public order (harassment)'),
    ('0906d461-ce54-48cb-83b0-f588d5f9d7eb', 'sexual-(against-children)', '4e322614-8492-4600-8028-2811d89d2fca', '2020-11-30 14:50:00', null, 'sexual (against children)', 'Sexual (against children)'),
    ('25d585d2-cc90-447c-a365-e2ba69848e26', 'sexual-(not-against-children)', '4e322614-8492-4600-8028-2811d89d2fca', '2020-11-30 14:50:00', null, 'sexual (not against children)', 'Sexual (not against children)'),
    ('0585d9c4-6d31-437f-a098-32810eac4106', 'theft-(not-vehicle-related)', '4e322614-8492-4600-8028-2811d89d2fca', '2020-11-30 14:50:00', null, 'theft (not vehicle-related)', 'Theft (not vehicle-related)'),
    ('a903d1a5-0317-4fce-a39b-108aeac37179', 'vehicle-related-theft', '4e322614-8492-4600-8028-2811d89d2fca', '2020-11-30 14:50:00', null, 'vehicle-related theft', 'Vehicle-related theft'),
    ('c8d6223f-3dfa-465f-bbdd-6e4e1eada98b', 'violence-against-the-person', '4e322614-8492-4600-8028-2811d89d2fca', '2020-11-30 14:50:00', null, 'violence against the person', 'Violence against the person'),
    ('4a297b11-0ea2-4d41-bb25-24551b0a4d23', 'welfare-fraud', '4e322614-8492-4600-8028-2811d89d2fca', '2020-11-30 14:50:00', null, 'welfare fraud', 'Welfare fraud'),
    ('b7bd11f0-27a4-4493-ada3-1f6106256e75', 'other-offence', '4e322614-8492-4600-8028-2811d89d2fca', '2020-11-30 14:50:00', null, 'other offence', 'Other offence'),
    ('39c510cd-7ad7-46bc-bf8b-d9215e4deed1', 'no-problems', 'ebdc3025-4705-45ea-8f58-1e8e2d66006b', '2020-11-30 14:50:00', null, 'no problems', 'No problems'),
    ('7a3a0497-1d7e-4f98-8c24-5b0bb236db89', 'some-problems', 'ebdc3025-4705-45ea-8f58-1e8e2d66006b', '2020-11-30 14:50:00', null, 'some problems', 'Some problems'),
    ('9f06622d-593d-412f-b0ba-f89f6a1315fb', 'significant-problems', 'ebdc3025-4705-45ea-8f58-1e8e2d66006b', '2020-11-30 14:50:00', null, 'significant problems', 'Significant problems'),
    ('2518a0f8-4c7a-4474-a903-1d3c06004d44', 'tenant-owner-/-occupied', '38935f8a-213f-4957-ac23-315b2d07269a', '2020-11-30 14:50:00', null, 'tenant owner / occupied', 'Tenant owner / occupied'),
    ('1ef5eebe-0f0a-4e47-bc4c-8d4b9e0f5065', 'living-with-(stable)', '38935f8a-213f-4957-ac23-315b2d07269a', '2020-11-30 14:50:00', null, 'living with (stable)', 'Living with (stable)'),
    ('1bf31eab-5448-4969-8368-cd129c08bc66', 'living-with-(unstable)', '38935f8a-213f-4957-ac23-315b2d07269a', '2020-11-30 14:50:00', null, 'living with (unstable)', 'Living with (unstable)'),
    ('5def0e45-53e1-4f30-bb17-5e5c4eb9429e', 'b&b-/-hotel', '38935f8a-213f-4957-ac23-315b2d07269a', '2020-11-30 14:50:00', null, 'b&b / hotel', 'B&B / hotel'),
    ('b53f4b36-64c9-4c95-82ff-23853ab34437', 'hostel', '38935f8a-213f-4957-ac23-315b2d07269a', '2020-11-30 14:50:00', null, 'hostel', 'Hostel'),
    ('08b406c1-7f77-4f40-9b55-ec850c5720ca', 'no-fixed-abode', '38935f8a-213f-4957-ac23-315b2d07269a', '2020-11-30 14:50:00', null, 'no fixed abode', 'No fixed abode'),
    ('aa428f7e-5dc5-4372-8ff7-5db5b0556974', 'some-problems-', '0dce26b9-9f43-4b38-ac5d-80ced3532a62', '2020-11-30 14:50:00', null, 'some problems ', 'Some problems '),
    ('35c167cd-fae4-4195-a95f-b6829e1096bc', 'significant-problems', '0dce26b9-9f43-4b38-ac5d-80ced3532a62', '2020-11-30 14:50:00', null, 'significant problems', 'Significant problems'),
    ('68e0de19-8abe-42db-8c7e-4c686d754d59', 'very-high', '5b0aef2d-5b04-44b1-b02a-535d2b881321', '2020-11-30 14:50:00', null, 'very high', 'Very high'),
    ('cc6ee7a0-004f-4b6b-b2e7-64a8a9aa40b5', 'high', '5b0aef2d-5b04-44b1-b02a-535d2b881321', '2020-11-30 14:50:00', null, 'high', 'High'),
    ('cca1de3a-c8f0-41ec-b367-92fc932ea2da', 'medium', '5b0aef2d-5b04-44b1-b02a-535d2b881321', '2020-11-30 14:50:00', null, 'medium', 'Medium'),
    ('f176a557-f9a5-4616-b656-d107265a3908', 'low', '5b0aef2d-5b04-44b1-b02a-535d2b881321', '2020-11-30 14:50:00', null, 'low', 'Low'),
    ('07e34c07-2aa2-4a7f-8b52-b08af9fb7531', 'very-hgh', '05774ea2-bb7f-4ead-82c7-d2097174e92b', '2020-11-30 14:50:00', null, 'very hgh', 'Very hgh'),
    ('b22a5ff7-b63f-4470-a031-e165f027bb3a', 'high', '05774ea2-bb7f-4ead-82c7-d2097174e92b', '2020-11-30 14:50:00', null, 'high', 'High'),
    ('f41016be-764a-4169-b45f-d1f7a18eebd9', 'medium', '05774ea2-bb7f-4ead-82c7-d2097174e92b', '2020-11-30 14:50:00', null, 'medium', 'Medium'),
    ('a982960d-f1d0-4310-bce3-66c28d7253b9', 'low', '05774ea2-bb7f-4ead-82c7-d2097174e92b', '2020-11-30 14:50:00', null, 'low', 'Low'),
    ('3bad77b7-57b6-4a1a-a820-78a6fbe72495', 'good', 'd61239f8-5d66-439d-9ef3-b1322085a466', '2020-11-30 14:50:00', null, 'good', 'Good'),
    ('a88982a5-2fe9-4ac6-8920-869b230e2ee3', 'satisfactory', 'd61239f8-5d66-439d-9ef3-b1322085a466', '2020-11-30 14:50:00', null, 'satisfactory', 'Satisfactory'),
    ('2fe69ea4-f6f5-4113-a03c-9b69f19c99cc', 'poor', 'd61239f8-5d66-439d-9ef3-b1322085a466', '2020-11-30 14:50:00', null, 'poor', 'Poor'),
    ('6b216fbb-9185-4445-9c0e-f7289232c78a', 'interview', '7a68c1aa-8bff-4eec-8e36-47c6aae54a39', '2020-11-30 14:50:00', null, 'interview', 'Interview'),
    ('06543dbc-91a2-430c-9473-273d941e4a51', 'service-records', '7a68c1aa-8bff-4eec-8e36-47c6aae54a39', '2020-11-30 14:50:00', null, 'service records', 'Service records'),
    ('ab55c550-9415-4f13-8bcf-1bd36566d584', 'cps-summary', '7a68c1aa-8bff-4eec-8e36-47c6aae54a39', '2020-11-30 14:50:00', null, 'cps summary', 'CPS summary'),
    ('49e5ad85-62da-4d70-92ab-576b9b66b767', 'previous-oasys-assessments', '7a68c1aa-8bff-4eec-8e36-47c6aae54a39', '2020-11-30 14:50:00', null, 'previous oasys assessments', 'Previous OASys assessments'),
    ('95b26db8-9e33-4f47-8f50-a9e3f4c8ad38', 'previous-convictions', '7a68c1aa-8bff-4eec-8e36-47c6aae54a39', '2020-11-30 14:50:00', null, 'previous convictions', 'Previous convictions'),
    ('902bd412-623a-4dee-be42-14ce2cede917', 'victim-statement', '7a68c1aa-8bff-4eec-8e36-47c6aae54a39', '2020-11-30 14:50:00', null, 'victim statement', 'Victim statement'),
    ('cc7bfc9f-c7d0-4468-bf75-35c67b6bbfec', 'safeguarding-checks', '7a68c1aa-8bff-4eec-8e36-47c6aae54a39', '2020-11-30 14:50:00', null, 'safeguarding checks', 'Safeguarding checks'),
    ('e7ee433d-61b5-4cb7-bb1f-7e5f6fd9d676', 'police-information', '7a68c1aa-8bff-4eec-8e36-47c6aae54a39', '2020-11-30 14:50:00', null, 'police information', 'Police information'),
    ('76418131-8180-4f54-a4ff-d12d46bbdb12', 'sentencing-guidelines', '7a68c1aa-8bff-4eec-8e36-47c6aae54a39', '2020-11-30 14:50:00', null, 'sentencing guidelines', 'Sentencing guidelines'),
    ('87a97133-f446-4b1c-849e-239421d2c5b0', 'domestic-abuse-call-out-information', '7a68c1aa-8bff-4eec-8e36-47c6aae54a39', '2020-11-30 14:50:00', null, 'domestic abuse call-out information', 'Domestic abuse call-out information');


INSERT INTO grouping (group_uuid, group_code, heading, subheading, help_text, group_start, group_end)
VALUES ('0e8e5e25-ec56-4ae9-a851-20c3919d35bb', 'pre_sentence_report', 'Short-form PSR content v1.9', null, null, '2020-11-30 14:50:00', null),
    ('a05885d4-3188-48d4-9d1e-1e3f4221dabf', 'the_individual', 'The individual', null, null, '2020-11-30 14:50:00', null),
    ('f9cb76b7-4d46-482a-a35c-f0203c2ca534', 'court_information', 'Court information', null, null, '2020-11-30 14:50:00', null),
    ('464e2ae1-efbe-48ee-b0dd-7b8d3b8b0efb', 'psr_metadata', 'PSR metadata', null, null, '2020-11-30 14:50:00', null),
    ('e5d98d96-183c-4971-a1fe-8fafb340b910', 'probation_service_details', 'Probation service details', null, null, '2020-11-30 14:50:00', null),
    ('7867c1aa-4504-45ff-823b-be5464a77238', 'the_offences', 'The offences', null, null, '2020-11-30 14:50:00', null),
    ('289e4526-f8fe-4ee9-bca3-1c7386676ddc', 'offence_analysis', 'Offence analysis', null, null, '2020-11-30 14:50:00', null),
    ('d4c98576-a0c9-4b82-aba3-fb31a2faabbf', 'criminal_history', 'Criminal history', null, null, '2020-11-30 14:50:00', null),
    ('95d5fb43-2bfc-4c7d-9e1c-f5fa96d40231', 'order', 'Order', null, null, '2020-11-30 14:50:00', null),
    ('6333c76c-e63a-4c92-a16b-1a3e3e7566de', 'needs', 'Needs', null, null, '2020-11-30 14:50:00', null),
    ('a7622941-b46c-486d-9479-c941bdf059f4', 'risks', 'Risks', null, null, '2020-11-30 14:50:00', null),
    ('2ba4b815-ed49-4717-8164-5b55e9c598e9', 'proposal', 'Proposal', null, null, '2020-11-30 14:50:00', null),
    ('be18a7af-fd2f-467f-9fd7-d8e3d08b256f', 'information_sources', 'Information sources', null, null, '2020-11-30 14:50:00', null);


INSERT INTO question_schema (question_schema_uuid, question_code, oasys_question_code, question_start, question_end, answer_type, answer_schema_group_uuid, question_text, question_help_text)
VALUES ('fa85f1e2-39d0-4f90-8dfa-bc562299c5de', 'title', null, '2020-11-30 14:50:00', null, 'freetext', null, 'Title', null),
    ('111402a8-cc2e-4882-ba32-7ec3693ac924', 'first_name', null, '2020-11-30 14:50:00', null, 'freetext', null, 'First name or names
', null),
    ('6a0b1a32-6124-49fc-aa18-48dfac2b745f', 'family_name', null, '2020-11-30 14:50:00', null, 'freetext', null, 'Family name or names', null),
    ('d6ed5a76-8150-4da8-ae8c-cde78fa6b4fa', 'date_of_birth', null, '2020-11-30 14:50:00', null, 'date', null, 'Date of birth', null),
    ('9e369c36-6865-46f2-baad-07d612d40668', 'age', null, '2020-11-30 14:50:00', null, 'freetext', null, 'Age', null),
    ('4a282542-79e6-426a-8ac8-71f57925cab4', 'gender', null, '2020-11-30 14:50:00', null, 'dropdown', '6f162bfd-882c-4185-88c6-b004b8f7f354', 'Gender', null),
    ('e8f100fb-9c95-4a13-a67d-3f4260970f55', 'sex', null, '2020-11-30 14:50:00', null, 'dropdown', '6f162bfd-882c-4185-88c6-b004b8f7f354', 'Sex', null),
    ('e113c150-2b75-4f69-9d72-f7974e6f3c7c', 'crn', null, '2020-11-30 14:50:00', null, 'freetext', null, 'CRN', null),
    ('433bbda0-89f6-4d16-a967-ab1ff22a29cb', 'pnc', null, '2020-11-30 14:50:00', null, 'freetext', null, 'PNC', null),
    ('563c8f25-09a5-4ded-9a34-372148c60273', 'address', null, '2020-11-30 14:50:00', null, 'freetext', null, 'Address', null),
    ('ad418f62-98b5-48cc-b585-a7d3db39d019', 'court', null, '2020-11-30 14:50:00', null, 'freetext', null, 'Court', null),
    ('29558a9d-d3bd-45b4-92ee-f5f78c901ea7', 'local_justice_area', null, '2020-11-30 14:50:00', null, 'freetext', null, 'Local justice area', null),
    ('5f57802d-a92e-4963-83ee-059cece05317', 'date_of_hearing', null, '2020-11-30 14:50:00', null, 'date', null, 'Date of hearing', null),
    ('bd169675-c9be-409c-a109-67947149ccf1', 'date_of_assessment', null, '2020-11-30 14:50:00', null, 'date', null, 'Date of assessment', null),
    ('5e2979d4-730e-4c34-a9f7-88b93e23f1ed', 'seriousness', null, '2020-11-30 14:50:00', null, 'freetext', null, 'Seriousness', null),
    ('4380c448-c249-4f3d-9e7e-da2fbf9c3ced', 'sentencing_purpose', null, '2020-11-30 14:50:00', null, 'dropdown', '56660fae-010b-459b-95e2-30914901c370', 'Sentencing purpose', null),
    ('485ce296-e144-48c5-88fa-072f28d2a559', 'date_report_requested', null, '2020-11-30 14:50:00', null, 'date', null, 'Date report requested', null),
    ('edbbfaa2-4628-40f8-be37-b9b3e075b48a', 'date_report_required', null, '2020-11-30 14:50:00', null, 'date', null, 'Date report required', null),
    ('6bc32b27-9a78-4416-83dd-9a65ea5bf26a', 'date_report_completed_and_signed', null, '2020-11-30 14:50:00', null, 'date', null, 'Date report completed and signed', null),
    ('10a688f6-276c-4854-a97e-8534c6f7f2ff', 'offender_manager', null, '2020-11-30 14:50:00', null, 'freetext', null, 'Probation practitioner', null),
    ('dde1c883-5408-409b-be59-659b852dcf53', 'psr_writers_name', null, '2020-11-30 14:50:00', null, 'freetext', null, 'Report author', null),
    ('d92e8faa-f616-421d-a2d5-23f4926ea414', 'psr_writers_office_location', null, '2020-11-30 14:50:00', null, 'freetext', null, 'Office', null),
    ('2aaaa02c-6664-4d98-9710-85a42c1e68f3', 'main_offence', null, '2020-11-30 14:50:00', null, 'dropdown', '4e322614-8492-4600-8028-2811d89d2fca', 'Main offence 
', null),
    ('479bb22a-847e-413c-ae5f-c048ab2e1c9e', 'main_offence_date', null, '2020-11-30 14:50:00', null, 'date', null, 'Date', null),
    ('1387c7e8-c1c0-43c3-9ae4-21169967a872', 'other_offences_and_dates_if_applicable', null, '2020-11-30 14:50:00', null, 'dropdown', '4e322614-8492-4600-8028-2811d89d2fca', 'Additional offence
', null),
    ('caa02180-cd22-481e-990d-1868fe78f51c', 'other_offences_dates', null, '2020-11-30 14:50:00', null, 'date', null, 'Date', null),
    ('992802a7-46c8-411d-8c4b-15785393d89f', 'offence_description', null, '2020-11-30 14:50:00', null, 'freetext', null, 'Additional offence description', null),
    ('ab810438-a7e2-412f-ba62-9a27a6c682e4', 'offence_category_type', null, '2020-11-30 14:50:00', null, 'freetext', null, 'Current offence category', null),
    ('44d58401-8e62-40b1-92ef-a8d0ededb156', 'date_of_current_conviction', null, '2020-11-30 14:50:00', null, 'date', null, 'Date of current conviction', null),
    ('349cbfd7-1ac0-472b-9448-9b03f84bb32c', 'date_of_sentence_or_discharge_if_sentenced_to_custody', null, '2020-11-30 14:50:00', null, 'date', null, 'Date of sentence, or discharge if sentenced to custody', null),
    ('9fe8ff0c-48e6-47f7-8b41-957aa697915e', 'offence_analysis', 'Section 2, question 2.1', '2020-11-30 14:50:00', null, 'freetext', null, 'Offence analysis', null),
    ('bba64c55-338c-4ade-a90a-37e568c015b0', 'why_did_the_offence_occur', 'Section 2, question 2.8', '2020-11-30 14:50:00', null, 'freetext', null, 'Why did the offence occur?', null),
    ('9af9d055-052e-4c83-9c03-df40e74d90bd', 'offender_accepts_responsibility_for_the_current_offence', 'Section 2, question 2.11', '2020-11-30 14:50:00', null, 'radio', '6cbf83fd-85e0-4066-89cf-b3a2cf22d8a4', 'Does the individual accept responsibility for the current offence?', null),
    ('4a80a7e8-e919-4a91-904c-42d05e732c1c', 'give_details', null, '2020-11-30 14:50:00', null, 'freetext', null, 'Give details', null),
    ('520dfe3d-68e4-4662-8a97-7530f2d21247', 'offender_recognises_the_impact_and_consequences_of_offence_s_on_the_victim_community_wider_society', 'Section 2, question 2.6', '2020-11-30 14:50:00', null, 'radio', '6cbf83fd-85e0-4066-89cf-b3a2cf22d8a4', 'Does the individual recognise the impact and consequences of offence(s) on the victim or community or wider society?', null),
    ('1142afab-a457-4924-910f-5ba8432f4ffc', 'give_details', null, '2020-11-30 14:50:00', null, 'freetext', null, 'Give details', null),
    ('3ed0b9b8-be2a-4197-be4d-208532ec5c86', 'current_offence_s_indicate_escalation_in_seriousness_from_earlier_offending', 'Section 2, question 2.13', '2020-11-30 14:50:00', null, 'radio', '6cbf83fd-85e0-4066-89cf-b3a2cf22d8a4', 'Do the current offence(s) indicate an escalation in seriousness from earlier offending?', null),
    ('901279bb-7c8f-4eef-a743-10c1f719e0b2', 'give_details', null, '2020-11-30 14:50:00', null, 'freetext', null, 'Give details', null),
    ('22b85736-2999-4a07-b03d-f061feec972a', 'patterns_of_offending_behaviour_if_applicable', 'Section 2, question 2.14', '2020-11-30 14:50:00', null, 'radio', '6cbf83fd-85e0-4066-89cf-b3a2cf22d8a4', 'Are current offence(s) part of an established pattern of offending?', null),
    ('7f8e9039-90b3-4219-ad03-7daea9acc63f', 'details_of_patterns_of_offending_behaviour', null, '2020-11-30 14:50:00', null, 'freetext', null, 'Give details', null),
    ('0454cabc-4fef-4ac2-b234-d3619af84be2', 'does_the_offender_have_any_history_of_statutory_sexual_offences', null, '2020-11-30 14:50:00', null, 'radio', '6cbf83fd-85e0-4066-89cf-b3a2cf22d8a4', 'Does the individual have any history of statutory sexual offences?', null),
    ('b03fdfa6-7c11-4144-8968-bc4371f35383', 'does_the_current_offence_have_a_sexual_element_or_motivation', null, '2020-11-30 14:50:00', null, 'radio', '6cbf83fd-85e0-4066-89cf-b3a2cf22d8a4', 'Does the current offence have a sexual element or motivation?', null),
    ('e3b64b60-b2d7-4c13-b2a8-66736219afbe', 'have_they_ever_committed_a_sexual_or_sexually_motivated_offence', null, '2020-11-30 14:50:00', null, 'radio', '6cbf83fd-85e0-4066-89cf-b3a2cf22d8a4', 'Have they ever committed a sexual or sexually motivated offence?', null),
    ('2b1636f9-a094-4bc5-8a71-ee58dd34c965', 'does_the_current_sexual_offence_have_a_stranger_victim', null, '2020-11-30 14:50:00', null, 'radio', '6cbf83fd-85e0-4066-89cf-b3a2cf22d8a4', 'Have any of these involved actual or attempted contact against a victim who was a stranger?', null),
    ('c97772b4-4982-410a-bfa7-73c9968c669b', 'date_of_most_recent_sexual_offence', null, '2020-11-30 14:50:00', null, 'date', null, 'Date of most recent sanction involving a sexual or sexually motivated offence', null),
    ('f364d313-7e98-4886-ae7b-b51010a49c8f', 'number_of_previous_current_sanctions_involving_contact_adult_sexual_offences', null, '2020-11-30 14:50:00', null, 'freetext', null, 'Number of previous or current sanctions involving contact adult sexual offences', null),
    ('5b01156c-77d7-4c31-9739-f46c148713d5', 'number_of_previous_current_sanctions_involving_contact_child_sexual_offences', null, '2020-11-30 14:50:00', null, 'freetext', null, 'Number of previous or current sanctions involving contact child sexual offences', null),
    ('67e1b36a-d379-46a3-b4ca-8eda599bf251', 'number_of_previous_current_sanctions_involving_indecent_image_sexual_offences', null, '2020-11-30 14:50:00', null, 'freetext', null, 'Number of previous or current sanctions involving indecent image sexual offences', null),
    ('58498b61-1e6f-4c79-a4c9-f9c5559478a0', 'number_of_previous_current_sanctions_involving_paraphilia_sexual_offences', null, '2020-11-30 14:50:00', null, 'freetext', null, 'Number of previous or current sanctions involving other non-contact sexual or sexually motivated offences', null),
    ('90e60f7d-c756-4a45-8c80-5c866bc4ccc2', 'have_you_completed_an_offender_interview_and_or_oa_sys', null, '2020-11-30 14:50:00', null, 'radio', '6cbf83fd-85e0-4066-89cf-b3a2cf22d8a4', 'Have you completed an interview and/or OASys?', null),
    ('e13fb037-fd9a-4e06-a442-0eac730b46f4', 'does_the_individual_have_any_previous_convictions', null, '2020-11-30 14:50:00', null, 'radio', '6cbf83fd-85e0-4066-89cf-b3a2cf22d8a4', 'Does the individual have any previous convictions?', null),
    ('f110fcbf-1f0b-4df8-b526-cb2cd78dec33', 'does_the_offender_have_any_previous_convictions_for_the_following_offences', null, '2020-11-30 14:50:00', null, 'freetext', null, 'Does the individual have any previous convictions for the following:', null),
    ('2f53e449-1c30-4762-bd95-66f142c537ba', 'murder_attempted_murder_threat_or_conspiracy_to_murder_manslaughter', null, '2020-11-30 14:50:00', null, 'freetext', null, 'Murder or attempted murder
or
threat or conspiracy to murder or manslaughter', null),
    ('8c441f92-d162-43d2-9943-f374cdf825f5', 'wounding_gbh_sections_18_20_offences_against_the_person_act_1861', null, '2020-11-30 14:50:00', null, 'freetext', null, 'Wounding or GBH (Sections 18/20 Offences Against the Person ACT 1861)', null),
    ('04d1ee2d-dd5d-4cfd-a175-c7c66daebb6f', 'aggravated_burglary', null, '2020-11-30 14:50:00', null, 'freetext', null, 'Aggravated burglary', null),
    ('7940ca04-5d97-4bb3-a3d1-cd7e3eacc719', 'arson', null, '2020-11-30 14:50:00', null, 'freetext', null, 'Arson', null),
    ('35c6a943-d095-40ae-9ab6-2163c1bd5ac6', 'criminal_damage_with_intent_to_endanger_life', null, '2020-11-30 14:50:00', null, 'freetext', null, 'Criminal damage with intent to endanger life', null),
    ('e1720f79-b1d2-4b46-afb2-31501a7ebc8d', 'kidnapping_false_imprisonment', null, '2020-11-30 14:50:00', null, 'freetext', null, 'Kidnapping or false imprisonment', null),
    ('cc02fdb1-5b62-4e3f-8478-4ef6eda4912b', 'possession_of_a_firearm_with_intent_to_endanger_life_or_resist_arrest', null, '2020-11-30 14:50:00', null, 'freetext', null, 'Possession of a firearm with intent to endanger life or resist arrest', null),
    ('ecdd96f5-e6c9-4286-8bb5-151b987e479a', 'robbery', null, '2020-11-30 14:50:00', null, 'freetext', null, 'Robbery', null),
    ('6b75367b-c5a4-4a8c-80ad-92f9831bc362', 'any_other_offence_involving_possession_and_or_use_of_weapons', null, '2020-11-30 14:50:00', null, 'freetext', null, 'Any other offence involving possession and/or use of weapons', null),
    ('f11dcada-0039-4e8e-b460-c660d9ea76cd', 'did_the_offence_involve_carrying_use_of_a_weapon', '2.2A', '2020-11-30 14:50:00', null, 'radio', '6cbf83fd-85e0-4066-89cf-b3a2cf22d8a4', 'Did the offence involve carrying or use of a weapon?', null),
    ('2efdb4ce-af58-43fe-a2c4-a42aece10de7', 'date_of_first_sanction', null, '2020-11-30 14:50:00', null, 'date', null, 'Date of first sanction', null),
    ('79f7efc1-d986-478e-8d9c-4a8c9c4bb790', 'previous_sanctions', null, '2020-11-30 14:50:00', null, 'freetext', null, 'Number of previous sanctions for all recordable offences', null),
    ('55ff90ef-dd1a-405f-8859-c49f45b8a6fa', 'number_of_previous_current_sanctions_for_violent_offences', null, '2020-11-30 14:50:00', null, 'freetext', null, 'Number of previous or current sanctions for violent offences', null),
    ('77398fd6-b5d7-402d-9564-2f16bef5a121', 'order', null, '2020-11-30 14:50:00', null, 'freetext', null, 'Order', null),
    ('bed7af26-a158-4ab8-b35c-9bdbe6dc51d3', 'is_the_offender_living_in_suitable_accommodation', '3.4', '2020-11-30 14:50:00', null, 'radio', 'ebdc3025-4705-45ea-8f58-1e8e2d66006b', 'Suitability of accommodation.
', null),
    ('c19a5cd9-a40c-4ef7-b671-bf79f3a4fcc5', 'give_details', null, '2020-11-30 14:50:00', null, 'freetext', null, 'Give details', null),
    ('7c2bfe21-9c22-4375-ae10-f8d9cb691ca8', 'accommodation', 'Section 3 last question field ref S3.11', '2020-11-30 14:50:00', null, 'radio', '6cbf83fd-85e0-4066-89cf-b3a2cf22d8a4', 'Are any current or previous accommodation issues linked to offending behaviour?', null),
    ('99c85a6d-8ba3-4ec4-935a-df696042dd27', 'accommodation_type', null, '2020-11-30 14:50:00', null, 'dropdown', '38935f8a-213f-4957-ac23-315b2d07269a', 'Accommodation type', null),
    ('1942a16d-3d0c-4a9b-bac8-cc5d3d86aa15', 'give_details', null, '2020-11-30 14:50:00', null, 'freetext', null, 'Give details', null),
    ('e437a81d-9f85-4b42-aa8d-1299c650c9e9', 'education_training_and_employability', 'Section 4 last question field ref S4.23', '2020-11-30 14:50:00', null, 'radio', '6cbf83fd-85e0-4066-89cf-b3a2cf22d8a4', 'Are education, training, employment and/or basic skills issues linked to offending behaviour?', null),
    ('bfa793fa-7b52-40a1-b6ba-2f3f2fd16e48', 'education_training_and_employability_status', '4.2', '2020-11-30 14:50:00', null, 'freetext', null, 'Education, training and employability status', null),
    ('7aa9001c-c275-491f-9ef3-bca45f24b471', 'give_details', null, '2020-11-30 14:50:00', null, 'freetext', null, 'Give details', null),
    ('38c48851-a56f-4de5-9c14-55c3b71ac846', 'hours_of_work_or_education_training_per_week', null, '2020-11-30 14:50:00', null, 'freetext', null, 'Hours of work or education / training per week', null),
    ('8dd39839-894e-43f2-b23a-7f027477f175', 'skills_for_life_assessment_required', null, '2020-11-30 14:50:00', null, 'radio', '6cbf83fd-85e0-4066-89cf-b3a2cf22d8a4', 'Is a Skills for Life assessment required?', null),
    ('75066412-3275-4f3f-b1c3-ee03263c0599', 'finance', 'Section 5 last question field ref S5.13', '2020-11-30 14:50:00', null, 'radio', '6cbf83fd-85e0-4066-89cf-b3a2cf22d8a4', 'Are financial issues linked to offending behaviour?', null),
    ('00e23522-3161-4731-926d-008c6b7c2351', 'give_details', null, '2020-11-30 14:50:00', null, 'freetext', null, 'Give details', null),
    ('da39dc43-7807-4b71-a465-ab83c58621b3', 'relationships', '6.4', '2020-11-30 14:50:00', null, 'radio', '0dce26b9-9f43-4b38-ac5d-80ced3532a62', 'What is the person''s current relationship with their partner?', null),
    ('5ab7c304-78bf-4315-9d97-5a09333f4525', 'is_there_evidence_that_the_offender_is_a_perpetrator_of_domestic_violence_partner_abuse', '6.7', '2020-11-30 14:50:00', null, 'radio', '6cbf83fd-85e0-4066-89cf-b3a2cf22d8a4', 'Is there evidence that the individual is a perpetrator of domestic violence or partner abuse?', null),
    ('81a2518c-1482-46b3-b5af-76d027b44f10', 'give_details', null, '2020-11-30 14:50:00', null, 'freetext', null, 'Give details', null),
    ('c0696692-d64e-48f6-aefe-a4d7980bf874', 'alcohol_misuse', 'Section 9 last question field ref S9.14', '2020-11-30 14:50:00', null, 'radio', 'ebdc3025-4705-45ea-8f58-1e8e2d66006b', 'Is the person''s current use of alcohol a problem?', null),
    ('e22b623e-834b-40b1-b020-50289658ceaf', 'give_details', null, '2020-11-30 14:50:00', null, 'freetext', null, 'Give details', null),
    ('34e321de-de3b-4938-9e97-b4bd41b17b23', 'is_there_evidence_of_binge_drinking_or_excessive_use_of_alcohol_in_the_last_6_months', '9.2', '2020-11-30 14:50:00', null, 'radio', 'ebdc3025-4705-45ea-8f58-1e8e2d66006b', 'Is there evidence of binge drinking or excessive use of alcohol in the last 6 months?', null),
    ('477100e9-8fb7-41c9-a574-bf82e854564b', 'give_details', null, '2020-11-30 14:50:00', null, 'freetext', null, 'Give details', null),
    ('ee91a6f8-223d-46b9-a12d-fbf0c330fdd4', 'does_the_initial_screening_show_a_need_for_a_specialist_assessment', null, '2020-11-30 14:50:00', null, 'radio', '6cbf83fd-85e0-4066-89cf-b3a2cf22d8a4', 'Is there a need for a specialist assessment?', null),
    ('ed4d8dfd-98dd-43c2-96e4-3265ba97058b', 'give_details', null, '2020-11-30 14:50:00', null, 'freetext', null, 'Give details', null),
    ('edb66b9b-6fc4-4655-9113-92a3fc2d0d76', 'substance_misuse', 'Section 8 last question field ref S8.19', '2020-11-30 14:50:00', null, 'radio', '6cbf83fd-85e0-4066-89cf-b3a2cf22d8a4', 'Is drug misuse linked to offending behaviour?', null),
    ('f203082f-2fcf-424b-b562-b49cdcb521c5', 'give_details', null, '2020-11-30 14:50:00', null, 'freetext', null, 'Give details', null),
    ('ecbd2de3-e2f0-426f-9de7-4437e769e73a', 'is_there_current_recent_drug_misuse_on_a_daily_or_weekly_basis', 'Section 8 fields S8.2', '2020-11-30 14:50:00', null, 'radio', '6cbf83fd-85e0-4066-89cf-b3a2cf22d8a4', 'Is there current or recent drug misuse on a daily or weekly basis?', null),
    ('c29dd68a-aca8-4a68-8ebf-fbe038877d59', 'give_details', null, '2020-11-30 14:50:00', null, 'freetext', null, 'Give details', null),
    ('f6025f8b-edad-4e6d-bf81-928c20e6ffc1', 'is_the_offender_motivated_to_tackle_drugs_misuse', 'Section 8 question 8.8', '2020-11-30 14:50:00', null, 'freetext', null, 'Is the individual motivated to tackle drugs misuse?', null),
    ('eac070e1-94fa-491f-ac95-827fe63c5a0f', 'give_details', null, '2020-11-30 14:50:00', null, 'freetext', null, 'Give details', null),
    ('f719efad-2368-4200-be61-1ffd04fa5618', 'physical_and_mental_health', 'Section 10 last question field ref S10.17', '2020-11-30 14:50:00', null, 'radio', '6cbf83fd-85e0-4066-89cf-b3a2cf22d8a4', 'Is mental health linked to offending behaviour?', null),
    ('ab258cc8-4dcd-4e77-bc69-62433908d10e', 'give_details', null, '2020-11-30 14:50:00', null, 'freetext', null, 'Give details', null),
    ('f8c48e55-2e5b-4ed1-b95b-ff58293afa0d', 'does_the_offender_have_a_history_of_mental_health_issues', null, '2020-11-30 14:50:00', null, 'radio', '6cbf83fd-85e0-4066-89cf-b3a2cf22d8a4', 'Does the individual have current mental health issues or a history of such issues?', null),
    ('9954b659-9095-42d5-bd08-483ee3fda183', 'give_details', null, '2020-11-30 14:50:00', null, 'freetext', null, 'Give details', null),
    ('b9dba8f6-9491-4ea4-aba9-12d03d2ec07e', 'self_harm_attempted_suicide_suicidal_thoughts_or_feelings', null, '2020-11-30 14:50:00', null, 'freetext', null, 'Is there evidence of self-harm, attempted suicide, suicidal thoughts or feelings?', null),
    ('81d5d908-6ead-46db-93e0-baffc797567f', 'give_details', null, '2020-11-30 14:50:00', null, 'freetext', null, null, null),
    ('527b0879-fd5b-4730-ae0e-4a88a5356a63', 'coping_in_custody_hostel_setting', 'R8.2.1 field FA.39', '2020-11-30 14:50:00', null, 'radio', '6cbf83fd-85e0-4066-89cf-b3a2cf22d8a4', 'Can the individual cope in custody / hostel setting?', null),
    ('4ecd9041-a19a-4f3a-8b74-5629ee8d008a', 'give_details', null, '2020-11-30 14:50:00', null, 'freetext', null, 'Give details', null),
    ('270f069f-f6ca-402f-b291-f8a3e6da16c8', 'are_there_particular_social_and_emotional_consequences_of_imprisonment', null, '2020-11-30 14:50:00', null, 'radio', '6cbf83fd-85e0-4066-89cf-b3a2cf22d8a4', 'Are there particular social and emotional consequences of imprisonment?', null),
    ('0f72ccbf-92d4-45f2-bf04-b5f30b481e06', 'give_details', null, '2020-11-30 14:50:00', null, 'freetext', null, 'Give details', null),
    ('bbaf8226-006a-4a78-92e3-422c5076eddb', 'is_a_specialist_report_required', 'Section 10 question 10.8 field ref S10.14', '2020-11-30 14:50:00', null, 'radio', '6cbf83fd-85e0-4066-89cf-b3a2cf22d8a4', 'Is a specialist mental health report required?', null),
    ('199da8c1-dee3-4b26-b158-ed20419e2453', 'give_details', null, '2020-11-30 14:50:00', null, 'freetext', null, 'Give details', null),
    ('cc35adba-fcf5-4648-a171-df0bfb45ff5a', 'thinking_and_behaviour', null, '2020-11-30 14:50:00', null, 'radio', '6cbf83fd-85e0-4066-89cf-b3a2cf22d8a4', 'Are thinking and behaviour a relevant factor?', null),
    ('338b5f13-b2ef-4fd4-b1bc-bc216863a600', 'is_impulsivity_a_problem_for_the_offender', '11.2', '2020-11-30 14:50:00', null, 'radio', 'ebdc3025-4705-45ea-8f58-1e8e2d66006b', 'Is impulsivity a problem for the individual?', null),
    ('fd535aaf-d85f-4d9c-8e92-b4178169be56', 'give_details', null, '2020-11-30 14:50:00', null, 'freetext', null, 'Give details', null),
    ('143b2297-5651-4c00-944a-13aa04ef4cb3', 'is_temper_control_a_problem_for_the_offender', '11.4', '2020-11-30 14:50:00', null, 'radio', 'ebdc3025-4705-45ea-8f58-1e8e2d66006b', 'Is temper control a problem for the individual?', null),
    ('4967b949-cfc2-4a3b-b200-79287e9e2140', 'does_the_offender_have_pro_criminal_attitudes', '12.1', '2020-11-30 14:50:00', null, 'radio', 'ebdc3025-4705-45ea-8f58-1e8e2d66006b', 'Does the individual have pro-criminal attitudes?', null),
    ('1e68c4a6-4045-4b75-a872-f42bb2922844', 'is_there_evidence_that_the_offender_demonstrates_inadequate_social_interpersonal_skills', 'Section 11 question 11.1', '2020-11-30 14:50:00', null, 'radio', '6cbf83fd-85e0-4066-89cf-b3a2cf22d8a4', 'Is there evidence that the individual demonstrates inadequate social or interpersonal skills?', null),
    ('b9d01df8-e93f-4db9-ac1b-7ce316fd9cdf', 'give_details', null, '2020-11-30 14:50:00', null, 'freetext', null, 'Give details', null),
    ('e0a96dda-42d8-4554-89e0-912678eedfb0', 'is_there_evidence_that_the_offender_uses_inappropriate_problem_solving_strategies', 'Section 11 question 11.6', '2020-11-30 14:50:00', null, 'radio', '6cbf83fd-85e0-4066-89cf-b3a2cf22d8a4', 'Is there evidence that the individual uses inappropriate problem solving strategies?', null),
    ('dca1ee42-dda8-4056-8cd3-7f6ec1e44211', 'give_details', null, '2020-11-30 14:50:00', null, 'freetext', null, 'Give details', null),
    ('e9c544be-633f-49ac-a12f-e4bda96c4499', 'is_there_evidence_that_the_offender_has_difficulty_understanding_other_peoples_points_of_view', 'Section 11 question 11.9', '2020-11-30 14:50:00', null, 'radio', '6cbf83fd-85e0-4066-89cf-b3a2cf22d8a4', 'Is there evidence that the individual has difficulty understanding other people’s points of view?', null),
    ('e1e43523-82a9-4f7a-b75f-9935e183b98c', 'give_details', null, '2020-11-30 14:50:00', null, 'freetext', null, 'Give details', null),
    ('ab7c5ea2-56eb-497f-a853-3f8e9a2dda6f', 'anti_social_discriminatory_attitudes_behaviour_associated_with_offending', null, '2020-11-30 14:50:00', null, 'freetext', null, 'Are anti-social or discriminatory attitudes or behaviour associated with offending?', null),
    ('b9aed291-3c9a-4a16-96b9-1f615cb17a0e', 'give_details', null, '2020-11-30 14:50:00', null, 'freetext', null, 'Give details', null),
    ('da6f951a-674f-4ab2-b0b4-aec3d9f8777b', 'other_needs', null, '2020-11-30 14:50:00', null, 'freetext', null, 'Additional information about the individual relevant to their offence(s) and the management of the offender', null),
    ('2f21effb-3944-4602-a4dc-18892dd4c2fc', 'is_there_evidence_of_the_offender_experiencing_trauma', null, '2020-11-30 14:50:00', null, 'radio', '6cbf83fd-85e0-4066-89cf-b3a2cf22d8a4', 'Is there evidence of the individual experiencing trauma?', null),
    ('e4fae090-7755-4307-9bcd-774db4a1b645', 'does_the_offender_have_caring_responsibilities_for_children_or_adults_or_have_they_ever_had_caring_responsibilities_for_children_or_adults', null, '2020-11-30 14:50:00', null, 'radio', '6cbf83fd-85e0-4066-89cf-b3a2cf22d8a4', 'Does the individual have caring responsibilities for children or adults, or have they ever had caring responsibilities for children or adults?', null),
    ('6a8a537c-f146-4d9f-bf72-59fdc244852f', 'risk_of_serious_recidivism_rsr', null, '2020-11-30 14:50:00', null, 'freetext', null, 'Risk of Serious Recidivism (RSR)', null),
    ('eab2a7df-e74f-42fa-b14d-095620cf03f2', 'ogrs_3_probability_of_proven_reoffending', null, '2020-11-30 14:50:00', null, 'freetext', null, 'OGRS3 probability of proven reoffending', null),
    ('0e273232-1d39-4352-b6ba-0f527c904469', 'what_are_the_individuals_risk_factors', null, '2020-11-30 14:50:00', null, 'freetext', null, 'What are the individual''s risk factors?', null),
    ('9df4e277-054c-452c-a719-b8c4ad797049', 'protective_factors', null, '2020-11-30 14:50:00', null, 'freetext', null, 'What are the individual''s protective factors?', null),
    ('97ad4565-c333-4103-af62-f05b18b94d9f', 'do_you_assess_risk_of_serious_harm_to_be_imminent', null, '2020-11-30 14:50:00', null, 'radio', '6cbf83fd-85e0-4066-89cf-b3a2cf22d8a4', 'Do you assess risk of serious harm to be imminent?', null),
    ('dd85ec2b-2252-4766-9b07-2294c89a9553', 'give_details', null, '2020-11-30 14:50:00', null, 'freetext', null, 'Give details', null),
    ('0f6dd55e-d2b0-438d-b4e0-7c11d182c0f8', 'likelihood_of_further_offending', 'S1.46', '2020-11-30 14:50:00', null, 'dropdown', '5b0aef2d-5b04-44b1-b02a-535d2b881321', 'Likelihood of further offending', null),
    ('af62d556-1005-4c55-9d1c-0064db439541', 'risk_of_serious_harm_assessment', null, '2020-11-30 14:50:00', null, 'dropdown', '05774ea2-bb7f-4ead-82c7-d2097174e92b', 'Risk of serious harm', null),
    ('31100597-0632-477f-8c25-a908a927e234', 'the_risk_of_serious_harm_screening_indicates_the_need_for_a_full_risk_of_serious_harm_analysis', null, '2020-11-30 14:50:00', null, 'radio', '6cbf83fd-85e0-4066-89cf-b3a2cf22d8a4', 'Does the Risk of Serious Harm Screening indicate a need for a full Risk of Serious Harm Analysis?', null),
    ('640c1c12-7db3-4b99-bb6c-b545aa292604', 'response_to_previous_supervision', null, '2020-11-30 14:50:00', null, 'dropdown', 'd61239f8-5d66-439d-9ef3-b1322085a466', 'Response to previous supervision', null),
    ('ac9a7761-9bea-4860-ab3b-e91aef0114c3', 'give_details', null, '2020-11-30 14:50:00', null, 'freetext', null, 'Give details', null),
    ('1c27a19f-6a79-469f-a7c5-de7b61a100a3', 'risk_of_serious_recidivism_rsr', null, '2020-11-30 14:50:00', null, 'freetext', null, 'Risk of Serious Recidivism (RSR)', null),
    ('8a0e6a31-d0b7-4302-b444-1efc5805aa90', 'ogrs_3_probability_of_proven_reoffending', null, '2020-11-30 14:50:00', null, 'freetext', null, 'OGRS3 probability of proven reoffending', null),
    ('6eb52ad2-172d-4e8e-8164-5406f791f056', 'proposed_sentence', null, '2020-11-30 14:50:00', null, 'freetext', null, 'Enter a proposed sentence', null),
    ('78e68760-0ac3-428d-a832-d2fda46f8f88', 'give_details', null, '2020-11-30 14:50:00', null, 'freetext', null, 'Give details', null),
    ('e9f26638-e529-4bf3-a9ba-9725c25c46a3', 'reasons_for_proposal', null, '2020-11-30 14:50:00', null, 'freetext', null, 'Reasons for proposal', null),
    ('f3a06f99-3bc0-4f5d-afc7-0ef988382131', 'sentence_length', null, '2020-11-30 14:50:00', null, 'freetext', null, 'Sentence length', null),
    ('36fa2c98-fdce-44ad-95fe-8aeee9addffc', 'offenders_attitude_to_proposed_sentence', null, '2020-11-30 14:50:00', null, 'freetext', null, 'Individual''s attitude to proposed sentence', null),
    ('a18b7920-c9a2-43ec-a11b-7437679aa915', 'source', null, '2020-11-30 14:50:00', null, 'dropdown', '7a68c1aa-8bff-4eec-8e36-47c6aae54a39', 'Information sources', null);


INSERT INTO question_group (question_group_uuid, content_uuid, content_type, group_uuid, display_order, mandatory, validation)
VALUES ('44962f62-6f1c-4de7-a14b-ac592e1a794b', 'a05885d4-3188-48d4-9d1e-1e3f4221dabf', 'group', '0e8e5e25-ec56-4ae9-a851-20c3919d35bb', 1, true, null),
    ('45f16322-64a0-4e39-bf14-d5c6a374abc9', 'fa85f1e2-39d0-4f90-8dfa-bc562299c5de', 'question', 'a05885d4-3188-48d4-9d1e-1e3f4221dabf', 1, true, null),
    ('501dae9c-9b73-4f9c-9d58-efc5a9fd2847', '111402a8-cc2e-4882-ba32-7ec3693ac924', 'question', 'a05885d4-3188-48d4-9d1e-1e3f4221dabf', 2, true, null),
    ('e5aace41-7fd8-442f-ab4d-9c911256d8f0', '6a0b1a32-6124-49fc-aa18-48dfac2b745f', 'question', 'a05885d4-3188-48d4-9d1e-1e3f4221dabf', 3, true, null),
    ('b62698e0-17d3-4a62-813a-55917f9b58be', 'd6ed5a76-8150-4da8-ae8c-cde78fa6b4fa', 'question', 'a05885d4-3188-48d4-9d1e-1e3f4221dabf', 4, true, null),
    ('d0571b51-ef32-44f1-8906-540576190ddd', '9e369c36-6865-46f2-baad-07d612d40668', 'question', 'a05885d4-3188-48d4-9d1e-1e3f4221dabf', 5, true, null),
    ('d487c592-5a17-48b7-bd2c-caaf3c44600c', '4a282542-79e6-426a-8ac8-71f57925cab4', 'question', 'a05885d4-3188-48d4-9d1e-1e3f4221dabf', 6, true, null),
    ('9f6aea9a-2a53-4479-a41c-9f6c372657dd', 'e8f100fb-9c95-4a13-a67d-3f4260970f55', 'question', 'a05885d4-3188-48d4-9d1e-1e3f4221dabf', 7, true, null),
    ('2f1836c0-316c-4059-987a-8fdfea4f501d', 'e113c150-2b75-4f69-9d72-f7974e6f3c7c', 'question', 'a05885d4-3188-48d4-9d1e-1e3f4221dabf', 8, true, null),
    ('0b6015c5-5a59-41e5-83a6-1d2659fd9ca3', '433bbda0-89f6-4d16-a967-ab1ff22a29cb', 'question', 'a05885d4-3188-48d4-9d1e-1e3f4221dabf', 9, true, null),
    ('413b4752-26e7-4602-80a5-4b2ee57f651b', '563c8f25-09a5-4ded-9a34-372148c60273', 'question', 'a05885d4-3188-48d4-9d1e-1e3f4221dabf', 10, true, null),
    ('b54ce219-008f-4186-a132-9a255abf5113', 'f9cb76b7-4d46-482a-a35c-f0203c2ca534', 'group', '0e8e5e25-ec56-4ae9-a851-20c3919d35bb', 2, true, null),
    ('042690a0-b281-409c-9b57-00b34cad99c2', 'ad418f62-98b5-48cc-b585-a7d3db39d019', 'question', 'f9cb76b7-4d46-482a-a35c-f0203c2ca534', 1, true, null),
    ('9596288a-d349-47be-bc90-812a7016800c', '29558a9d-d3bd-45b4-92ee-f5f78c901ea7', 'question', 'f9cb76b7-4d46-482a-a35c-f0203c2ca534', 2, true, null),
    ('65d40f9f-70fb-4461-8816-721a21412e2d', '5f57802d-a92e-4963-83ee-059cece05317', 'question', 'f9cb76b7-4d46-482a-a35c-f0203c2ca534', 3, true, null),
    ('ed67cadc-c6c3-47c2-a121-d0dc2bce653b', 'bd169675-c9be-409c-a109-67947149ccf1', 'question', 'f9cb76b7-4d46-482a-a35c-f0203c2ca534', 4, true, null),
    ('002b1c47-335c-4d18-b19d-1bb4b84a8cdb', '5e2979d4-730e-4c34-a9f7-88b93e23f1ed', 'question', 'f9cb76b7-4d46-482a-a35c-f0203c2ca534', 5, true, null),
    ('7238c5e0-9706-4854-834f-fb2f41140dc1', '464e2ae1-efbe-48ee-b0dd-7b8d3b8b0efb', 'group', '0e8e5e25-ec56-4ae9-a851-20c3919d35bb', 3, true, null),
    ('9ef92beb-31e0-44a3-a86f-c53f3f154dae', '4380c448-c249-4f3d-9e7e-da2fbf9c3ced', 'question', '464e2ae1-efbe-48ee-b0dd-7b8d3b8b0efb', 1, true, null),
    ('95beca9d-a718-4cb7-a8a8-32ad6da8dba4', '485ce296-e144-48c5-88fa-072f28d2a559', 'question', '464e2ae1-efbe-48ee-b0dd-7b8d3b8b0efb', 2, true, null),
    ('13fbb19e-e73b-410b-a368-43c25681f993', 'edbbfaa2-4628-40f8-be37-b9b3e075b48a', 'question', '464e2ae1-efbe-48ee-b0dd-7b8d3b8b0efb', 3, true, null),
    ('5571414a-2a3c-4ee6-870f-c2ff6e20a080', '6bc32b27-9a78-4416-83dd-9a65ea5bf26a', 'question', '464e2ae1-efbe-48ee-b0dd-7b8d3b8b0efb', 4, true, null),
    ('c737cc5e-2bf8-4998-967a-5303956a3c26', 'e5d98d96-183c-4971-a1fe-8fafb340b910', 'group', '0e8e5e25-ec56-4ae9-a851-20c3919d35bb', 4, true, null),
    ('4715e538-3765-4aa9-8c9c-b86d3cad55fd', '10a688f6-276c-4854-a97e-8534c6f7f2ff', 'question', 'e5d98d96-183c-4971-a1fe-8fafb340b910', 1, true, null),
    ('3f7270c3-fe72-462c-b37b-41c7636964e6', 'dde1c883-5408-409b-be59-659b852dcf53', 'question', 'e5d98d96-183c-4971-a1fe-8fafb340b910', 2, true, null),
    ('31beb336-023f-499f-989c-572a1b374662', 'd92e8faa-f616-421d-a2d5-23f4926ea414', 'question', 'e5d98d96-183c-4971-a1fe-8fafb340b910', 3, true, null),
    ('56687e06-af52-4d6b-827c-da57f4d7c05f', '7867c1aa-4504-45ff-823b-be5464a77238', 'group', '0e8e5e25-ec56-4ae9-a851-20c3919d35bb', 5, true, null),
    ('ff97fabb-ca0e-4d8e-bc65-8b150de7b531', '2aaaa02c-6664-4d98-9710-85a42c1e68f3', 'question', '7867c1aa-4504-45ff-823b-be5464a77238', 1, true, null),
    ('47cb8804-e743-42af-b394-75cfeff19cb1', '479bb22a-847e-413c-ae5f-c048ab2e1c9e', 'question', '7867c1aa-4504-45ff-823b-be5464a77238', 2, true, null),
    ('70b8f137-6e6a-46aa-93aa-e93ae08c747a', '1387c7e8-c1c0-43c3-9ae4-21169967a872', 'question', '7867c1aa-4504-45ff-823b-be5464a77238', 3, true, null),
    ('cf53fccd-64c5-4af8-b82e-2634f973d9c8', 'caa02180-cd22-481e-990d-1868fe78f51c', 'question', '7867c1aa-4504-45ff-823b-be5464a77238', 4, true, null),
    ('8ce0fb8d-ba4b-4eaa-b854-56a7e03ba45d', '992802a7-46c8-411d-8c4b-15785393d89f', 'question', '7867c1aa-4504-45ff-823b-be5464a77238', 5, true, null),
    ('2dc634e7-65a9-4dc5-af31-6723310c61ab', 'ab810438-a7e2-412f-ba62-9a27a6c682e4', 'question', '7867c1aa-4504-45ff-823b-be5464a77238', 6, true, null),
    ('60e14f31-da81-48db-a426-d3d80e4381f9', '44d58401-8e62-40b1-92ef-a8d0ededb156', 'question', '7867c1aa-4504-45ff-823b-be5464a77238', 7, true, null),
    ('3fa42b25-e1cc-4c5f-a153-7ae1f953ac93', '349cbfd7-1ac0-472b-9448-9b03f84bb32c', 'question', '7867c1aa-4504-45ff-823b-be5464a77238', 8, true, null),
    ('37804cb5-18c8-4710-8d61-71148ce2d1ba', '289e4526-f8fe-4ee9-bca3-1c7386676ddc', 'group', '0e8e5e25-ec56-4ae9-a851-20c3919d35bb', 6, true, null),
    ('03ddf8cc-81e5-43fc-938b-f21170595a90', '9fe8ff0c-48e6-47f7-8b41-957aa697915e', 'question', '289e4526-f8fe-4ee9-bca3-1c7386676ddc', 1, true, null),
    ('2e08824c-2e8a-437a-808f-48b73b9a699c', 'bba64c55-338c-4ade-a90a-37e568c015b0', 'question', '289e4526-f8fe-4ee9-bca3-1c7386676ddc', 2, true, null),
    ('15ae1410-f14b-4eae-ba48-4f95d7924e27', '9af9d055-052e-4c83-9c03-df40e74d90bd', 'question', '289e4526-f8fe-4ee9-bca3-1c7386676ddc', 3, true, null),
    ('418c1b94-17f1-46f4-bfee-54d9596299e1', '4a80a7e8-e919-4a91-904c-42d05e732c1c', 'question', '289e4526-f8fe-4ee9-bca3-1c7386676ddc', 4, true, null),
    ('542c241c-5551-4ea1-9e3f-3511afba2bf1', '520dfe3d-68e4-4662-8a97-7530f2d21247', 'question', '289e4526-f8fe-4ee9-bca3-1c7386676ddc', 5, true, null),
    ('8bded19c-aaae-42dd-adab-a7da5885591c', '1142afab-a457-4924-910f-5ba8432f4ffc', 'question', '289e4526-f8fe-4ee9-bca3-1c7386676ddc', 6, true, null),
    ('8a0e4d7f-02c0-41be-b3df-28a2eaf03a7e', '3ed0b9b8-be2a-4197-be4d-208532ec5c86', 'question', '289e4526-f8fe-4ee9-bca3-1c7386676ddc', 7, true, null),
    ('9fb25f46-7abc-45a7-be5d-bb8af9c46538', '901279bb-7c8f-4eef-a743-10c1f719e0b2', 'question', '289e4526-f8fe-4ee9-bca3-1c7386676ddc', 8, true, null),
    ('54c6301d-bf9d-4550-b1bc-35baf1bcfb9e', '22b85736-2999-4a07-b03d-f061feec972a', 'question', '289e4526-f8fe-4ee9-bca3-1c7386676ddc', 9, true, null),
    ('9153e25b-aacf-433d-8ca6-440aac850729', '7f8e9039-90b3-4219-ad03-7daea9acc63f', 'question', '289e4526-f8fe-4ee9-bca3-1c7386676ddc', 10, true, null),
    ('c093fd49-0ef0-48dd-ab81-83ceaf117ae4', '0454cabc-4fef-4ac2-b234-d3619af84be2', 'question', '289e4526-f8fe-4ee9-bca3-1c7386676ddc', 11, true, null),
    ('3d534e34-343d-4d4b-a9fc-df7f5c914b74', 'b03fdfa6-7c11-4144-8968-bc4371f35383', 'question', '289e4526-f8fe-4ee9-bca3-1c7386676ddc', 12, true, null),
    ('71e6597c-6e97-4930-bece-d63169124ed7', 'e3b64b60-b2d7-4c13-b2a8-66736219afbe', 'question', '289e4526-f8fe-4ee9-bca3-1c7386676ddc', 13, true, null),
    ('0860bf3c-ba0e-46bf-a583-6b18e86409ed', '2b1636f9-a094-4bc5-8a71-ee58dd34c965', 'question', '289e4526-f8fe-4ee9-bca3-1c7386676ddc', 14, true, null),
    ('5a51f184-037d-4c8c-becb-4899a6970653', 'c97772b4-4982-410a-bfa7-73c9968c669b', 'question', '289e4526-f8fe-4ee9-bca3-1c7386676ddc', 15, true, null),
    ('1a326565-5627-4636-aed7-7a5bb35677f2', 'f364d313-7e98-4886-ae7b-b51010a49c8f', 'question', '289e4526-f8fe-4ee9-bca3-1c7386676ddc', 16, true, null),
    ('deafd036-5c9f-4f5f-afc0-9c7cb638b0de', '5b01156c-77d7-4c31-9739-f46c148713d5', 'question', '289e4526-f8fe-4ee9-bca3-1c7386676ddc', 17, true, null),
    ('620f2e42-cd44-45e9-bbd3-8b76b5aa9588', '67e1b36a-d379-46a3-b4ca-8eda599bf251', 'question', '289e4526-f8fe-4ee9-bca3-1c7386676ddc', 18, true, null),
    ('681084ec-64fe-48fe-a9bd-11df9d12841b', '58498b61-1e6f-4c79-a4c9-f9c5559478a0', 'question', '289e4526-f8fe-4ee9-bca3-1c7386676ddc', 19, true, null),
    ('f4a66693-a628-4dca-80ec-1f2626408c97', '90e60f7d-c756-4a45-8c80-5c866bc4ccc2', 'question', '289e4526-f8fe-4ee9-bca3-1c7386676ddc', 20, true, null),
    ('51973c22-9fbc-4872-90d0-31a2a104eac9', 'e13fb037-fd9a-4e06-a442-0eac730b46f4', 'question', '289e4526-f8fe-4ee9-bca3-1c7386676ddc', 21, true, null),
    ('a5c9feac-c908-4bc8-acd6-69d170647d94', 'f110fcbf-1f0b-4df8-b526-cb2cd78dec33', 'question', '289e4526-f8fe-4ee9-bca3-1c7386676ddc', 22, true, null),
    ('df5018d2-a733-437c-b84b-5b83e82ecfd1', '2f53e449-1c30-4762-bd95-66f142c537ba', 'question', '289e4526-f8fe-4ee9-bca3-1c7386676ddc', 23, true, null),
    ('7c4c1cc9-4c5c-4d62-853e-8ef7ef696f85', '8c441f92-d162-43d2-9943-f374cdf825f5', 'question', '289e4526-f8fe-4ee9-bca3-1c7386676ddc', 24, true, null),
    ('12f2735d-11a7-44ea-b243-4bb59fd65d51', '04d1ee2d-dd5d-4cfd-a175-c7c66daebb6f', 'question', '289e4526-f8fe-4ee9-bca3-1c7386676ddc', 25, true, null),
    ('4d18fea0-c55e-47c7-8b61-de7a32fa8e15', '7940ca04-5d97-4bb3-a3d1-cd7e3eacc719', 'question', '289e4526-f8fe-4ee9-bca3-1c7386676ddc', 26, true, null),
    ('1f6e98a5-96ca-46ee-b101-63b3bf5f88b6', '35c6a943-d095-40ae-9ab6-2163c1bd5ac6', 'question', '289e4526-f8fe-4ee9-bca3-1c7386676ddc', 27, true, null),
    ('f4358777-54df-4e71-a6ab-602fd6592ee3', 'e1720f79-b1d2-4b46-afb2-31501a7ebc8d', 'question', '289e4526-f8fe-4ee9-bca3-1c7386676ddc', 28, true, null),
    ('82b8a3f6-d896-4057-bb6f-ba495ef9e74b', 'cc02fdb1-5b62-4e3f-8478-4ef6eda4912b', 'question', '289e4526-f8fe-4ee9-bca3-1c7386676ddc', 29, true, null),
    ('7fa8e1ff-12c4-457a-97d9-78be62eab6a0', 'ecdd96f5-e6c9-4286-8bb5-151b987e479a', 'question', '289e4526-f8fe-4ee9-bca3-1c7386676ddc', 30, true, null),
    ('42651be7-0aaa-40ae-9561-89602e437cdb', '6b75367b-c5a4-4a8c-80ad-92f9831bc362', 'question', '289e4526-f8fe-4ee9-bca3-1c7386676ddc', 31, true, null),
    ('a2486cc0-f066-4085-b18b-56441f4137b8', 'f11dcada-0039-4e8e-b460-c660d9ea76cd', 'question', '289e4526-f8fe-4ee9-bca3-1c7386676ddc', 32, true, null),
    ('7f12d0d6-8694-427a-8a64-0be6e84aad12', 'd4c98576-a0c9-4b82-aba3-fb31a2faabbf', 'group', '0e8e5e25-ec56-4ae9-a851-20c3919d35bb', 7, true, null),
    ('e23724bc-286f-4684-b4a7-4ab0445c5472', '2efdb4ce-af58-43fe-a2c4-a42aece10de7', 'question', 'd4c98576-a0c9-4b82-aba3-fb31a2faabbf', 1, true, null),
    ('42113b19-f0e3-4d84-9a97-6a6da9415b53', '79f7efc1-d986-478e-8d9c-4a8c9c4bb790', 'question', 'd4c98576-a0c9-4b82-aba3-fb31a2faabbf', 2, true, null),
    ('4ad2b117-af65-4afe-8a3e-c5f97537b32a', '55ff90ef-dd1a-405f-8859-c49f45b8a6fa', 'question', 'd4c98576-a0c9-4b82-aba3-fb31a2faabbf', 3, true, null),
    ('09e27a59-31cc-435d-a56e-9c7742e7df41', '95d5fb43-2bfc-4c7d-9e1c-f5fa96d40231', 'group', '0e8e5e25-ec56-4ae9-a851-20c3919d35bb', 8, true, null),
    ('4af29de6-a4d6-43e1-9809-5094e344f699', '77398fd6-b5d7-402d-9564-2f16bef5a121', 'question', '95d5fb43-2bfc-4c7d-9e1c-f5fa96d40231', 1, true, null),
    ('889d5729-2010-4569-b756-a299ef59ec52', '6333c76c-e63a-4c92-a16b-1a3e3e7566de', 'group', '0e8e5e25-ec56-4ae9-a851-20c3919d35bb', 9, true, null),
    ('144e33ab-fb0a-4a10-91f3-18feb6f4020a', 'bed7af26-a158-4ab8-b35c-9bdbe6dc51d3', 'question', '6333c76c-e63a-4c92-a16b-1a3e3e7566de', 1, true, null),
    ('2a7ff4a5-f594-458a-b841-0466167c3d3a', 'c19a5cd9-a40c-4ef7-b671-bf79f3a4fcc5', 'question', '6333c76c-e63a-4c92-a16b-1a3e3e7566de', 2, true, null),
    ('7fdc4729-740a-42a0-88d9-d9f10d3e1e8b', '7c2bfe21-9c22-4375-ae10-f8d9cb691ca8', 'question', '6333c76c-e63a-4c92-a16b-1a3e3e7566de', 3, true, null),
    ('92044e3f-261b-40bf-b32a-d47e9efe0632', '99c85a6d-8ba3-4ec4-935a-df696042dd27', 'question', '6333c76c-e63a-4c92-a16b-1a3e3e7566de', 4, true, null),
    ('69b23fb9-cd28-4091-87c1-f10c2272079c', '1942a16d-3d0c-4a9b-bac8-cc5d3d86aa15', 'question', '6333c76c-e63a-4c92-a16b-1a3e3e7566de', 5, true, null),
    ('f3c9f2be-5043-4114-9f02-d40648263b3b', 'e437a81d-9f85-4b42-aa8d-1299c650c9e9', 'question', '6333c76c-e63a-4c92-a16b-1a3e3e7566de', 6, true, null),
    ('4232ba15-27d9-4fd0-93e0-73f793d4e474', 'bfa793fa-7b52-40a1-b6ba-2f3f2fd16e48', 'question', '6333c76c-e63a-4c92-a16b-1a3e3e7566de', 7, true, null),
    ('91801d85-9367-4377-837c-e494278fa2db', '7aa9001c-c275-491f-9ef3-bca45f24b471', 'question', '6333c76c-e63a-4c92-a16b-1a3e3e7566de', 8, true, null),
    ('d387900b-90b2-46cd-8279-a06d64120e82', '38c48851-a56f-4de5-9c14-55c3b71ac846', 'question', '6333c76c-e63a-4c92-a16b-1a3e3e7566de', 9, true, null),
    ('1e2bed0e-ef36-43a8-9e2d-5b6f8daff1a5', '8dd39839-894e-43f2-b23a-7f027477f175', 'question', '6333c76c-e63a-4c92-a16b-1a3e3e7566de', 10, true, null),
    ('c3bdd450-d9b2-4bbc-bbcf-11a527fe433e', '75066412-3275-4f3f-b1c3-ee03263c0599', 'question', '6333c76c-e63a-4c92-a16b-1a3e3e7566de', 11, true, null),
    ('c0a2b10b-1409-4e95-b104-5f20e9fa8e73', '00e23522-3161-4731-926d-008c6b7c2351', 'question', '6333c76c-e63a-4c92-a16b-1a3e3e7566de', 12, true, null),
    ('059d6d3c-6e0c-449a-97fa-f4047030f7c2', 'da39dc43-7807-4b71-a465-ab83c58621b3', 'question', '6333c76c-e63a-4c92-a16b-1a3e3e7566de', 13, true, null),
    ('07705eed-ea94-468f-a7f7-a4fc81490d9d', '5ab7c304-78bf-4315-9d97-5a09333f4525', 'question', '6333c76c-e63a-4c92-a16b-1a3e3e7566de', 14, true, null),
    ('d8f426cf-1072-4886-9dec-28fcb3cf6609', '81a2518c-1482-46b3-b5af-76d027b44f10', 'question', '6333c76c-e63a-4c92-a16b-1a3e3e7566de', 15, true, null),
    ('1933331f-eace-45c1-9d46-a97b24e0b851', 'c0696692-d64e-48f6-aefe-a4d7980bf874', 'question', '6333c76c-e63a-4c92-a16b-1a3e3e7566de', 16, true, null),
    ('2f83e015-1f64-48f5-bf79-2f38df019da7', 'e22b623e-834b-40b1-b020-50289658ceaf', 'question', '6333c76c-e63a-4c92-a16b-1a3e3e7566de', 17, true, null),
    ('eceff7cd-1856-4ebd-a4b2-5024ec4950cb', '34e321de-de3b-4938-9e97-b4bd41b17b23', 'question', '6333c76c-e63a-4c92-a16b-1a3e3e7566de', 18, true, null),
    ('02e29f01-a0c2-4997-82dc-9e9d26e630bd', '477100e9-8fb7-41c9-a574-bf82e854564b', 'question', '6333c76c-e63a-4c92-a16b-1a3e3e7566de', 19, true, null),
    ('079f5669-628c-40fc-8027-69628bb832b9', 'ee91a6f8-223d-46b9-a12d-fbf0c330fdd4', 'question', '6333c76c-e63a-4c92-a16b-1a3e3e7566de', 20, true, null),
    ('319c8e33-16c9-403d-b6ec-34959119338d', 'ed4d8dfd-98dd-43c2-96e4-3265ba97058b', 'question', '6333c76c-e63a-4c92-a16b-1a3e3e7566de', 21, true, null),
    ('75ee346a-089a-4f66-998a-3029580a3189', 'edb66b9b-6fc4-4655-9113-92a3fc2d0d76', 'question', '6333c76c-e63a-4c92-a16b-1a3e3e7566de', 22, true, null),
    ('4bff56c6-703d-490c-9d60-98183ac766ef', 'f203082f-2fcf-424b-b562-b49cdcb521c5', 'question', '6333c76c-e63a-4c92-a16b-1a3e3e7566de', 23, true, null),
    ('f6ad0c69-32a4-41ea-ad10-f2ff49cd9993', 'ecbd2de3-e2f0-426f-9de7-4437e769e73a', 'question', '6333c76c-e63a-4c92-a16b-1a3e3e7566de', 24, true, null),
    ('e535caca-a6dd-464a-8e07-765480782391', 'c29dd68a-aca8-4a68-8ebf-fbe038877d59', 'question', '6333c76c-e63a-4c92-a16b-1a3e3e7566de', 25, true, null),
    ('9a7bd069-bfb7-4e02-ae4e-62d51d0bc912', 'f6025f8b-edad-4e6d-bf81-928c20e6ffc1', 'question', '6333c76c-e63a-4c92-a16b-1a3e3e7566de', 26, true, null),
    ('05f1def0-063f-4960-a924-2b7ffdaf8bf2', 'eac070e1-94fa-491f-ac95-827fe63c5a0f', 'question', '6333c76c-e63a-4c92-a16b-1a3e3e7566de', 27, true, null),
    ('39ff2226-e616-4414-86a9-9f998de2c7ce', 'f719efad-2368-4200-be61-1ffd04fa5618', 'question', '6333c76c-e63a-4c92-a16b-1a3e3e7566de', 28, true, null),
    ('9e27bd08-98ab-4977-9929-1cfeb02e3496', 'ab258cc8-4dcd-4e77-bc69-62433908d10e', 'question', '6333c76c-e63a-4c92-a16b-1a3e3e7566de', 29, true, null),
    ('365a7e56-f46c-485c-ba59-2e263d41bc87', 'f8c48e55-2e5b-4ed1-b95b-ff58293afa0d', 'question', '6333c76c-e63a-4c92-a16b-1a3e3e7566de', 30, true, null),
    ('c5a91159-dec3-422a-87cd-cbb132f6ea15', '9954b659-9095-42d5-bd08-483ee3fda183', 'question', '6333c76c-e63a-4c92-a16b-1a3e3e7566de', 31, true, null),
    ('3eade79e-0341-498d-8029-3328e2d6811f', 'b9dba8f6-9491-4ea4-aba9-12d03d2ec07e', 'question', '6333c76c-e63a-4c92-a16b-1a3e3e7566de', 32, true, null),
    ('822714de-3573-4cbf-bfd5-67ebbd6ffa35', '81d5d908-6ead-46db-93e0-baffc797567f', 'question', '6333c76c-e63a-4c92-a16b-1a3e3e7566de', 33, true, null),
    ('d3481c14-d7e7-4778-96b5-58fe6b4ca0ce', '527b0879-fd5b-4730-ae0e-4a88a5356a63', 'question', '6333c76c-e63a-4c92-a16b-1a3e3e7566de', 34, true, null),
    ('83ea3664-81ea-4454-b1a0-720a139ded93', '4ecd9041-a19a-4f3a-8b74-5629ee8d008a', 'question', '6333c76c-e63a-4c92-a16b-1a3e3e7566de', 35, true, null),
    ('959f4fa1-8501-43a8-8215-65a25891988b', '270f069f-f6ca-402f-b291-f8a3e6da16c8', 'question', '6333c76c-e63a-4c92-a16b-1a3e3e7566de', 36, true, null),
    ('a451d9d9-d088-4375-ad0c-35e2426122db', '0f72ccbf-92d4-45f2-bf04-b5f30b481e06', 'question', '6333c76c-e63a-4c92-a16b-1a3e3e7566de', 37, true, null),
    ('3ea04151-7535-42fc-91e8-12e687b7e49c', 'bbaf8226-006a-4a78-92e3-422c5076eddb', 'question', '6333c76c-e63a-4c92-a16b-1a3e3e7566de', 38, true, null),
    ('48579665-dda3-4940-8abd-985d78a98332', '199da8c1-dee3-4b26-b158-ed20419e2453', 'question', '6333c76c-e63a-4c92-a16b-1a3e3e7566de', 39, true, null),
    ('04e3e5b7-f55c-4a8f-98be-e22a0c69270d', 'cc35adba-fcf5-4648-a171-df0bfb45ff5a', 'question', '6333c76c-e63a-4c92-a16b-1a3e3e7566de', 40, true, null),
    ('7bcf8c26-34cf-432c-88ea-8b45e62a6bd0', '338b5f13-b2ef-4fd4-b1bc-bc216863a600', 'question', '6333c76c-e63a-4c92-a16b-1a3e3e7566de', 41, true, null),
    ('32932b9d-ed95-438d-a68f-84d385f7c67a', 'fd535aaf-d85f-4d9c-8e92-b4178169be56', 'question', '6333c76c-e63a-4c92-a16b-1a3e3e7566de', 42, true, null),
    ('9af2605d-ef8c-446f-922f-80962aae7e26', '143b2297-5651-4c00-944a-13aa04ef4cb3', 'question', '6333c76c-e63a-4c92-a16b-1a3e3e7566de', 43, true, null),
    ('3810cf03-fc04-453f-951b-e77bed535e07', '4967b949-cfc2-4a3b-b200-79287e9e2140', 'question', '6333c76c-e63a-4c92-a16b-1a3e3e7566de', 44, true, null),
    ('de3777c7-b01c-439b-8420-e9ca29d2de4a', '1e68c4a6-4045-4b75-a872-f42bb2922844', 'question', '6333c76c-e63a-4c92-a16b-1a3e3e7566de', 45, true, null),
    ('2af78dd9-2a1c-4bdb-a7f7-4bf056c47493', 'b9d01df8-e93f-4db9-ac1b-7ce316fd9cdf', 'question', '6333c76c-e63a-4c92-a16b-1a3e3e7566de', 46, true, null),
    ('b81cd46a-211c-45a5-bae9-9cf819dba606', 'e0a96dda-42d8-4554-89e0-912678eedfb0', 'question', '6333c76c-e63a-4c92-a16b-1a3e3e7566de', 47, true, null),
    ('144175d6-45c0-459f-b0cb-94ac8214a697', 'dca1ee42-dda8-4056-8cd3-7f6ec1e44211', 'question', '6333c76c-e63a-4c92-a16b-1a3e3e7566de', 48, true, null),
    ('6f7ed644-a5e4-4861-a4c0-bfed3d3b8db7', 'e9c544be-633f-49ac-a12f-e4bda96c4499', 'question', '6333c76c-e63a-4c92-a16b-1a3e3e7566de', 49, true, null),
    ('cd3e7753-56f6-4e28-b020-86318489ea0c', 'e1e43523-82a9-4f7a-b75f-9935e183b98c', 'question', '6333c76c-e63a-4c92-a16b-1a3e3e7566de', 50, true, null),
    ('238811d2-4977-450a-8f60-ba6cd9c8295d', 'ab7c5ea2-56eb-497f-a853-3f8e9a2dda6f', 'question', '6333c76c-e63a-4c92-a16b-1a3e3e7566de', 51, true, null),
    ('4be96c04-eb07-490d-8427-a1014c3dc83a', 'b9aed291-3c9a-4a16-96b9-1f615cb17a0e', 'question', '6333c76c-e63a-4c92-a16b-1a3e3e7566de', 52, true, null),
    ('715d3bba-3927-4279-8a5d-73a2b229e7ed', 'da6f951a-674f-4ab2-b0b4-aec3d9f8777b', 'question', '6333c76c-e63a-4c92-a16b-1a3e3e7566de', 53, true, null),
    ('49b787a0-6fc6-48c4-8c1a-7633598f1d02', '2f21effb-3944-4602-a4dc-18892dd4c2fc', 'question', '6333c76c-e63a-4c92-a16b-1a3e3e7566de', 54, true, null),
    ('20ea5ee5-ba0e-4e60-a96b-4633ed610a05', 'e4fae090-7755-4307-9bcd-774db4a1b645', 'question', '6333c76c-e63a-4c92-a16b-1a3e3e7566de', 55, true, null),
    ('fd0d4d47-ac22-4770-a5ea-d32585a1d8a4', 'a7622941-b46c-486d-9479-c941bdf059f4', 'group', '0e8e5e25-ec56-4ae9-a851-20c3919d35bb', 10, true, null),
    ('318aa74c-7fbc-4e66-9179-7fd3cce8fba6', '6a8a537c-f146-4d9f-bf72-59fdc244852f', 'question', 'a7622941-b46c-486d-9479-c941bdf059f4', 1, true, null),
    ('10d459d7-067b-4018-aabd-f30b71b1a53d', 'eab2a7df-e74f-42fa-b14d-095620cf03f2', 'question', 'a7622941-b46c-486d-9479-c941bdf059f4', 2, true, null),
    ('a19ebf0a-0be1-4bac-bef1-5c7c3801d9a8', '0e273232-1d39-4352-b6ba-0f527c904469', 'question', 'a7622941-b46c-486d-9479-c941bdf059f4', 3, true, null),
    ('aa7a77f1-ced8-447a-a837-285e139062c4', '9df4e277-054c-452c-a719-b8c4ad797049', 'question', 'a7622941-b46c-486d-9479-c941bdf059f4', 4, true, null),
    ('bc7198ae-1c7a-425e-bedc-f31e3fb02503', '97ad4565-c333-4103-af62-f05b18b94d9f', 'question', 'a7622941-b46c-486d-9479-c941bdf059f4', 5, true, null),
    ('52620a76-a665-4022-9a94-2abd972535cd', 'dd85ec2b-2252-4766-9b07-2294c89a9553', 'question', 'a7622941-b46c-486d-9479-c941bdf059f4', 6, true, null),
    ('336417f9-46f8-46fa-8a32-02b545160fc0', '0f6dd55e-d2b0-438d-b4e0-7c11d182c0f8', 'question', 'a7622941-b46c-486d-9479-c941bdf059f4', 7, true, null),
    ('5828f6b6-2917-4bc5-8f98-745e5b1d78e1', 'af62d556-1005-4c55-9d1c-0064db439541', 'question', 'a7622941-b46c-486d-9479-c941bdf059f4', 8, true, null),
    ('bc188e55-4624-459a-9a10-51c55e42cff2', '31100597-0632-477f-8c25-a908a927e234', 'question', 'a7622941-b46c-486d-9479-c941bdf059f4', 9, true, null),
    ('81d86861-e3d5-4c0f-8704-ae608da77306', '640c1c12-7db3-4b99-bb6c-b545aa292604', 'question', 'a7622941-b46c-486d-9479-c941bdf059f4', 10, true, null),
    ('2b871807-9e35-4a24-95c6-5298e0445377', 'ac9a7761-9bea-4860-ab3b-e91aef0114c3', 'question', 'a7622941-b46c-486d-9479-c941bdf059f4', 11, true, null),
    ('a3bbe7fc-8403-456b-b289-69cd5197fe52', '2ba4b815-ed49-4717-8164-5b55e9c598e9', 'group', '0e8e5e25-ec56-4ae9-a851-20c3919d35bb', 11, true, null),
    ('a1be3a58-a743-4786-b1c4-8d684fb4f025', '1c27a19f-6a79-469f-a7c5-de7b61a100a3', 'question', '2ba4b815-ed49-4717-8164-5b55e9c598e9', 1, true, null),
    ('a662d590-ffff-4d25-8a71-e63985b6be44', '8a0e6a31-d0b7-4302-b444-1efc5805aa90', 'question', '2ba4b815-ed49-4717-8164-5b55e9c598e9', 2, true, null),
    ('b3919e0d-7ba5-4735-97ab-8cf29e96793c', '6eb52ad2-172d-4e8e-8164-5406f791f056', 'question', '2ba4b815-ed49-4717-8164-5b55e9c598e9', 3, true, null),
    ('185b9cf8-812b-47e3-9bbd-32a6dd2e33e4', '78e68760-0ac3-428d-a832-d2fda46f8f88', 'question', '2ba4b815-ed49-4717-8164-5b55e9c598e9', 4, true, null),
    ('790a24d8-8a32-40bd-94f2-b6c4af9e0cf0', 'e9f26638-e529-4bf3-a9ba-9725c25c46a3', 'question', '2ba4b815-ed49-4717-8164-5b55e9c598e9', 5, true, null),
    ('f1b318d8-7747-405e-9dce-fc7d8d393520', 'f3a06f99-3bc0-4f5d-afc7-0ef988382131', 'question', '2ba4b815-ed49-4717-8164-5b55e9c598e9', 6, true, null),
    ('fe7c5b78-e621-4dc7-aef3-9f780f251b7a', '36fa2c98-fdce-44ad-95fe-8aeee9addffc', 'question', '2ba4b815-ed49-4717-8164-5b55e9c598e9', 7, true, null),
    ('7001c7b4-44d1-45bf-b7f9-7c0d4f95b795', 'be18a7af-fd2f-467f-9fd7-d8e3d08b256f', 'group', '0e8e5e25-ec56-4ae9-a851-20c3919d35bb', 12, true, null),
    ('9f0958ca-4123-481f-839d-d48e36e3ff92', 'a18b7920-c9a2-43ec-a11b-7437679aa915', 'question', 'be18a7af-fd2f-467f-9fd7-d8e3d08b256f', 1, true, null);


INSERT INTO question_dependency (subject_question_uuid, trigger_question_uuid, trigger_answer_value, dependency_start)
VALUES ('4a80a7e8-e919-4a91-904c-42d05e732c1c', '9af9d055-052e-4c83-9c03-df40e74d90bd', 'Y', '2020-11-30 14:50:00'),
    ('1142afab-a457-4924-910f-5ba8432f4ffc', '520dfe3d-68e4-4662-8a97-7530f2d21247', 'Y', '2020-11-30 14:50:00'),
    ('901279bb-7c8f-4eef-a743-10c1f719e0b2', '3ed0b9b8-be2a-4197-be4d-208532ec5c86', 'Y', '2020-11-30 14:50:00'),
    ('7f8e9039-90b3-4219-ad03-7daea9acc63f', '22b85736-2999-4a07-b03d-f061feec972a', 'Y', '2020-11-30 14:50:00'),
    ('c19a5cd9-a40c-4ef7-b671-bf79f3a4fcc5', 'bed7af26-a158-4ab8-b35c-9bdbe6dc51d3', 'Y', '2020-11-30 14:50:00'),
    ('1942a16d-3d0c-4a9b-bac8-cc5d3d86aa15', '99c85a6d-8ba3-4ec4-935a-df696042dd27', 'Y', '2020-11-30 14:50:00'),
    ('7aa9001c-c275-491f-9ef3-bca45f24b471', 'bfa793fa-7b52-40a1-b6ba-2f3f2fd16e48', 'Y', '2020-11-30 14:50:00'),
    ('00e23522-3161-4731-926d-008c6b7c2351', '75066412-3275-4f3f-b1c3-ee03263c0599', 'Y', '2020-11-30 14:50:00'),
    ('81a2518c-1482-46b3-b5af-76d027b44f10', '5ab7c304-78bf-4315-9d97-5a09333f4525', 'Y', '2020-11-30 14:50:00'),
    ('e22b623e-834b-40b1-b020-50289658ceaf', 'c0696692-d64e-48f6-aefe-a4d7980bf874', 'Y', '2020-11-30 14:50:00'),
    ('477100e9-8fb7-41c9-a574-bf82e854564b', '34e321de-de3b-4938-9e97-b4bd41b17b23', 'Y', '2020-11-30 14:50:00'),
    ('ed4d8dfd-98dd-43c2-96e4-3265ba97058b', 'ee91a6f8-223d-46b9-a12d-fbf0c330fdd4', 'Y', '2020-11-30 14:50:00'),
    ('f203082f-2fcf-424b-b562-b49cdcb521c5', 'edb66b9b-6fc4-4655-9113-92a3fc2d0d76', 'Y', '2020-11-30 14:50:00'),
    ('c29dd68a-aca8-4a68-8ebf-fbe038877d59', 'ecbd2de3-e2f0-426f-9de7-4437e769e73a', 'Y', '2020-11-30 14:50:00'),
    ('eac070e1-94fa-491f-ac95-827fe63c5a0f', 'f6025f8b-edad-4e6d-bf81-928c20e6ffc1', 'Y', '2020-11-30 14:50:00'),
    ('ab258cc8-4dcd-4e77-bc69-62433908d10e', 'f719efad-2368-4200-be61-1ffd04fa5618', 'Y', '2020-11-30 14:50:00'),
    ('9954b659-9095-42d5-bd08-483ee3fda183', 'f8c48e55-2e5b-4ed1-b95b-ff58293afa0d', 'Y', '2020-11-30 14:50:00'),
    ('4ecd9041-a19a-4f3a-8b74-5629ee8d008a', '527b0879-fd5b-4730-ae0e-4a88a5356a63', 'Y', '2020-11-30 14:50:00'),
    ('0f72ccbf-92d4-45f2-bf04-b5f30b481e06', '270f069f-f6ca-402f-b291-f8a3e6da16c8', 'Y', '2020-11-30 14:50:00'),
    ('199da8c1-dee3-4b26-b158-ed20419e2453', 'bbaf8226-006a-4a78-92e3-422c5076eddb', 'Y', '2020-11-30 14:50:00'),
    ('fd535aaf-d85f-4d9c-8e92-b4178169be56', '338b5f13-b2ef-4fd4-b1bc-bc216863a600', 'Y', '2020-11-30 14:50:00'),
    ('b9d01df8-e93f-4db9-ac1b-7ce316fd9cdf', '1e68c4a6-4045-4b75-a872-f42bb2922844', 'Y', '2020-11-30 14:50:00'),
    ('dca1ee42-dda8-4056-8cd3-7f6ec1e44211', 'e0a96dda-42d8-4554-89e0-912678eedfb0', 'Y', '2020-11-30 14:50:00'),
    ('e1e43523-82a9-4f7a-b75f-9935e183b98c', 'e9c544be-633f-49ac-a12f-e4bda96c4499', 'Y', '2020-11-30 14:50:00'),
    ('b9aed291-3c9a-4a16-96b9-1f615cb17a0e', 'ab7c5ea2-56eb-497f-a853-3f8e9a2dda6f', 'Y', '2020-11-30 14:50:00'),
    ('dd85ec2b-2252-4766-9b07-2294c89a9553', '97ad4565-c333-4103-af62-f05b18b94d9f', 'Y', '2020-11-30 14:50:00'),
    ('ac9a7761-9bea-4860-ab3b-e91aef0114c3', '640c1c12-7db3-4b99-bb6c-b545aa292604', 'Y', '2020-11-30 14:50:00'),
    ('78e68760-0ac3-428d-a832-d2fda46f8f88', '6eb52ad2-172d-4e8e-8164-5406f791f056', 'Y', '2020-11-30 14:50:00');


