INSERT INTO assessment_schema (assessment_schema_id, assessment_schema_uuid, assessment_schema_code, oasys_assessment_type, oasys_create_assessment_at, assessment_name)
VALUES
(0, '51c2e87e-a540-4027-8f5a-e6c80511332f', 'ROSH', 'SHORT_FORM_PSR', 'START', 'Pre-Sentence Assessment');

INSERT INTO answer_schema_group (answer_schema_group_uuid, answer_schema_group_code, group_start, group_end)
VALUES ('887f4528-06d1-4247-8bc3-5e679222baa6', 'yes-no', '2020-11-30 14:50:00', null),
('701e4016-3447-40d2-a9fb-cc5e7490fe70', 'selectananswer-tbc', '2020-11-30 14:50:00', null),
('ee47fa78-eaba-421a-bcaf-0aea184dc5a3', 'bailinformationrecord-basiccustodyscreening-communitypayback-hostel-interview-judgescomments-localauthority-medical-oasyssaq-police-post-trialreport-pre-sentencereport-previousconvictions-previousoasys-prisonrecords-prosecutorinccps-psychiatric-psychology-requestforinformation-victimstatement-other', '2020-11-30 14:50:00', null),
('d03940ce-5f84-4ec1-af45-ab2957d09402', 'noproblems-someproblems-significantproblems', '2020-11-30 14:50:00', null),
('f95ff568-cfa0-4dec-b5f4-f82c950b24d4', 'no-notavailableforwork-yes', '2020-11-30 14:50:00', null),
('f01257fa-c05b-40fc-a134-1fcf6809e9f9', 'victim', '2020-11-30 14:50:00', null),
('b6c049bf-b6a5-42db-af2b-0cab2733dc1b', 'perpetrator', '2020-11-30 14:50:00', null),
('a2a6d156-4a70-41cf-989c-2857b4b2e625', 'yes-no', '2020-11-30 14:50:00', null),
('5eb0380b-f928-481a-a8c4-255821dc69b2', 'yes-no-dontknow', '2020-11-30 14:50:00', null),
('16a910e5-e06f-4b56-937a-65ec8bf492ce', 'yes-no-n', '2020-11-30 14:50:00', null),
('f8a83fb6-b49f-48c8-9044-2d234bcedb62', 'low-medium-high-veryhigh', '2020-11-30 14:50:00', null);


INSERT INTO answer_schema (answer_schema_uuid, answer_schema_code, answer_schema_group_uuid, answer_start, answer_end, value, text)
VALUES ('0d4682ab-7b24-4527-b0b3-b4d520e7c2d8', 'yes', '887f4528-06d1-4247-8bc3-5e679222baa6', '2020-11-30 14:50:00', null, 'YES', 'Yes'),
('2a6011b2-4973-4249-99fd-9f84dbb2c88e', 'no', '887f4528-06d1-4247-8bc3-5e679222baa6', '2020-11-30 14:50:00', null, 'NO', 'No'),
('117b0002-0e4b-48f6-9658-bce2b9fe222a', 'select_an_answer', '701e4016-3447-40d2-a9fb-cc5e7490fe70', '2020-11-30 14:50:00', null, null, 'Select an answer'),
('e7b824da-8bb5-44cb-9c27-467070529be2', 'tbc', '701e4016-3447-40d2-a9fb-cc5e7490fe70', '2020-11-30 14:50:00', null, 'tbc', 'TBC'),
('7df28bc1-ae40-42a1-a97a-2ee736827821', 'bail_information_record', 'ee47fa78-eaba-421a-bcaf-0aea184dc5a3', '2020-11-30 14:50:00', null, 'bail information record', 'Bail information record'),
('fe5edabc-991c-4d82-b14c-d221bb085c61', 'basic_custody_screening', 'ee47fa78-eaba-421a-bcaf-0aea184dc5a3', '2020-11-30 14:50:00', null, 'basic custody screening', 'Basic custody screening'),
('dfbf95bd-817a-4a6e-8dde-3531c89d2474', 'community_payback', 'ee47fa78-eaba-421a-bcaf-0aea184dc5a3', '2020-11-30 14:50:00', null, 'community payback', 'Community payback'),
('7a230d9d-7f0f-4a18-bbaa-dba0501305a6', 'hostel', 'ee47fa78-eaba-421a-bcaf-0aea184dc5a3', '2020-11-30 14:50:00', null, 'hostel', 'Hostel'),
('3f886290-f325-41d4-8232-eba8859ee786', 'interview', 'ee47fa78-eaba-421a-bcaf-0aea184dc5a3', '2020-11-30 14:50:00', null, 'interview', 'Interview'),
('cd058cc9-055e-462a-83e7-ad9ef7b49445', 'judge_s_comments', 'ee47fa78-eaba-421a-bcaf-0aea184dc5a3', '2020-11-30 14:50:00', null, 'judge''s comments', 'Judge''s comments'),
('e63d3c4d-ef61-47d7-8e5f-9a892aa085eb', 'local_authority', 'ee47fa78-eaba-421a-bcaf-0aea184dc5a3', '2020-11-30 14:50:00', null, 'local authority', 'Local authority'),
('ee808727-9c95-4373-a52c-3947cb375071', 'medical', 'ee47fa78-eaba-421a-bcaf-0aea184dc5a3', '2020-11-30 14:50:00', null, 'medical', 'Medical'),
('9b7e2b2d-c577-4ff7-92fe-ab641598d4fa', 'oasys_saq', 'ee47fa78-eaba-421a-bcaf-0aea184dc5a3', '2020-11-30 14:50:00', null, 'oasys saq', 'OASys SAQ'),
('f76194d3-36fc-451b-a3cf-9b1b8bfc428b', 'police', 'ee47fa78-eaba-421a-bcaf-0aea184dc5a3', '2020-11-30 14:50:00', null, 'police', 'Police'),
('f8f3d113-edeb-483a-9ded-9f19bebca117', 'post-trial_report', 'ee47fa78-eaba-421a-bcaf-0aea184dc5a3', '2020-11-30 14:50:00', null, 'post-trial report', 'Post-trial report'),
('071980ca-fe56-4b4e-8e00-a18f5a8a21e5', 'pre-sentence_report', 'ee47fa78-eaba-421a-bcaf-0aea184dc5a3', '2020-11-30 14:50:00', null, 'pre-sentence report', 'Pre-sentence report'),
('bdfbfdbb-cc3c-4120-a42c-84063f538b99', 'previous_convictions', 'ee47fa78-eaba-421a-bcaf-0aea184dc5a3', '2020-11-30 14:50:00', null, 'previous convictions', 'Previous convictions'),
('f26c5855-f054-4e99-91d8-2da42e68f53b', 'previous_oasys', 'ee47fa78-eaba-421a-bcaf-0aea184dc5a3', '2020-11-30 14:50:00', null, 'previous oasys', 'Previous OASys'),
('f96d308d-f47b-4d82-b0d8-be0d15fbb8a1', 'prison_records', 'ee47fa78-eaba-421a-bcaf-0aea184dc5a3', '2020-11-30 14:50:00', null, 'prison records', 'Prison records'),
('472f572e-c563-4ced-a8a4-58fcbb20ed24', 'prosecutor_inc_cps_', 'ee47fa78-eaba-421a-bcaf-0aea184dc5a3', '2020-11-30 14:50:00', null, 'prosecutor (inc cps)', 'Prosecutor (inc CPS)'),
('fe665f69-6091-41cf-a68f-89f172ee349b', 'psychiatric', 'ee47fa78-eaba-421a-bcaf-0aea184dc5a3', '2020-11-30 14:50:00', null, 'psychiatric', 'Psychiatric'),
('980ecbef-3a8f-409a-9365-62e540aa6f08', 'psychology', 'ee47fa78-eaba-421a-bcaf-0aea184dc5a3', '2020-11-30 14:50:00', null, 'psychology', 'Psychology'),
('394de21b-b467-4076-a7ab-74f7c1a6f7a6', 'request_for_information', 'ee47fa78-eaba-421a-bcaf-0aea184dc5a3', '2020-11-30 14:50:00', null, 'request for information', 'Request for information'),
('67e80ea5-7a9c-49ef-99a2-273d6139ff97', 'victim_statement', 'ee47fa78-eaba-421a-bcaf-0aea184dc5a3', '2020-11-30 14:50:00', null, 'victim statement', 'Victim statement'),
('56b7134a-4754-4f54-bd23-53abe7fa796a', 'other', 'ee47fa78-eaba-421a-bcaf-0aea184dc5a3', '2020-11-30 14:50:00', null, 'other', 'Other'),
('2dbde741-36ef-44b7-af79-fabdbf3e62c3', 'no_problems', 'd03940ce-5f84-4ec1-af45-ab2957d09402', '2020-11-30 14:50:00', null, 'NO_PROBLEMS', 'No problems'),
('80cbb013-5633-44ca-b407-87fdde95652d', 'some_problems', 'd03940ce-5f84-4ec1-af45-ab2957d09402', '2020-11-30 14:50:00', null, 'SOME_PROBLEMS', 'Some problems'),
('2df8f5e2-7d04-41a4-a13f-f9df7479c775', 'significant_problems', 'd03940ce-5f84-4ec1-af45-ab2957d09402', '2020-11-30 14:50:00', null, 'SIGNIFICANT_PROBLEMS', 'Significant problems'),
('d4c6ed05-73b4-4064-8255-7ccb96038988', 'no', 'f95ff568-cfa0-4dec-b5f4-f82c950b24d4', '2020-11-30 14:50:00', null, 'NO', 'No'),
('02c77c0c-f9fa-4c4c-a5dc-169aa33f5c86', 'not_available_for_work', 'f95ff568-cfa0-4dec-b5f4-f82c950b24d4', '2020-11-30 14:50:00', null, 'NOT_AVAILABLE_FOR_WORK', 'Not available for work'),
('f2619d17-2bda-40ce-9658-f6a7a371b3f2', 'yes', 'f95ff568-cfa0-4dec-b5f4-f82c950b24d4', '2020-11-30 14:50:00', null, 'YES', 'Yes'),
('4b6d2415-b152-4ba0-b030-1d203b5b31dc', 'victim', 'f01257fa-c05b-40fc-a134-1fcf6809e9f9', '2020-11-30 14:50:00', null, 'victim', 'Victim'),
('9a52b4dd-5648-41d3-8d0d-171228d98474', 'perpetrator', 'b6c049bf-b6a5-42db-af2b-0cab2733dc1b', '2020-11-30 14:50:00', null, 'perpetrator', 'Perpetrator'),
('59a0f4fe-4cca-426b-9402-0236dae24902', 'yes', 'a2a6d156-4a70-41cf-989c-2857b4b2e625', '2020-11-30 14:50:00', null, 'YES', 'Yes'),
('c36d2ccd-c049-4640-806e-34b012f682d8', 'no', 'a2a6d156-4a70-41cf-989c-2857b4b2e625', '2020-11-30 14:50:00', null, 'NO', 'No'),
('9541bbcd-dc4f-4d38-8a7c-0ddda92e82d4', 'yes', '5eb0380b-f928-481a-a8c4-255821dc69b2', '2020-11-30 14:50:00', null, 'YES', 'Yes'),
('2b45f6bc-0fa0-4713-a25b-a14e96e8007b', 'no', '5eb0380b-f928-481a-a8c4-255821dc69b2', '2020-11-30 14:50:00', null, 'NO', 'No'),
('199de7bd-6191-41b5-bb3c-5e1f888b3755', 'don_t_know', '5eb0380b-f928-481a-a8c4-255821dc69b2', '2020-11-30 14:50:00', null, 'DK', 'Don''t Know'),
('784f9f50-9029-4a83-a8bf-8784559b26b4', 'yes', '16a910e5-e06f-4b56-937a-65ec8bf492ce', '2020-11-30 14:50:00', null, 'YES', 'Yes'),
('fedbba4d-f8f7-44d4-bb43-543d0dff8c3a', 'no', '16a910e5-e06f-4b56-937a-65ec8bf492ce', '2020-11-30 14:50:00', null, 'NO', 'No'),
('301e1aae-c3e7-48c2-b88d-8989b1bba1d8', 'n', '16a910e5-e06f-4b56-937a-65ec8bf492ce', '2020-11-30 14:50:00', null, 'A', 'N'),
('a151763e-4046-4d30-85ef-919cee3c08a4', 'low', 'f8a83fb6-b49f-48c8-9044-2d234bcedb62', '2020-11-30 14:50:00', null, 'L', 'Low'),
('65b63f4b-c0c4-406d-be2d-49c0ed925459', 'medium', 'f8a83fb6-b49f-48c8-9044-2d234bcedb62', '2020-11-30 14:50:00', null, 'M', 'Medium'),
('8df7b711-ddd9-4c57-9f62-53e953633043', 'high', 'f8a83fb6-b49f-48c8-9044-2d234bcedb62', '2020-11-30 14:50:00', null, 'H', 'High'),
('3909a928-74d4-4661-9756-8c1e4b5fc343', 'very_high', 'f8a83fb6-b49f-48c8-9044-2d234bcedb62', '2020-11-30 14:50:00', null, 'V', 'Very High');


INSERT INTO grouping (group_uuid, group_code, heading, subheading, help_text, group_start, group_end)
VALUES ('65a3924c-4130-4140-b7f4-cc39a52603bb', 'pre_sentence_assessment', 'Pre-Sentence Assessment', null, null, '2020-11-30 14:50:00', null),
('5d77fc6b-0001-4955-ad54-7f417becc7c8', 'individual_and_case_details', 'Individual and case details', null, null, '2020-11-30 14:50:00', null),
('f7dd78a8-7f04-4fde-8a4f-ac2cf0c56ff5', '[name_of_person]_s_details', '[Name of person]''s details', null, null, '2020-11-30 14:50:00', null),
('78b595f6-efed-405e-9d6e-07882db416a6', 'assessment_details', 'Assessment details', null, null, '2020-11-30 14:50:00', null),
('d9d1df65-9878-4a76-bbae-9e7685ea4efa', 'sources_of_information', 'Sources of information', null, null, '2020-11-30 14:50:00', null),
('3cc4f4cb-a351-430b-adfb-3ad8ab9b5166', 'select_sources', 'Select sources', null, null, '2020-11-30 14:50:00', null),
('61feebd9-afe5-43ef-94a5-27c400453eba', 'offences_convictions_and_needs', 'Offences, convictions and needs', null, null, '2020-11-30 14:50:00', null),
('5606da47-8f27-49a0-a943-0f2696f66186', 'risk_of_serious_recidivism_rsr_assessment_landing', 'Risk of Serious Recidivism (RSR) assessment', null, null, '2020-11-30 14:50:00', null),
('eb7b7324-f2a6-4902-91ef-709a8fab1f82', 'offences_and_convictions', 'Offences and convictions', null, null, '2020-11-30 14:50:00', null),
('ebf96a74-c140-47d8-b37f-62cff68f41c0', 'needs', 'Needs', null, null, '2020-11-30 14:50:00', null),
('1e1159e1-6092-4e22-9e29-5734654baeda', 'rosh_screening', 'ROSH screening', null, null, '2020-11-30 14:50:00', null),
('946091d2-4038-4e2b-9283-83cc4876f6ed', 'risk_to_others', 'Risk to others', null, null, '2020-11-30 14:50:00', null),
('5d37254e-d956-488e-89be-1eaec8758ef7', 'risk_of_serious_recidivism_rsr_assessment', 'Risk of Serious Recidivism (RSR) assessment', null, null, '2020-11-30 14:50:00', null),
('6d3a4377-2177-429e-a7fa-6aa2444d14dd', 'rsr_needs', 'Needs', null, null, '2020-11-30 14:50:00', null),
('991117ce-8e1a-4c1c-9cd4-962c7979fce2', 'risk_to_self', 'Risk to self', null, null, '2020-11-30 14:50:00', null),
('5594f062-78b0-4245-bcd3-9f71c3040cfb', 'other_risks', 'Other risks', null, null, '2020-11-30 14:50:00', null),
('7773691f-7244-4415-b410-17c495bf9a59', 'rosh_full_analysis', 'ROSH full analysis', null, null, '2020-11-30 14:50:00', null),
('b5447925-aec6-4563-9180-96e33065285f', 'current_behaviour', 'Current behaviour', null, null, '2020-11-30 14:50:00', null),
('d135b927-945b-4a7d-b625-4c74c5049886', 'previous_behaviour', 'Previous behaviour', null, null, '2020-11-30 14:50:00', null),
('76704e7d-71bb-46e3-b78d-73a85de99198', 'risk_of_serious_harm_to_children_whose_identity_is_known', 'Risk of serious harm to children whose identity is known', null, null, '2020-11-30 14:50:00', null),
('42222235-2e18-4de6-a9e2-95f5a628b605', 'details_of_children_at_risk_of_serious_harm', 'Details of children at risk of serious harm', null, null, '2020-11-30 14:50:00', null),
('6c3504a2-ee53-45fe-8e6a-36250e3dd185', 'suicide_and_self_harm', 'Suicide and self-harm', null, null, '2020-11-30 14:50:00', null),
('3485b4c8-bba9-4032-ae7e-fb0aeab36d8b', 'coping_in_custody_or_a_hostel_setting', 'Coping in custody or a hostel setting', null, null, '2020-11-30 14:50:00', null),
('b5334e5f-b793-4400-8ea1-67c316b2d44f', 'vulnerability', 'Vulnerability', null, null, '2020-11-30 14:50:00', null),
('3c70d53a-08c5-4f30-a144-12e5c6e14205', 'escape_and_abscond', 'Escape and abscond', null, null, '2020-11-30 14:50:00', null),
('22be9048-33a7-4e56-a8f4-8c4e2a62524c', 'control_issues_or_disruptive_behaviour', 'Control issues or disruptive behaviour', null, null, '2020-11-30 14:50:00', null),
('e807624f-c59e-4b21-b749-2432b08f60f9', 'breach_of_trust', 'Breach of trust', null, null, '2020-11-30 14:50:00', null),
('121f7277-c0fc-4cdf-a02c-049f73993cbd', 'risk_summary', 'Risk summary', null, null, '2020-11-30 14:50:00', null),
('aa8645f9-2774-4962-b73e-e1773d88291d', 'imminence_circumstances_and_other_factors', 'Imminence, circumstances and other factors', null, null, '2020-11-30 14:50:00', null),
('a33c4703-fa0a-4826-99a5-9de753305841', 'rosh_scores', 'ROSH scores', null, null, '2020-11-30 14:50:00', null),
('1d69e176-8459-4d30-8410-006828ff8c72', 'risk_management_issues', 'Risk management issues', null, null, '2020-11-30 14:50:00', null);


INSERT INTO question_schema (question_schema_uuid, question_code, question_start, question_end, answer_type, answer_schema_group_uuid, question_text, question_help_text, external_source, reference_data_category)
VALUES ('1ea17930-d467-44c0-9e72-517747618acb', 'heading_personal_details', '2020-11-30 14:50:00', null, 'presentation: heading', null, 'Personal details', null, null, null),
('33923c1e-e3ba-4c02-ba42-3b8d828f9e18', 'family_name', '2020-11-30 14:50:00', null, 'freetext', null, 'Family name or names', null, 'COURT:name.surname', null),
('81cbd5f5-f8ec-430e-b18a-c48fdf660216', 'family_name_aliases', '2020-11-30 14:50:00', null, 'freetext', null, 'Family name (aliases)', null, null, null),
('2d6f7515-dd03-4cfc-b365-6739e1251498', 'first_name', '2020-11-30 14:50:00', null, 'freetext', null, 'First name or names', null, 'COURT:name.forename1', null),
('6b04e69d-4ffd-46c6-869a-1f4005979848', 'first_name_aliases', '2020-11-30 14:50:00', null, 'freetext', null, 'First name (aliases)', null, null, null),
('83612e87-a57c-4b20-ab6d-76148e61a37b', 'dob', '2020-11-30 14:50:00', null, 'date', null, 'Date of birth', null, 'COURT:defendantDob:date', null),
('1067e31c-99e4-4f9e-93ae-8e7ccbc07776', 'age', '2020-11-30 14:50:00', null, 'numeric', null, 'Age', null, null, null),
('36c52415-8790-424b-bb9b-d329e0ef4183', 'divider_1', '2020-11-30 14:50:00', null, 'presentation: divider', null, null, null, null, null),
('6ce641b7-5aaf-4c9f-aa0b-9c2cab42cfdb', 'heading_record_details', '2020-11-30 14:50:00', null, 'presentation: heading', null, 'Record details', null, null, null),
('70348c31-66aa-4e10-b0a5-4644e7fb85ff', 'gender', '2020-11-30 14:50:00', null, 'dropdown', '701e4016-3447-40d2-a9fb-cc5e7490fe70', 'Gender', null, null, 'GENDER'),
('49ec3bae-2726-4a43-84de-0e63e9f98bb1', 'pnc', '2020-11-30 14:50:00', null, 'freetext', null, 'PNC', null, 'COURT:pnc', null),
('bbb91ec0-140a-4e2f-a28b-31cad3545c5b', 'cro', '2020-11-30 14:50:00', null, 'freetext', null, 'Criminal Records Office (CRO) Number', null, null, null),
('a7ceb029-04d0-48f9-91de-8e2afbd5f47a', 'pcrn', '2020-11-30 14:50:00', null, 'freetext', null, 'Probation Case Reference Number', null, null, null),
('558c142a-b3d1-4a5c-a1e4-12917d8353e0', 'crn', '2020-11-30 14:50:00', null, 'freetext', null, 'CRN', null, 'COURT:crn', null),
('cfed0f26-3fb3-4c9d-bd91-22ca04af3734', 'divider_2', '2020-11-30 14:50:00', null, 'presentation: divider', null, null, null, null, null),
('783d7918-b217-48a5-b50b-d958253ac646', 'contact_details', '2020-11-30 14:50:00', null, 'presentation: heading', null, 'Contact details', null, null, null),
('f3e03d17-015c-46d7-bf33-52c5d8503c08', 'address_line_1', '2020-11-30 14:50:00', null, 'freetext', null, 'Address line 1', null, 'COURT:defendantAddress.line1', null),
('e19cecb4-bf44-43a4-a3a6-b68aa96c7e54', 'address_line_2', '2020-11-30 14:50:00', null, 'freetext', null, 'Address line 2', null, null, null),
('92065d69-6580-42f6-b8a1-f8fcf871ebbf', 'address_line_3', '2020-11-30 14:50:00', null, 'freetext', null, 'Address line 3', null, null, null),
('64e91a18-56d3-41e5-9649-45dd49da4ea4', 'address_line_4', '2020-11-30 14:50:00', null, 'freetext', null, 'Address line 4', null, null, null),
('9c2e4168-3857-44c9-8014-ed5853ec22d2', 'address_line_5', '2020-11-30 14:50:00', null, 'freetext', null, 'Address line 5', null, null, null),
('c877d284-b36e-4c64-bf05-b393eb8e7bf7', 'address_line_6', '2020-11-30 14:50:00', null, 'freetext', null, 'Address line 6', null, null, null),
('de86e634-a2bf-4245-9053-f1ba6865069e', 'postcode', '2020-11-30 14:50:00', null, 'freetext', null, 'Post Code', null, null, null),
('1eb2db19-6e1b-42e2-a758-38aa20d469ea', 'assessment_purpose', '2020-11-30 14:50:00', null, 'freetext', null, 'Purpose of assessment', null, null, null),
('c5d01278-2059-48d3-9005-a4ffff64ed7d', 'author', '2020-11-30 14:50:00', null, 'freetext', null, 'Report author', null, null, null),
('f693bf6e-be3b-4f5c-8a06-aefeddea311b', 'probation_practitioner', '2020-11-30 14:50:00', null, 'freetext', null, 'Probation practitioner''s role', null, null, null),
('6b85d0ac-d8e9-41e9-8dd9-caab1979da39', 'telephone_number', '2020-11-30 14:50:00', null, 'numeric', null, 'Telephone number', null, null, null),
('5af89c42-ffa2-4a29-8975-ab0eb8770a1c', 'probation_provider', '2020-11-30 14:50:00', null, 'freetext', null, 'Probation provider/prison', null, null, null),
('ead7aa8a-e20d-4822-9b3b-aedf186333b1', 'ldu', '2020-11-30 14:50:00', null, 'freetext', null, 'LDU', null, null, null),
('a64dc082-980a-43e0-b443-cf196f35d571', 'team', '2020-11-30 14:50:00', null, 'freetext', null, 'Team', null, null, null),
('10c93cf5-cc0c-404b-b6e4-da176db45527', 'counter_signer', '2020-11-30 14:50:00', null, 'freetext', null, 'Countersigner', null, null, null),
('d9ca82ca-8684-49e4-b7eb-91fb0effed91', 'signing_history', '2020-11-30 14:50:00', null, 'freetext', null, 'Signing history', null, null, null),
('eef973e6-f493-4460-b094-2162fc8dc7e9', 'date_completed', '2020-11-30 14:50:00', null, 'date', null, 'Date report completed and signed', null, null, null),
('c2cb3e8b-a544-4b72-a533-223498fcb986', 'update_assessment_link', '2020-11-30 14:50:00', null, 'presentation: link("/update-assessment")', null, 'Update assessment details', null, null, null),
('2b93527c-a545-4e41-9fb4-98ee127af393', 'sources', '2020-11-30 14:50:00', null, 'checkbox', 'ee47fa78-eaba-421a-bcaf-0aea184dc5a3', 'Sources of information', null, null, 'SOURCES_OF_INFORMATION'),
('d9846a60-5ba6-450f-9934-2c9646771f9d', 'sources_details', '2020-11-30 14:50:00', null, 'textarea', null, 'Give details', null, null, null),
('0bc681b4-7f70-477e-8ef5-0daaf8aa0495', 'main_offence', '2020-11-30 14:50:00', null, 'presentation: heading_large', null, 'Main offence', 'Primary or most serious offence as judged by assessor', null, null),
('54b03faa-efc0-49ef-9add-7581dca17d70', 'offence', '2020-11-30 14:50:00', null, 'freetext', null, 'Offence', null, null, null),
('91c83565-91dc-4876-97d7-f186ce04584c', 'subcode', '2020-11-30 14:50:00', null, 'freetext', null, 'Subcode', null, null, null),
('de19c962-bd78-428f-ad29-ab002e7ef25a', 'divider_3', '2020-11-30 14:50:00', null, 'presentation: divider', null, null, null, null, null),
('96d6c7fd-c755-4dad-b3be-8619674c8ad7', 'heading_rsr_analysis', '2020-11-30 14:50:00', null, 'presentation: heading_large', null, 'RSR analysis', null, null, null),
('5ca86a06-5472-4861-bd6a-a011780db49a', 'date_first_sanction', '2020-11-30 14:50:00', null, 'date', null, 'Date of first sanction', null, null, null),
('63099aab-f852-4dd9-9179-16ee2218d0c6', 'age_first_conviction', '2020-11-30 14:50:00', null, 'numeric', null, 'Age at first sanction', 'Record in years', null, null),
('8e83a0ad-2fcf-4afb-a0af-09d1e23d3c33', 'total_sanctions', '2020-11-30 14:50:00', null, 'numeric', null, 'Total number of sanctions for all offences', null, null, null),
('496587b9-81f3-47ad-a41e-77900fdca573', 'total_violent_offences', '2020-11-30 14:50:00', null, 'numeric', null, 'How many of the total number of sanctions involved violent offences?', null, null, null),
('f5d1dd7c-1774-4c76-89c2-a47240ad98ba', 'date_current_conviction', '2020-11-30 14:50:00', null, 'date', null, 'Date of current conviction', 'For example, 12 11 2007', null, null),
('58d3efd1-65a1-439b-952f-b2826ffa5e71', 'any_sexual_offences', '2020-11-30 14:50:00', null, 'radio', '887f4528-06d1-4247-8bc3-5e679222baa6', 'Have they ever committed a sexual or sexually motivated offence?', null, null, null),
('3662710d-ce3e-4e45-bce3-caa4155872aa', 'current_sexual_offence', '2020-11-30 14:50:00', null, 'radio', '887f4528-06d1-4247-8bc3-5e679222baa6', 'Does the current offence have a sexual motivation?', null, null, null),
('86ee742c-4bfb-4e29-afca-04ad35a3abda', 'current_offence_victim_stranger', '2020-11-30 14:50:00', null, 'radio', '887f4528-06d1-4247-8bc3-5e679222baa6', 'Does the current offence involve actual/attempted contact against a victim who was a stranger?', null, null, null),
('a00223d0-1c20-43b5-8076-8a292ca25773', 'most_recent_sexual_offence_date', '2020-11-30 14:50:00', null, 'date', null, 'Date of most recent sanction involving a sexual or sexually motivated offence', 'For example, 12 11 2007', null, null),
('fc45b061-a4a6-44c3-937c-2949069e0926', 'total_sexual_offences_adult', '2020-11-30 14:50:00', null, 'numeric', null, 'Number of previous or current sanctions involving contact adult sexual or sexually motivated offences', null, null, null),
('ed495c57-21f3-4388-87e6-57017a6999b1', 'total_sexual_offences_child', '2020-11-30 14:50:00', null, 'numeric', null, 'Number of previous or current sanctions involving contact child sexual or sexually motivated offences', null, null, null),
('00a559e4-32d5-4ae7-aa21-247068a639ad', 'total_sexual_offences_child_image', '2020-11-30 14:50:00', null, 'numeric', null, 'Number of previous or current sanctions involving indecent child image sexual or sexually motivated offences', null, null, null),
('1b6c8f79-0fd9-45d4-ba50-309c3ccfdb2d', 'total_non_contact_sexual_offences', '2020-11-30 14:50:00', null, 'numeric', null, 'Number of previous or current sanctions involving other non-contact sexual or sexually motivated offences', null, null, null),
('5cd344d4-acf3-45a9-9493-5dda5aa9dfa8', 'earliest_release_date', '2020-11-30 14:50:00', null, 'date', null, 'Date of commencement of community sentence or earliest possible release from custody', 'For example, 12 11 2007', null, null),
('420c2ffe-8f2c-49b3-a523-674af3197b9e', 'completed_interview', '2020-11-30 14:50:00', null, 'radio', '887f4528-06d1-4247-8bc3-5e679222baa6', 'Have you completed an interview with the individual?', null, null, null),
('ed0e988a-38a4-4f9f-9691-08fb695cbed9', 'suitable_accommodation', '2020-11-30 14:50:00', null, 'radio', 'd03940ce-5f84-4ec1-af45-ab2957d09402', 'Is the individual living in suitable accommodation?', null, null, null),
('3211a668-8878-4e88-8457-8250bfe65aea', 'unemployed_on_release', '2020-11-30 14:50:00', null, 'radio', 'f95ff568-cfa0-4dec-b5f4-f82c950b24d4', 'Is the person unemployed or will be unemployed upon release?', null, null, null),
('1970ba5e-91cb-4ad3-9f04-64d5b5b7157b', 'current_relationship_with_partner', '2020-11-30 14:50:00', null, 'radio', 'd03940ce-5f84-4ec1-af45-ab2957d09402', 'What is the person''s current relationship with their partner?', null, null, null),
('f04dd882-0a0d-49f5-9736-91eeadbff9e7', 'evidence_domestic_violence', '2020-11-30 14:50:00', null, 'radio', '887f4528-06d1-4247-8bc3-5e679222baa6', 'Is there evidence of current/previous partner abuse?', null, null, null),
('fb98f8b1-58ed-4aac-85b1-404f84270b95', 'victim_domestic_violence', '2020-11-30 14:50:00', null, 'checkbox', 'f01257fa-c05b-40fc-a134-1fcf6809e9f9', 'Victim', null, null, null),
('38b3a40a-df23-4ea1-872e-c04a8b03ee05', 'perpetrator_domestic_violence', '2020-11-30 14:50:00', null, 'checkbox', 'b6c049bf-b6a5-42db-af2b-0cab2733dc1b', 'Perpetrator', null, null, null),
('f0416e89-3a71-46d1-8fa2-aebd886dcb34', 'use_of_alcohol', '2020-11-30 14:50:00', null, 'radio', 'd03940ce-5f84-4ec1-af45-ab2957d09402', 'Is the person''s current use of alcohol a problem?', null, null, null),
('574618c3-27f4-4dd2-94bb-6de74126ff22', 'binge_drinking', '2020-11-30 14:50:00', null, 'radio', 'd03940ce-5f84-4ec1-af45-ab2957d09402', 'Is there evidence of binge drinking or excessive use of alcohol in the last 6 months?', null, null, null),
('5a90a38d-ee0a-4775-994c-addf3397b817', 'impulsivity_issues', '2020-11-30 14:50:00', null, 'radio', 'd03940ce-5f84-4ec1-af45-ab2957d09402', 'Is impulsivity a problem for the individual?', null, null, null),
('d0619e6b-cc90-4031-90c6-ab15e06cc779', 'temper_control_issues', '2020-11-30 14:50:00', null, 'radio', 'd03940ce-5f84-4ec1-af45-ab2957d09402', 'Is temper control a problem for the individual?', null, null, null),
('2f1b543b-1e69-4f7e-a61c-6d21ff967432', 'pro_criminal_attitudes', '2020-11-30 14:50:00', null, 'radio', 'd03940ce-5f84-4ec1-af45-ab2957d09402', 'Does the individual have pro-criminal attitudes?', null, null, null),
('4dab51be-e9f8-4ca1-8765-b58e07e137ba', 'complete_risk_assessment', '2020-11-30 14:50:00', null, 'radio', '887f4528-06d1-4247-8bc3-5e679222baa6', 'Are you completing a risk assessment?', null, null, null),
('1d46721e-f0d1-436b-ba4f-8e2e8c8b34b0', 'currently_convicted', '2020-11-30 14:50:00', null, 'radio', '887f4528-06d1-4247-8bc3-5e679222baa6', 'Has the individual been currently convicted of any of the following offences?', 'The following fields are mandatory.', null, null),
('39b39e27-3ad3-4e06-a93f-5b5314811379', 'serious_offence', '2020-11-30 14:50:00', null, 'radio', 'a2a6d156-4a70-41cf-989c-2857b4b2e625', 'Any other current or previous offence which is as serious, eg blackmail, harassment, stalking, child pornography, child neglect, abduction etc. Indicate offence below', null, null, null),
('8d717993-3e89-43b2-ac78-b739dccbf643', 'serious_offence_details', '2020-11-30 14:50:00', null, 'freetext', null, 'Give details', null, null, null),
('0941c5b2-f42d-4120-ad79-44954674fe00', 'previous_murder_attempt', '2020-11-30 14:50:00', null, 'radio', 'a2a6d156-4a70-41cf-989c-2857b4b2e625', 'Murder/attempted murder/threat or conspiracy to murder/manslaughter', null, null, null),
('f988f76c-3d6c-4f45-aa29-7dc8d11198d7', 'previous_wounding', '2020-11-30 14:50:00', null, 'radio', 'a2a6d156-4a70-41cf-989c-2857b4b2e625', 'Wounding/GBH (Sections 18/20 Offences Against the Person Act 1861)', null, null, null),
('ad81d270-4acc-472c-a79e-01d0a422ce80', 'previous_aggravated_burglary', '2020-11-30 14:50:00', null, 'radio', 'a2a6d156-4a70-41cf-989c-2857b4b2e625', 'Aggravated burglary', null, null, null),
('f8789074-1532-4b32-8995-780da18e273a', 'previous_arson', '2020-11-30 14:50:00', null, 'radio', 'a2a6d156-4a70-41cf-989c-2857b4b2e625', 'Arson', null, null, null),
('df5d635a-6765-42af-9007-6d6d333da5f2', 'previous_criminal_damage', '2020-11-30 14:50:00', null, 'radio', 'a2a6d156-4a70-41cf-989c-2857b4b2e625', 'Criminal damage with intent to endanger life', null, null, null),
('ee2763b4-fff9-42c3-a784-6e6fe6b1dea9', 'previous_sexual_offence_child', '2020-11-30 14:50:00', null, 'radio', 'a2a6d156-4a70-41cf-989c-2857b4b2e625', 'Any sexual offence against a child', null, null, null),
('06d5f00f-a5db-4cc5-b51e-a8c91e63686f', 'previous_sexual_offence_Adult', '2020-11-30 14:50:00', null, 'radio', 'a2a6d156-4a70-41cf-989c-2857b4b2e625', 'Rape or serious sexual offence against an adult', null, null, null),
('0dcc92ff-20d4-4ee1-b3d7-b124b6f32ae8', 'previous_offence_child', '2020-11-30 14:50:00', null, 'radio', 'a2a6d156-4a70-41cf-989c-2857b4b2e625', 'Any other offence against a child', null, null, null),
('c2b221b4-ee1f-41c8-8fc7-9d49998fab35', 'previous_kidnapping', '2020-11-30 14:50:00', null, 'radio', 'a2a6d156-4a70-41cf-989c-2857b4b2e625', 'Kidnapping/false imprisonment', null, null, null),
('97621b0d-5a64-42dd-9c8b-1484979e9145', 'current_possession_firearm', '2020-11-30 14:50:00', null, 'radio', 'a2a6d156-4a70-41cf-989c-2857b4b2e625', 'Possession of a firearm with intent to endanger life or resist arrest', null, null, null),
('e887bcea-91d1-4c50-a25e-4335fa1e6ae5', 'previous_possession_firearm', '2020-11-30 14:50:00', null, 'radio', 'a2a6d156-4a70-41cf-989c-2857b4b2e625', 'Possession of a firearm with intent to endanger life or resist arrest', null, null, null),
('9692659a-778a-436a-bf4e-fe1924638e37', 'previous_robbery', '2020-11-30 14:50:00', null, 'radio', 'a2a6d156-4a70-41cf-989c-2857b4b2e625', 'Robbery', null, null, null),
('66c3bdd2-6f47-4f13-aa7b-39d497d90a89', 'previous_racial_offence', '2020-11-30 14:50:00', null, 'radio', 'a2a6d156-4a70-41cf-989c-2857b4b2e625', 'A racially motivated or racially aggravated offence', null, null, null),
('ba327713-e580-418d-b45b-09a8a3d1166a', 'current_offence_weapon', '2020-11-30 14:50:00', null, 'radio', 'a2a6d156-4a70-41cf-989c-2857b4b2e625', 'Any other offence involving possession and/or use of weapons', null, null, null),
('68e31f3a-5175-47e2-986b-d722ad78d893', 'previous_offence_weapon', '2020-11-30 14:50:00', null, 'radio', 'a2a6d156-4a70-41cf-989c-2857b4b2e625', 'Any other offence involving possession and/or use of weapons', null, null, null),
('295db7d3-337d-4060-af83-3658e0fef059', 'heading_information', '2020-11-30 14:50:00', null, 'presentation: heading_large', null, 'On the information available to you has the individual', 'Select all that apply.', null, null),
('14ab8b61-8811-4d47-b6f2-8881619f0aa3', 'assaulted_staff', '2020-11-30 14:50:00', null, 'checkbox', 'a2a6d156-4a70-41cf-989c-2857b4b2e625', 'Assaulted or threatened staff', null, null, null),
('c7e8cc27-b805-4a4b-bb8d-3689c6206d46', 'assaulted_others', '2020-11-30 14:50:00', null, 'checkbox', 'a2a6d156-4a70-41cf-989c-2857b4b2e625', 'Assaulted or threatened others', null, null, null),
('8d1d257c-8618-45ac-adba-01bc4a0d67af', 'violent_towards_family', '2020-11-30 14:50:00', null, 'checkbox', 'a2a6d156-4a70-41cf-989c-2857b4b2e625', 'Been violent towards partner or other member of their family', null, null, null),
('b2184cac-a2a0-46a1-88b9-19ae4b64cabd', 'serious_offence_medication', '2020-11-30 14:50:00', null, 'checkbox', 'a2a6d156-4a70-41cf-989c-2857b4b2e625', 'Committed a serious offence whilst not complying with medication', null, null, null),
('af20af57-388e-4ee1-824d-0a516623dbf9', 'hate_based_behaviour', '2020-11-30 14:50:00', null, 'checkbox', 'a2a6d156-4a70-41cf-989c-2857b4b2e625', 'Been involved in any hate-based behaviour', null, null, null),
('f2b7c14a-ee13-4cbc-b9d4-0ba5594b6c8b', 'previous_high_risk_serious_harm', '2020-11-30 14:50:00', null, 'checkbox', 'a2a6d156-4a70-41cf-989c-2857b4b2e625', 'Been assessed as high risk of serious harm on a previous occasion', null, null, null),
('ca4b265c-7be9-4c7a-ab6e-b947bdf375af', 'conditionally_discharge', '2020-11-30 14:50:00', null, 'checkbox', 'a2a6d156-4a70-41cf-989c-2857b4b2e625', 'Been a conditionally discharged patient subject to a restriction order under Section 41 MHA 1983', null, null, null),
('66cb63ce-4cf8-43b3-95cb-0da1ee953717', 'stalker', '2020-11-30 14:50:00', null, 'checkbox', 'a2a6d156-4a70-41cf-989c-2857b4b2e625', 'Been a stalker', null, null, null),
('3aa0b6d0-886b-4682-936d-9c23aabf090e', 'obsessive_behaviour', '2020-11-30 14:50:00', null, 'checkbox', 'a2a6d156-4a70-41cf-989c-2857b4b2e625', 'Displayed obsessive behaviour linked to offending', null, null, null),
('29e76b3e-3ee6-4387-ac10-50aca26ffa2a', 'ritualistic_aspects', '2020-11-30 14:50:00', null, 'checkbox', 'a2a6d156-4a70-41cf-989c-2857b4b2e625', 'Been involved in bizarre or ritualistic aspects linked to offending', null, null, null),
('1c82ab38-b8d9-4e10-b783-407297d6f292', 'offence_in_custody', '2020-11-30 14:50:00', null, 'checkbox', 'a2a6d156-4a70-41cf-989c-2857b4b2e625', 'Displayed any offence-related behaviour observed in a custodial setting', null, null, null),
('be1fb2dc-2237-4cf6-91d6-33505e8e1676', 'inappropriate_behaviour_custody', '2020-11-30 14:50:00', null, 'checkbox', 'a2a6d156-4a70-41cf-989c-2857b4b2e625', 'Displayed any inappropriate behaviour towards members of staff, visitors or prisoners', null, null, null),
('d97b7227-515b-41f6-ba37-ca243ecf9f65', 'associations_custody', '2020-11-30 14:50:00', null, 'checkbox', 'a2a6d156-4a70-41cf-989c-2857b4b2e625', 'Established links or associations, whilst in custody, which increase risk of serious harm', null, null, null),
('bb6ebcbf-cffd-4675-9228-5711e63a7d0f', 'excessive_violence', '2020-11-30 14:50:00', null, 'checkbox', 'a2a6d156-4a70-41cf-989c-2857b4b2e625', 'Committed an offence involving excessive use of violence or sadistic violence', null, null, null),
('95e79ec5-f020-45bc-985a-9beb8a9f060d', 'none_apply', '2020-11-30 14:50:00', null, 'checkbox', 'a2a6d156-4a70-41cf-989c-2857b4b2e625', 'None of the above apply', null, null, null),
('4970b373-a526-418b-9df1-b105ad4135fa', 'contact_protected_child', '2020-11-30 14:50:00', null, 'radio', '5eb0380b-f928-481a-a8c4-255821dc69b2', 'Is the individual, now or on release, likely to live with, or have frequent contact with, any child who is on the child protection register or is being looked after by the local authority.', null, null, null),
('6c8f4b63-5c8d-4ca6-b611-23c2c6be6b19', 'concerns_with_children', '2020-11-30 14:50:00', null, 'radio', '5eb0380b-f928-481a-a8c4-255821dc69b2', 'Are there any concerns in relation to children?', null, null, null),
('a5653874-d9dd-45d9-8cce-caac576fe190', 'contact_with_social_services', '2020-11-30 14:50:00', null, 'radio', '887f4528-06d1-4247-8bc3-5e679222baa6', 'Should contact be made with social services?', null, null, null),
('f2de0ecb-b004-47c9-98c4-71ad81f84d70', 'individual_concerns', '2020-11-30 14:50:00', null, 'freetext', null, 'From what you know about this individual have there been or are there currently any concerns in relation to', null, null, null),
('b7d3e56e-4df0-4152-b92d-edb51e2e95a9', 'current_risk_suicide', '2020-11-30 14:50:00', null, 'radio', '5eb0380b-f928-481a-a8c4-255821dc69b2', 'Risk of suicide', null, null, null),
('b7572668-fe3c-4688-9a2f-27d70b7ccbc1', 'current_risk_self_harm', '2020-11-30 14:50:00', null, 'radio', '5eb0380b-f928-481a-a8c4-255821dc69b2', 'Risk of self-harm', null, null, null),
('be770fd2-5c0b-4d02-b1b1-8590edcf5f4e', 'current_risk_copying_custody', '2020-11-30 14:50:00', null, 'radio', '5eb0380b-f928-481a-a8c4-255821dc69b2', 'Are there issues that need to be considered in relation to coping in custody or a hostel setting?', null, null, null),
('a13e68d3-4334-4b37-9d4d-6b929b73026a', 'current_risk_vulnerability', '2020-11-30 14:50:00', null, 'radio', '5eb0380b-f928-481a-a8c4-255821dc69b2', 'Vulnerability', null, null, null),
('52f0b70c-e4d2-4620-a913-e56dff7d07b8', 'current_risk_escape', '2020-11-30 14:50:00', null, 'radio', '5eb0380b-f928-481a-a8c4-255821dc69b2', 'Escape or abscond', null, null, null),
('0b21d158-e98d-418c-8df8-e464d30935e5', 'current_risk_control_issues', '2020-11-30 14:50:00', null, 'radio', '5eb0380b-f928-481a-a8c4-255821dc69b2', 'Control issues or disruptive behaviour', null, null, null),
('25e6061c-0829-427f-aac3-e4f6a33775c3', 'current_risk_breach_of_trust', '2020-11-30 14:50:00', null, 'radio', '5eb0380b-f928-481a-a8c4-255821dc69b2', 'Concerns in respect of breach of trust', null, null, null),
('9e716a4d-89bb-4e39-8928-dfcf6e4aef88', 'current_risk_prisoners', '2020-11-30 14:50:00', null, 'radio', '5eb0380b-f928-481a-a8c4-255821dc69b2', 'Risks to other prisoners', null, null, null),
('7ec33f07-eb93-444c-a1d5-3fdf0b805689', 'complete_full_analysis', '2020-11-30 14:50:00', null, 'radio', '887f4528-06d1-4247-8bc3-5e679222baa6', 'Is there anything else about the individual that leads you to consider that a full analysis should be completed?', null, null, null),
('f21a22f7-6f6b-4c2a-b27f-d4c3b9123322', 'complete_full_analysis_details', '2020-11-30 14:50:00', null, 'freetext', null, 'Give details', null, null, null),
('1b277bcd-6dd4-4a8a-bb83-cbf72bc38033', 'complete_full_risk_harm_analysis', '2020-11-30 14:50:00', null, 'radio', '887f4528-06d1-4247-8bc3-5e679222baa6', 'In your professional opinion, is it appropriate to not do a full risk of harm analysis?', null, null, null),
('f50dded4-4095-45cd-87cb-5d6df42f0045', 'complete_full_risk_harm_analysis_details', '2020-11-30 14:50:00', null, 'freetext', null, 'Give details', null, null, null),
('40f3ce03-9ba5-4539-9fed-1816b731bd12', 'recent_rosh_offence', '2020-11-30 14:50:00', null, 'freetext', null, 'Most recent behaviour or offence indicative of risk of serious harm', null, null, null),
('5974af31-268a-4413-be23-6285cfe61346', 'recent_rosh_offence_details', '2020-11-30 14:50:00', null, 'freetext', null, 'Offence details', null, null, null),
('e3da3b38-2c6e-49fd-91d9-938105098136', 'recent_rosh_offence_when', '2020-11-30 14:50:00', null, 'freetext', null, 'Where and when did they do it?', null, null, null),
('31a47ad0-6d66-4478-94c8-65ef70091dee', 'recent_rosh_offence_how', '2020-11-30 14:50:00', null, 'freetext', null, 'How did they do it?', 'Was there any pre planning, use of weapon, tool etc?', null, null),
('90d93a85-d0d6-4b79-9320-c1054f0c00df', 'recent_rosh_offence_victims', '2020-11-30 14:50:00', null, 'freetext', null, 'Who were the victims?', 'Are there concerns about targeting, type, age, race or vulnerability of victim?', null, null),
('c3bf9231-5b7d-43d7-bbee-952c78ee7788', 'recent_rosh_offence_accomplice', '2020-11-30 14:50:00', null, 'freetext', null, 'Was anyone else present or involved?', null, null, null),
('8a4ca38f-0381-4654-97d4-dea93376ee14', 'recent_rosh_offence_accomplice_details', '2020-11-30 14:50:00', null, 'freetext', null, 'Give details', null, null, null),
('8d5404d8-a633-4789-aa03-68061e3bf373', 'recent_rosh_offence_motivation', '2020-11-30 14:50:00', null, 'freetext', null, 'Why did they do it?', 'Motivation and triggers', null, null),
('d4d40a81-3a9b-48fa-8380-ee7a35444b86', 'recent_rosh_offence_sources', '2020-11-30 14:50:00', null, 'freetext', null, 'Sources of information', null, null, null),
('65373dba-95aa-4b6e-b2d8-fafa1abd5ae4', 'previous_rosh_offence', '2020-11-30 14:50:00', null, 'freetext', null, 'Previous behaviour or offence indicative of risk of serious harm', null, null, null),
('2b0d4124-a1f6-4d4b-89e5-4cb3abfc38fe', 'previous_rosh_offence_details', '2020-11-30 14:50:00', null, 'freetext', null, 'What exactly did they do?', null, null, null),
('52a9bc59-c243-4e54-8d2c-005fb266f632', 'previous_rosh_offence_when', '2020-11-30 14:50:00', null, 'freetext', null, 'Where and when did they do it?', null, null, null),
('0ba2c568-8625-47a3-a911-6066188d7e94', 'previous_rosh_offence_premeditation', '2020-11-30 14:50:00', null, 'freetext', null, 'How did they do it?', 'Was there any pre planning, use of weapon, tool etc?', null, null),
('627f694d-efb1-4556-bbea-a7d93179cf3f', 'previous_rosh_offence_victims', '2020-11-30 14:50:00', null, 'freetext', null, 'Who were the victims?', 'Were there concerns about targeting, type, age, race or vulnerability of victim?', null, null),
('48866fe6-50e2-4347-901b-95317679a249', 'previous_rosh_offence_accomplice', '2020-11-30 14:50:00', null, 'freetext', null, 'Was anyone else present or involved?', null, null, null),
('d1a1222c-4fc8-4e93-a0e0-b2d4413fc8d5', 'previous_rosh_offence_accomplice_details', '2020-11-30 14:50:00', null, 'freetext', null, 'Give details', null, null, null),
('cf9a187c-18f1-4ccd-a3ff-fcc1f128496a', 'previous_rosh_offence_accomplice_motivation', '2020-11-30 14:50:00', null, 'freetext', null, 'Why did they do it?', 'Motivation and triggers', null, null),
('dc3a8ff2-2a6c-4582-9fbe-84a57bfac28d', 'previous_rosh_offence_sources', '2020-11-30 14:50:00', null, 'freetext', null, 'Sources of information', null, null, null),
('c22bebc9-003c-4fa1-971c-d62074f4ea2c', '196.2', '2020-11-30 14:50:00', null, 'freetext', null, null, null, null, null),
('a2f4a30f-1448-4281-9c09-96d66db07601', 'rosh_completed_reasons', '2020-11-30 14:50:00', null, 'freetext', null, 'Is this section being completed because the individual:', null, null, null),
('7714eddc-a028-484e-8505-b132364ca648', 'risk_know_children', '2020-11-30 14:50:00', null, 'radio', '887f4528-06d1-4247-8bc3-5e679222baa6', 'Presents a risk to identifiable children', null, null, null),
('ea039639-7f05-496d-8bcf-12e5f2f96a27', 'risk_vulnerable_children', '2020-11-30 14:50:00', null, 'radio', '887f4528-06d1-4247-8bc3-5e679222baa6', 'Is involved in a situation where there are identifiable children who are considered to be at risk from others', null, null, null),
('5824adec-fe20-4504-8c15-2d8d5053b47e', 'risk_vulnerable_children_details', '2020-11-30 14:50:00', null, 'freetext', null, 'Can you provide more detail?

If the individual presents a risk to identifiable children, explain any relevant factors and situations not covered previously. If the children are at risk from others, explain the individual''s involvement in the family and how, when and from whom the children may be at risk.', null, null, null),
('7048019f-d8f1-48e8-bcc6-656b8a99f9fd', 'button_children_rosh', '2020-11-30 14:50:00', null, 'presentation: buttonlink("<base>/addrow/children_at_risk_of_serious_harm")', null, 'Add another child', null, null, null),
('fcfd63c2-008c-47b8-bb6b-b73d487f15f8', 'table_children_rosh', '2020-11-30 14:50:00', null, 'table:children_at_risk_of_serious_harm', null, null, null, null, null),
('92e5004b-071b-4049-87ff-0f641357b687', 'child_protection_reviews_rosh', '2020-11-30 14:50:00', null, 'radio', '5eb0380b-f928-481a-a8c4-255821dc69b2', 'Have there been any child protection conferences or ‘looked after children’ reviews?', null, null, null),
('04a8eea7-18a4-4a5b-bbbb-9fe04e322abe', 'child_protection_reviews_rosh_details', '2020-11-30 14:50:00', null, 'freetext', null, 'Give details of child protection conferences, child protection decisions and looked after children review dates, if applicable', null, null, null),
('e474f386-d90e-41ca-b17f-ee45c724dbc4', 'children_key_worker_name_rosh', '2020-11-30 14:50:00', null, 'freetext', null, 'Local Authority Children’s Services  key worker name, address and telephone number, if applicable', null, null, null),
('e68d9e2b-5a67-449a-85dc-a941504cdd0c', 'children_other_agencies_rosh', '2020-11-30 14:50:00', null, 'freetext', null, 'Other agencies and personnel involved, if applicable', null, null, null),
('0a4914e4-2a46-4e0d-945c-86764f20f55f', 'children_rosh_more_info', '2020-11-30 14:50:00', null, 'freetext', null, 'Additional information', null, null, null),
('196c4afb-3dbd-4f2f-a051-6244d8ba15c0', 'children_rosh_raised_assessor', '2020-11-30 14:50:00', null, 'date', null, 'Date that child protection issues came to assessor’s attention', 'For example, 12 11 2007', null, null),
('20ec9f5d-a93c-401a-bafa-14adff4e140a', 'current_concerns_suicide', '2020-11-30 14:50:00', null, 'freetext', null, 'Are there any current concerns about suicide?', null, null, null),
('5fd36d00-8ab3-44e9-8cd6-79deffcdd6ed', 'current_concerns_self_harm', '2020-11-30 14:50:00', null, 'freetext', null, 'Are there any current concerns about self-harm?', null, null, null),
('2096b72c-ac71-4664-ad4f-051c2a56a137', 'current_concerns_details', '2020-11-30 14:50:00', null, 'freetext', null, 'Describe circumstances, issues and needs that relate to current concerns', null, null, null),
('decd2e3c-ccc7-4067-9cec-05b5144070f6', 'current_acct', '2020-11-30 14:50:00', null, 'freetext', null, 'Is there a current ACCT (Assessment, Care in Custody and Teamwork)?', null, null, null),
('eb3305e6-1857-46ff-b97d-57898ea6cc5b', 'book_number', '2020-11-30 14:50:00', null, 'freetext', null, 'Book number', null, null, null),
('4629e693-ba5f-4d94-a54a-279cfdc30e21', 'previous_risk_suicide', '2020-11-30 14:50:00', null, 'freetext', null, 'Have there been any concerns about suicide in the past?', null, null, null),
('ee92d71a-29b5-497c-998f-d7f645c7ae16', 'previous_risk_suicide_details', '2020-11-30 14:50:00', null, 'freetext', null, 'Give details', null, null, null),
('bc8bf6f0-f9f7-4119-baff-68fccd2467fd', 'previous_rik_self_harm', '2020-11-30 14:50:00', null, 'freetext', null, 'Have there been any concerns about self-harm in the past?', null, null, null),
('2268c757-98a1-4d38-9cc1-c9f82851307f', 'current_concerns_copying_custody', '2020-11-30 14:50:00', null, 'radio', '16a910e5-e06f-4b56-937a-65ec8bf492ce', 'Are there any current concerns about coping in custody?', null, null, null),
('e39d1b50-89fc-4dbd-b250-6a9f07b3d15a', 'current_concerns_copying_hostel', '2020-11-30 14:50:00', null, 'radio', '16a910e5-e06f-4b56-937a-65ec8bf492ce', 'Are there any current concerns about coping in hostel settings?', null, null, null),
('65d9368d-67a5-4412-a2ce-f416def28b1a', 'current_issues_needs_details', '2020-11-30 14:50:00', null, 'freetext', null, 'Describe circumstances, issues and needs', null, null, null),
('09bd660e-8fff-41d8-931e-c1d0c986ae7d', 'previous_concerns_copying_custody', '2020-11-30 14:50:00', null, 'radio', '5eb0380b-f928-481a-a8c4-255821dc69b2', 'Are there any previous concerns about coping in custody?', null, null, null),
('da7f3d19-852c-405f-b22d-53c6535a7598', 'previous_concerns_copying_hostel', '2020-11-30 14:50:00', null, 'radio', '5eb0380b-f928-481a-a8c4-255821dc69b2', 'Are there any previous concerns about coping in hostel settings?', null, null, null),
('f81a610b-665e-4f75-b9ca-a92734431416', 'previous_issues_needs_details', '2020-11-30 14:50:00', null, 'freetext', null, 'Describe circumstances, issues and needs', null, null, null),
('31eb26f4-667f-45cb-bf58-4e7c249cd8b9', 'current_concerns_vulnerability', '2020-11-30 14:50:00', null, 'radio', '887f4528-06d1-4247-8bc3-5e679222baa6', 'Are there any current concerns about vulnerability?', 'For example: victimisation, being bullied, assaulted, exploited.', null, null),
('0a871fb8-8583-4e91-bc03-50918a5c8972', 'current_concerns_vulnerability_details', '2020-11-30 14:50:00', null, 'freetext', null, 'Describe circumstances, relevant issues and needs', null, null, null),
('d827e751-4094-4e6a-8f59-08f8ca29bb22', 'previous_concerns_vulnerability', '2020-11-30 14:50:00', null, 'radio', '5eb0380b-f928-481a-a8c4-255821dc69b2', 'Have there been any previous concerns about vulnerability?', 'For example: victimisation, being bullied, assaulted, exploited.', null, null),
('9f3d250d-bf0c-4a7c-8072-04b9d10f8268', 'previous_concerns_vulnerability_details', '2020-11-30 14:50:00', null, 'freetext', null, 'Describe circumstances, relevant issues and needs', null, null, null),
('1801ecdd-953e-4565-8063-c83bd19b4866', 'previous_concerns_rosh', '2020-11-30 14:50:00', null, 'radio', '887f4528-06d1-4247-8bc3-5e679222baa6', 'Do any of the questions about suicide, self-harm, coping in custody or a hostel setting, or vulnerability indicate a risk of serious harm to others?', null, null, null),
('eef1b29b-15d6-41b1-b2d9-f307da40e3d3', 'previous_concerns_rosh_details', '2020-11-30 14:50:00', null, 'freetext', null, 'Describe circumstances, relevant issues and needs', null, null, null),
('10cd0e95-7af7-4f55-9a96-2bd60d56c21e', 'current_concerns_escape', '2020-11-30 14:50:00', null, 'radio', '16a910e5-e06f-4b56-937a-65ec8bf492ce', 'Are there any current concerns about escape and abscond?', null, null, null),
('ae3fcd52-ccae-4555-95e1-2aa6c541e4b5', 'current_concerns_escape_details', '2020-11-30 14:50:00', null, 'freetext', null, 'Describe circumstances, relevant issues and needs', null, null, null),
('bec9ddc7-f094-48e8-8c5e-83e59720cacc', 'previous_concerns_escape','2020-11-30 14:50:00', null, 'radio', '5eb0380b-f928-481a-a8c4-255821dc69b2', 'Are there any previous concerns about escape and abscond?', null, null, null),
('aa01b40f-e0cc-41f0-a751-0a04d1016a6c', 'previous_concerns_escape_details', '2020-11-30 14:50:00', null, 'freetext', null, 'Describe circumstances, relevant issues and needs', null, null, null),
('569dcb48-7d70-4d52-adce-a80f00b8dc91', 'current_concerns_disruptive_behaviour','2020-11-30 14:50:00', null, 'radio', '887f4528-06d1-4247-8bc3-5e679222baa6', 'Are there any current concerns about control and disruptive behaviour?', null, null, null),
('8040cc23-0ffd-4425-b0fb-1b5ee34834a4', 'current_concerns_disruptive_behaviour_details', '2020-11-30 14:50:00', null, 'freetext', null, 'Describe circumstances, relevant issues and needs', null, null, null),
('e84fc24d-798b-4e5b-9142-46b9bebc6bdb', 'previous_concerns_disruptive_behaviour','2020-11-30 14:50:00', null, 'radio', '5eb0380b-f928-481a-a8c4-255821dc69b2', 'Are there any previous concerns about control and disruptive behaviour?', null, null, null),
('ad6cdfee-6ed6-43a0-9dae-d108b62e4ae6', 'previous_concerns_disruptive_behaviour_details', '2020-11-30 14:50:00', null, 'freetext', null, 'Describe circumstances, relevant issues and needs', null, null, null),
('1ff5bd0f-c500-47d5-8f13-0d29d46e7c56', 'current_concerns_breach_trust','2020-11-30 14:50:00', null, 'radio', '887f4528-06d1-4247-8bc3-5e679222baa6', 'Are there any current concerns about breach of trust?', null, null, null),
('ebc8e739-627f-48de-b864-3ba001fe09d9', 'current_concerns_breach_trust_details', '2020-11-30 14:50:00', null, 'freetext', null, 'Describe circumstances, relevant issues and needs', null, null, null),
('c5f95ef6-70f9-460a-86cb-93d404489c0a', 'previous_concerns_breach_trust','2020-11-30 14:50:00', null, 'radio', '5eb0380b-f928-481a-a8c4-255821dc69b2', 'Are there any previous concerns about breach of trust?', null, null, null),
('00c3001c-a5fe-434a-9d83-629cc097ea07', 'previous_concerns_breach_trust_details', '2020-11-30 14:50:00', null, 'freetext', null, 'Describe circumstances, relevant issues and needs', null, null, null),
('65db97f0-b928-45f5-ae63-1744b810d958', 'who_is_at_risk','2020-11-30 14:50:00', null, 'freetext', null, 'Who is at risk?', null, null, null),
('a1be8ea7-817c-4eff-9534-3a503be9ecbd', 'nature_of_risk','2020-11-30 14:50:00', null, 'freetext', null, 'What is the nature of the risk?', null, null, null),
('4f2b86b8-0b1c-4e76-93c3-9df2e61dc568', 'risk_re_offending_next_two_years', '2020-11-30 14:50:00', null, 'freetext', null, 'Risk of reoffending over the next 2 years', null, null, null),
('944b9da0-9e44-42c2-96e2-75906945729e', 'risk_imminence', '2020-11-30 14:50:00', null, 'freetext', null, 'When is the risk likely to be greatest?', 'Consider the timescale and indicate whether risk is immediate or not. Consider the risks in custody as well as on release.', null, null),
('82b58db0-7a55-4f0c-b335-f5803052c584', 'risk_increase_factors', '2020-11-30 14:50:00', null, 'freetext', null, 'What circumstances are likely to increase risk?', 'Describe factors, actions and events which might increase level of risk, now and in the future', null, null),
('3798896c-2308-4b98-b1dc-8c0b45dc2a95', 'risk_mitigation_factors', '2020-11-30 14:50:00', null, 'freetext', null, 'What factors are likely to reduce the risk?', 'Describe factors, actions, and events which may reduce or contain the level of risk. ', null, null),
('0a397207-c6ec-4177-ae2f-abf611de762b', 'community_risk', '2020-11-30 14:50:00', null, 'freetext', null, null, null, null, null),
('9775e1a6-b83f-4d26-bdef-bcf9d97fe079', 'community_risk_to_children', '2020-11-30 14:50:00', null, 'radio', 'f8a83fb6-b49f-48c8-9044-2d234bcedb62', 'Children', null, null, null),
('4521c123-debd-41e0-a25f-01b616d47c8d', 'community_risk_to_public', '2020-11-30 14:50:00', null, 'radio', 'f8a83fb6-b49f-48c8-9044-2d234bcedb62', 'Public', null, null, null),
('3058326c-ea48-4023-afac-ee1f4e8a8218', 'community_risk_to_know_adult', '2020-11-30 14:50:00', null, 'radio', 'f8a83fb6-b49f-48c8-9044-2d234bcedb62', 'Known adult', null, null, null),
('e55a4488-d80f-45e3-afef-30ceb640f423', 'community_risk_to_staff', '2020-11-30 14:50:00', null, 'radio', 'f8a83fb6-b49f-48c8-9044-2d234bcedb62', 'Staff', null, null, null),
('f89650c5-ed90-4b5e-b228-a8a7745eae67', 'custody_risk', '2020-11-30 14:50:00', null, 'freetext', null, null, null, null, null),
('60324ce2-3701-4a4e-80cc-808a9afcf276', 'custody_risk_to_children', '2020-11-30 14:50:00', null, 'radio', 'f8a83fb6-b49f-48c8-9044-2d234bcedb62', 'Children', null, null, null),
('050396e4-99e1-4bfe-a328-7af774d4a375', 'custody_risk_to_public', '2020-11-30 14:50:00', null, 'radio', 'f8a83fb6-b49f-48c8-9044-2d234bcedb62', 'Public', null, null, null),
('395f4155-c579-49f2-adba-a962a76d423b', 'custody_risk_to_known_adult', '2020-11-30 14:50:00', null, 'radio', 'f8a83fb6-b49f-48c8-9044-2d234bcedb62', 'Known adult', null, null, null),
('7d981fa1-f2bd-4f52-bf95-bcbe48d8fdc5', 'custody_risk_to_staff', '2020-11-30 14:50:00', null, 'radio', 'f8a83fb6-b49f-48c8-9044-2d234bcedb62', 'Staff', null, null, null),
('172d70dc-e650-41d0-8d00-58f2657d339a', 'custody_risk_to_prisoners', '2020-11-30 14:50:00', null, 'radio', 'f8a83fb6-b49f-48c8-9044-2d234bcedb62', 'Prisoners', null, null, null),
('4ee1c044-3bf5-472c-8a5f-430a6e7cd325', 'key_documents', '2020-11-30 14:50:00', null, 'freetext', null, 'If necessary, record the details of any key documents or reports used in this analysis', null, null, null),
('2a8bfa03-1367-4259-8f52-98ed5828cc71', 'case_ppm', '2020-11-30 14:50:00', null, 'freetext', null, 'Has this case been referred to multi-agency public protection management?', 'Select all that apply', null, null),
('7bfd985e-ba11-4517-8235-5454f4910b47', 'case_ppm_level_2', '2020-11-30 14:50:00', null, 'radio', '887f4528-06d1-4247-8bc3-5e679222baa6', 'Level 2: local multi-agency risk management', null, null, null),
('4981293a-d22d-49f4-9aa1-d997fa6fe5b8', 'case_ppm_level_3', '2020-11-30 14:50:00', null, 'radio', '887f4528-06d1-4247-8bc3-5e679222baa6', 'Level 3: Multi-agency Public Protection Panel (MAPP)', null, null, null),
('2a50a680-dcd9-4abd-ba65-5ad5983f679a', 'refer_to_ppm', '2020-11-30 14:50:00', null, 'freetext', null, 'If not, should this case be referred to multi-agency public protection management?', null, null, null),
('5479cd3f-7828-4f5d-963b-26f4888bc03c', 'refer_ppm_level_2', '2020-11-30 14:50:00', null, 'radio', '887f4528-06d1-4247-8bc3-5e679222baa6', 'Level 2: Local multi-agency risk management', null, null, null),
('448f9fee-d199-41c9-906f-c7973fdd4dbc', 'refer_ppm_level_3', '2020-11-30 14:50:00', null, 'radio', '887f4528-06d1-4247-8bc3-5e679222baa6', 'Level 3: Multi-agency Public Protection Panel (MAPP)', null, null, null),
('2c1fc504-90ae-48e5-94bf-99bba3f434dd', 'refer_cppc', '2020-11-30 14:50:00', null, 'radio', '887f4528-06d1-4247-8bc3-5e679222baa6', 'Has this case been referred as a Critical Public Protection case? (Refer to the Public Protection manual)', null, null, null),
('153abaa1-5381-44b5-a4b9-58979158e3a3', 'refer_cppc_now', '2020-11-30 14:50:00', null, 'radio', '887f4528-06d1-4247-8bc3-5e679222baa6', 'If not, should this case be referred now?', null, null, null),
('e0012fb9-8050-49e3-aa5c-f47b41c59a04', 'refer_cppc_pre_release', '2020-11-30 14:50:00', null, 'radio', '887f4528-06d1-4247-8bc3-5e679222baa6', 'If not, should this case be referred pre-release?', null, null, null),
('cc389fab-e16e-4717-a043-c0db16982e01', 'required_register_offender_act', '2020-11-30 14:50:00', null, 'radio', '887f4528-06d1-4247-8bc3-5e679222baa6', 'Is the individual required to register under the Sex Offender Act 1997?', null, null, null),
('0495bc20-2211-4c9b-b8f9-549a169549ad', 'registered_offender_act', '2020-11-30 14:50:00', null, 'radio', '887f4528-06d1-4247-8bc3-5e679222baa6', 'If yes, have they registered?', null, null, null),
('c076395e-0e40-46d8-b665-ee0b74f8370c', 'disqualified_working_with_children', '2020-11-30 14:50:00', null, 'radio', '887f4528-06d1-4247-8bc3-5e679222baa6', 'Is the individual disqualified from working with children as set out in Section 35 (4) of the Criminal Justice & Court Services Act 2000?', null, null, null),
('7697e7cb-7da6-4137-8084-1610e6b91af9', 'convictions_against_child', '2020-11-30 14:50:00', null, 'radio', '887f4528-06d1-4247-8bc3-5e679222baa6', 'Does the individual have a present or previous conviction against a child?', null, null, null),
('0d910a5a-c964-41a4-ae44-583bcf355e9d', 'ongoing_risk_to_children', '2020-11-30 14:50:00', null, 'radio', '887f4528-06d1-4247-8bc3-5e679222baa6', 'Does the individual present an ongoing risk to children?', null, null, null),
('7954e117-966a-470f-b577-f7dc36ae269e', 'notify_police_on_custody_release', '2020-11-30 14:50:00', null, 'radio', '887f4528-06d1-4247-8bc3-5e679222baa6', 'Do the Police, Local Authority and Offender Manager need to be notified prior to the release of the individual from custody?', null, null, null),
('106e8722-04b3-4f55-b661-1eb250e1d5f6', 'public_protection_restrictions', '2020-11-30 14:50:00', null, 'radio', '887f4528-06d1-4247-8bc3-5e679222baa6', 'Is the individual subject to Public Protection Manual restrictions or communications?', null, null, null),
('0a7bc16c-5213-4a1a-8cd2-f29162eab17d', 'conditional_discharge_mental_act', '2020-11-30 14:50:00', null, 'radio', '887f4528-06d1-4247-8bc3-5e679222baa6', 'Is the individual a conditionally discharged patient under Section 41 of the Mental Health Act 1983?', null, null, null),
('b06ab9df-16b9-4dd2-8a91-1f45aeaa4f2c', 'life_licence', '2020-11-30 14:50:00', null, 'radio', '887f4528-06d1-4247-8bc3-5e679222baa6', 'Is the individual on life licence following a sentence of imprisonment or detention for public protection? (Section 230, schedule 18)', null, null, null),
('9a8d6d8e-ac11-4ff5-b4e6-9553fd462851', 'extended_sentence', '2020-11-30 14:50:00', null, 'radio', '887f4528-06d1-4247-8bc3-5e679222baa6', 'Has the individual received an extended sentence?', null, null, null),
('753c1687-c88c-4405-a274-5d77707924a8', 'divider_rsr_needs_1', '2020-11-30 14:50:00', null, 'presentation: divider', null, null, null, null, null),
('ccc2ecba-c441-477a-9f79-d44f0cab1567', 'heading_current_offences', '2020-11-30 14:50:00', null, 'presentation: heading_large', null, 'Current offences', null, null, null),
('35e3e63b-6598-4db3-b5a3-1f902f33f22c', 'heading_convicted_1', '2020-11-30 14:50:00', null, 'presentation: body', null, 'Has the individual been convicted of any of these offences?', null, null, null),
('551df80b-5368-4551-8fda-85b1c7a5f01f', 'divider_rsr_needs_2', '2020-11-30 14:50:00', null, 'presentation: divider', null, null, null, null, null),
('86da001c-a703-4ef2-9c0d-e5c90336055c', 'ui_rsr_needs_5', '2020-11-30 14:50:00', null, 'presentation: heading_large', null, 'Previous offences', null, null, null),
('47a94bc5-e71e-4327-9942-ad37d5163dee', 'heading_convicted_2', '2020-11-30 14:50:00', null, 'presentation: body', null, 'Has the individual previously been convicted of any of these offences?', null, null, null),
('6e144a8e-e614-413a-8f73-a3a426f114a0', 'divider_rsr_needs_3', '2020-11-30 14:50:00', null, 'presentation: divider', null, null, null, null, null);


INSERT INTO question_group (question_group_uuid, content_uuid, content_type, group_uuid, display_order, mandatory, validation, read_only)
VALUES ('e224345c-0ac8-4a52-b170-97ef35e71967', '5d77fc6b-0001-4955-ad54-7f417becc7c8', 'group', '65a3924c-4130-4140-b7f4-cc39a52603bb', 1, true, null, false),
('70f417f5-024b-4c12-adec-819a38ee6068', 'f7dd78a8-7f04-4fde-8a4f-ac2cf0c56ff5', 'group', '5d77fc6b-0001-4955-ad54-7f417becc7c8', 1, true, null, false),
('555b1c63-6d77-4057-b973-4c943c49905a', '1ea17930-d467-44c0-9e72-517747618acb', 'question', 'f7dd78a8-7f04-4fde-8a4f-ac2cf0c56ff5', 1, true, null, true),
('7877141f-19f6-4dab-a466-2f3c438e3ba6', '33923c1e-e3ba-4c02-ba42-3b8d828f9e18', 'question', 'f7dd78a8-7f04-4fde-8a4f-ac2cf0c56ff5', 2, true, null, true),
('a8e68892-3dc3-44a5-9075-c7b2db75ee81', '81cbd5f5-f8ec-430e-b18a-c48fdf660216', 'question', 'f7dd78a8-7f04-4fde-8a4f-ac2cf0c56ff5', 3, true, null, true),
('2eb47db9-0320-4fb8-9d39-5a039adb0f78', '2d6f7515-dd03-4cfc-b365-6739e1251498', 'question', 'f7dd78a8-7f04-4fde-8a4f-ac2cf0c56ff5', 4, true, null, true),
('5875aecc-b795-4552-85a9-bf18372e1444', '6b04e69d-4ffd-46c6-869a-1f4005979848', 'question', 'f7dd78a8-7f04-4fde-8a4f-ac2cf0c56ff5', 5, true, null, true),
('8d7c67b5-804f-45e6-af57-911b2b52ee49', '83612e87-a57c-4b20-ab6d-76148e61a37b', 'question', 'f7dd78a8-7f04-4fde-8a4f-ac2cf0c56ff5', 6, true, null, true),
('41f8ee2e-803c-4ca7-973a-a2589c006e98', '1067e31c-99e4-4f9e-93ae-8e7ccbc07776', 'question', 'f7dd78a8-7f04-4fde-8a4f-ac2cf0c56ff5', 7, true, null, true),
('641ee430-d6ae-41b9-8073-5b98b598f1b0', '36c52415-8790-424b-bb9b-d329e0ef4183', 'question', 'f7dd78a8-7f04-4fde-8a4f-ac2cf0c56ff5', 8, true, null, true),
('3258ab9d-0126-4ae2-9c19-0832fd168927', '6ce641b7-5aaf-4c9f-aa0b-9c2cab42cfdb', 'question', 'f7dd78a8-7f04-4fde-8a4f-ac2cf0c56ff5', 9, true, null, true),
('1d24ad87-3b63-46f5-8332-4dacdb21a0d8', '70348c31-66aa-4e10-b0a5-4644e7fb85ff', 'question', 'f7dd78a8-7f04-4fde-8a4f-ac2cf0c56ff5', 10, true, null, true),
('4af3dfe1-0fbf-45f2-b6ae-8364bf07a928', '49ec3bae-2726-4a43-84de-0e63e9f98bb1', 'question', 'f7dd78a8-7f04-4fde-8a4f-ac2cf0c56ff5', 11, true, null, true),
('5e2e0c45-e9b0-4232-ad3f-45037e420845', 'bbb91ec0-140a-4e2f-a28b-31cad3545c5b', 'question', 'f7dd78a8-7f04-4fde-8a4f-ac2cf0c56ff5', 12, true, null, true),
('553db708-7f3a-4e19-8be5-0cc9ce81311c', 'a7ceb029-04d0-48f9-91de-8e2afbd5f47a', 'question', 'f7dd78a8-7f04-4fde-8a4f-ac2cf0c56ff5', 13, true, null, true),
('f29d3136-368e-4626-89df-86c445670a58', '558c142a-b3d1-4a5c-a1e4-12917d8353e0', 'question', 'f7dd78a8-7f04-4fde-8a4f-ac2cf0c56ff5', 14, true, null, true),
('9759814b-c2eb-4453-b56b-04eaba910ed2', 'cfed0f26-3fb3-4c9d-bd91-22ca04af3734', 'question', 'f7dd78a8-7f04-4fde-8a4f-ac2cf0c56ff5', 15, true, null, true),
('b406b1ec-efd8-44cd-bd10-f2aef581a194', '783d7918-b217-48a5-b50b-d958253ac646', 'question', 'f7dd78a8-7f04-4fde-8a4f-ac2cf0c56ff5', 16, true, null, true),
('37e0f5ce-e5d4-4c9e-8dc6-aac899746816', 'f3e03d17-015c-46d7-bf33-52c5d8503c08', 'question', 'f7dd78a8-7f04-4fde-8a4f-ac2cf0c56ff5', 17, true, '{"mandatory":{"errorMessage":"Pre-populated","errorSummary":"Pre-populated"}}', true),
('5aa50d95-f123-4108-89b9-330d41aae0e4', 'e19cecb4-bf44-43a4-a3a6-b68aa96c7e54', 'question', 'f7dd78a8-7f04-4fde-8a4f-ac2cf0c56ff5', 18, true, '{"mandatory":{"errorMessage":"Pre-populated","errorSummary":"Pre-populated"}}', true),
('d2d12b4a-2497-4b9d-baa1-ff4db1ebaabd', '92065d69-6580-42f6-b8a1-f8fcf871ebbf', 'question', 'f7dd78a8-7f04-4fde-8a4f-ac2cf0c56ff5', 19, true, '{"mandatory":{"errorMessage":"Pre-populated","errorSummary":"Pre-populated"}}', true),
('d61f8c7e-a9a8-4bbb-a4f8-686f296879d1', '64e91a18-56d3-41e5-9649-45dd49da4ea4', 'question', 'f7dd78a8-7f04-4fde-8a4f-ac2cf0c56ff5', 20, true, '{"mandatory":{"errorMessage":"Pre-populated","errorSummary":"Pre-populated"}}', true),
('78514a6c-771f-42ec-880c-77d7447d9251', '9c2e4168-3857-44c9-8014-ed5853ec22d2', 'question', 'f7dd78a8-7f04-4fde-8a4f-ac2cf0c56ff5', 21, true, '{"mandatory":{"errorMessage":"Pre-populated","errorSummary":"Pre-populated"}}', true),
('221cea5e-d101-4e20-99fc-70381e224be2', 'c877d284-b36e-4c64-bf05-b393eb8e7bf7', 'question', 'f7dd78a8-7f04-4fde-8a4f-ac2cf0c56ff5', 22, true, '{"mandatory":{"errorMessage":"Pre-populated","errorSummary":"Pre-populated"}}', true),
('c6437082-3a67-472d-af43-9effb2725f2b', 'de86e634-a2bf-4245-9053-f1ba6865069e', 'question', 'f7dd78a8-7f04-4fde-8a4f-ac2cf0c56ff5', 23, true, '{"mandatory":{"errorMessage":"Pre-populated","errorSummary":"Pre-populated"}}', true),
('977b2264-a3d7-40d8-9e03-18933bd88364', '78b595f6-efed-405e-9d6e-07882db416a6', 'group', '5d77fc6b-0001-4955-ad54-7f417becc7c8', 2, true, null, false),
('a76ac539-98bd-4736-be78-a5d3a0667fc1', '1eb2db19-6e1b-42e2-a758-38aa20d469ea', 'question', '78b595f6-efed-405e-9d6e-07882db416a6', 1, true, null, true),
('007944fe-2555-48c2-b8ad-7eab4b812820', 'c5d01278-2059-48d3-9005-a4ffff64ed7d', 'question', '78b595f6-efed-405e-9d6e-07882db416a6', 2, true, null, true),
('4b74a1e3-909b-4078-b75c-0f1f7b1326a6', 'f693bf6e-be3b-4f5c-8a06-aefeddea311b', 'question', '78b595f6-efed-405e-9d6e-07882db416a6', 3, true, null, true),
('34aac520-832b-4e8e-b584-5535de416c95', '6b85d0ac-d8e9-41e9-8dd9-caab1979da39', 'question', '78b595f6-efed-405e-9d6e-07882db416a6', 4, true, '{"mandatory":{"errorMessage":"Enter a telephone number","errorSummary":"Enter a telephone number"}}', true),
('960532fa-e9ac-4a00-b6ea-5b624a8af181', '5af89c42-ffa2-4a29-8975-ab0eb8770a1c', 'question', '78b595f6-efed-405e-9d6e-07882db416a6', 5, true, null, true),
('53eeaadb-635f-4f22-90e1-fb54e2a431e8', 'ead7aa8a-e20d-4822-9b3b-aedf186333b1', 'question', '78b595f6-efed-405e-9d6e-07882db416a6', 6, true, '{"mandatory":{"errorMessage":"select a LDU","errorSummary":"Select a LDU"}}', true),
('f66cdf16-7f3c-4713-84bc-f3811c62af49', 'a64dc082-980a-43e0-b443-cf196f35d571', 'question', '78b595f6-efed-405e-9d6e-07882db416a6', 7, true, '{"mandatory":{"errorMessage":"Select a team","errorSummary":"Select a team"}}', true),
('7fee9742-5062-4141-8e2b-29786abaed6c', '10c93cf5-cc0c-404b-b6e4-da176db45527', 'question', '78b595f6-efed-405e-9d6e-07882db416a6', 8, true, null, true),
('48ee5287-7b48-4812-bbcc-b13651021258', 'd9ca82ca-8684-49e4-b7eb-91fb0effed91', 'question', '78b595f6-efed-405e-9d6e-07882db416a6', 9, true, null, true),
('a529cec4-0a6f-4204-8ac5-611353e73080', 'eef973e6-f493-4460-b094-2162fc8dc7e9', 'question', '78b595f6-efed-405e-9d6e-07882db416a6', 10, true, null, true),
('1707ebd7-f1dd-47f8-a3bd-5eb4c28a9d5f', 'c2cb3e8b-a544-4b72-a533-223498fcb986', 'question', '78b595f6-efed-405e-9d6e-07882db416a6', 11, true, null, true),
('839df57b-1820-40d0-9221-32fec4d9c29d', 'd9d1df65-9878-4a76-bbae-9e7685ea4efa', 'group', '65a3924c-4130-4140-b7f4-cc39a52603bb', 2, true, null, false),
('0425318e-fa51-477b-a100-cdea93bcabfd', '3cc4f4cb-a351-430b-adfb-3ad8ab9b5166', 'group', 'd9d1df65-9878-4a76-bbae-9e7685ea4efa', 1, true, null, false),
('1c0ea09b-69cc-4942-a594-b47530f12dba', '2b93527c-a545-4e41-9fb4-98ee127af393', 'question', '3cc4f4cb-a351-430b-adfb-3ad8ab9b5166', 1, true, '{"mandatory":{"errorMessage":"Select one or more sources","errorSummary":"Select one or more sources"}}', false),
('a75f573e-b627-48e9-af18-2a5c780c0f2a', 'd9846a60-5ba6-450f-9934-2c9646771f9d', 'question', '3cc4f4cb-a351-430b-adfb-3ad8ab9b5166', 2, true, null, false),
('935a599f-5fba-42de-867c-fda6d9779fba', '61feebd9-afe5-43ef-94a5-27c400453eba', 'group', '65a3924c-4130-4140-b7f4-cc39a52603bb', 3, true, null, false),
('ff988890-24f1-4ebe-a43f-160d1a4934b3', '5606da47-8f27-49a0-a943-0f2696f66186', 'group', '61feebd9-afe5-43ef-94a5-27c400453eba', 1, true, null, false),
('ad18303e-4978-43a0-839c-49150344903b', '6e144a8e-e614-413a-8f73-a3a426f114a0', 'question', '5606da47-8f27-49a0-a943-0f2696f66186', 1, true, null, false),
('ff988890-24f1-4ebe-a43f-160d1a4934b4', 'eb7b7324-f2a6-4902-91ef-709a8fab1f82', 'group', '61feebd9-afe5-43ef-94a5-27c400453eba', 1, true, null, false),
('4d20b4f5-5394-43cc-af41-4e801b9f9059', '5ca86a06-5472-4861-bd6a-a011780db49a', 'question', 'eb7b7324-f2a6-4902-91ef-709a8fab1f82', 6, true, null, false),
('58a60d30-4545-40f1-8980-e82d1def9e5f', '63099aab-f852-4dd9-9179-16ee2218d0c6', 'question', 'eb7b7324-f2a6-4902-91ef-709a8fab1f82', 7, true, null, false),
('3df95896-ae2a-4575-a561-11c2c8c1d31d', '8e83a0ad-2fcf-4afb-a0af-09d1e23d3c33', 'question', 'eb7b7324-f2a6-4902-91ef-709a8fab1f82', 8, true, '{"mandatory":{"errorMessage":"Enter the total number of sanctions","errorSummary":"Enter the total number of sanctions"}}', false),
('4506ebaa-953f-4a0e-996c-891744eb88cf', '496587b9-81f3-47ad-a41e-77900fdca573', 'question', 'eb7b7324-f2a6-4902-91ef-709a8fab1f82', 9, true, '{"mandatory":{"errorMessage":"Say how many sanctions involved violent offences","errorSummary":"Say how many sanctions involved violent offences"}}', false),
('e39579c4-8247-4a7a-b759-aefa0e0aaabb', 'f5d1dd7c-1774-4c76-89c2-a47240ad98ba', 'question', 'eb7b7324-f2a6-4902-91ef-709a8fab1f82', 10, true, null, false),
('8ed49c98-bc22-4b8c-938f-182b7817ea10', '58d3efd1-65a1-439b-952f-b2826ffa5e71', 'question', 'eb7b7324-f2a6-4902-91ef-709a8fab1f82', 11, true, '{"mandatory":{"errorMessage":"Select yes or no","errorSummary":"Select yes or no (sexual or sexually-motivated offence)"}}', false),
('b0dbbbf1-f9d4-4592-9798-f5e36ac71ef3', '3662710d-ce3e-4e45-bce3-caa4155872aa', 'question', 'eb7b7324-f2a6-4902-91ef-709a8fab1f82', 12, true, '{"mandatory":{"errorMessage":"Select yes or no","errorSummary":"Select yes or no (current sexual offence)"}}', false),
('34838ec5-c6b6-4bd2-ad25-e2cbb1bf20c7', '86ee742c-4bfb-4e29-afca-04ad35a3abda', 'question', 'eb7b7324-f2a6-4902-91ef-709a8fab1f82', 13, true, '{"mandatory":{"errorMessage":"Select yes or no","errorSummary":"Select yes or no (contact against a stranger victim)"}}', false),
('21724d6d-0444-4229-9321-e28a1347162b', 'a00223d0-1c20-43b5-8076-8a292ca25773', 'question', 'eb7b7324-f2a6-4902-91ef-709a8fab1f82', 14, true, '{"mandatory":{"errorMessage":"Enter the date of the most recent sanction involving a sexual or sexually motivated offence","errorSummary":"Enter the date of the most recent sanction involving a sexual or sexually motivated offence"}}', false),
('7e9925dd-1b74-4467-b295-860bd77a2ff4', 'fc45b061-a4a6-44c3-937c-2949069e0926', 'question', 'eb7b7324-f2a6-4902-91ef-709a8fab1f82', 15, true, '{"mandatory":{"errorMessage":"Enter the number of previous or current sanctions involving contact adult sexual or sexually motivated offences","errorSummary":"Enter the number of previous or current sanctions involving contact adult sexual or sexually motivated offences"}}', false),
('8de5864a-3108-46d9-bbce-f7c469f81540', 'ed495c57-21f3-4388-87e6-57017a6999b1', 'question', 'eb7b7324-f2a6-4902-91ef-709a8fab1f82', 16, true, '{"mandatory":{"errorMessage":"Enter the number of previous or current sanctions involving contact child sexual or sexually offences","errorSummary":"Enter the number of previous or current sanctions involving contact child sexual or sexually motivated offences"}}', false),
('0c4764ff-7f76-4159-9d03-b1043ec02982', '00a559e4-32d5-4ae7-aa21-247068a639ad', 'question', 'eb7b7324-f2a6-4902-91ef-709a8fab1f82', 17, true, '{"mandatory":{"errorMessage":"Enter the number of previous or current sanctions involving indecent child image sexual or sexually motivated offences","errorSummary":"Enter the number of previous or current sanctions involving indecent child image sexual or sexually motivated offences"}}', false),
('91524b13-3d42-4588-9100-a52c03cd508b', '1b6c8f79-0fd9-45d4-ba50-309c3ccfdb2d', 'question', 'eb7b7324-f2a6-4902-91ef-709a8fab1f82', 18, true, '{"mandatory":{"errorMessage":"Enter the number of previous or current sanctions involving other non-contact sexual or sexually motivated offences","errorSummary":"Number of previous or current sanctions involving other non-contact sexual or sexually motivated offences"}}', false),
('2f418417-7c37-4ac1-9e50-af821880ea18', '5cd344d4-acf3-45a9-9493-5dda5aa9dfa8', 'question', 'eb7b7324-f2a6-4902-91ef-709a8fab1f82', 19, true, '{"mandatory":{"errorMessage":"Enter a date","errorSummary":"Enter a date"}}', false),
('8981508a-4c87-40aa-8780-9c8f0043c72a', 'ebf96a74-c140-47d8-b37f-62cff68f41c0', 'group', '61feebd9-afe5-43ef-94a5-27c400453eba', 2, true, null, false),
('d18404ce-f9cc-461c-be65-25c5a27771dc', 'ed0e988a-38a4-4f9f-9691-08fb695cbed9', 'question', 'ebf96a74-c140-47d8-b37f-62cff68f41c0', 2, true, '{"mandatory":{"errorMessage":"Select an option","errorSummary":"Select an option (suitability of accommodation)"}}', false),
('958c1502-2e60-46a5-a02c-e89079d6a331', '3211a668-8878-4e88-8457-8250bfe65aea', 'question', 'ebf96a74-c140-47d8-b37f-62cff68f41c0', 3, true, '{"mandatory":{"errorMessage":"Select an option","errorSummary":"Enter yes or no (unemployed now or on release)"}}', false),
('a42d7c2d-b773-4dea-afb6-8aa7cde938b3', '1970ba5e-91cb-4ad3-9f04-64d5b5b7157b', 'question', 'ebf96a74-c140-47d8-b37f-62cff68f41c0', 4, true, '{"mandatory":{"errorMessage":"Select an option","errorSummary":"Select an option (current relationship with partner)"}}', false),
('4a9ac225-384b-49f3-ba46-efc8a32f8b53', 'f04dd882-0a0d-49f5-9736-91eeadbff9e7', 'question', 'ebf96a74-c140-47d8-b37f-62cff68f41c0', 5, true, '{"mandatory":{"errorMessage":"Select yes or no","errorSummary":"Select yes or no (perpetrator of domestic  abuse?)"}}', false),
('be2637b9-348b-4c7f-b96b-6970c1e5e0a1', 'fb98f8b1-58ed-4aac-85b1-404f84270b95', 'question', 'ebf96a74-c140-47d8-b37f-62cff68f41c0', 6, false, null, false),
('7eca1a12-202c-49db-8bf7-faf6b483626b', '38b3a40a-df23-4ea1-872e-c04a8b03ee05', 'question', 'ebf96a74-c140-47d8-b37f-62cff68f41c0', 7, false, null, false),
('411b88ab-a081-41d5-ad42-5334ac5f3339', 'f0416e89-3a71-46d1-8fa2-aebd886dcb34', 'question', 'ebf96a74-c140-47d8-b37f-62cff68f41c0', 8, true, '{"mandatory":{"errorMessage":"Select an option","errorSummary":"Select an option (current use of alcohol)"}}', false),
('30d70352-0d88-4341-9a76-580b6feac19a', '574618c3-27f4-4dd2-94bb-6de74126ff22', 'question', 'ebf96a74-c140-47d8-b37f-62cff68f41c0', 9, true, '{"mandatory":{"errorMessage":"Select an option","errorSummary":"Select an option (evidence of binge drinking or excessive alcohol use)"}}', false),
('622973d2-9d1f-4625-b7c5-b96f5be7b51a', '5a90a38d-ee0a-4775-994c-addf3397b817', 'question', 'ebf96a74-c140-47d8-b37f-62cff68f41c0', 10, true, '{"mandatory":{"errorMessage":"Select an option","errorSummary":"Select an option (impulsivity)"}}', false),
('d49560b7-f344-473c-a7d3-e7b2b1c56da5', 'd0619e6b-cc90-4031-90c6-ab15e06cc779', 'question', 'ebf96a74-c140-47d8-b37f-62cff68f41c0', 11, true, '{"mandatory":{"errorMessage":"Select an option","errorSummary":"Select an option (temper control)"}}', false),
('63ac2b2a-48b9-41c4-ab66-3baf0cef49ac', '2f1b543b-1e69-4f7e-a61c-6d21ff967432', 'question', 'ebf96a74-c140-47d8-b37f-62cff68f41c0', 12, true, '{"mandatory":{"errorMessage":"Select the degree to which this is an issue","errorSummary":"Select the degree to which this is an issue (pro criminal attitudes)"}}', false),
('a1bbb67c-5e24-4fa7-9ef7-f0536e57a845', '5606da47-8f27-49a0-a943-0f2696f66186', 'group', '5d37254e-d956-488e-89be-1eaec8758ef7', 1, true, null, false),
('996cc3a9-3efc-462f-8359-5d36c48a7175', 'eb7b7324-f2a6-4902-91ef-709a8fab1f82', 'group', '5d37254e-d956-488e-89be-1eaec8758ef7', 2, true, null, false),
('5abdf025-b69c-46ed-ae71-347d8ffb4891', '6d3a4377-2177-429e-a7fa-6aa2444d14dd', 'group', '5d37254e-d956-488e-89be-1eaec8758ef7', 3, true, null, false),
('216c6a6a-b5f7-456d-a7f8-f4050c31782b', '420c2ffe-8f2c-49b3-a523-674af3197b9e', 'question', '6d3a4377-2177-429e-a7fa-6aa2444d14dd', 1, true, '{"mandatory":{"errorMessage":"Select yes or no","errorSummary":"Select yes or no (completed an interview with the individual)"}}', false),
('80b5d631-5f78-4566-8883-5ad4aa45782f', 'ed0e988a-38a4-4f9f-9691-08fb695cbed9', 'question', '6d3a4377-2177-429e-a7fa-6aa2444d14dd', 2, true, '{"mandatory":{"errorMessage":"Select an option","errorSummary":"Select an option (suitability of accommodation)"}}', false),
('52b491e3-241e-44e5-88e6-ae774ac80c72', '3211a668-8878-4e88-8457-8250bfe65aea', 'question', '6d3a4377-2177-429e-a7fa-6aa2444d14dd', 3, false, null, false),
('60e074cc-3053-4c3f-9df9-127d1af2951d', '1970ba5e-91cb-4ad3-9f04-64d5b5b7157b', 'question', '6d3a4377-2177-429e-a7fa-6aa2444d14dd', 4, true, '{"mandatory":{"errorMessage":"Select an option","errorSummary":"Select an option (current relationship with partner)"}}', false),
('69debb75-bdca-44fd-88a6-8cb777d3afc8', 'f04dd882-0a0d-49f5-9736-91eeadbff9e7', 'question', '6d3a4377-2177-429e-a7fa-6aa2444d14dd', 5, true, '{"mandatory":{"errorMessage":"Select yes or no","errorSummary":"Select yes or no (perpetrator of domestic  abuse?)"}}', false),
('76a2cead-5833-475c-9042-46d223619110', 'fb98f8b1-58ed-4aac-85b1-404f84270b95', 'question', '6d3a4377-2177-429e-a7fa-6aa2444d14dd', 6, false, null, false),
('b55d2aa3-28d5-4c55-b1a5-6629f9ff3347', '38b3a40a-df23-4ea1-872e-c04a8b03ee05', 'question', '6d3a4377-2177-429e-a7fa-6aa2444d14dd', 7, false, null, false),
('8b83e922-bff5-4fb6-9219-166f38a0b4c2', 'f0416e89-3a71-46d1-8fa2-aebd886dcb34', 'question', '6d3a4377-2177-429e-a7fa-6aa2444d14dd', 8, true, '{"mandatory":{"errorMessage":"Select an option","errorSummary":"Select an option (current use of alcohol)"}}', false),
('1cff56da-9032-4c0b-9652-0923e2cf9524', '574618c3-27f4-4dd2-94bb-6de74126ff22', 'question', '6d3a4377-2177-429e-a7fa-6aa2444d14dd', 9, true, '{"mandatory":{"errorMessage":"Select an option","errorSummary":"Select an option (evidence of binge drinking or excessive alcohol use)"}}', false),
('6bca186e-f9ef-47c9-ab75-71754a7977b4', '5a90a38d-ee0a-4775-994c-addf3397b817', 'question', '6d3a4377-2177-429e-a7fa-6aa2444d14dd', 10, true, '{"mandatory":{"errorMessage":"Select an option","errorSummary":"Select an option (impulsivity)"}}', false),
('bd8d4165-1898-4e3f-90eb-1c3aae95f438', 'd0619e6b-cc90-4031-90c6-ab15e06cc779', 'question', '6d3a4377-2177-429e-a7fa-6aa2444d14dd', 11, true, '{"mandatory":{"errorMessage":"Select an option","errorSummary":"Select an option (temper control)"}}', false),
('6fb0009b-67ef-48b7-ade0-46a19ba12f6f', '2f1b543b-1e69-4f7e-a61c-6d21ff967432', 'question', '6d3a4377-2177-429e-a7fa-6aa2444d14dd', 12, true, '{"mandatory":{"errorMessage":"Select an option","errorSummary":"Select an option (pro-criminal attitudes)"}}', false),
('7fcd25be-e4cf-452e-a927-5669d35665a5', '753c1687-c88c-4405-a274-5d77707924a8', 'question', '6d3a4377-2177-429e-a7fa-6aa2444d14dd', 13, true, null, false),
('a4c92e47-a657-41d8-bf42-4661789fb26f', 'ccc2ecba-c441-477a-9f79-d44f0cab1567', 'question', '6d3a4377-2177-429e-a7fa-6aa2444d14dd', 14, true, null, false),
('9f85a50e-5f18-48b1-aad5-052d4ae0ccae', '35e3e63b-6598-4db3-b5a3-1f902f33f22c', 'question', '6d3a4377-2177-429e-a7fa-6aa2444d14dd', 15, true, null, false),
('c7a1f0ff-fbca-41cf-97f5-3724a6cc9bbe', '551df80b-5368-4551-8fda-85b1c7a5f01f', 'question', '6d3a4377-2177-429e-a7fa-6aa2444d14dd', 16, true, null, false),
('fc7adbbc-d46c-420b-a174-2af0caac727d', '97621b0d-5a64-42dd-9c8b-1484979e9145', 'question', '6d3a4377-2177-429e-a7fa-6aa2444d14dd', 17, true, '{"mandatory":{"errorMessage":"Select yes or no"}}', false),
('6fdbff29-9c4d-48cd-bc2e-a541204723f8', 'ba327713-e580-418d-b45b-09a8a3d1166a', 'question', '6d3a4377-2177-429e-a7fa-6aa2444d14dd', 18, true, '{"mandatory":{"errorMessage":"Select yes or no"}}', false),
('b543c1ff-a7a1-4734-baa9-67e7d59a4878', '86da001c-a703-4ef2-9c0d-e5c90336055c', 'question', '6d3a4377-2177-429e-a7fa-6aa2444d14dd', 18, true, null, false),
('382085a0-47f9-4869-b9ac-d819761c2a74', '47a94bc5-e71e-4327-9942-ad37d5163dee', 'question', '6d3a4377-2177-429e-a7fa-6aa2444d14dd', 20, true, null, false),
('aac91671-3cf8-42ff-9a00-04cd90918e4d', '0941c5b2-f42d-4120-ad79-44954674fe00', 'question', '6d3a4377-2177-429e-a7fa-6aa2444d14dd', 21, true, '{"mandatory":{"errorMessage":"Select yes or no"}}', false),
('ddcb8ef8-0830-46e9-a6e1-4f4b594fd926', 'f988f76c-3d6c-4f45-aa29-7dc8d11198d7', 'question', '6d3a4377-2177-429e-a7fa-6aa2444d14dd', 22, true, '{"mandatory":{"errorMessage":"Select yes or no"}}', false),
('2d9a1a52-eca2-4498-9592-e96bf292fc3e', 'ad81d270-4acc-472c-a79e-01d0a422ce80', 'question', '6d3a4377-2177-429e-a7fa-6aa2444d14dd', 23, true, '{"mandatory":{"errorMessage":"Select yes or no"}}', false),
('0141280e-a96e-422d-905c-83441676ddfc', 'f8789074-1532-4b32-8995-780da18e273a', 'question', '6d3a4377-2177-429e-a7fa-6aa2444d14dd', 24, true, '{"mandatory":{"errorMessage":"Select yes or no"}}', false),
('86ab5381-317e-41d6-af56-7770e9d95a35', 'df5d635a-6765-42af-9007-6d6d333da5f2', 'question', '6d3a4377-2177-429e-a7fa-6aa2444d14dd', 25, true, '{"mandatory":{"errorMessage":"Select yes or no"}}', false),
('c3d57d89-3cf3-4f6c-b6df-a3d3ceab2858', 'c2b221b4-ee1f-41c8-8fc7-9d49998fab35', 'question', '6d3a4377-2177-429e-a7fa-6aa2444d14dd', 26, true, '{"mandatory":{"errorMessage":"Select yes or no"}}', false),
('1cb0bc49-d96c-41bd-89b6-b31039255a18', 'e887bcea-91d1-4c50-a25e-4335fa1e6ae5', 'question', '6d3a4377-2177-429e-a7fa-6aa2444d14dd', 27, true, '{"mandatory":{"errorMessage":"Select yes or no"}}', false),
('9c5dfb57-74d2-4c88-a090-3bc66f963b9c', '9692659a-778a-436a-bf4e-fe1924638e37', 'question', '6d3a4377-2177-429e-a7fa-6aa2444d14dd', 28, true, '{"mandatory":{"errorMessage":"Select yes or no"}}', false),
('faded940-45ae-4536-9c45-939b074ffcf5', '68e31f3a-5175-47e2-986b-d722ad78d893', 'question', '6d3a4377-2177-429e-a7fa-6aa2444d14dd', 29, true, '{"mandatory":{"errorMessage":"Select yes or no"}}', false),
('7db45c53-9760-4d61-a779-66c43af19248', '1e1159e1-6092-4e22-9e29-5734654baeda', 'group', '65a3924c-4130-4140-b7f4-cc39a52603bb', 4, true, null, false),
('a88a258b-dabb-4f6c-a256-4b9b6b9cca05', '946091d2-4038-4e2b-9283-83cc4876f6ed', 'group', '1e1159e1-6092-4e22-9e29-5734654baeda', 1, true, null, false),
('cca1245d-3836-4e55-8be5-e578b7f16bbc', '1d46721e-f0d1-436b-ba4f-8e2e8c8b34b0', 'question', '946091d2-4038-4e2b-9283-83cc4876f6ed', 1, true, '{"mandatory":{"errorMessage":"Select any current convictions","errorSummary":"Select any current convictions IF =Yes"}}', false),
('49c5b142-0e45-491b-8db8-74a95423d4fc', '0941c5b2-f42d-4120-ad79-44954674fe00', 'question', '946091d2-4038-4e2b-9283-83cc4876f6ed', 2, true, null, false),
('744f0e50-8997-4a78-986a-3a582671f616', 'f988f76c-3d6c-4f45-aa29-7dc8d11198d7', 'question', '946091d2-4038-4e2b-9283-83cc4876f6ed', 3, true, null, false),
('9cc38222-934b-4fba-a034-b250776622e5', 'ee2763b4-fff9-42c3-a784-6e6fe6b1dea9', 'question', '946091d2-4038-4e2b-9283-83cc4876f6ed', 4, true, null, false),
('3a596325-719b-4b6a-b676-b3cde62cfc3c', '06d5f00f-a5db-4cc5-b51e-a8c91e63686f', 'question', '946091d2-4038-4e2b-9283-83cc4876f6ed', 5, true, null, false),
('19e2542a-3b2d-4217-8bed-5743700308e0', '0dcc92ff-20d4-4ee1-b3d7-b124b6f32ae8', 'question', '946091d2-4038-4e2b-9283-83cc4876f6ed', 6, true, null, false),
('fdb10c52-2c4d-4dec-bba8-0334ad73c2a7', 'ad81d270-4acc-472c-a79e-01d0a422ce80', 'question', '946091d2-4038-4e2b-9283-83cc4876f6ed', 7, true, null, false),
('525785a8-00dc-4240-974b-15411966ba24', 'f8789074-1532-4b32-8995-780da18e273a', 'question', '946091d2-4038-4e2b-9283-83cc4876f6ed', 8, true, null, false),
('3004be9e-d85e-4ed1-b425-529a157469df', 'df5d635a-6765-42af-9007-6d6d333da5f2', 'question', '946091d2-4038-4e2b-9283-83cc4876f6ed', 9, true, null, false),
('29b9da69-6ff7-4e54-b9c8-056a761902da', 'c2b221b4-ee1f-41c8-8fc7-9d49998fab35', 'question', '946091d2-4038-4e2b-9283-83cc4876f6ed', 10, true, null, false),
('f2c3caf7-472a-4b7a-ba33-a111f9092035', 'e887bcea-91d1-4c50-a25e-4335fa1e6ae5', 'question', '946091d2-4038-4e2b-9283-83cc4876f6ed', 11, true, null, false),
('86a56e11-8fc8-40b9-9205-95d2f9d20e38', '66c3bdd2-6f47-4f13-aa7b-39d497d90a89', 'question', '946091d2-4038-4e2b-9283-83cc4876f6ed', 12, true, null, false),
('38792e84-ba4c-4644-8089-becbf572a1a9', '9692659a-778a-436a-bf4e-fe1924638e37', 'question', '946091d2-4038-4e2b-9283-83cc4876f6ed', 13, true, null, false),
('421dfaad-133b-4a02-b422-27de071901ad', '68e31f3a-5175-47e2-986b-d722ad78d893', 'question', '946091d2-4038-4e2b-9283-83cc4876f6ed', 14, true, null, false),
('4e3add34-8045-4933-b58c-e3b43d64539b', '295db7d3-337d-4060-af83-3658e0fef059', 'question', '946091d2-4038-4e2b-9283-83cc4876f6ed', 15, true, null, false),
('2be64f7c-40bc-4f9e-a3d4-a643234c3ee9', '14ab8b61-8811-4d47-b6f2-8881619f0aa3', 'question', '946091d2-4038-4e2b-9283-83cc4876f6ed', 16, true, null, false),
('9d10d4c2-2be0-40f7-a144-386c08ca9fe3', 'c7e8cc27-b805-4a4b-bb8d-3689c6206d46', 'question', '946091d2-4038-4e2b-9283-83cc4876f6ed', 17, true, null, false),
('bfb9425f-9e6c-4125-a72e-1bb3bb305f89', '8d1d257c-8618-45ac-adba-01bc4a0d67af', 'question', '946091d2-4038-4e2b-9283-83cc4876f6ed', 18, true, null, false),
('0dfdc525-7e39-4015-a7a9-bd674859c9d3', 'b2184cac-a2a0-46a1-88b9-19ae4b64cabd', 'question', '946091d2-4038-4e2b-9283-83cc4876f6ed', 19, true, null, false),
('069b7df7-9656-4076-8944-f3d8646d1b45', 'af20af57-388e-4ee1-824d-0a516623dbf9', 'question', '946091d2-4038-4e2b-9283-83cc4876f6ed', 20, true, null, false),
('16173d76-9aa8-4aba-a7d8-d086f866af1b', 'f2b7c14a-ee13-4cbc-b9d4-0ba5594b6c8b', 'question', '946091d2-4038-4e2b-9283-83cc4876f6ed', 21, true, null, false),
('c328d20a-51c1-42da-9905-bb56c7a4d939', 'ca4b265c-7be9-4c7a-ab6e-b947bdf375af', 'question', '946091d2-4038-4e2b-9283-83cc4876f6ed', 22, true, null, false),
('842d312a-b354-4352-a7f3-1efaae0dea4a', '66cb63ce-4cf8-43b3-95cb-0da1ee953717', 'question', '946091d2-4038-4e2b-9283-83cc4876f6ed', 23, true, null, false),
('a53a007d-8137-4ef7-a88f-d7dae30cf470', '3aa0b6d0-886b-4682-936d-9c23aabf090e', 'question', '946091d2-4038-4e2b-9283-83cc4876f6ed', 24, true, null, false),
('0d571504-7a67-4742-bad2-552eb6f6b753', '29e76b3e-3ee6-4387-ac10-50aca26ffa2a', 'question', '946091d2-4038-4e2b-9283-83cc4876f6ed', 25, true, null, false),
('6827f078-e772-4552-9f99-97e2e1e7c963', '1c82ab38-b8d9-4e10-b783-407297d6f292', 'question', '946091d2-4038-4e2b-9283-83cc4876f6ed', 26, true, null, false),
('341318d3-5f36-4194-a60f-82f545099141', 'be1fb2dc-2237-4cf6-91d6-33505e8e1676', 'question', '946091d2-4038-4e2b-9283-83cc4876f6ed', 27, true, null, false),
('b39f69cd-8798-41e3-9a88-053e5ffeccb4', 'd97b7227-515b-41f6-ba37-ca243ecf9f65', 'question', '946091d2-4038-4e2b-9283-83cc4876f6ed', 28, true, null, false),
('f577b0b2-e9a7-4495-8039-65993185329a', 'bb6ebcbf-cffd-4675-9228-5711e63a7d0f', 'question', '946091d2-4038-4e2b-9283-83cc4876f6ed', 29, true, null, false),
('97680ad2-8bab-4670-869c-784ae5389550', '95e79ec5-f020-45bc-985a-9beb8a9f060d', 'question', '946091d2-4038-4e2b-9283-83cc4876f6ed', 30, true, null, false),
('f4338af9-4e2f-4c68-add6-bc0d94e9fbcd', '4970b373-a526-418b-9df1-b105ad4135fa', 'question', '946091d2-4038-4e2b-9283-83cc4876f6ed', 31, true, '{"mandatory":{"errorMessage":"Select yes, no or don''t know","errorSummary":"Select yes, no or don''t know"}}', false),
('3e4e2513-a48a-4fe6-b6c3-e51bdd69073d', '6c8f4b63-5c8d-4ca6-b611-23c2c6be6b19', 'question', '946091d2-4038-4e2b-9283-83cc4876f6ed', 32, true, '{"mandatory":{"errorMessage":"Select yes, no or don''t know","errorSummary":"Select yes, no or don''t know (concerns in relation to children)"}}', false),
('a14d0954-f024-4758-ba15-72d3147ba240', 'a5653874-d9dd-45d9-8cce-caac576fe190', 'question', '946091d2-4038-4e2b-9283-83cc4876f6ed', 33, true, '{"mandatory":{"errorMessage":"Select yes, no or don''t know","errorSummary":"Select yes, no or don''t know (contacting social services)"}}', false),
('6afb0dcd-cec8-483c-bc83-06da59f20ab7', '991117ce-8e1a-4c1c-9cd4-962c7979fce2', 'group', '1e1159e1-6092-4e22-9e29-5734654baeda', 2, true, null, false),
('1987672d-1496-4e54-82c2-73e78ce5cff9', 'f2de0ecb-b004-47c9-98c4-71ad81f84d70', 'question', '991117ce-8e1a-4c1c-9cd4-962c7979fce2', 1, true, null, false),
('dd3bbf34-3997-4a0f-bb04-23ec82477ce8', 'b7d3e56e-4df0-4152-b92d-edb51e2e95a9', 'question', '991117ce-8e1a-4c1c-9cd4-962c7979fce2', 2, true, '{"mandatory":{"errorMessage":"Select yes, no or don''t know","errorSummary":"Select yes, no or don''t know (risk of suicide)"}}', false),
('e937bd47-d6ed-4a30-86af-1b73a5c6bd40', 'b7572668-fe3c-4688-9a2f-27d70b7ccbc1', 'question', '991117ce-8e1a-4c1c-9cd4-962c7979fce2', 3, true, '{"mandatory":{"errorMessage":"Select yes, no or don''t know","errorSummary":"Select yes, no or don''t know (risk of self-harm)"}}', false),
('7681c61f-57dc-4e9e-b48b-e7e4909eed79', 'be770fd2-5c0b-4d02-b1b1-8590edcf5f4e', 'question', '991117ce-8e1a-4c1c-9cd4-962c7979fce2', 4, true, '{"mandatory":{"errorMessage":"Select yes, no or don''t know","errorSummary":"Select yes, no or don''t know (coping in custody or a hostel setting)"}}', false),
('f8d94aca-a202-4960-bce6-9cb3f3dce0ac', 'a13e68d3-4334-4b37-9d4d-6b929b73026a', 'question', '991117ce-8e1a-4c1c-9cd4-962c7979fce2', 5, true, '{"mandatory":{"errorMessage":"Select yes, no or don''t know","errorSummary":"Select yes, no or don''t know (vulnerability)"}}', false),
('0c210798-57ba-4f60-bd00-886367730ea5', '5594f062-78b0-4245-bcd3-9f71c3040cfb', 'group', '1e1159e1-6092-4e22-9e29-5734654baeda', 3, true, null, false),
('2f487962-4eca-44f2-ab12-a34813f73ab8', 'f2de0ecb-b004-47c9-98c4-71ad81f84d70', 'question', '5594f062-78b0-4245-bcd3-9f71c3040cfb', 1, true, null, false),
('b603b412-983d-4f08-a808-9525c849a053', '52f0b70c-e4d2-4620-a913-e56dff7d07b8', 'question', '5594f062-78b0-4245-bcd3-9f71c3040cfb', 2, true, '{"mandatory":{"errorMessage":"Select yes, no or don''t know","errorSummary":"Select yes, no or don''t know (escape or abscond)"}}', false),
('6c8aea73-07fc-4127-b815-c02cd0a15ac6', '0b21d158-e98d-418c-8df8-e464d30935e5', 'question', '5594f062-78b0-4245-bcd3-9f71c3040cfb', 3, true, '{"mandatory":{"errorMessage":"Select yes, no or don''t know","errorSummary":"Select yes, no or don''t know (control issues or disruptive behaviour)"}}', false),
('f95b520b-62b7-4eeb-b587-e3f9ade6c78c', '25e6061c-0829-427f-aac3-e4f6a33775c3', 'question', '5594f062-78b0-4245-bcd3-9f71c3040cfb', 4, true, '{"mandatory":{"errorMessage":"Select yes, no or don''t know","errorSummary":"Select yes, no or don''t know (concerns in respect of breach of trust)"}}', false),
('dfa12335-90c3-452a-bf2b-b12e34d11476', '9e716a4d-89bb-4e39-8928-dfcf6e4aef88', 'question', '5594f062-78b0-4245-bcd3-9f71c3040cfb', 5, true, '{"mandatory":{"errorMessage":"Select yes, no or don''t know","errorSummary":"Select yes, no or don''t know (risks to other prisoners)"}}', false),
('84262f5b-6912-4c9a-9e6e-c23abf10af80', '7ec33f07-eb93-444c-a1d5-3fdf0b805689', 'question', '5594f062-78b0-4245-bcd3-9f71c3040cfb', 6, true, '{"mandatory":{"errorMessage":"Select yes, no or don''t know","errorSummary":"Select yes, no or don''t know (other things to consider regarding whether a full analysis is required)"}}', false),
('676c2e10-44be-45ba-aa9b-438bdad35b31', 'f21a22f7-6f6b-4c2a-b27f-d4c3b9123322', 'question', '5594f062-78b0-4245-bcd3-9f71c3040cfb', 7, true, '{"mandatory":{"errorMessage":"Enter details","errorSummary":"Enter details"}}', false),
('17128859-43f8-4a51-b6f3-dc2baa1481ba', '1b277bcd-6dd4-4a8a-bb83-cbf72bc38033', 'question', '5594f062-78b0-4245-bcd3-9f71c3040cfb', 8, true, '{"mandatory":{"errorMessage":"Select yes or no","errorSummary":"Select yes or no (full risk of harm analysis)"}}', false),
('9538dbbe-5a28-4db8-abb2-442d62906487', 'f50dded4-4095-45cd-87cb-5d6df42f0045', 'question', '5594f062-78b0-4245-bcd3-9f71c3040cfb', 9, true, '{"mandatory":{"errorMessage":"Enter details","errorSummary":"Enter details"}}', false),
('0bd310d3-b12c-4793-9b90-0c006f70dfb7', '7773691f-7244-4415-b410-17c495bf9a59', 'group', '65a3924c-4130-4140-b7f4-cc39a52603bb', 5, true, null, false),
('9ce5cac5-f571-44a4-90fe-61e90a622347', 'b5447925-aec6-4563-9180-96e33065285f', 'group', '7773691f-7244-4415-b410-17c495bf9a59', 1, true, null, false),
('da0b9a17-5a06-4a5d-9c7c-5f75b62aaa6f', '40f3ce03-9ba5-4539-9fed-1816b731bd12', 'question', 'b5447925-aec6-4563-9180-96e33065285f', 1, true, null, false),
('1eb95d7a-2d1a-4f81-86b1-0f7501e3bdbd', '5974af31-268a-4413-be23-6285cfe61346', 'question', 'b5447925-aec6-4563-9180-96e33065285f', 2, true, '{"mandatory":{"errorMessage":"Enter offence details","errorSummary":"Enter offence details"}}', false),
('cbc85118-c4d7-46e3-9f5c-77f6f512d2f5', 'e3da3b38-2c6e-49fd-91d9-938105098136', 'question', 'b5447925-aec6-4563-9180-96e33065285f', 3, true, '{"mandatory":{"errorMessage":"Say where and when they did it","errorSummary":"Say where and when they did it"}}', false),
('09f4b765-794f-48fb-9444-0303706e72f2', '31a47ad0-6d66-4478-94c8-65ef70091dee', 'question', 'b5447925-aec6-4563-9180-96e33065285f', 4, true, '{"mandatory":{"errorMessage":"Say how they did it","errorSummary":"Say how they did it"}}', false),
('8307c3e7-ad9b-4cb6-a7c6-f63585a7e606', '90d93a85-d0d6-4b79-9320-c1054f0c00df', 'question', 'b5447925-aec6-4563-9180-96e33065285f', 5, true, '{"mandatory":{"errorMessage":"Enter the victims","errorSummary":"Enter the victims"}}', false),
('a3eb4cb6-4538-4801-8cc6-083144544dfb', 'c3bf9231-5b7d-43d7-bbee-952c78ee7788', 'question', 'b5447925-aec6-4563-9180-96e33065285f', 6, true, '{"mandatory":{"errorMessage":"Say if anyone else was present or involved","errorSummary":"Say if anyone else was present or involved"}}', false),
('08c09d62-829e-4ed5-a849-7312a46fd678', '8a4ca38f-0381-4654-97d4-dea93376ee14', 'question', 'b5447925-aec6-4563-9180-96e33065285f', 7, true, '{"mandatory":{"errorMessage":"Enter details","errorSummary":"Enter details"}}', false),
('bcec25c7-6e9e-4ac2-88aa-17618bc3e611', '8d5404d8-a633-4789-aa03-68061e3bf373', 'question', 'b5447925-aec6-4563-9180-96e33065285f', 8, true, '{"mandatory":{"errorMessage":"Say why they did it","errorSummary":"Say why they did it"}}', false),
('a5a81738-44f1-4b0d-a897-7ea6d8d44286', 'd4d40a81-3a9b-48fa-8380-ee7a35444b86', 'question', 'b5447925-aec6-4563-9180-96e33065285f', 9, true, '{"mandatory":{"errorMessage":"Enter sources of information","errorSummary":"Enter sources of information"}}', false),
('8217191b-16af-48fc-9f99-670d5f026803', 'd135b927-945b-4a7d-b625-4c74c5049886', 'group', '7773691f-7244-4415-b410-17c495bf9a59', 2, true, null, false),
('f686e6c8-717b-413a-83d4-10861f850605', '65373dba-95aa-4b6e-b2d8-fafa1abd5ae4', 'question', 'd135b927-945b-4a7d-b625-4c74c5049886', 1, true, null, false),
('25aab41a-3385-46ae-b7da-aa9b05c751ba', '2b0d4124-a1f6-4d4b-89e5-4cb3abfc38fe', 'question', 'd135b927-945b-4a7d-b625-4c74c5049886', 2, true, '{"mandatory":{"errorMessage":"Say exactly what they did","errorSummary":"Say exactly what they did"}}', false),
('bd01c7e2-347d-4e3e-8026-7cf83860bb43', '52a9bc59-c243-4e54-8d2c-005fb266f632', 'question', 'd135b927-945b-4a7d-b625-4c74c5049886', 3, true, '{"mandatory":{"errorMessage":"Say where and when they did it","errorSummary":"Say where and when they did it"}}', false),
('39667ac8-7de3-49d0-901c-d287d6890fb4', '0ba2c568-8625-47a3-a911-6066188d7e94', 'question', 'd135b927-945b-4a7d-b625-4c74c5049886', 4, true, '{"mandatory":{"errorMessage":"Say how they did it","errorSummary":"Say how they did it"}}', false),
('ceec27bd-df45-4918-bfb0-eccb9a070db7', '627f694d-efb1-4556-bbea-a7d93179cf3f', 'question', 'd135b927-945b-4a7d-b625-4c74c5049886', 5, true, '{"mandatory":{"errorMessage":"Enter the victims","errorSummary":"Enter the victims"}}', false),
('6dd0ef95-8ba1-463d-8857-0e9f17376f46', '48866fe6-50e2-4347-901b-95317679a249', 'question', 'd135b927-945b-4a7d-b625-4c74c5049886', 6, true, '{"mandatory":{"errorMessage":"Say if anyone else was present or involved","errorSummary":"Say if anyone else was present or involved"}}', false),
('6e59f7b2-7ef2-4d4c-b074-0ab1b9b620f0', 'd1a1222c-4fc8-4e93-a0e0-b2d4413fc8d5', 'question', 'd135b927-945b-4a7d-b625-4c74c5049886', 7, true, '{"mandatory":{"errorMessage":"Enter details","errorSummary":"Enter details"}}', false),
('8e77b46e-160e-4e46-b8b8-31f39a856d30', 'cf9a187c-18f1-4ccd-a3ff-fcc1f128496a', 'question', 'd135b927-945b-4a7d-b625-4c74c5049886', 8, true, '{"mandatory":{"errorMessage":"Say why they dd it","errorSummary":"Say why they dd it"}}', false),
('4fd595a3-fba0-4863-9cad-fcec0d9641fe', 'dc3a8ff2-2a6c-4582-9fbe-84a57bfac28d', 'question', 'd135b927-945b-4a7d-b625-4c74c5049886', 9, true, '{"mandatory":{"errorMessage":"Enter sources of information","errorSummary":"Enter sources of information"}}', false),
('fa1e82fb-8fc0-4403-b03b-84976cc9d0dd', '76704e7d-71bb-46e3-b78d-73a85de99198', 'group', '7773691f-7244-4415-b410-17c495bf9a59', 3, true, null, false),
('c13f1e60-d468-401f-8ae2-0d1a9f6ca497', 'c22bebc9-003c-4fa1-971c-d62074f4ea2c', 'question', '76704e7d-71bb-46e3-b78d-73a85de99198', 1, true, null, false),
('8ea27a84-9e7e-49c9-a53e-587c47163f63', 'a2f4a30f-1448-4281-9c09-96d66db07601', 'question', '76704e7d-71bb-46e3-b78d-73a85de99198', 2, true, null, false),
('97763188-9bbd-44dc-ad62-7568db08af2e', '7714eddc-a028-484e-8505-b132364ca648', 'question', '76704e7d-71bb-46e3-b78d-73a85de99198', 3, true, '{"mandatory":{"errorMessage":"Select yes or no","errorSummary":"Select yes or no (risk to identifiable children)"}}', false),
('c2eb71ea-5dc1-48ee-a21f-08d9942f31c6', 'ea039639-7f05-496d-8bcf-12e5f2f96a27', 'question', '76704e7d-71bb-46e3-b78d-73a85de99198', 4, true, '{"mandatory":{"errorMessage":"Select yes or no","errorSummary":"Select yes or no (identifiable children at risk from others)"}}', false),
('9871fc7d-0f15-43de-afe3-e2d321f280a1', '5824adec-fe20-4504-8c15-2d8d5053b47e', 'question', '76704e7d-71bb-46e3-b78d-73a85de99198', 5, true, null, false),
('36fcd037-ef05-4a62-b6cf-279ae0980a94', '42222235-2e18-4de6-a9e2-95f5a628b605', 'group', '7773691f-7244-4415-b410-17c495bf9a59', 4, true, null, false),
('06d2ba9f-73e1-4aee-9e2c-6fe220509271', '7048019f-d8f1-48e8-bcc6-656b8a99f9fd', 'question', '42222235-2e18-4de6-a9e2-95f5a628b605', 1, true, null, false),
('1c50073d-0197-4e48-a653-6f505f38b579', 'fcfd63c2-008c-47b8-bb6b-b73d487f15f8', 'question', '42222235-2e18-4de6-a9e2-95f5a628b605', 2, true, null, false),
('807eb031-2b48-4941-afb5-c23a9357d43c', '92e5004b-071b-4049-87ff-0f641357b687', 'question', '42222235-2e18-4de6-a9e2-95f5a628b605', 3, true, '{"mandatory":{"errorMessage":"Selecy yes or no","errorSummary":"Select yes or no (child protection conferences or reviews)"}}', false),
('688cfdf0-f19d-4c69-851f-bd30c2b52149', '04a8eea7-18a4-4a5b-bbbb-9fe04e322abe', 'question', '42222235-2e18-4de6-a9e2-95f5a628b605', 4, true, '{"mandatory":{"errorMessage":"Enter details of child protection conferences, child protection decisions and looked after children review dates","errorSummary":"Enter details of child protection conferences, child protection decisions and looked after children review dates"}}', false),
('fa799fbd-6e8f-4262-b88f-95c20ede906a', 'e474f386-d90e-41ca-b17f-ee45c724dbc4', 'question', '42222235-2e18-4de6-a9e2-95f5a628b605', 5, true, '{"mandatory":{"errorMessage":"Enter Local Authority Children’s Services  key worker name, address and telephone number,","errorSummary":"Enter Local Authority Children’s Services  key worker name, address and telephone number,"}}', false),
('efec05fb-2257-4eab-a447-3910afc94142', 'e68d9e2b-5a67-449a-85dc-a941504cdd0c', 'question', '42222235-2e18-4de6-a9e2-95f5a628b605', 6, true, '{"mandatory":{"errorMessage":"Enter other agencies and personnel involved","errorSummary":"Enter other agencies and personnel involved"}}', false),
('d1d6cec0-6005-4633-8d5f-f3e773a52685', '0a4914e4-2a46-4e0d-945c-86764f20f55f', 'question', '42222235-2e18-4de6-a9e2-95f5a628b605', 7, true, '{"mandatory":{"errorMessage":"Enter additional information","errorSummary":"Enter additional information"}}', false),
('7be63077-04d9-4a1e-bc93-7153ec248641', '196c4afb-3dbd-4f2f-a051-6244d8ba15c0', 'question', '42222235-2e18-4de6-a9e2-95f5a628b605', 8, true, '{"mandatory":{"errorMessage":"Enter date that child protection issues came to assessor’s attention","errorSummary":"Enter date that child protection issues came to assessor’s attention"}}', false),
('59125866-09b0-4228-b36f-efad24f87764', '6c3504a2-ee53-45fe-8e6a-36250e3dd185', 'group', '7773691f-7244-4415-b410-17c495bf9a59', 5, true, null, false),
('113ab091-4c64-4f78-8fb3-ffdb75069577', '20ec9f5d-a93c-401a-bafa-14adff4e140a', 'question', '6c3504a2-ee53-45fe-8e6a-36250e3dd185', 1, true, '{"mandatory":{"errorMessage":"Select yes, no or don''t know","errorSummary":"Select yes, no or don''t know (current concerns about suicide)"}}', false),
('6e642e78-bf07-4dd8-b023-683929dbae8c', '5fd36d00-8ab3-44e9-8cd6-79deffcdd6ed', 'question', '6c3504a2-ee53-45fe-8e6a-36250e3dd185', 2, true, '{"mandatory":{"errorMessage":"Select yes, no or don''t know","errorSummary":"Select yes, no or don''t know (current concerns about self-harm)"}}', false),
('8a8ed8c0-765c-4b1d-96f6-69213fae5255', '2096b72c-ac71-4664-ad4f-051c2a56a137', 'question', '6c3504a2-ee53-45fe-8e6a-36250e3dd185', 3, true, '{"mandatory":{"errorMessage":"Enter circumstances, issues and needs that relate to current concerns ","errorSummary":"Enter circumstances, issues and needs that relate to current concerns "}}', false),
('d4f24e60-7930-483e-861c-b3c8ccb6e789', 'decd2e3c-ccc7-4067-9cec-05b5144070f6', 'question', '6c3504a2-ee53-45fe-8e6a-36250e3dd185', 4, true, '{"mandatory":{"errorMessage":"Select yes or no","errorSummary":"Select yes or no (is there a current ACCT?)"}}', false),
('26248117-817c-46c2-99e4-67235c103dce', 'eb3305e6-1857-46ff-b97d-57898ea6cc5b', 'question', '6c3504a2-ee53-45fe-8e6a-36250e3dd185', 5, true, '{"mandatory":{"errorMessage":"Enter book number","errorSummary":"Enter book number"}}', false),
('9dd948fb-e98e-470a-b8f3-5836eb9cc3d8', '4629e693-ba5f-4d94-a54a-279cfdc30e21', 'question', '6c3504a2-ee53-45fe-8e6a-36250e3dd185', 6, true, '{"mandatory":{"errorMessage":"Enter any past concerns about suicide","errorSummary":"Enter any past concerns about suicide"}}', false),
('fe902949-3243-4bd8-b669-cba1bcd6c206', 'ee92d71a-29b5-497c-998f-d7f645c7ae16', 'question', '6c3504a2-ee53-45fe-8e6a-36250e3dd185', 7, true, '{"mandatory":{"errorMessage":"Enter details","errorSummary":"Enter deails"}}', false),
('82322656-84d6-4546-a365-96ba0ff77ea5', 'bc8bf6f0-f9f7-4119-baff-68fccd2467fd', 'question', '6c3504a2-ee53-45fe-8e6a-36250e3dd185', 8, true, '{"mandatory":{"errorMessage":"Select yes or no","errorSummary":"Select yes or no (concerns about self-harm)"}}', false),
('68fa8c1d-b355-4a26-9cd3-646863c69ea0', '3485b4c8-bba9-4032-ae7e-fb0aeab36d8b', 'group', '7773691f-7244-4415-b410-17c495bf9a59', 6, true, null, false),
('3bc1e4ac-40b5-4e13-981d-80f49e778c2a', '2268c757-98a1-4d38-9cc1-c9f82851307f', 'question', '3485b4c8-bba9-4032-ae7e-fb0aeab36d8b', 1, true, '{"mandatory":{"errorMessage":"Select yes, no or N/A","errorSummary":"Select yes, no or N/A (current concerns about coping in custody)"}}', false),
('14d41b73-c15e-42d6-a08c-170030481cd7', 'e39d1b50-89fc-4dbd-b250-6a9f07b3d15a', 'question', '3485b4c8-bba9-4032-ae7e-fb0aeab36d8b', 2, true, '{"mandatory":{"errorMessage":"Select yes, no or N/A","errorSummary":"Select yes, no or N/A (current concerns about coping in a hostel setting)"}}', false),
('144dcca0-82fa-48f3-b1b7-1f7796f2a8c4', '65d9368d-67a5-4412-a2ce-f416def28b1a', 'question', '3485b4c8-bba9-4032-ae7e-fb0aeab36d8b', 3, true, '{"mandatory":{"errorMessage":"Describe circumstances, issues and needs","errorSummary":"Describe circumstances, issues and needs"}}', false),
('da688613-13f5-4bd4-a7f3-5bc2c0b12093', '09bd660e-8fff-41d8-931e-c1d0c986ae7d', 'question', '3485b4c8-bba9-4032-ae7e-fb0aeab36d8b', 4, true, '{"mandatory":{"errorMessage":"Select yes, no or N/A","errorSummary":"Select yes, no or N/A (previous concerns about coping in custody)"}}', false),
('7591be61-364c-4b79-94b7-6a538747eaea', 'da7f3d19-852c-405f-b22d-53c6535a7598', 'question', '3485b4c8-bba9-4032-ae7e-fb0aeab36d8b', 5, true, '{"mandatory":{"errorMessage":"Select yes, no or don''t know","errorSummary":"Select yes, no or don''t know (previous concerns about coping in a hostel setting)"}}', false),
('89158658-3bc9-480e-b5d6-e2eedfdbcd3b', 'f81a610b-665e-4f75-b9ca-a92734431416', 'question', '3485b4c8-bba9-4032-ae7e-fb0aeab36d8b', 6, true, '{"mandatory":{"errorMessage":"Describe circumstances, issues and needs","errorSummary":"Describe circumstances, issues and needs"}}', false),
('8e2881eb-30b1-48b3-9135-a98c3bf05ac9', 'b5334e5f-b793-4400-8ea1-67c316b2d44f', 'group', '7773691f-7244-4415-b410-17c495bf9a59', 7, true, null, false),
('19a25cea-29ab-44dd-bf80-3f765f6a2b52', '31eb26f4-667f-45cb-bf58-4e7c249cd8b9', 'question', 'b5334e5f-b793-4400-8ea1-67c316b2d44f', 1, true, '{"mandatory":{"errorMessage":"Select yes or no","errorSummary":"Select yes or no (current concerns about vulnerability)"}}', false),
('222883e5-75b9-47eb-9438-378df04b1aae', '0a871fb8-8583-4e91-bc03-50918a5c8972', 'question', 'b5334e5f-b793-4400-8ea1-67c316b2d44f', 2, true, '{"mandatory":{"errorMessage":"Describe circumstances, relevant issues and needs","errorSummary":"Describe circumstances, relevant issues and needs"}}', false),
('51c29793-8290-4391-a1f7-5cf51662a80c', 'd827e751-4094-4e6a-8f59-08f8ca29bb22', 'question', 'b5334e5f-b793-4400-8ea1-67c316b2d44f', 3, true, '{"mandatory":{"errorMessage":"Select yes, no or don''t know","errorSummary":"Select yes, no or don''t know (previous concerns about vulnerability)"}}', false),
('4a61dab3-3991-4935-ae71-0de1305bbdaf', '9f3d250d-bf0c-4a7c-8072-04b9d10f8268', 'question', 'b5334e5f-b793-4400-8ea1-67c316b2d44f', 4, true, '{"mandatory":{"errorMessage":"Describe circumstances, relevant issues and needs","errorSummary":"Describe circumstances, relevant issues and needs"}}', false),
('05923f09-a8ef-44d6-a57d-5cfa2d03a6bb', '1801ecdd-953e-4565-8063-c83bd19b4866', 'question', 'b5334e5f-b793-4400-8ea1-67c316b2d44f', 5, true, '{"mandatory":{"errorMessage":"Select yes or no","errorSummary":"Select yes or no (risk of serious harm to others)"}}', false),
('be1e4121-81d6-4336-9edb-f335c20cbc74', 'eef1b29b-15d6-41b1-b2d9-f307da40e3d3', 'question', 'b5334e5f-b793-4400-8ea1-67c316b2d44f', 6, true, '{"mandatory":{"errorMessage":"Describe circumstances, relevant issues and needs","errorSummary":"Describe circumstances, relevant issues and needs"}}', false),
('4f6f1c11-0b00-44e2-b129-3c7c01309f9f', '3c70d53a-08c5-4f30-a144-12e5c6e14205', 'group', '7773691f-7244-4415-b410-17c495bf9a59', 8, true, null, false),
('5ae20ac5-b052-4ef7-8c1f-c7d844bf8e66', '10cd0e95-7af7-4f55-9a96-2bd60d56c21e', 'question', '3c70d53a-08c5-4f30-a144-12e5c6e14205', 1, true, '{"mandatory":{"errorMessage":"Select yes or no","errorSummary":"Select yes or no (current concerns about escape or abscond)"}}', false),
('93f881d6-547f-47a1-a1dd-9d113e0bce66', 'ae3fcd52-ccae-4555-95e1-2aa6c541e4b5', 'question', '3c70d53a-08c5-4f30-a144-12e5c6e14205', 2, true, '{"mandatory":{"errorMessage":"Describe circumstances, relevant issues and needs","errorSummary":"Describe circumstances, relevant issues and needs"}}', false),
('7020e76d-72d7-4597-b278-d1c330ebb39f', 'bec9ddc7-f094-48e8-8c5e-83e59720cacc', 'question', '3c70d53a-08c5-4f30-a144-12e5c6e14205', 3, true, '{"mandatory":{"errorMessage":"Select yes, no or N/A","errorSummary":"Select yes, no or N/A (previous concerns about escape or abscond)"}}', false),
('f41083de-fdbd-412f-aa0a-1947acbe0719', 'aa01b40f-e0cc-41f0-a751-0a04d1016a6c', 'question', '3c70d53a-08c5-4f30-a144-12e5c6e14205', 4, true, '{"mandatory":{"errorMessage":"Describe circumstances, relevant issues and needs","errorSummary":"Describe circumstances, relevant issues and needs"}}', false),
('73f2f4fb-ef41-48c4-94f9-2888dd660232', '22be9048-33a7-4e56-a8f4-8c4e2a62524c', 'group', '7773691f-7244-4415-b410-17c495bf9a59', 9, true, null, false),
('c29e0a0c-5f9f-453e-a1c4-49bb2bac5d44', '569dcb48-7d70-4d52-adce-a80f00b8dc91', 'question', '22be9048-33a7-4e56-a8f4-8c4e2a62524c', 1, true, '{"mandatory":{"errorMessage":"Select yes or no","errorSummary":"Select yes or no (current concerns about control and disruptive behaviour)"}}', false),
('02ebdee9-3e05-404a-8978-2b7e63de970c', '8040cc23-0ffd-4425-b0fb-1b5ee34834a4', 'question', '22be9048-33a7-4e56-a8f4-8c4e2a62524c', 2, true, '{"mandatory":{"errorMessage":"Describe circumstances, relevant issues and needs","errorSummary":"Describe circumstances, relevant issues and needs"}}', false),
('c66573ac-05f2-4466-904b-2e0171a1aee3', 'e84fc24d-798b-4e5b-9142-46b9bebc6bdb', 'question', '22be9048-33a7-4e56-a8f4-8c4e2a62524c', 3, true, '{"mandatory":{"errorMessage":"Select yes, no or don''t know","errorSummary":"Select yes, no or don''t know (previous concerns about control and disruptive behaviour)"}}', false),
('945cb759-9e12-4742-8549-4de99d24c22d', 'ad6cdfee-6ed6-43a0-9dae-d108b62e4ae6', 'question', '22be9048-33a7-4e56-a8f4-8c4e2a62524c', 4, true, '{"mandatory":{"errorMessage":"Describe circumstances, relevant issues and needs","errorSummary":"Describe circumstances, relevant issues and needs"}}', false),
('f84a7c1e-166a-4ad0-9f49-3658ab60b95e', 'e807624f-c59e-4b21-b749-2432b08f60f9', 'group', '7773691f-7244-4415-b410-17c495bf9a59', 10, true, null, false),
('859d88e7-5ec8-419c-acd8-ea137d916d97', '1ff5bd0f-c500-47d5-8f13-0d29d46e7c56', 'question', 'e807624f-c59e-4b21-b749-2432b08f60f9', 1, true, '{"mandatory":{"errorMessage":"Select yes or no","errorSummary":"Select yes or no (current concerns about breach of trust)"}}', false),
('905c4f06-d16b-4479-931b-61ca2f4a1fa5', 'ebc8e739-627f-48de-b864-3ba001fe09d9', 'question', 'e807624f-c59e-4b21-b749-2432b08f60f9', 2, true, '{"mandatory":{"errorMessage":"Describe circumstances, relevant issues and needs","errorSummary":"Describe circumstances, relevant issues and needs"}}', false),
('d7f5a041-f810-4c5e-9805-28c7736bdfa5', 'c5f95ef6-70f9-460a-86cb-93d404489c0a', 'question', 'e807624f-c59e-4b21-b749-2432b08f60f9', 3, true, '{"mandatory":{"errorMessage":"Select yes, no or don''t know","errorSummary":"Select yes, no or don''t know (previous concerns about breach of trust)"}}', false),
('2def61af-2667-426f-b91c-b4bef54bd203', '00c3001c-a5fe-434a-9d83-629cc097ea07', 'question', 'e807624f-c59e-4b21-b749-2432b08f60f9', 4, true, '{"mandatory":{"errorMessage":"Describe circumstances, relevant issues and needs","errorSummary":"Describe circumstances, relevant issues and needs"}}', false),
('9e775371-748c-415c-b012-502deb0c2a73', '121f7277-c0fc-4cdf-a02c-049f73993cbd', 'group', '7773691f-7244-4415-b410-17c495bf9a59', 11, true, null, false),
('f0d72591-a0f4-4a15-9978-972c006fc5f2', '65db97f0-b928-45f5-ae63-1744b810d958', 'question', '121f7277-c0fc-4cdf-a02c-049f73993cbd', 1, true, '{"mandatory":{"errorMessage":"Say who is at risk","errorSummary":"Say who is at risk"}}', false),
('908e888c-c089-4b1a-bb80-b6593e7a8fe5', 'a1be8ea7-817c-4eff-9534-3a503be9ecbd', 'question', '121f7277-c0fc-4cdf-a02c-049f73993cbd', 2, true, '{"mandatory":{"errorMessage":"Say the nature of the risk","errorSummary":"Say the nature of the risk"}}', false),
('b0e6a6b6-d623-42c5-ba31-60e7b1a4b99a', 'aa8645f9-2774-4962-b73e-e1773d88291d', 'group', '7773691f-7244-4415-b410-17c495bf9a59', 12, true, null, false),
('831c462b-5590-4341-aa72-fe9248ed9a44', '4f2b86b8-0b1c-4e76-93c3-9df2e61dc568', 'question', 'aa8645f9-2774-4962-b73e-e1773d88291d', 1, true, null, false),
('0f08e462-b78a-47d8-b4d4-7557762a95f5', '944b9da0-9e44-42c2-96e2-75906945729e', 'question', 'aa8645f9-2774-4962-b73e-e1773d88291d', 2, true, '{"mandatory":{"errorMessage":"Say when the risk is likely to be greatest","errorSummary":"Say when the risk is likely to be greatest"}}', false),
('4963e35f-ef31-46d7-a08a-bd68a613e412', '82b58db0-7a55-4f0c-b335-f5803052c584', 'question', 'aa8645f9-2774-4962-b73e-e1773d88291d', 3, true, '{"mandatory":{"errorMessage":"Say what circumstances are likely to increase risk","errorSummary":"Say what circumstances are likely to increase risk"}}', false),
('3a87765a-09d9-45e1-9b40-cd58e009ce39', '3798896c-2308-4b98-b1dc-8c0b45dc2a95', 'question', 'aa8645f9-2774-4962-b73e-e1773d88291d', 4, true, '{"mandatory":{"errorMessage":"Say what factors are likely to reduce the risk","errorSummary":"Say what factors are likely to reduce the risk"}}', false),
('eb330125-ffb2-4422-87e8-1f17344b0af0', 'a33c4703-fa0a-4826-99a5-9de753305841', 'group', '7773691f-7244-4415-b410-17c495bf9a59', 13, true, null, false),
('e2c15c7a-0cb6-4e33-b383-d00ba859d607', '0a397207-c6ec-4177-ae2f-abf611de762b', 'question', 'a33c4703-fa0a-4826-99a5-9de753305841', 1, true, null, false),
('4049449f-874b-4821-b3c7-18cbee03f4c9', '9775e1a6-b83f-4d26-bdef-bcf9d97fe079', 'question', 'a33c4703-fa0a-4826-99a5-9de753305841', 2, true, '{"mandatory":{"errorMessage":"Select a level of risk in the community to children","errorSummary":"Select a level of risk in the community to children"}}', false),
('e3db57c8-09cb-4e77-8201-af55846f1a31', '4521c123-debd-41e0-a25f-01b616d47c8d', 'question', 'a33c4703-fa0a-4826-99a5-9de753305841', 3, true, '{"mandatory":{"errorMessage":"Select a level of risk in the community to the public","errorSummary":"Select a level of risk in the community to the public"}}', false),
('5efacea6-57dd-4fbe-b061-f8c27586e5d3', '3058326c-ea48-4023-afac-ee1f4e8a8218', 'question', 'a33c4703-fa0a-4826-99a5-9de753305841', 4, true, '{"mandatory":{"errorMessage":"Select a level of risk in the community to known adults","errorSummary":"Select a level of risk in the community to known adults"}}', false),
('c28186ef-047f-43e0-842c-ab89c14f48c6', 'e55a4488-d80f-45e3-afef-30ceb640f423', 'question', 'a33c4703-fa0a-4826-99a5-9de753305841', 5, true, '{"mandatory":{"errorMessage":"Select a level of risk in the community to staff","errorSummary":"Select a level of risk in the community to staff"}}', false),
('e7404416-7b43-4002-a432-94800d9b7d2d', 'f89650c5-ed90-4b5e-b228-a8a7745eae67', 'question', 'a33c4703-fa0a-4826-99a5-9de753305841', 6, true, null, false),
('b483e67f-1890-412d-9e6d-959df4a3659e', '60324ce2-3701-4a4e-80cc-808a9afcf276', 'question', 'a33c4703-fa0a-4826-99a5-9de753305841', 7, true, '{"mandatory":{"errorMessage":"Select a level of risk in custody to children","errorSummary":"Select a level of risk in custody to children"}}', false),
('8b46e45d-6615-4739-b1f1-53085c2a114f', '050396e4-99e1-4bfe-a328-7af774d4a375', 'question', 'a33c4703-fa0a-4826-99a5-9de753305841', 8, true, '{"mandatory":{"errorMessage":"Select a level of risk in custody to the public","errorSummary":"Select a level of risk in custody to the public"}}', false),
('994fd51d-e332-4b75-84fe-e8eb94bab411', '395f4155-c579-49f2-adba-a962a76d423b', 'question', 'a33c4703-fa0a-4826-99a5-9de753305841', 9, true, '{"mandatory":{"errorMessage":"Select a level of risk in the community to known adults","errorSummary":"Select a level of risk in the community to known adults"}}', false),
('2acf0166-38e4-4df2-b14b-4f7c34e9172d', '7d981fa1-f2bd-4f52-bf95-bcbe48d8fdc5', 'question', 'a33c4703-fa0a-4826-99a5-9de753305841', 10, true, '{"mandatory":{"errorMessage":"Select a level of risk in custody to staff","errorSummary":"Select a level of risk in custody to staff"}}', false),
('1510fdea-bfd1-4eea-a9a7-28729d364141', '172d70dc-e650-41d0-8d00-58f2657d339a', 'question', 'a33c4703-fa0a-4826-99a5-9de753305841', 11, true, '{"mandatory":{"errorMessage":"Select a level of risk in custody to prisoners","errorSummary":"Select a level of risk in custody to prisoners"}}', false),
('8a322b64-6cf5-49d2-a1a8-4cc949104267', '4ee1c044-3bf5-472c-8a5f-430a6e7cd325', 'question', 'a33c4703-fa0a-4826-99a5-9de753305841', 12, true, '{"mandatory":{"errorMessage":"Enter the details of any key documents or reports used in this analysis","errorSummary":"Enter the details of any key documents or reports used in this analysis"}}', false),
('d384573d-f2ef-496b-ae72-ddd5cd0ffd32', '1d69e176-8459-4d30-8410-006828ff8c72', 'group', '7773691f-7244-4415-b410-17c495bf9a59', 14, true, null, false),
('58ec97ea-d7fd-4887-93d8-78d6887e9966', '2a8bfa03-1367-4259-8f52-98ed5828cc71', 'question', '1d69e176-8459-4d30-8410-006828ff8c72', 1, true, null, false),
('19ff8862-3223-4a6e-8ab7-3fdec9ccb734', '7bfd985e-ba11-4517-8235-5454f4910b47', 'question', '1d69e176-8459-4d30-8410-006828ff8c72', 2, true, '{"mandatory":{"errorMessage":"Select yes or no","errorSummary":"Select yes or no (L2 local multi-agency risk management)"}}', false),
('6fe5b5cf-a914-4440-b1e3-12fc8fbe506f', '4981293a-d22d-49f4-9aa1-d997fa6fe5b8', 'question', '1d69e176-8459-4d30-8410-006828ff8c72', 3, true, '{"mandatory":{"errorMessage":"Select yes or no","errorSummary":"Select yes or no (L3 MAPP)"}}', false),
('3edb97e9-346e-4f1e-9040-ebc2a139d434', '2a50a680-dcd9-4abd-ba65-5ad5983f679a', 'question', '1d69e176-8459-4d30-8410-006828ff8c72', 4, true, null, false),
('c297ebd6-5e5c-4b24-948e-07fbe299008d', '5479cd3f-7828-4f5d-963b-26f4888bc03c', 'question', '1d69e176-8459-4d30-8410-006828ff8c72', 5, true, '{"mandatory":{"errorMessage":"Select yes or no","errorSummary":"Select yes or no (L2 local multi-agency risk management)"}}', false),
('02e0d2f1-46ce-452b-9225-daa01159d803', '448f9fee-d199-41c9-906f-c7973fdd4dbc', 'question', '1d69e176-8459-4d30-8410-006828ff8c72', 6, true, '{"mandatory":{"errorMessage":"Select yes or no","errorSummary":"Select yes or no (L3 MAPP)"}}', false),
('b94a4fff-e83d-48a0-9ad4-6a3154e286bb', '2c1fc504-90ae-48e5-94bf-99bba3f434dd', 'question', '1d69e176-8459-4d30-8410-006828ff8c72', 7, true, '{"mandatory":{"errorMessage":"Select yes or no","errorSummary":"Select yes or no (referred as critical public protection case?)"}}', false),
('20f20c28-486d-4ce3-8fa7-0ec2eee58a7a', '153abaa1-5381-44b5-a4b9-58979158e3a3', 'question', '1d69e176-8459-4d30-8410-006828ff8c72', 8, true, '{"mandatory":{"errorMessage":"Select yes or no","errorSummary":"Select yes or no (should case be referred now?)"}}', false),
('3057d1d0-d13a-488e-b1b6-7b08fd4fc852', 'e0012fb9-8050-49e3-aa5c-f47b41c59a04', 'question', '1d69e176-8459-4d30-8410-006828ff8c72', 9, true, '{"mandatory":{"errorMessage":"Select yes or no","errorSummary":"Select yes or no (should case be referred pre-release?)"}}', false),
('924f17dc-2897-4e2a-8045-4ce8e965869e', 'cc389fab-e16e-4717-a043-c0db16982e01', 'question', '1d69e176-8459-4d30-8410-006828ff8c72', 10, true, '{"mandatory":{"errorMessage":"Select yes or no","errorSummary":"Select yes or no (required to register under Sex Offender Act?)"}}', false),
('14e450aa-e611-457e-ac2d-2e290088954b', '0495bc20-2211-4c9b-b8f9-549a169549ad', 'question', '1d69e176-8459-4d30-8410-006828ff8c72', 11, true, '{"mandatory":{"errorMessage":"Select yes or no","errorSummary":"Select yes or no (have they registered?)"}}', false),
('0f5355ad-e01f-4338-bea4-759a4928695f', 'c076395e-0e40-46d8-b665-ee0b74f8370c', 'question', '1d69e176-8459-4d30-8410-006828ff8c72', 12, true, '{"mandatory":{"errorMessage":"Select yes or no","errorSummary":"Select yes or no (are they disqualified from working with children?)"}}', false),
('239fb121-4f19-4857-96c4-56aed94b9da2', '7697e7cb-7da6-4137-8084-1610e6b91af9', 'question', '1d69e176-8459-4d30-8410-006828ff8c72', 13, true, '{"mandatory":{"errorMessage":"Select yes or no","errorSummary":"Select yes or no (have they  present or previous conviction against a child?)"}}', false),
('0c83e3ce-dc0d-4e02-a764-b808561335a8', '0d910a5a-c964-41a4-ae44-583bcf355e9d', 'question', '1d69e176-8459-4d30-8410-006828ff8c72', 14, true, '{"mandatory":{"errorMessage":"Select yes or no","errorSummary":"Select yes or no (are they an ongoing risk to children?)"}}', false),
('ed551bed-b9fc-454c-9c8a-51db9514cec9', '7954e117-966a-470f-b577-f7dc36ae269e', 'question', '1d69e176-8459-4d30-8410-006828ff8c72', 15, true, '{"mandatory":{"errorMessage":"Select yes or no","errorSummary":"Select yes or no (notification to authorities prior to release)"}}', false),
('e0a2f314-74b8-4de0-bd3c-5903967deba5', '106e8722-04b3-4f55-b661-1eb250e1d5f6', 'question', '1d69e176-8459-4d30-8410-006828ff8c72', 16, true, '{"mandatory":{"errorMessage":"Select yes or no","errorSummary":"Select yes or no (subject to Public Protection Manual restrictions or communications?)"}}', false),
('c0ff0bdd-9e54-490c-a9ca-25878507c7fc', '0a7bc16c-5213-4a1a-8cd2-f29162eab17d', 'question', '1d69e176-8459-4d30-8410-006828ff8c72', 17, true, '{"mandatory":{"errorMessage":"Select yes or no","errorSummary":"Select yes or no (conditionally discharged under Mental Health Act?)"}}', false),
('f2f2eced-32da-4a8b-b9db-e7154f69068a', 'b06ab9df-16b9-4dd2-8a91-1f45aeaa4f2c', 'question', '1d69e176-8459-4d30-8410-006828ff8c72', 18, true, '{"mandatory":{"errorMessage":"Select yes or no","errorSummary":"Select yes or no (on life licence?)"}}', false),
('1f8d4be6-bfb8-47aa-9d3e-ad3ef6833d57', '9a8d6d8e-ac11-4ff5-b4e6-9553fd462851', 'question', '1d69e176-8459-4d30-8410-006828ff8c72', 19, true, '{"mandatory":{"errorMessage":"Select yes or no","errorSummary":"Select yes or no (extended sentence?)"}}', false);


INSERT INTO question_dependency (subject_question_uuid, trigger_question_uuid, trigger_answer_value, dependency_start, display_inline)
VALUES
('3662710d-ce3e-4e45-bce3-caa4155872aa', '58d3efd1-65a1-439b-952f-b2826ffa5e71', 'YES', '2020-11-30 14:50:00', true),
('a00223d0-1c20-43b5-8076-8a292ca25773', '58d3efd1-65a1-439b-952f-b2826ffa5e71', 'YES', '2020-11-30 14:50:00', true),
('fc45b061-a4a6-44c3-937c-2949069e0926', '58d3efd1-65a1-439b-952f-b2826ffa5e71', 'YES', '2020-11-30 14:50:00', true),
('ed495c57-21f3-4388-87e6-57017a6999b1', '58d3efd1-65a1-439b-952f-b2826ffa5e71', 'YES', '2020-11-30 14:50:00', true),
('00a559e4-32d5-4ae7-aa21-247068a639ad', '58d3efd1-65a1-439b-952f-b2826ffa5e71', 'YES', '2020-11-30 14:50:00', true),
('1b6c8f79-0fd9-45d4-ba50-309c3ccfdb2d', '58d3efd1-65a1-439b-952f-b2826ffa5e71', 'YES', '2020-11-30 14:50:00', true),
('fb98f8b1-58ed-4aac-85b1-404f84270b95', 'f04dd882-0a0d-49f5-9736-91eeadbff9e7', 'YES', '2020-11-30 14:50:00', true),
('38b3a40a-df23-4ea1-872e-c04a8b03ee05', 'f04dd882-0a0d-49f5-9736-91eeadbff9e7', 'YES', '2020-11-30 14:50:00', true),
('8d717993-3e89-43b2-ac78-b739dccbf643', '39b39e27-3ad3-4e06-a93f-5b5314811379', 'Yes', '2020-11-30 14:50:00', true),
('8a4ca38f-0381-4654-97d4-dea93376ee14', 'c3bf9231-5b7d-43d7-bbee-952c78ee7788', 'If Yes', '2020-11-30 14:50:00', true),
('d1a1222c-4fc8-4e93-a0e0-b2d4413fc8d5', '48866fe6-50e2-4347-901b-95317679a249', 'If Yes', '2020-11-30 14:50:00', true),
('5824adec-fe20-4504-8c15-2d8d5053b47e', 'ea039639-7f05-496d-8bcf-12e5f2f96a27', 'Y', '2020-11-30 14:50:00', true),
('04a8eea7-18a4-4a5b-bbbb-9fe04e322abe', '92e5004b-071b-4049-87ff-0f641357b687', 'YES', '2020-11-30 14:50:00', true),
('2096b72c-ac71-4664-ad4f-051c2a56a137', '20ec9f5d-a93c-401a-bafa-14adff4e140a', 'If Y', '2020-11-30 14:50:00', true),
('decd2e3c-ccc7-4067-9cec-05b5144070f6', '20ec9f5d-a93c-401a-bafa-14adff4e140a', 'If Y', '2020-11-30 14:50:00', true),
('2096b72c-ac71-4664-ad4f-051c2a56a137', '5fd36d00-8ab3-44e9-8cd6-79deffcdd6ed', 'If Y', '2020-11-30 14:50:00', true),
('decd2e3c-ccc7-4067-9cec-05b5144070f6', '5fd36d00-8ab3-44e9-8cd6-79deffcdd6ed', 'If Y', '2020-11-30 14:50:00', true),
('eb3305e6-1857-46ff-b97d-57898ea6cc5b', 'decd2e3c-ccc7-4067-9cec-05b5144070f6', 'If Y', '2020-11-30 14:50:00', true),
('ee92d71a-29b5-497c-998f-d7f645c7ae16', '4629e693-ba5f-4d94-a54a-279cfdc30e21', 'If Yes', '2020-11-30 14:50:00', true),
('ee92d71a-29b5-497c-998f-d7f645c7ae16', 'bc8bf6f0-f9f7-4119-baff-68fccd2467fd', 'If Yes', '2020-11-30 14:50:00', true),
('65d9368d-67a5-4412-a2ce-f416def28b1a', '2268c757-98a1-4d38-9cc1-c9f82851307f', 'Y', '2020-11-30 14:50:00', true),
('65d9368d-67a5-4412-a2ce-f416def28b1a', 'e39d1b50-89fc-4dbd-b250-6a9f07b3d15a', 'Y', '2020-11-30 14:50:00', true),
('f81a610b-665e-4f75-b9ca-a92734431416', '09bd660e-8fff-41d8-931e-c1d0c986ae7d', 'Y', '2020-11-30 14:50:00', true),
('f81a610b-665e-4f75-b9ca-a92734431416', 'da7f3d19-852c-405f-b22d-53c6535a7598', 'Y', '2020-11-30 14:50:00', true),
('0a871fb8-8583-4e91-bc03-50918a5c8972', '31eb26f4-667f-45cb-bf58-4e7c249cd8b9', 'Y', '2020-11-30 14:50:00', true),
('9f3d250d-bf0c-4a7c-8072-04b9d10f8268', 'd827e751-4094-4e6a-8f59-08f8ca29bb22', 'Y', '2020-11-30 14:50:00', true),
('eef1b29b-15d6-41b1-b2d9-f307da40e3d3', '1801ecdd-953e-4565-8063-c83bd19b4866', 'Y', '2020-11-30 14:50:00', true),
('ae3fcd52-ccae-4555-95e1-2aa6c541e4b5', '10cd0e95-7af7-4f55-9a96-2bd60d56c21e', 'Y', '2020-11-30 14:50:00', true),
('aa01b40f-e0cc-41f0-a751-0a04d1016a6c', 'bec9ddc7-f094-48e8-8c5e-83e59720cacc', 'Y', '2020-11-30 14:50:00', true),
('8040cc23-0ffd-4425-b0fb-1b5ee34834a4', '569dcb48-7d70-4d52-adce-a80f00b8dc91', 'Y', '2020-11-30 14:50:00', true),
('ad6cdfee-6ed6-43a0-9dae-d108b62e4ae6', 'e84fc24d-798b-4e5b-9142-46b9bebc6bdb', 'Y', '2020-11-30 14:50:00', true),
('ebc8e739-627f-48de-b864-3ba001fe09d9', '1ff5bd0f-c500-47d5-8f13-0d29d46e7c56', 'Y', '2020-11-30 14:50:00', true),
('00c3001c-a5fe-434a-9d83-629cc097ea07', 'c5f95ef6-70f9-460a-86cb-93d404489c0a', 'Y', '2020-11-30 14:50:00', true),
('86ee742c-4bfb-4e29-afca-04ad35a3abda', '3662710d-ce3e-4e45-bce3-caa4155872aa', 'YES', '2020-11-30 14:50:00', true);


INSERT INTO oasys_question_mapping (mapping_uuid, question_schema_uuid, ref_section_code, logical_page, ref_question_code, fixed_field)
VALUES ('9905a862-94a0-434a-b5ae-ff7b9a77c7c4', '33923c1e-e3ba-4c02-ba42-3b8d828f9e18', 'OFFIN', null, 'family_name', true),
('bfa43ca9-5751-44b4-aebf-c48c3cec12f7', '2d6f7515-dd03-4cfc-b365-6739e1251498', 'OFFIN', null, 'forename', true),
('c02e9785-1491-4146-8f93-b620a6454cc4', '83612e87-a57c-4b20-ab6d-76148e61a37b', 'OFFIN', null, 'date_of_birth', true),
('89e97ba3-5d0d-4504-9f2f-e25afcd597b2', '70348c31-66aa-4e10-b0a5-4644e7fb85ff', 'OFFIN', null, 'gender', true),
('df8588d9-b34f-4b94-a491-dc8d3a46de79', '49ec3bae-2726-4a43-84de-0e63e9f98bb1', 'OFFIN', null, 'pnc', true),
('ebcb464f-c9c9-4096-9590-7dd94a389282', 'bbb91ec0-140a-4e2f-a28b-31cad3545c5b', 'OFFIN', null, 'cro_number', true),
('d4c91dae-189e-4fd8-b65a-c839ae7e0661', 'a7ceb029-04d0-48f9-91de-8e2afbd5f47a', 'OFFIN', null, 'crn', true),
('ec67fc24-4a18-440c-beca-a0c9bb47bf60', '1eb2db19-6e1b-42e2-a758-38aa20d469ea', 'OFFIN', null, 'assessment_purpose', true),
('097ce2c7-aee7-4ff3-8635-2de13434952d', 'f693bf6e-be3b-4f5c-8a06-aefeddea311b', 'OFFIN', null, 'assessor_position', true),
('6efd0154-c28d-4841-85c8-55bac0467eb5', '6b85d0ac-d8e9-41e9-8dd9-caab1979da39', 'OFFIN', null, 'assessor_telno', true),
('560e1636-77f7-418e-a3ea-393d5a72afa6', '5af89c42-ffa2-4a29-8975-ab0eb8770a1c', 'OFFIN', null, 'provider', true),
('43eff0b2-62f8-4711-9fef-d7a4f0f6b7ea', 'ead7aa8a-e20d-4822-9b3b-aedf186333b1', 'OFFIN', null, 'assessor_office', true),
('2c637fb0-0a1b-4528-beeb-206e737e49f1', 'a64dc082-980a-43e0-b443-cf196f35d571', 'OFFIN', null, 'assessor_team', true),
('dbabbfcf-4454-4a18-a8d4-b2dc35f72054', '10c93cf5-cc0c-404b-b6e4-da176db45527', 'OFFIN', null, 'supervisor', true),
('2f917a21-6e74-433e-80e8-dde754a3c65a', '2b93527c-a545-4e41-9fb4-98ee127af393', 'PROPIN', null, 'sources_info', true),
('2824352e-f85f-4415-9749-7f2e5da44350', 'd9846a60-5ba6-450f-9934-2c9646771f9d', 'PROPIN', null, 'sources_other_text', true),
('562e8975-ecf4-4ad3-ad85-ea7ce1cc6eb4', '54b03faa-efc0-49ef-9add-7581dca17d70', 'OFFENCE', null, 'offence_code', true),
('0d84dec2-353e-4b06-bd5b-685db742f2bd', '91c83565-91dc-4876-97d7-f186ce04584c', 'OFFENCE', null, 'offence_subcode', true),
-- ('ae2e40d6-a91e-409f-a92c-ef6a2393149e', '63099aab-f852-4dd9-9179-16ee2218d0c6', 'RSR', null, 'rsr_age_first_sanction', true),
('4289d2f1-7480-4511-863c-91be68a3295b', '5ca86a06-5472-4861-bd6a-a011780db49a', 'RSR', null, '1.8.2', true),
('aa88b808-b459-47c0-8c08-39d8f1777d2e', '8e83a0ad-2fcf-4afb-a0af-09d1e23d3c33', 'RSR', null, '1.32', true),
('c74637ad-9e28-4ed5-b868-04d0268258c6', '496587b9-81f3-47ad-a41e-77900fdca573', 'RSR', null, '1.40', true),
('1fed82fa-1d88-421e-a043-a7d8faef60bf', 'f5d1dd7c-1774-4c76-89c2-a47240ad98ba', 'RSR', null, '1.29', true),
('1f4179fa-cd57-4327-a515-f012adbc1ea6', '58d3efd1-65a1-439b-952f-b2826ffa5e71', 'RSR', null, '1.30', true),
('8b95b7dd-a387-4a09-b1c7-dc205d95a53f', '3662710d-ce3e-4e45-bce3-caa4155872aa', 'RSR', null, '1.41',true),
('4e268e64-7f81-4e35-af3f-744ba937ff4f', '86ee742c-4bfb-4e29-afca-04ad35a3abda', 'RSR', null, '1.42', true),
('9e6cce74-ee14-473b-b15c-59e9b29749ff', 'a00223d0-1c20-43b5-8076-8a292ca25773', 'RSR', null, '1.33', true),
('97759053-5219-4633-a258-db302a27dbf2', 'fc45b061-a4a6-44c3-937c-2949069e0926', 'RSR', null, '1.34', true),
('3f412e3e-766d-42ce-9efd-a6d444aa3697', 'ed495c57-21f3-4388-87e6-57017a6999b1', 'RSR', null, '1.35', true),
('6f41bd3f-f652-4b55-8454-154a54ed45a8', '00a559e4-32d5-4ae7-aa21-247068a639ad', 'RSR', null, '1.36', true),
('4e44a6ea-1384-4591-af1f-0aa22e56fedf', '1b6c8f79-0fd9-45d4-ba50-309c3ccfdb2d', 'RSR', null, '1.37', true),
('7c649075-d447-4943-9119-354df59e8a31', '5cd344d4-acf3-45a9-9493-5dda5aa9dfa8', 'RSR', null, '1.38', true),
('fac51bb2-66e3-4d29-95e2-638f9f9763e5', '420c2ffe-8f2c-49b3-a523-674af3197b9e', 'RSR', null, '1.39', true),
('21dbd9c3-1e04-49d6-83e3-0820b1037ab9', 'ed0e988a-38a4-4f9f-9691-08fb695cbed9', 'RSR', null, '3.4', true),
('bc2c00f1-d16f-4bd5-81c1-87f451c56562', '3211a668-8878-4e88-8457-8250bfe65aea', 'RSR', null, '4.2', true),
('f4241c19-a73b-43cf-b0b7-f5faa9880906', '1970ba5e-91cb-4ad3-9f04-64d5b5b7157b', 'RSR', null, '6.4', true),
('bba91e4d-bcd3-44c5-8fbb-02c036ca2c20', 'f04dd882-0a0d-49f5-9736-91eeadbff9e7', 'RSR', null, '6.7', true),
('71474bcd-5ced-4521-aaff-4243e082c6a7', 'fb98f8b1-58ed-4aac-85b1-404f84270b95', 'RSR', null, 'rsr_domestic_violence_victim', true),
('d628f871-e638-4e1d-aa3f-931da9a2d985', '38b3a40a-df23-4ea1-872e-c04a8b03ee05', 'RSR', null, '6.7.1', true),
('b9542678-5bcc-4f9b-9e56-4c21b355f0dd', 'f0416e89-3a71-46d1-8fa2-aebd886dcb34', 'RSR', null, '9.1', true),
('0cfc2e4b-6873-49c1-b90d-e331e4314f8a', '574618c3-27f4-4dd2-94bb-6de74126ff22', 'RSR', null, '9.2', true),
('8e122df3-6f0e-40ee-ac99-55e2b7f49734', '5a90a38d-ee0a-4775-994c-addf3397b817', 'RSR', null, '11.2', true),
('2b06b478-a8eb-48bf-a7ff-7aef65be3f34', 'd0619e6b-cc90-4031-90c6-ab15e06cc779', 'RSR', null, '11.4', true),
('97649b49-8cd0-420d-b209-12d779b9ce17', '2f1b543b-1e69-4f7e-a61c-6d21ff967432', 'RSR', null, '12.1', true),
('abc88288-972a-4a4d-a151-36463efaaeef', '4dab51be-e9f8-4ca1-8765-b58e07e137ba', 'RSR', null, 'rsr_risk_assessment', true),
('21c02684-5085-4d28-b724-adb1ee1c7972', '0941c5b2-f42d-4120-ad79-44954674fe00', 'ROSH', null, 'R1.2.1.2_V2', false),
('915a8eeb-0b21-4620-890c-8b76895bcb9c', 'f988f76c-3d6c-4f45-aa29-7dc8d11198d7', 'ROSH', null, 'R1.2.2.2_V2', false),
('029ff4d2-bd5b-48a4-ba57-8459b933f679', 'ee2763b4-fff9-42c3-a784-6e6fe6b1dea9', 'ROSH', null, 'R1.2.3.2', false),
('e328830e-50c5-48aa-b29e-066763f80d91', '06d5f00f-a5db-4cc5-b51e-a8c91e63686f', 'ROSH', null, 'R1.2.4.2', false),
('7230465a-d84d-4485-bd42-83637c29536a', '0dcc92ff-20d4-4ee1-b3d7-b124b6f32ae8', 'ROSH', null, 'R1.2.5.2', false),
('d312cbe1-2672-48a5-a22e-2615fa2e189b', 'ad81d270-4acc-472c-a79e-01d0a422ce80', 'ROSH', null, 'R1.2.6.2_V2', false),
('ed0333dd-ed80-4c71-96de-e6e9e280ea75', 'f8789074-1532-4b32-8995-780da18e273a', 'ROSH', null, 'R1.2.7.2_V2', false),
('447e37e6-5a8d-48d1-8a03-dd48bbc467f6', 'df5d635a-6765-42af-9007-6d6d333da5f2', 'ROSH', null, 'R1.2.8.2_V2', false),
('2a202e7e-2543-498b-848a-8f8ca2622259', 'c2b221b4-ee1f-41c8-8fc7-9d49998fab35', 'ROSH', null, 'R1.2.9.2_V2', false),
('61631d81-59a4-45a5-a705-8f1ddeea9f7a', '97621b0d-5a64-42dd-9c8b-1484979e9145', 'ROSH', null, 'R1.2.10.1_V2', false),
('248aae85-5dcf-41d4-a73a-f1625516d67c', 'ba327713-e580-418d-b45b-09a8a3d1166a', 'ROSH', null, 'R1.2.13.1_V2', false),
('0ed4ad0e-1476-45ec-919f-d74a112353c4', 'e887bcea-91d1-4c50-a25e-4335fa1e6ae5', 'ROSH', null, 'R1.2.10.2_V2', false),
('4208f080-e1ae-469c-8198-592b42006694', '66c3bdd2-6f47-4f13-aa7b-39d497d90a89', 'ROSH', null, 'R1.2.11.2', false),
('a91e195a-a3b3-47de-aae2-d6368d9a4fdb', '9692659a-778a-436a-bf4e-fe1924638e37', 'ROSH', null, 'R1.2.12.2_V2', false),
('fd8b9d62-4f00-481b-b7a5-bb67380e7840', '68e31f3a-5175-47e2-986b-d722ad78d893', 'ROSH', null, 'R1.2.13.2_V2', false),
('54cf57ac-eea6-4966-aa5a-64dc7a4b92b8', '39b39e27-3ad3-4e06-a93f-5b5314811379', 'ROSH', null, 'R1.2.14.2', false),
('162b29d0-a299-4359-aaac-ba559db334ae', '8d717993-3e89-43b2-ac78-b739dccbf643', 'ROSH', null, 'R1.2.14.t', false),
('405e203b-ce7b-4e7d-8159-9c4244269fc9', '14ab8b61-8811-4d47-b6f2-8881619f0aa3', 'ROSH', null, 'R1.3.1.2', false),
('d44101ec-625d-4bb3-a169-deb5967e1cab', 'c7e8cc27-b805-4a4b-bb8d-3689c6206d46', 'ROSH', null, 'R1.3.2.2', false),
('6bff3501-099c-47f1-b47c-6c406a5ead11', '8d1d257c-8618-45ac-adba-01bc4a0d67af', 'ROSH', null, 'R1.3.3.2', false),
('c7f99213-47c9-417b-a060-1aa1b562725d', 'b2184cac-a2a0-46a1-88b9-19ae4b64cabd', 'ROSH', null, 'R1.3.4.2', false),
('7f3abb9d-a41c-4df6-8e7e-a09ef3ecedb0', 'af20af57-388e-4ee1-824d-0a516623dbf9', 'ROSH', null, 'R1.3.6.2', false),
('1a5a9b4f-8244-44a0-b7b4-c4d14fe7b294', 'f2b7c14a-ee13-4cbc-b9d4-0ba5594b6c8b', 'ROSH', null, 'R1.3.7.2', false),
('f9e69ce3-88bd-432c-b4e2-de4580efcce9', 'ca4b265c-7be9-4c7a-ab6e-b947bdf375af', 'ROSH', null, 'R1.3.10.2', false),
('bfa0a3d5-a2dc-4f6d-b511-52d61db78b36', '66cb63ce-4cf8-43b3-95cb-0da1ee953717', 'ROSH', null, 'R1.3.12.2', false),
('dc352169-7ced-4c1b-ac4a-95ca8450bc4d', '3aa0b6d0-886b-4682-936d-9c23aabf090e', 'ROSH', null, 'R1.3.13.2', false),
('864aa7f7-da01-4885-b932-9b986a19f375', '29e76b3e-3ee6-4387-ac10-50aca26ffa2a', 'ROSH', null, 'R1.3.14.2', false),
('0166bc4f-b27a-44dd-bfac-790372d4e27b', '1c82ab38-b8d9-4e10-b783-407297d6f292', 'ROSH', null, 'R1.3.15.2', false),
('c9562f6e-6a8d-474e-9f0f-1f55530d9704', 'be1fb2dc-2237-4cf6-91d6-33505e8e1676', 'ROSH', null, 'R1.3.16.2', false),
('32f2977b-14fa-46f5-8fb3-135adc866f93', 'd97b7227-515b-41f6-ba37-ca243ecf9f65', 'ROSH', null, 'R1.3.17.2', false),
('5340701a-517a-4d03-b721-5b6f75911111', 'bb6ebcbf-cffd-4675-9228-5711e63a7d0f', 'ROSH', null, 'R1.3.18.2', false),
('7dc914ed-586e-44dd-b93b-3ae1f5bef282', '95e79ec5-f020-45bc-985a-9beb8a9f060d', 'ROSH', null, 'R1.3.19.2', false),
('1d4b4733-9192-4eea-bdf4-8faf956fdb90', '4970b373-a526-418b-9df1-b105ad4135fa', 'ROSH', 2, 'R2.1', false),
('7b39572e-b683-45a7-bff9-3097ae7d2732', '6c8f4b63-5c8d-4ca6-b611-23c2c6be6b19', 'ROSH', 2, 'R2.2', false),
('f0a8bfb6-f5b8-4486-b365-d81acf729e51', 'a5653874-d9dd-45d9-8cce-caac576fe190', 'ROSH', 2, 'R2.2.1', false),
('330b7c19-3e83-4473-bdf4-2c4a377f7f3c', 'b7d3e56e-4df0-4152-b92d-edb51e2e95a9', 'ROSH', 2, 'R3.1', false),
('0a330a44-3f25-47d2-9f67-0493ee697b10', 'b7572668-fe3c-4688-9a2f-27d70b7ccbc1', 'ROSH', 2, 'R3.2', false),
('98171af7-4390-4df1-932e-f0cb128b5de3', 'be770fd2-5c0b-4d02-b1b1-8590edcf5f4e', 'ROSH', 2, 'R3.3', false),
('9816880e-a8f4-433c-9bfc-425f53fddf38', 'a13e68d3-4334-4b37-9d4d-6b929b73026a', 'ROSH', 2, 'R3.4', false),
('43e49f87-07d9-4985-82df-8ff44d96e291', '52f0b70c-e4d2-4620-a913-e56dff7d07b8', 'ROSH', 2, 'R4.1', false),
('87abf04c-7d3b-4d88-8c90-b4fb64167d94', '0b21d158-e98d-418c-8df8-e464d30935e5', 'ROSH', 2, 'R4.2', false),
('b06fa209-b04f-4c6a-ad3b-7de3d8c93674', '25e6061c-0829-427f-aac3-e4f6a33775c3', 'ROSH', 2, 'R4.3', false),
('bc738b45-537e-47cd-bd6d-217ed086fa26', '9e716a4d-89bb-4e39-8928-dfcf6e4aef88', 'ROSH', 2, 'R4.4', false),
('0205e2bc-2706-484e-91f7-a5482904de7f', '7ec33f07-eb93-444c-a1d5-3fdf0b805689', 'ROSH', 2, 'R5.1', false),
('70886f8b-788c-4c27-bf3a-a157d59d410a', 'f21a22f7-6f6b-4c2a-b27f-d4c3b9123322', 'ROSH', 2, 'R5.1.t', false),
('896f4fc0-a44e-4827-b403-5b21140d8f99', '5974af31-268a-4413-be23-6285cfe61346', 'ROSHFULL', null, 'FA1.1', false),
('cf08c52a-929f-4605-9117-fb32f2dfe67b', 'e3da3b38-2c6e-49fd-91d9-938105098136', 'ROSHFULL', null, 'FA2', false),
('29b278aa-2a28-463e-9d43-f62ba093c5ab', '31a47ad0-6d66-4478-94c8-65ef70091dee', 'ROSHFULL', null, 'FA3', false),
('a9cd5e5f-6faf-4ddb-ac8c-8d8bf8683999', '90d93a85-d0d6-4b79-9320-c1054f0c00df', 'ROSHFULL', null, 'FA4', false),
('5bde9d6b-da58-4ed6-8023-c20188913a61', '8a4ca38f-0381-4654-97d4-dea93376ee14', 'ROSHFULL', null, 'FA5', false),
('0acbc8fb-8e1b-415b-a72a-66cba6ee1314', '8d5404d8-a633-4789-aa03-68061e3bf373', 'ROSHFULL', null, 'FA6', false),
('4d0def15-c7fd-4914-a390-3ae3af493d6b', 'd4d40a81-3a9b-48fa-8380-ee7a35444b86', 'ROSHFULL', null, 'FA7', false),
('78bdbdd9-dea5-4d91-b154-4705204211f9', '7714eddc-a028-484e-8505-b132364ca648', 'ROSHFULL', 3, 'FA15', false),
('01f765b3-05fa-4a18-b11e-058750e5e8e0', 'ea039639-7f05-496d-8bcf-12e5f2f96a27', 'ROSHFULL', 3, 'FA17', false),
('56ad50b8-58e8-4916-958a-df0cd0790191', '92e5004b-071b-4049-87ff-0f641357b687', 'ROSHFULL', 5, 'FA26', false),
('34ced3f2-8da8-4053-a9dc-2edba8b9bd3d', '04a8eea7-18a4-4a5b-bbbb-9fe04e322abe', 'ROSHFULL', 5, 'FA26.t', false),
('2bcbc43f-e864-4b2a-a8d9-e53397db88e6', 'e474f386-d90e-41ca-b17f-ee45c724dbc4', 'ROSHFULL', 5, 'FA27', false),
('80665179-624b-4451-8642-5f17de6ef2d9', 'e68d9e2b-5a67-449a-85dc-a941504cdd0c', 'ROSHFULL', 5, 'FA28', false),
('79472d56-ef49-4986-bdc7-ee2b444b7e20', '0a4914e4-2a46-4e0d-945c-86764f20f55f', 'ROSHFULL', 5, 'FA29', false),
('5a3c7a31-fadb-4a19-b0de-1815c333faba', '196c4afb-3dbd-4f2f-a051-6244d8ba15c0', 'ROSHFULL', 5, 'FA30', false),
('487990f3-3e11-44df-bddb-bb8f5e99bb0a', '2268c757-98a1-4d38-9cc1-c9f82851307f', 'ROSHFULL', 6, 'FA39', false),
('8ec8145e-21f6-4a4f-91bd-cbbbb64d8483', 'e39d1b50-89fc-4dbd-b250-6a9f07b3d15a', 'ROSHFULL', 6, 'FA40', false),
('8d070f85-0938-42a5-be63-b8c1e41c249d', '65d9368d-67a5-4412-a2ce-f416def28b1a', 'ROSHFULL', 6, 'FA41', false),
('192b1e53-b82e-4402-921c-ac1b565e596a', '09bd660e-8fff-41d8-931e-c1d0c986ae7d', 'ROSHFULL', 6, 'FA42', false),
('edfa7ea3-1235-4015-b8b2-94c1d50b5c27', 'da7f3d19-852c-405f-b22d-53c6535a7598', 'ROSHFULL', 6, 'FA43', false),
('b837cedc-8332-415a-a9a3-44968fda9028', 'f81a610b-665e-4f75-b9ca-a92734431416', 'ROSHFULL', 6, 'FA44', false),
('7eed79de-e551-4e90-b95b-7c14ab68984e', '31eb26f4-667f-45cb-bf58-4e7c249cd8b9', 'ROSHFULL', 6, 'FA45', false),
('fe46c898-832d-46fe-b18a-0a91765b2474', '0a871fb8-8583-4e91-bc03-50918a5c8972', 'ROSHFULL', 6, 'FA45.t', false),
('8c5b890c-d516-43a7-9693-1ab8b6ca0904', 'd827e751-4094-4e6a-8f59-08f8ca29bb22', 'ROSHFULL', 6, 'FA47', false),
('651cfdae-0999-4025-86aa-deb8bf449fd5', '9f3d250d-bf0c-4a7c-8072-04b9d10f8268', 'ROSHFULL', 6, 'FA47.t', false),
('c37771e6-da97-4c94-8ea6-a1052e36abad', '1801ecdd-953e-4565-8063-c83bd19b4866', 'ROSHFULL', 6, 'FA49', false),
('53d4b320-3d09-4d4f-8551-a4334c5f0ae5', 'eef1b29b-15d6-41b1-b2d9-f307da40e3d3', 'ROSHFULL', 6, 'FA49.t', false),
('91142848-c593-42ed-a4fb-9e865eb370d5', '10cd0e95-7af7-4f55-9a96-2bd60d56c21e', 'ROSHFULL', 7, 'FA51', false),
('27b5a58f-b396-40f2-8385-124f1c2940d2', 'ae3fcd52-ccae-4555-95e1-2aa6c541e4b5', 'ROSHFULL', 7, 'FA51.t', false),
('e547068c-f1c0-4faa-82cf-6fdf0ad8d45e', 'bec9ddc7-f094-48e8-8c5e-83e59720cacc', 'ROSHFULL', 7, 'FA53', false),
('445bf187-e693-401b-b42f-d44ee8da7b3d', 'aa01b40f-e0cc-41f0-a751-0a04d1016a6c', 'ROSHFULL', 7, 'FA53.t', false),
('a1b5411c-9fcd-448e-91ec-73b839f990a9', '569dcb48-7d70-4d52-adce-a80f00b8dc91', 'ROSHFULL', 7, 'FA55', false),
('18f9e2c8-d40e-48ba-ab0b-b35d1fc0881b', '8040cc23-0ffd-4425-b0fb-1b5ee34834a4', 'ROSHFULL', 7, 'FA55.t', false),
('31112f45-42dc-498c-88dd-d5de44f7e33f', 'e84fc24d-798b-4e5b-9142-46b9bebc6bdb', 'ROSHFULL', 7, 'FA56', false),
('fb46814c-fe30-400d-881b-e06262515177', 'ad6cdfee-6ed6-43a0-9dae-d108b62e4ae6', 'ROSHFULL', 7, 'FA56.t', false),
('eb286e85-150c-48b5-a443-a4a1220c8f47', '1ff5bd0f-c500-47d5-8f13-0d29d46e7c56', 'ROSHFULL', 7, 'FA58', false),
('410c4a1e-3cd3-42e0-9a7f-125c34fb1bed', 'ebc8e739-627f-48de-b864-3ba001fe09d9', 'ROSHFULL', 7, 'FA58.t', false),
('8d412388-a724-4cde-bf5b-06bb9ddbcaea', 'c5f95ef6-70f9-460a-86cb-93d404489c0a', 'ROSHFULL', 7, 'FA60', false),
('22997e0a-6185-4519-802d-39bd75076d2a', '65db97f0-b928-45f5-ae63-1744b810d958', 'ROSHSUM', null, 'SUM1', false),
('5c68e99e-9408-41bb-bc71-c9cd615f974e', 'a1be8ea7-817c-4eff-9534-3a503be9ecbd', 'ROSHSUM', null, 'SUM2', false),
('d879d628-65a3-434b-b4ce-58682a0db43f', '944b9da0-9e44-42c2-96e2-75906945729e', 'ROSHSUM', null, 'SUM3', false),
('bee6f687-e8d6-4ce2-b9cc-65c292ad984b', '82b58db0-7a55-4f0c-b335-f5803052c584', 'ROSHSUM', null, 'SUM4', false),
('5bcfc88c-2510-4236-957e-9d6d32fca980', '3798896c-2308-4b98-b1dc-8c0b45dc2a95', 'ROSHSUM', null, 'SUM5', false),
('66918315-91ee-480a-8649-ff07c6063eeb', '9775e1a6-b83f-4d26-bdef-bcf9d97fe079', 'ROSHSUM', null, 'SUM6.1.1', false),
('54c29f60-02be-46ff-b03a-c4c59164eb64', '4521c123-debd-41e0-a25f-01b616d47c8d', 'ROSHSUM', null, 'SUM6.2.1', false),
('7f8ed5d1-f6fb-401d-acd8-aea19859d1c2', '3058326c-ea48-4023-afac-ee1f4e8a8218', 'ROSHSUM', null, 'SUM6.3.1', false),
('0ac80b54-a9a8-42e8-8196-fa4cf816ac21', 'e55a4488-d80f-45e3-afef-30ceb640f423', 'ROSHSUM', null, 'SUM6.4.1', false),
('52c94e9b-eb6a-47d4-b776-51ace3f85dcd', '60324ce2-3701-4a4e-80cc-808a9afcf276', 'ROSHSUM', null, 'SUM6.1.2', false),
('8df2987e-86be-404d-a119-324c8f579e70', '050396e4-99e1-4bfe-a328-7af774d4a375', 'ROSHSUM', null, 'SUM6.2.2', false),
('0a001f4e-3c2a-41e9-907c-a983f74553a6', '395f4155-c579-49f2-adba-a962a76d423b', 'ROSHSUM', null, 'SUM6.3.2', false),
('5fa14671-aba8-4492-96f6-3098abbb79e4', '7d981fa1-f2bd-4f52-bf95-bcbe48d8fdc5', 'ROSHSUM', null, 'SUM6.4.2', false),
('0e096494-a3b6-417f-aa36-10968371fd42', '172d70dc-e650-41d0-8d00-58f2657d339a', 'ROSHSUM', null, 'SUM6.5.2', false),
('efdbdf24-87f0-47e6-a99e-8fe5e943d789', '4ee1c044-3bf5-472c-8a5f-430a6e7cd325', 'ROSHSUM', null, 'SUM8', false),
('9ba43514-7d69-4890-9205-34adb9f2aa36', '7bfd985e-ba11-4517-8235-5454f4910b47', 'RMP', null, 'RM1', false),
('8a031f84-b7b3-41ca-a899-a43094e491f3', '4981293a-d22d-49f4-9aa1-d997fa6fe5b8', 'RMP', null, 'RM2', false),
('69bb0c00-3680-4380-a529-d41c1abe0e61', '5479cd3f-7828-4f5d-963b-26f4888bc03c', 'RMP', null, 'RM3', false),
('759f30d5-046e-415b-828b-d735cfdb9d11', '448f9fee-d199-41c9-906f-c7973fdd4dbc', 'RMP', null, 'RM4', false),
('17cc1695-6e5b-49a5-8249-a122b67a3ba1', '2c1fc504-90ae-48e5-94bf-99bba3f434dd', 'RMP', null, 'RM5', false),
('7777c21b-a81d-4c64-848f-71426a482dd8', '153abaa1-5381-44b5-a4b9-58979158e3a3', 'RMP', null, 'RM6', false),
('396bca05-8c84-4903-a832-8810b8bf67c8', 'e0012fb9-8050-49e3-aa5c-f47b41c59a04', 'RMP', null, 'RM7', false),
('b413a132-97e6-4b33-b7f8-6afd2971ce4e', 'cc389fab-e16e-4717-a043-c0db16982e01', 'RMP', null, 'RM8', false),
('73606232-a1f7-46cc-ab26-5703d721cc10', '0495bc20-2211-4c9b-b8f9-549a169549ad', 'RMP', null, 'RM9', false),
('aff67203-b6af-4285-a355-e6b5ed50484d', 'c076395e-0e40-46d8-b665-ee0b74f8370c', 'RMP', null, 'RM10', false),
('4dc94218-8c57-4d3a-a4d1-200c8802b262', '7697e7cb-7da6-4137-8084-1610e6b91af9', 'RMP', null, 'RM11', false),
('43168d5a-d7cf-4b20-8ed2-c117f6e9d40e', '0d910a5a-c964-41a4-ae44-583bcf355e9d', 'RMP', null, 'RM12', false),
('8f8e5629-e427-47a3-9502-292fd14aae30', '7954e117-966a-470f-b577-f7dc36ae269e', 'RMP', null, 'RM13', false),
('38cc53ef-0f25-479a-b43e-536d552193db', '106e8722-04b3-4f55-b661-1eb250e1d5f6', 'RMP', null, 'RM14', false),
('7b5abf35-77b8-4c69-8f35-98d3da15f7f2', '0a7bc16c-5213-4a1a-8cd2-f29162eab17d', 'RMP', null, 'RM15', false),
('3605f7e3-f236-44fb-acd8-3d893f5256cc', 'b06ab9df-16b9-4dd2-8a91-1f45aeaa4f2c', 'RMP', null, 'RM16', false),
('6aea7808-dccc-4ed9-971f-f9fc4c01602d', '9a8d6d8e-ac11-4ff5-b4e6-9553fd462851', 'RMP', null, 'RM17', false);


INSERT INTO assessment_schema_groups(assessment_schema_group_id, assessment_schema_uuid, group_uuid)
VALUES (0, '51c2e87e-a540-4027-8f5a-e6c80511332f', '65a3924c-4130-4140-b7f4-cc39a52603bb');
